-- Sample (generated/fictional) flowerbed database for a park
-- Copyright (C) 2021, Björn Þór Jónsson

-- Disclaimer:
-- Data is artificially and randomly generated, partially from a set of existing lists, and in no way represents reality.
-- The database and its contents may also intentionally be poorly designed, incomplete and missing.
-- The contents of this database are only intended for educational purposes in the field of database retrieval.

-- Original source for plant lists: http://www.extrafloralnectaries.org/the-list.html

drop table if exists PlantedIn;
drop table if exists FlowerBeds;
drop table if exists Parks;
drop table if exists Plants;
drop table if exists Families;
drop table if exists Types;
drop table if exists People;

-- Tables

create table People (
	ID int primary key,
	name varchar not null,
	position varchar not null
);

create table Types (
	ID int primary key,
	name varchar not null
);

create table Families (
	ID int primary key,
	typeID int not null references Types(ID),
	name varchar not null
);

create table Plants (
	ID int primary key,
	familyID int references Families(ID),
	name varchar not null
);

create table Parks (
  ID int primary key,
  name varchar not null unique
);

create table FlowerBeds (
	ID int primary key,
  parkID int not null references Parks(ID),
	size float not null,
	description varchar not null
);

create table PlantedIn (
	flowerbedID int not null references FlowerBeds(ID),
	plantID int not null references Plants(ID),
	percentage int not null,
	planterID int not null references People(ID),
	primary key (flowerbedID, plantID)
);

\set CLIENT_ENCODING 'UTF8'
\set ON_ERROR_STOP on
\set AUTOCOMMIT off

-- Data
INSERT INTO People (ID, name, position) VALUES (1, 'Gitte Lauritz', 'Senior Planter');
INSERT INTO People (ID, name, position) VALUES (2, 'Frank Lauridsen', 'Planter');
INSERT INTO People (ID, name, position) VALUES (3, 'Birgitte Lauritz', 'Senior Planter');
INSERT INTO People (ID, name, position) VALUES (4, 'Karl Laudrup', 'Planter');
INSERT INTO People (ID, name, position) VALUES (5, 'Eva Glistrup', 'Senior Planter');
INSERT INTO People (ID, name, position) VALUES (6, 'Johan Laudrup', 'Planter');
INSERT INTO People (ID, name, position) VALUES (7, 'Birgitte Johansen', 'Planter');
INSERT INTO People (ID, name, position) VALUES (8, 'Kent Lauridsen', 'Planter');
INSERT INTO People (ID, name, position) VALUES (9, 'Klara Hansen', 'Senior Planter');
INSERT INTO People (ID, name, position) VALUES (10, 'Peter Jansen', 'Planter');
INSERT INTO People (ID, name, position) VALUES (11, 'Gitte Mikaelsen', 'Planter');
INSERT INTO People (ID, name, position) VALUES (12, 'Hans Lauridsen', 'Planter');
INSERT INTO People (ID, name, position) VALUES (13, 'Sisse Lauridsen', 'Planter');
INSERT INTO People (ID, name, position) VALUES (14, 'Mikael Glistrup', 'Senior Planter');
INSERT INTO People (ID, name, position) VALUES (15, 'Birgitte Jansen', 'Planter');
INSERT INTO People (ID, name, position) VALUES (16, 'Kent Mikaelsen', 'Senior Planter');
INSERT INTO People (ID, name, position) VALUES (17, 'Jane Lauritz', 'Planter');
INSERT INTO People (ID, name, position) VALUES (18, 'Jan Mikaelsen', 'Planter');
INSERT INTO People (ID, name, position) VALUES (19, 'Birgitte Johansen', 'Planter');
INSERT INTO People (ID, name, position) VALUES (20, 'Jan Jensen', 'Planter');
INSERT INTO People (ID, name, position) VALUES (21, 'Anna Glistrup', 'Planter');
INSERT INTO People (ID, name, position) VALUES (22, 'Jan Lauritz', 'Senior Planter');
INSERT INTO People (ID, name, position) VALUES (23, 'Gitte Glistrup', 'Planter');
INSERT INTO People (ID, name, position) VALUES (24, 'Dan Hvidt', 'Teamleader');
INSERT INTO People (ID, name, position) VALUES (25, 'Kristine Hansen', 'Planter');
INSERT INTO People (ID, name, position) VALUES (26, 'Jan Lauritz', 'Senior Planter');
INSERT INTO People (ID, name, position) VALUES (27, 'Kristine Lauridsen', 'Planter');
INSERT INTO People (ID, name, position) VALUES (28, 'Hans Lauritz', 'Teamleader');
INSERT INTO People (ID, name, position) VALUES (29, 'Sisse Glistrup', 'Planter');
INSERT INTO People (ID, name, position) VALUES (30, 'Frank Lauridsen', 'Planter');
INSERT INTO People (ID, name, position) VALUES (31, 'Sisse Johansen', 'Planter');
INSERT INTO People (ID, name, position) VALUES (32, 'Jens Jansen', 'Senior Planter');
INSERT INTO People (ID, name, position) VALUES (33, 'Eva Mikaelsen', 'Planter');
INSERT INTO People (ID, name, position) VALUES (34, 'Jens Laudrup', 'Planter');
INSERT INTO People (ID, name, position) VALUES (35, 'Inge Hansen', 'Planter');
INSERT INTO People (ID, name, position) VALUES (36, 'Johan Lauritz', 'Senior Planter');
INSERT INTO People (ID, name, position) VALUES (37, 'Jane Laudrup', 'Planter');
INSERT INTO People (ID, name, position) VALUES (38, 'Mikael Lauritz', 'Planter');
INSERT INTO People (ID, name, position) VALUES (39, 'Birgitte Johansen', 'Planter');
INSERT INTO People (ID, name, position) VALUES (40, 'Jens Laudrup', 'Planter');
INSERT INTO People (ID, name, position) VALUES (41, 'Birgitte Lauridsen', 'Manager');
INSERT INTO People (ID, name, position) VALUES (42, 'Mikael Glistrup', 'Planter');
INSERT INTO People (ID, name, position) VALUES (43, 'Eva Hvidt', 'Senior Planter');
INSERT INTO People (ID, name, position) VALUES (44, 'Jan Hvidt', 'Planter');
INSERT INTO People (ID, name, position) VALUES (45, 'Jane Mikaelsen', 'Planter');
INSERT INTO People (ID, name, position) VALUES (46, 'Mikael Johansen', 'Planter');
INSERT INTO People (ID, name, position) VALUES (47, 'Inge Jensen', 'Planter');
INSERT INTO People (ID, name, position) VALUES (48, 'Johan Mikaelsen', 'Planter');
INSERT INTO People (ID, name, position) VALUES (49, 'Eva Jansen', 'Planter');
INSERT INTO People (ID, name, position) VALUES (50, 'Peter Jensen', 'Senior Planter');
INSERT INTO People (ID, name, position) VALUES (51, 'Klara Lauridsen', 'Teamleader');
INSERT INTO People (ID, name, position) VALUES (52, 'Frank Lauritz', 'Planter');
INSERT INTO People (ID, name, position) VALUES (53, 'Inge Hvidt', 'Planter');
INSERT INTO People (ID, name, position) VALUES (54, 'Jens Glistrup', 'Planter');
INSERT INTO People (ID, name, position) VALUES (55, 'Inge Hvidt', 'Senior Planter');
INSERT INTO People (ID, name, position) VALUES (56, 'Kent Laudrup', 'Senior Planter');
INSERT INTO People (ID, name, position) VALUES (57, 'Dana Johansen', 'Planter');
INSERT INTO People (ID, name, position) VALUES (58, 'Karl Hvidt', 'Teamleader');
INSERT INTO People (ID, name, position) VALUES (59, 'Jane Jensen', 'Planter');
INSERT INTO People (ID, name, position) VALUES (60, 'Hans Jensen', 'Planter');
INSERT INTO People (ID, name, position) VALUES (61, 'Dana Glistrup', 'Planter');
INSERT INTO People (ID, name, position) VALUES (62, 'Jan Laudrup', 'Senior Planter');
INSERT INTO People (ID, name, position) VALUES (63, 'Sisse Lauritz', 'Teamleader');
INSERT INTO People (ID, name, position) VALUES (64, 'Mikael Johansen', 'Planter');
INSERT INTO People (ID, name, position) VALUES (65, 'Inge Jansen', 'Senior Planter');
INSERT INTO People (ID, name, position) VALUES (66, 'Johan Hansen', 'Planter');
INSERT INTO People (ID, name, position) VALUES (67, 'Jane Laudrup', 'Senior Planter');
INSERT INTO People (ID, name, position) VALUES (68, 'Johan Laudrup', 'Planter');
INSERT INTO People (ID, name, position) VALUES (69, 'Klara Glistrup', 'Senior Planter');
INSERT INTO People (ID, name, position) VALUES (70, 'Karl Glistrup', 'Teamleader');
INSERT INTO People (ID, name, position) VALUES (71, 'Sisse Johansen', 'Senior Planter');
INSERT INTO People (ID, name, position) VALUES (72, 'Dan Jansen', 'Planter');
INSERT INTO People (ID, name, position) VALUES (73, 'Birgitte Laudrup', 'Teamleader');
INSERT INTO People (ID, name, position) VALUES (74, 'Peter Jansen', 'Planter');
INSERT INTO People (ID, name, position) VALUES (75, 'Sisse Mikaelsen', 'Planter');
INSERT INTO People (ID, name, position) VALUES (76, 'Hans Hansen', 'Planter');
INSERT INTO People (ID, name, position) VALUES (77, 'Anna Lauritz', 'Planter');
INSERT INTO People (ID, name, position) VALUES (78, 'Kent Laudrup', 'Planter');
INSERT INTO People (ID, name, position) VALUES (79, 'Gitte Lauridsen', 'Senior Planter');
INSERT INTO People (ID, name, position) VALUES (80, 'Frank Laudrup', 'Planter');
INSERT INTO People (ID, name, position) VALUES (81, 'Eva Hvidt', 'Planter');
INSERT INTO People (ID, name, position) VALUES (82, 'Hans Hvidt', 'Planter');
INSERT INTO People (ID, name, position) VALUES (83, 'Sisse Laudrup', 'Planter');
INSERT INTO People (ID, name, position) VALUES (84, 'Peter Glistrup', 'Senior Planter');
INSERT INTO People (ID, name, position) VALUES (85, 'Jane Mikaelsen', 'Manager');
INSERT INTO People (ID, name, position) VALUES (86, 'Hans Glistrup', 'Senior Planter');
INSERT INTO People (ID, name, position) VALUES (87, 'Sisse Hansen', 'Senior Planter');
INSERT INTO People (ID, name, position) VALUES (88, 'Jan Laudrup', 'Senior Planter');
INSERT INTO People (ID, name, position) VALUES (89, 'Sisse Jensen', 'Planter');
INSERT INTO People (ID, name, position) VALUES (90, 'Karl Hansen', 'Teamleader');
INSERT INTO People (ID, name, position) VALUES (91, 'Kristine Hansen', 'Planter');
INSERT INTO People (ID, name, position) VALUES (92, 'Jens Laudrup', 'Planter');
INSERT INTO People (ID, name, position) VALUES (93, 'Birgitte Jansen', 'Senior Planter');
INSERT INTO People (ID, name, position) VALUES (94, 'Peter Johansen', 'Planter');
INSERT INTO People (ID, name, position) VALUES (95, 'Klara Lauridsen', 'Planter');
INSERT INTO People (ID, name, position) VALUES (96, 'Jens Jensen', 'Senior Planter');
INSERT INTO People (ID, name, position) VALUES (97, 'Jane Jansen', 'Manager');
INSERT INTO People (ID, name, position) VALUES (98, 'Mikael Lauridsen', 'Teamleader');
INSERT INTO People (ID, name, position) VALUES (99, 'Kristine Laudrup', 'Senior Planter');
INSERT INTO People (ID, name, position) VALUES (100, 'Hans Jensen', 'Senior Planter');
INSERT INTO People (ID, name, position) VALUES (101, 'Inge Lauritz', 'Teamleader');
INSERT INTO People (ID, name, position) VALUES (102, 'Peter Glistrup', 'Planter');
INSERT INTO People (ID, name, position) VALUES (103, 'Sisse Jansen', 'Planter');
INSERT INTO People (ID, name, position) VALUES (104, 'Dan Mikaelsen', 'Planter');
INSERT INTO People (ID, name, position) VALUES (105, 'Klara Glistrup', 'Planter');
INSERT INTO People (ID, name, position) VALUES (106, 'Karl Hvidt', 'Planter');
INSERT INTO People (ID, name, position) VALUES (107, 'Jane Mikaelsen', 'Senior Planter');
INSERT INTO People (ID, name, position) VALUES (108, 'Jan Johansen', 'Senior Planter');
INSERT INTO People (ID, name, position) VALUES (109, 'Kristine Glistrup', 'Senior Planter');
INSERT INTO People (ID, name, position) VALUES (110, 'Jan Lauridsen', 'Planter');
INSERT INTO People (ID, name, position) VALUES (111, 'Jane Jensen', 'Senior Planter');
INSERT INTO People (ID, name, position) VALUES (112, 'Peter Jensen', 'Planter');
INSERT INTO People (ID, name, position) VALUES (113, 'Eva Glistrup', 'Planter');
INSERT INTO People (ID, name, position) VALUES (114, 'Johan Mikaelsen', 'Planter');
INSERT INTO People (ID, name, position) VALUES (115, 'Birgitte Johansen', 'Senior Planter');
INSERT INTO People (ID, name, position) VALUES (116, 'Dan Hvidt', 'Senior Planter');
INSERT INTO People (ID, name, position) VALUES (117, 'Birgitte Jansen', 'Planter');
INSERT INTO People (ID, name, position) VALUES (118, 'Kent Glistrup', 'Planter');
INSERT INTO People (ID, name, position) VALUES (119, 'Eva Glistrup', 'Teamleader');
INSERT INTO People (ID, name, position) VALUES (120, 'Jens Hvidt', 'Planter');
INSERT INTO People (ID, name, position) VALUES (121, 'Birgitte Hvidt', 'Senior Planter');
INSERT INTO People (ID, name, position) VALUES (122, 'Kent Lauridsen', 'Planter');
INSERT INTO People (ID, name, position) VALUES (123, 'Kristine Lauritz', 'Teamleader');
INSERT INTO People (ID, name, position) VALUES (124, 'Peter Glistrup', 'Teamleader');
INSERT INTO People (ID, name, position) VALUES (125, 'Kristine Johansen', 'Planter');
INSERT INTO People (ID, name, position) VALUES (126, 'Johan Mikaelsen', 'Planter');
INSERT INTO People (ID, name, position) VALUES (127, 'Inge Lauritz', 'Planter');
INSERT INTO People (ID, name, position) VALUES (128, 'Peter Mikaelsen', 'Planter');
INSERT INTO People (ID, name, position) VALUES (129, 'Sisse Laudrup', 'Senior Planter');
INSERT INTO People (ID, name, position) VALUES (130, 'Mikael Johansen', 'Planter');
INSERT INTO People (ID, name, position) VALUES (131, 'Birgitte Laudrup', 'Teamleader');
INSERT INTO People (ID, name, position) VALUES (132, 'Karl Lauridsen', 'Planter');
INSERT INTO People (ID, name, position) VALUES (133, 'Kristine Johansen', 'Planter');
INSERT INTO People (ID, name, position) VALUES (134, 'Kent Jensen', 'Senior Planter');
INSERT INTO People (ID, name, position) VALUES (135, 'Eva Hansen', 'Teamleader');
INSERT INTO People (ID, name, position) VALUES (136, 'Jan Jansen', 'Planter');
INSERT INTO People (ID, name, position) VALUES (137, 'Sisse Laudrup', 'Teamleader');
INSERT INTO People (ID, name, position) VALUES (138, 'Jan Lauritz', 'Senior Planter');
INSERT INTO People (ID, name, position) VALUES (139, 'Klara Jensen', 'Planter');
INSERT INTO People (ID, name, position) VALUES (140, 'Hans Hvidt', 'Senior Planter');
INSERT INTO People (ID, name, position) VALUES (141, 'Eva Glistrup', 'Planter');
INSERT INTO People (ID, name, position) VALUES (142, 'Mikael Lauritz', 'Planter');
INSERT INTO People (ID, name, position) VALUES (143, 'Birgitte Glistrup', 'Planter');
INSERT INTO People (ID, name, position) VALUES (144, 'Jan Hansen', 'Planter');
INSERT INTO People (ID, name, position) VALUES (145, 'Gitte Johansen', 'Planter');
INSERT INTO People (ID, name, position) VALUES (146, 'Johan Hansen', 'Planter');
INSERT INTO People (ID, name, position) VALUES (147, 'Jane Lauridsen', 'Senior Planter');
INSERT INTO People (ID, name, position) VALUES (148, 'Frank Jensen', 'Planter');
INSERT INTO People (ID, name, position) VALUES (149, 'Eva Johansen', 'Planter');
INSERT INTO People (ID, name, position) VALUES (150, 'Peter Johansen', 'Senior Planter');
INSERT INTO People (ID, name, position) VALUES (151, 'Anna Jensen', 'Planter');
INSERT INTO People (ID, name, position) VALUES (152, 'Kent Mikaelsen', 'Planter');
INSERT INTO People (ID, name, position) VALUES (153, 'Jane Mikaelsen', 'Planter');
INSERT INTO People (ID, name, position) VALUES (154, 'Frank Jansen', 'Planter');
INSERT INTO People (ID, name, position) VALUES (155, 'Sisse Jansen', 'Planter');
INSERT INTO People (ID, name, position) VALUES (156, 'Mikael Mikaelsen', 'Planter');
INSERT INTO People (ID, name, position) VALUES (157, 'Sisse Glistrup', 'Planter');
INSERT INTO People (ID, name, position) VALUES (158, 'Hans Glistrup', 'Teamleader');
INSERT INTO People (ID, name, position) VALUES (159, 'Eva Lauritz', 'Planter');
INSERT INTO People (ID, name, position) VALUES (160, 'Jens Jansen', 'Senior Planter');
INSERT INTO People (ID, name, position) VALUES (161, 'Dana Glistrup', 'Manager');
INSERT INTO People (ID, name, position) VALUES (162, 'Jan Johansen', 'Planter');
INSERT INTO People (ID, name, position) VALUES (163, 'Eva Jensen', 'Planter');
INSERT INTO People (ID, name, position) VALUES (164, 'Peter Lauritz', 'Planter');
INSERT INTO People (ID, name, position) VALUES (165, 'Sisse Glistrup', 'Planter');
INSERT INTO People (ID, name, position) VALUES (166, 'Jan Johansen', 'Planter');
INSERT INTO People (ID, name, position) VALUES (167, 'Birgitte Mikaelsen', 'Planter');
INSERT INTO People (ID, name, position) VALUES (168, 'Dan Mikaelsen', 'Senior Planter');
INSERT INTO People (ID, name, position) VALUES (169, 'Inge Hansen', 'Senior Planter');
INSERT INTO People (ID, name, position) VALUES (170, 'Karl Jensen', 'Planter');
INSERT INTO People (ID, name, position) VALUES (171, 'Gitte Hvidt', 'Planter');
INSERT INTO People (ID, name, position) VALUES (172, 'Peter Hvidt', 'Planter');
INSERT INTO Types(ID, name) VALUES(1, 'flower');
INSERT INTO Types(ID, name) VALUES(2, 'herb');
INSERT INTO Types(ID, name) VALUES(3, 'shrub');
INSERT INTO Types(ID, name) VALUES(4, 'tree');
INSERT INTO Types(ID, name) VALUES(5, 'epiphyte');
INSERT INTO Types(ID, name) VALUES(6, 'liana');
INSERT INTO Types(ID, name) VALUES(7, 'vine');
INSERT INTO Families(ID, typeID, name) VALUES(1, 1, 'Acanthus');
INSERT INTO Plants(ID, familyID, name) VALUES(1, 1, 'sp.');
INSERT INTO Families(ID, typeID, name) VALUES(2, 1, 'Aphelandra');
INSERT INTO Plants(ID, familyID, name) VALUES(2, 2, 'albert-smithii');
INSERT INTO Plants(ID, familyID, name) VALUES(3, 2, 'barkleyi');
INSERT INTO Plants(ID, familyID, name) VALUES(4, 2, 'deppeana');
INSERT INTO Plants(ID, familyID, name) VALUES(5, 2, 'dielsii');
INSERT INTO Plants(ID, familyID, name) VALUES(6, 2, 'fasciculata');
INSERT INTO Plants(ID, familyID, name) VALUES(7, 2, 'fernandezii');
INSERT INTO Plants(ID, familyID, name) VALUES(8, 2, 'glabrata');
INSERT INTO Plants(ID, familyID, name) VALUES(9, 2, 'golfodulcensis');
INSERT INTO Plants(ID, familyID, name) VALUES(10, 2, 'gracilis');
INSERT INTO Plants(ID, familyID, name) VALUES(11, 2, 'grandis');
INSERT INTO Plants(ID, familyID, name) VALUES(12, 2, 'hartwegiana');
INSERT INTO Plants(ID, familyID, name) VALUES(13, 2, 'hylaea');
INSERT INTO Plants(ID, familyID, name) VALUES(14, 2, 'impress');
INSERT INTO Plants(ID, familyID, name) VALUES(15, 2, 'lasia');
INSERT INTO Plants(ID, familyID, name) VALUES(16, 2, 'leonardii');
INSERT INTO Plants(ID, familyID, name) VALUES(17, 2, 'lingua-bovis');
INSERT INTO Plants(ID, familyID, name) VALUES(18, 2, 'macrophylla');
INSERT INTO Plants(ID, familyID, name) VALUES(19, 2, 'macrophylla');
INSERT INTO Plants(ID, familyID, name) VALUES(20, 2, 'panamensis');
INSERT INTO Plants(ID, familyID, name) VALUES(21, 2, 'pharangophila');
INSERT INTO Plants(ID, familyID, name) VALUES(22, 2, 'pulcherrima');
INSERT INTO Plants(ID, familyID, name) VALUES(23, 2, 'scabra');
INSERT INTO Plants(ID, familyID, name) VALUES(24, 2, 'scolnikae');
INSERT INTO Plants(ID, familyID, name) VALUES(25, 2, 'sinclairiana');
INSERT INTO Plants(ID, familyID, name) VALUES(26, 2, 'sp.');
INSERT INTO Plants(ID, familyID, name) VALUES(27, 2, 'storkii');
INSERT INTO Plants(ID, familyID, name) VALUES(28, 2, 'terryae');
INSERT INTO Plants(ID, familyID, name) VALUES(29, 2, 'tetragona');
INSERT INTO Plants(ID, familyID, name) VALUES(30, 2, 'unnamed species');
INSERT INTO Families(ID, typeID, name) VALUES(3, 1, 'Avicennia');
INSERT INTO Plants(ID, familyID, name) VALUES(31, 3, 'sp.');
INSERT INTO Families(ID, typeID, name) VALUES(4, 1, 'Barleria');
INSERT INTO Plants(ID, familyID, name) VALUES(32, 4, 'diacantha');
INSERT INTO Plants(ID, familyID, name) VALUES(33, 4, 'eranthemoides');
INSERT INTO Plants(ID, familyID, name) VALUES(34, 4, 'trispinosa');
INSERT INTO Families(ID, typeID, name) VALUES(5, 1, 'Brachystephanus');
INSERT INTO Plants(ID, familyID, name) VALUES(35, 5, 'sp.');
INSERT INTO Families(ID, typeID, name) VALUES(6, 1, 'Ruellia');
INSERT INTO Plants(ID, familyID, name) VALUES(36, 6, 'brachysiphon');
INSERT INTO Plants(ID, familyID, name) VALUES(37, 6, 'bulbifera');
INSERT INTO Plants(ID, familyID, name) VALUES(38, 6, 'coerulea');
INSERT INTO Plants(ID, familyID, name) VALUES(39, 6, 'erythropus');
INSERT INTO Plants(ID, familyID, name) VALUES(40, 6, 'hypercoides');
INSERT INTO Plants(ID, familyID, name) VALUES(41, 6, 'macrosolen');
INSERT INTO Plants(ID, familyID, name) VALUES(42, 6, 'multifolia');
INSERT INTO Plants(ID, familyID, name) VALUES(43, 6, 'radicans');
INSERT INTO Families(ID, typeID, name) VALUES(7, 1, 'Thunbergia');
INSERT INTO Plants(ID, familyID, name) VALUES(44, 7, 'erecta');
INSERT INTO Plants(ID, familyID, name) VALUES(45, 7, 'grandiflora');
INSERT INTO Plants(ID, familyID, name) VALUES(46, 7, 'laurifolia');
INSERT INTO Families(ID, typeID, name) VALUES(8, 3, 'Sambucus');
INSERT INTO Plants(ID, familyID, name) VALUES(47, 8, 'canadensis');
INSERT INTO Plants(ID, familyID, name) VALUES(48, 8, 'coerula');
INSERT INTO Plants(ID, familyID, name) VALUES(49, 8, 'ebulus');
INSERT INTO Plants(ID, familyID, name) VALUES(50, 8, 'javanica');
INSERT INTO Plants(ID, familyID, name) VALUES(51, 8, 'latipinna');
INSERT INTO Plants(ID, familyID, name) VALUES(52, 8, 'microbotrys');
INSERT INTO Plants(ID, familyID, name) VALUES(53, 8, 'nigra (niger)');
INSERT INTO Plants(ID, familyID, name) VALUES(54, 8, 'pubens');
INSERT INTO Plants(ID, familyID, name) VALUES(55, 8, 'racemosa');
INSERT INTO Plants(ID, familyID, name) VALUES(56, 8, 'siebolidana');
INSERT INTO Plants(ID, familyID, name) VALUES(57, 8, 'williamsii');
INSERT INTO Families(ID, typeID, name) VALUES(9, 1, 'Viburnum');
INSERT INTO Plants(ID, familyID, name) VALUES(58, 9, 'beccarii');
INSERT INTO Plants(ID, familyID, name) VALUES(59, 9, 'boninensis');
INSERT INTO Plants(ID, familyID, name) VALUES(60, 9, 'clemensae');
INSERT INTO Plants(ID, familyID, name) VALUES(61, 9, 'cornutidens');
INSERT INTO Plants(ID, familyID, name) VALUES(62, 9, 'costaricanum');
INSERT INTO Plants(ID, familyID, name) VALUES(63, 9, 'dilatatum');
INSERT INTO Plants(ID, familyID, name) VALUES(64, 9, 'edule');
INSERT INTO Plants(ID, familyID, name) VALUES(65, 9, 'erosum');
INSERT INTO Plants(ID, familyID, name) VALUES(66, 9, 'glaberrium');
INSERT INTO Plants(ID, familyID, name) VALUES(67, 9, 'koreanum');
INSERT INTO Plants(ID, familyID, name) VALUES(68, 9, 'opulus');
INSERT INTO Plants(ID, familyID, name) VALUES(69, 9, 'platyphyllum');
INSERT INTO Plants(ID, familyID, name) VALUES(70, 9, 'propinquum');
INSERT INTO Plants(ID, familyID, name) VALUES(71, 9, 'sargentii');
INSERT INTO Plants(ID, familyID, name) VALUES(72, 9, 'spp.');
INSERT INTO Plants(ID, familyID, name) VALUES(73, 9, 'stellatomentosum');
INSERT INTO Plants(ID, familyID, name) VALUES(74, 9, 'venustrum');
INSERT INTO Plants(ID, familyID, name) VALUES(75, 9, 'vernicosum');
INSERT INTO Plants(ID, familyID, name) VALUES(76, 9, 'wrightii');
INSERT INTO Families(ID, typeID, name) VALUES(10, 1, 'Alisma');
INSERT INTO Plants(ID, familyID, name) VALUES(77, 10, 'sp.');
INSERT INTO Families(ID, typeID, name) VALUES(11, 2, 'Iresine');
INSERT INTO Plants(ID, familyID, name) VALUES(78, 11, 'celosia');
INSERT INTO Families(ID, typeID, name) VALUES(12, 4, 'Anacardium');
INSERT INTO Plants(ID, familyID, name) VALUES(79, 12, 'occidentale');
INSERT INTO Families(ID, typeID, name) VALUES(13, 1, 'Holigarna');
INSERT INTO Plants(ID, familyID, name) VALUES(80, 13, 'arnottiana');
INSERT INTO Plants(ID, familyID, name) VALUES(81, 13, 'ferruginea');
INSERT INTO Plants(ID, familyID, name) VALUES(82, 13, 'grahamii');
INSERT INTO Plants(ID, familyID, name) VALUES(83, 13, 'helferi');
INSERT INTO Families(ID, typeID, name) VALUES(14, 1, 'Ancistrocladus');
INSERT INTO Plants(ID, familyID, name) VALUES(84, 14, 'sp.');
INSERT INTO Families(ID, typeID, name) VALUES(15, 1, 'Annona');
INSERT INTO Plants(ID, familyID, name) VALUES(85, 15, 'sp.');
INSERT INTO Families(ID, typeID, name) VALUES(16, 6, 'Allamandra');
INSERT INTO Plants(ID, familyID, name) VALUES(86, 16, 'cathartica');
INSERT INTO Plants(ID, familyID, name) VALUES(87, 16, 'neriifolia');
INSERT INTO Families(ID, typeID, name) VALUES(17, 4, 'Aspidospema');
INSERT INTO Plants(ID, familyID, name) VALUES(88, 17, 'quebracho-blanco');
INSERT INTO Families(ID, typeID, name) VALUES(18, 1, 'Calotropis');
INSERT INTO Plants(ID, familyID, name) VALUES(89, 18, 'gigantea');
INSERT INTO Families(ID, typeID, name) VALUES(19, 1, 'Ceropegia');
INSERT INTO Plants(ID, familyID, name) VALUES(90, 19, 'johnsonii');
INSERT INTO Plants(ID, familyID, name) VALUES(91, 19, 'sankuruensis');
INSERT INTO Families(ID, typeID, name) VALUES(20, 1, 'Dregea');
INSERT INTO Plants(ID, familyID, name) VALUES(92, 20, 'volubilis');
INSERT INTO Families(ID, typeID, name) VALUES(21, 7, 'Gonolobus');
INSERT INTO Plants(ID, familyID, name) VALUES(93, 21, 'barabatus');
INSERT INTO Families(ID, typeID, name) VALUES(22, 1, 'Gymnema');
INSERT INTO Plants(ID, familyID, name) VALUES(94, 22, 'lactiferum');
INSERT INTO Plants(ID, familyID, name) VALUES(95, 22, 'pachyglossum');
INSERT INTO Families(ID, typeID, name) VALUES(23, 1, 'Hoya');
INSERT INTO Plants(ID, familyID, name) VALUES(96, 23, 'carnosa');
INSERT INTO Plants(ID, familyID, name) VALUES(97, 23, 'longifolia');
INSERT INTO Plants(ID, familyID, name) VALUES(98, 23, 'sp.');
INSERT INTO Families(ID, typeID, name) VALUES(24, 7, 'Ichnocarpus');
INSERT INTO Plants(ID, familyID, name) VALUES(99, 24, 'fruticosus');
INSERT INTO Families(ID, typeID, name) VALUES(25, 6, 'Marsdenia');
INSERT INTO Plants(ID, familyID, name) VALUES(100, 25, 'glabra');
INSERT INTO Families(ID, typeID, name) VALUES(26, 3, 'Oxypetalum');
INSERT INTO Plants(ID, familyID, name) VALUES(101, 26, 'sp.');
INSERT INTO Families(ID, typeID, name) VALUES(27, 1, 'Pachypodium');
INSERT INTO Plants(ID, familyID, name) VALUES(102, 27, 'saundersii');
INSERT INTO Families(ID, typeID, name) VALUES(28, 1, 'Philibertia');
INSERT INTO Plants(ID, familyID, name) VALUES(103, 28, 'aff');
INSERT INTO Families(ID, typeID, name) VALUES(29, 1, 'Plumeria');
INSERT INTO Plants(ID, familyID, name) VALUES(104, 29, 'alba');
INSERT INTO Plants(ID, familyID, name) VALUES(105, 29, 'rubra');
INSERT INTO Families(ID, typeID, name) VALUES(30, 7, 'Prestonia');
INSERT INTO Plants(ID, familyID, name) VALUES(106, 30, 'mexicana');
INSERT INTO Families(ID, typeID, name) VALUES(31, 1, 'Sarcostemma');
INSERT INTO Plants(ID, familyID, name) VALUES(107, 31, 'gardneri');
INSERT INTO Families(ID, typeID, name) VALUES(32, 1, 'Stephanotis');
INSERT INTO Plants(ID, familyID, name) VALUES(108, 32, 'floribunda');
INSERT INTO Families(ID, typeID, name) VALUES(33, 1, 'Tabernaemontana');
INSERT INTO Plants(ID, familyID, name) VALUES(109, 33, 'divaricata');
INSERT INTO Families(ID, typeID, name) VALUES(34, 1, 'Thevetia');
INSERT INTO Plants(ID, familyID, name) VALUES(110, 34, 'sp.');
INSERT INTO Families(ID, typeID, name) VALUES(35, 4, 'Wrightia');
INSERT INTO Plants(ID, familyID, name) VALUES(111, 35, 'laevis ssp.Millgar');
INSERT INTO Families(ID, typeID, name) VALUES(36, 4, 'Ilex');
INSERT INTO Plants(ID, familyID, name) VALUES(112, 36, 'paraguariensis');
INSERT INTO Families(ID, typeID, name) VALUES(37, 1, 'Alocasia');
INSERT INTO Plants(ID, familyID, name) VALUES(113, 37, 'grata');
INSERT INTO Plants(ID, familyID, name) VALUES(114, 37, 'putzeysii');
INSERT INTO Families(ID, typeID, name) VALUES(38, 5, 'Philodendron');
INSERT INTO Plants(ID, familyID, name) VALUES(115, 38, 'acutatum');
INSERT INTO Plants(ID, familyID, name) VALUES(116, 38, 'cuspidatum');
INSERT INTO Plants(ID, familyID, name) VALUES(117, 38, 'deflexum');
INSERT INTO Plants(ID, familyID, name) VALUES(118, 38, 'fragrantissimum');
INSERT INTO Plants(ID, familyID, name) VALUES(119, 38, 'lindenii');
INSERT INTO Plants(ID, familyID, name) VALUES(120, 38, 'sp. 2');
INSERT INTO Plants(ID, familyID, name) VALUES(121, 38, 'sp. nov.');
INSERT INTO Plants(ID, familyID, name) VALUES(122, 38, 'unidentified species');
INSERT INTO Families(ID, typeID, name) VALUES(39, 1, 'Aristolochia');
INSERT INTO Plants(ID, familyID, name) VALUES(123, 39, 'sp.');
INSERT INTO Families(ID, typeID, name) VALUES(40, 1, 'Asparagus');
INSERT INTO Plants(ID, familyID, name) VALUES(124, 40, 'acutifolius');
INSERT INTO Plants(ID, familyID, name) VALUES(125, 40, 'prob.schoberloides');
INSERT INTO Families(ID, typeID, name) VALUES(41, 2, 'Dracaena');
INSERT INTO Plants(ID, familyID, name) VALUES(126, 41, 'reflexa');
INSERT INTO Plants(ID, familyID, name) VALUES(127, 41, 'sp.');
INSERT INTO Families(ID, typeID, name) VALUES(42, 1, 'Sansevieria');
INSERT INTO Plants(ID, familyID, name) VALUES(128, 42, '3 unidentified species');
INSERT INTO Plants(ID, familyID, name) VALUES(129, 42, 'abyssinica');
INSERT INTO Plants(ID, familyID, name) VALUES(130, 42, 'aethiopica');
INSERT INTO Plants(ID, familyID, name) VALUES(131, 42, 'aubrytiana');
INSERT INTO Plants(ID, familyID, name) VALUES(132, 42, 'canaliculata');
INSERT INTO Plants(ID, familyID, name) VALUES(133, 42, 'cf. gracilis');
INSERT INTO Plants(ID, familyID, name) VALUES(134, 42, 'cf. stuckyi');
INSERT INTO Plants(ID, familyID, name) VALUES(135, 42, 'conspicua');
INSERT INTO Plants(ID, familyID, name) VALUES(136, 42, 'cynlindrica');
INSERT INTO Plants(ID, familyID, name) VALUES(137, 42, 'desertii');
INSERT INTO Plants(ID, familyID, name) VALUES(138, 42, 'dooneri');
INSERT INTO Plants(ID, familyID, name) VALUES(139, 42, 'ehrenbergii');
INSERT INTO Plants(ID, familyID, name) VALUES(140, 42, 'humbertiana');
INSERT INTO Plants(ID, familyID, name) VALUES(141, 42, 'phillipsiae');
INSERT INTO Plants(ID, familyID, name) VALUES(142, 42, 'pinguicula');
INSERT INTO Plants(ID, familyID, name) VALUES(143, 42, 'scabrifolia');
INSERT INTO Plants(ID, familyID, name) VALUES(144, 42, 'singularis');
INSERT INTO Plants(ID, familyID, name) VALUES(145, 42, 'sulcata');
INSERT INTO Plants(ID, familyID, name) VALUES(146, 42, 'thyrsiflora');
INSERT INTO Plants(ID, familyID, name) VALUES(147, 42, 'zeylandica');
INSERT INTO Families(ID, typeID, name) VALUES(43, 1, 'Yucca');
INSERT INTO Plants(ID, familyID, name) VALUES(148, 43, 'filamentosa');
INSERT INTO Plants(ID, familyID, name) VALUES(149, 43, 'glauca');
INSERT INTO Families(ID, typeID, name) VALUES(44, 2, 'Bidens');
INSERT INTO Plants(ID, familyID, name) VALUES(150, 44, 'pillosa');
INSERT INTO Families(ID, typeID, name) VALUES(45, 1, 'Calycadenia');
INSERT INTO Plants(ID, familyID, name) VALUES(151, 45, 'sp.');
INSERT INTO Families(ID, typeID, name) VALUES(46, 2, 'Centaurea');
INSERT INTO Plants(ID, familyID, name) VALUES(152, 46, 'alpina');
INSERT INTO Plants(ID, familyID, name) VALUES(153, 46, 'angustifolia var. fuscormarginata');
INSERT INTO Plants(ID, familyID, name) VALUES(154, 46, 'badensis');
INSERT INTO Plants(ID, familyID, name) VALUES(155, 46, 'cyanus');
INSERT INTO Plants(ID, familyID, name) VALUES(156, 46, 'jacea');
INSERT INTO Plants(ID, familyID, name) VALUES(157, 46, 'karstiana');
INSERT INTO Plants(ID, familyID, name) VALUES(158, 46, 'montana');
INSERT INTO Plants(ID, familyID, name) VALUES(159, 46, 'orientalis');
INSERT INTO Plants(ID, familyID, name) VALUES(160, 46, 'ruthenica');
INSERT INTO Plants(ID, familyID, name) VALUES(161, 46, 'sadleriana');
INSERT INTO Plants(ID, familyID, name) VALUES(162, 46, 'scabiosa');
INSERT INTO Families(ID, typeID, name) VALUES(47, 1, 'Clibadium');
INSERT INTO Plants(ID, familyID, name) VALUES(163, 47, 'schulzzi');
INSERT INTO Families(ID, typeID, name) VALUES(48, 1, 'Eupatorium');
INSERT INTO Plants(ID, familyID, name) VALUES(164, 48, 'sp.');
INSERT INTO Families(ID, typeID, name) VALUES(49, 1, 'Happlopappus');
INSERT INTO Plants(ID, familyID, name) VALUES(165, 49, 'venosus');
INSERT INTO Families(ID, typeID, name) VALUES(50, 2, 'Helianthella');
INSERT INTO Plants(ID, familyID, name) VALUES(166, 50, 'californicus var. nevadensis');
INSERT INTO Plants(ID, familyID, name) VALUES(167, 50, 'quinquenervis');
INSERT INTO Families(ID, typeID, name) VALUES(51, 2, 'Helianthus');
INSERT INTO Plants(ID, familyID, name) VALUES(168, 51, 'annuus');
INSERT INTO Plants(ID, familyID, name) VALUES(169, 51, 'giganteus');
INSERT INTO Plants(ID, familyID, name) VALUES(170, 51, 'grosseserratus');
INSERT INTO Plants(ID, familyID, name) VALUES(171, 51, 'maximiliani');
INSERT INTO Plants(ID, familyID, name) VALUES(172, 51, 'nuttallii');
INSERT INTO Plants(ID, familyID, name) VALUES(173, 51, 'petiolaris');
INSERT INTO Plants(ID, familyID, name) VALUES(174, 51, 'salciifolius');
INSERT INTO Plants(ID, familyID, name) VALUES(175, 51, 'sp.');
INSERT INTO Plants(ID, familyID, name) VALUES(176, 51, 'strumosus');
INSERT INTO Plants(ID, familyID, name) VALUES(177, 51, 'tuberosus');
INSERT INTO Families(ID, typeID, name) VALUES(52, 2, 'Helichrysum');
INSERT INTO Plants(ID, familyID, name) VALUES(178, 52, 'bracteatum');
INSERT INTO Plants(ID, familyID, name) VALUES(179, 52, 'viscosum');
INSERT INTO Families(ID, typeID, name) VALUES(53, 1, 'Jurinea');
INSERT INTO Plants(ID, familyID, name) VALUES(180, 53, 'mollis');
INSERT INTO Families(ID, typeID, name) VALUES(54, 1, 'Melampodium');
INSERT INTO Plants(ID, familyID, name) VALUES(181, 54, 'divarticulatum');
INSERT INTO Families(ID, typeID, name) VALUES(55, 1, 'Melanthera');
INSERT INTO Plants(ID, familyID, name) VALUES(182, 55, 'aspera');
INSERT INTO Families(ID, typeID, name) VALUES(56, 1, 'Podospermum');
INSERT INTO Plants(ID, familyID, name) VALUES(183, 56, 'jacquinanum');
INSERT INTO Families(ID, typeID, name) VALUES(57, 1, 'Sachsia');
INSERT INTO Plants(ID, familyID, name) VALUES(184, 57, 'polycephala');
INSERT INTO Families(ID, typeID, name) VALUES(58, 1, 'Serratula');
INSERT INTO Plants(ID, familyID, name) VALUES(185, 58, 'cretican');
INSERT INTO Plants(ID, familyID, name) VALUES(186, 58, 'lycopifolia');
INSERT INTO Plants(ID, familyID, name) VALUES(187, 58, 'radiata');
INSERT INTO Families(ID, typeID, name) VALUES(59, 2, 'Balanophora');
INSERT INTO Plants(ID, familyID, name) VALUES(188, 59, 'kuroiwai');
INSERT INTO Plants(ID, familyID, name) VALUES(189, 59, 'tobiracola');
INSERT INTO Families(ID, typeID, name) VALUES(60, 1, 'Balsamina');
INSERT INTO Plants(ID, familyID, name) VALUES(190, 60, 'coccinea');
INSERT INTO Plants(ID, familyID, name) VALUES(191, 60, 'hortensis');
INSERT INTO Plants(ID, familyID, name) VALUES(192, 60, 'lechenaultii');
INSERT INTO Families(ID, typeID, name) VALUES(61, 1, 'Hydrocera');
INSERT INTO Plants(ID, familyID, name) VALUES(193, 61, 'triflora');
INSERT INTO Families(ID, typeID, name) VALUES(62, 1, 'Impatiens');
INSERT INTO Plants(ID, familyID, name) VALUES(194, 62, 'balfourii');
INSERT INTO Plants(ID, familyID, name) VALUES(195, 62, 'balsamifera');
INSERT INTO Plants(ID, familyID, name) VALUES(196, 62, 'balsamina');
INSERT INTO Plants(ID, familyID, name) VALUES(197, 62, 'bicolor');
INSERT INTO Plants(ID, familyID, name) VALUES(198, 62, 'chinensis');
INSERT INTO Plants(ID, familyID, name) VALUES(199, 62, 'cristata');
INSERT INTO Plants(ID, familyID, name) VALUES(200, 62, 'fruticosa');
INSERT INTO Plants(ID, familyID, name) VALUES(201, 62, 'glandulifera');
INSERT INTO Plants(ID, familyID, name) VALUES(202, 62, 'holstii');
INSERT INTO Plants(ID, familyID, name) VALUES(203, 62, 'hongkongensis');
INSERT INTO Plants(ID, familyID, name) VALUES(204, 62, 'maackii');
INSERT INTO Plants(ID, familyID, name) VALUES(205, 62, 'noli-tangere');
INSERT INTO Plants(ID, familyID, name) VALUES(206, 62, 'pallida');
INSERT INTO Plants(ID, familyID, name) VALUES(207, 62, 'parviflora');
INSERT INTO Plants(ID, familyID, name) VALUES(208, 62, 'platypetala');
INSERT INTO Plants(ID, familyID, name) VALUES(209, 62, 'scabrida');
INSERT INTO Plants(ID, familyID, name) VALUES(210, 62, 'sp.');
INSERT INTO Plants(ID, familyID, name) VALUES(211, 62, 'sultanii');
INSERT INTO Plants(ID, familyID, name) VALUES(212, 62, 'tricornis');
INSERT INTO Families(ID, typeID, name) VALUES(63, 1, 'Adenocalymma');
INSERT INTO Plants(ID, familyID, name) VALUES(213, 63, 'adenophorum');
INSERT INTO Plants(ID, familyID, name) VALUES(214, 63, 'apurense');
INSERT INTO Plants(ID, familyID, name) VALUES(215, 63, 'axillarum');
INSERT INTO Plants(ID, familyID, name) VALUES(216, 63, 'bracteatum');
INSERT INTO Plants(ID, familyID, name) VALUES(217, 63, 'bracteolatum');
INSERT INTO Plants(ID, familyID, name) VALUES(218, 63, 'bracteosum');
INSERT INTO Plants(ID, familyID, name) VALUES(219, 63, 'campicola');
INSERT INTO Plants(ID, familyID, name) VALUES(220, 63, 'comosum');
INSERT INTO Plants(ID, familyID, name) VALUES(221, 63, 'cymbalum');
INSERT INTO Plants(ID, familyID, name) VALUES(222, 63, 'flaviflorum');
INSERT INTO Plants(ID, familyID, name) VALUES(223, 63, 'impressum');
INSERT INTO Plants(ID, familyID, name) VALUES(224, 63, 'inundatum');
INSERT INTO Plants(ID, familyID, name) VALUES(225, 63, 'magnificum');
INSERT INTO Plants(ID, familyID, name) VALUES(226, 63, 'marginatum');
INSERT INTO Plants(ID, familyID, name) VALUES(227, 63, 'moringfolia');
INSERT INTO Plants(ID, familyID, name) VALUES(228, 63, 'nodosum');
INSERT INTO Plants(ID, familyID, name) VALUES(229, 63, 'paulistarum');
INSERT INTO Plants(ID, familyID, name) VALUES(230, 63, 'salmoneum');
INSERT INTO Plants(ID, familyID, name) VALUES(231, 63, 'subincanum');
INSERT INTO Plants(ID, familyID, name) VALUES(232, 63, 'trichocladum');
INSERT INTO Families(ID, typeID, name) VALUES(64, 1, 'Amphilophium');
INSERT INTO Plants(ID, familyID, name) VALUES(233, 64, 'askersonii');
INSERT INTO Plants(ID, familyID, name) VALUES(234, 64, 'bauhinoides');
INSERT INTO Plants(ID, familyID, name) VALUES(235, 64, 'buccinatorium');
INSERT INTO Plants(ID, familyID, name) VALUES(236, 64, 'crucigerum');
INSERT INTO Plants(ID, familyID, name) VALUES(237, 64, 'cynanchoides');
INSERT INTO Plants(ID, familyID, name) VALUES(238, 64, 'elongatum');
INSERT INTO Plants(ID, familyID, name) VALUES(239, 64, 'frutescens');
INSERT INTO Plants(ID, familyID, name) VALUES(240, 64, 'granulosum');
INSERT INTO Plants(ID, familyID, name) VALUES(241, 64, 'laevis');
INSERT INTO Plants(ID, familyID, name) VALUES(242, 64, 'magnoliifolium');
INSERT INTO Plants(ID, familyID, name) VALUES(243, 64, 'mansoana');
INSERT INTO Plants(ID, familyID, name) VALUES(244, 64, 'nunezii');
INSERT INTO Plants(ID, familyID, name) VALUES(245, 64, 'paniculatum');
INSERT INTO Plants(ID, familyID, name) VALUES(246, 64, 'pannosum');
INSERT INTO Plants(ID, familyID, name) VALUES(247, 64, 'parkeri');
INSERT INTO Plants(ID, familyID, name) VALUES(248, 64, 'rodriguesii');
INSERT INTO Families(ID, typeID, name) VALUES(65, 1, 'Amphitecna');
INSERT INTO Plants(ID, familyID, name) VALUES(249, 65, 'latifolia');
INSERT INTO Families(ID, typeID, name) VALUES(66, 3, 'Anemopaegma');
INSERT INTO Plants(ID, familyID, name) VALUES(250, 66, 'album');
INSERT INTO Plants(ID, familyID, name) VALUES(251, 66, 'arvense');
INSERT INTO Plants(ID, familyID, name) VALUES(252, 66, 'chamberlaynii');
INSERT INTO Plants(ID, familyID, name) VALUES(253, 66, 'flavum');
INSERT INTO Plants(ID, familyID, name) VALUES(254, 66, 'floridum');
INSERT INTO Plants(ID, familyID, name) VALUES(255, 66, 'foetidum');
INSERT INTO Plants(ID, familyID, name) VALUES(256, 66, 'laeve');
INSERT INTO Plants(ID, familyID, name) VALUES(257, 66, 'orbiculatum');
INSERT INTO Plants(ID, familyID, name) VALUES(258, 66, 'puberulum');
INSERT INTO Plants(ID, familyID, name) VALUES(259, 66, 'robustum');
INSERT INTO Plants(ID, familyID, name) VALUES(260, 66, 'scabriusculum');
INSERT INTO Families(ID, typeID, name) VALUES(67, 1, 'Arrabidaea');
INSERT INTO Plants(ID, familyID, name) VALUES(261, 67, 'spp.');
INSERT INTO Families(ID, typeID, name) VALUES(68, 1, 'Astianthus');
INSERT INTO Plants(ID, familyID, name) VALUES(262, 68, 'sp.');
INSERT INTO Families(ID, typeID, name) VALUES(69, 1, 'Bignonia');
INSERT INTO Plants(ID, familyID, name) VALUES(263, 69, 'aequinoctialis');
INSERT INTO Plants(ID, familyID, name) VALUES(264, 69, 'binata');
INSERT INTO Plants(ID, familyID, name) VALUES(265, 69, 'bracteomana');
INSERT INTO Plants(ID, familyID, name) VALUES(266, 69, 'callistegioides');
INSERT INTO Plants(ID, familyID, name) VALUES(267, 69, 'capreolata');
INSERT INTO Plants(ID, familyID, name) VALUES(268, 69, 'carolinae');
INSERT INTO Plants(ID, familyID, name) VALUES(269, 69, 'corymbosa');
INSERT INTO Plants(ID, familyID, name) VALUES(270, 69, 'diversiflora');
INSERT INTO Plants(ID, familyID, name) VALUES(271, 69, 'heterophylla');
INSERT INTO Plants(ID, familyID, name) VALUES(272, 69, 'hyacnthina');
INSERT INTO Plants(ID, familyID, name) VALUES(273, 69, 'microcalyx');
INSERT INTO Plants(ID, familyID, name) VALUES(274, 69, 'nocturna');
INSERT INTO Plants(ID, familyID, name) VALUES(275, 69, 'prieurei');
INSERT INTO Plants(ID, familyID, name) VALUES(276, 69, 'sciuripabula');
INSERT INTO Plants(ID, familyID, name) VALUES(277, 69, 'uleana');
INSERT INTO Families(ID, typeID, name) VALUES(70, 1, 'Callichlamys');
INSERT INTO Plants(ID, familyID, name) VALUES(278, 70, 'latifolia');
INSERT INTO Plants(ID, familyID, name) VALUES(279, 70, 'sp.');
INSERT INTO Families(ID, typeID, name) VALUES(71, 1, 'Campsis');
INSERT INTO Plants(ID, familyID, name) VALUES(280, 71, 'grandiflora');
INSERT INTO Plants(ID, familyID, name) VALUES(281, 71, 'radicans');
INSERT INTO Families(ID, typeID, name) VALUES(72, 1, 'Catalpa');
INSERT INTO Plants(ID, familyID, name) VALUES(282, 72, 'adenocalymna');
INSERT INTO Plants(ID, familyID, name) VALUES(283, 72, 'bignoniodes');
INSERT INTO Plants(ID, familyID, name) VALUES(284, 72, 'brevipes');
INSERT INTO Plants(ID, familyID, name) VALUES(285, 72, 'bungei');
INSERT INTO Plants(ID, familyID, name) VALUES(286, 72, 'fargesii');
INSERT INTO Plants(ID, familyID, name) VALUES(287, 72, 'longissima');
INSERT INTO Plants(ID, familyID, name) VALUES(288, 72, 'macrocarpa');
INSERT INTO Plants(ID, familyID, name) VALUES(289, 72, 'ovata');
INSERT INTO Plants(ID, familyID, name) VALUES(290, 72, 'purpurea');
INSERT INTO Plants(ID, familyID, name) VALUES(291, 72, 'speciosa');
INSERT INTO Families(ID, typeID, name) VALUES(73, 1, 'Chilopsis');
INSERT INTO Plants(ID, familyID, name) VALUES(292, 73, 'linearis');
INSERT INTO Families(ID, typeID, name) VALUES(74, 1, 'Couralia');
INSERT INTO Plants(ID, familyID, name) VALUES(293, 74, 'sp.');
INSERT INTO Families(ID, typeID, name) VALUES(75, 4, 'Crescentia');
INSERT INTO Plants(ID, familyID, name) VALUES(294, 75, 'alata');
INSERT INTO Plants(ID, familyID, name) VALUES(295, 75, 'amazonica');
INSERT INTO Plants(ID, familyID, name) VALUES(296, 75, 'cucurbitacea');
INSERT INTO Plants(ID, familyID, name) VALUES(297, 75, 'cujete');
INSERT INTO Plants(ID, familyID, name) VALUES(298, 75, 'linearifolia');
INSERT INTO Families(ID, typeID, name) VALUES(76, 1, 'Cuspidaria');
INSERT INTO Plants(ID, familyID, name) VALUES(299, 76, 'cinerea');
INSERT INTO Plants(ID, familyID, name) VALUES(300, 76, 'convoluta');
INSERT INTO Plants(ID, familyID, name) VALUES(301, 76, 'floribunda');
INSERT INTO Plants(ID, familyID, name) VALUES(302, 76, 'inaequalis');
INSERT INTO Plants(ID, familyID, name) VALUES(303, 76, 'lateriflora');
INSERT INTO Plants(ID, familyID, name) VALUES(304, 76, 'sceptrum');
INSERT INTO Plants(ID, familyID, name) VALUES(305, 76, 'spp.');
INSERT INTO Plants(ID, familyID, name) VALUES(306, 76, 'subincana');
INSERT INTO Families(ID, typeID, name) VALUES(77, 1, 'Cybistax');
INSERT INTO Plants(ID, familyID, name) VALUES(307, 77, 'antisyphillitica');
INSERT INTO Families(ID, typeID, name) VALUES(78, 1, 'Cydista');
INSERT INTO Plants(ID, familyID, name) VALUES(308, 78, 'sp.');
INSERT INTO Families(ID, typeID, name) VALUES(79, 4, 'Deplanchea');
INSERT INTO Plants(ID, familyID, name) VALUES(309, 79, 'sp.');
INSERT INTO Families(ID, typeID, name) VALUES(80, 6, 'Dolichandra');
INSERT INTO Plants(ID, familyID, name) VALUES(310, 80, 'chodatii');
INSERT INTO Plants(ID, familyID, name) VALUES(311, 80, 'cynanchoides');
INSERT INTO Plants(ID, familyID, name) VALUES(312, 80, 'dentata');
INSERT INTO Plants(ID, familyID, name) VALUES(313, 80, 'quadrivalvis');
INSERT INTO Plants(ID, familyID, name) VALUES(314, 80, 'steyermarkii');
INSERT INTO Plants(ID, familyID, name) VALUES(315, 80, 'uncata');
INSERT INTO Plants(ID, familyID, name) VALUES(316, 80, 'unguis-cati');
INSERT INTO Families(ID, typeID, name) VALUES(81, 1, 'Dolichandrone');
INSERT INTO Plants(ID, familyID, name) VALUES(317, 81, 'serrulata');
INSERT INTO Plants(ID, familyID, name) VALUES(318, 81, 'sp.');
INSERT INTO Families(ID, typeID, name) VALUES(82, 1, 'Fernandoa');
INSERT INTO Plants(ID, familyID, name) VALUES(319, 82, 'adenophylla');
INSERT INTO Families(ID, typeID, name) VALUES(83, 1, 'Fridericia');
INSERT INTO Plants(ID, familyID, name) VALUES(320, 83, 'candicans');
INSERT INTO Plants(ID, familyID, name) VALUES(321, 83, 'caudigera');
INSERT INTO Plants(ID, familyID, name) VALUES(322, 83, 'chica');
INSERT INTO Plants(ID, familyID, name) VALUES(323, 83, 'cinerea');
INSERT INTO Plants(ID, familyID, name) VALUES(324, 83, 'cinnamomea');
INSERT INTO Plants(ID, familyID, name) VALUES(325, 83, 'conjugata');
INSERT INTO Plants(ID, familyID, name) VALUES(326, 83, 'dichomata');
INSERT INTO Plants(ID, familyID, name) VALUES(327, 83, 'dispar');
INSERT INTO Plants(ID, familyID, name) VALUES(328, 83, 'erubescens');
INSERT INTO Plants(ID, familyID, name) VALUES(329, 83, 'florida');
INSERT INTO Plants(ID, familyID, name) VALUES(330, 83, 'leucopogon');
INSERT INTO Plants(ID, familyID, name) VALUES(331, 83, 'mutabilis');
INSERT INTO Plants(ID, familyID, name) VALUES(332, 83, 'nigrescens');
INSERT INTO Plants(ID, familyID, name) VALUES(333, 83, 'oligantha');
INSERT INTO Plants(ID, familyID, name) VALUES(334, 83, 'patellifera');
INSERT INTO Plants(ID, familyID, name) VALUES(335, 83, 'platyphylla');
INSERT INTO Plants(ID, familyID, name) VALUES(336, 83, 'prancei');
INSERT INTO Plants(ID, familyID, name) VALUES(337, 83, 'pubescens');
INSERT INTO Plants(ID, familyID, name) VALUES(338, 83, 'rego');
INSERT INTO Plants(ID, familyID, name) VALUES(339, 83, 'samydoides');
INSERT INTO Plants(ID, familyID, name) VALUES(340, 83, 'schumanniana');
INSERT INTO Plants(ID, familyID, name) VALUES(341, 83, 'speciosa');
INSERT INTO Plants(ID, familyID, name) VALUES(342, 83, 'spicata');
INSERT INTO Plants(ID, familyID, name) VALUES(343, 83, 'subincana');
INSERT INTO Plants(ID, familyID, name) VALUES(344, 83, 'trailli');
INSERT INTO Plants(ID, familyID, name) VALUES(345, 83, 'triplnervia');
INSERT INTO Plants(ID, familyID, name) VALUES(346, 83, 'truncata');
INSERT INTO Families(ID, typeID, name) VALUES(84, 4, 'Handroanthus');
INSERT INTO Plants(ID, familyID, name) VALUES(347, 84, 'albus');
INSERT INTO Plants(ID, familyID, name) VALUES(348, 84, 'chrysotrichus');
INSERT INTO Plants(ID, familyID, name) VALUES(349, 84, 'heptaphyllus');
INSERT INTO Plants(ID, familyID, name) VALUES(350, 84, 'impetiginosus');
INSERT INTO Plants(ID, familyID, name) VALUES(351, 84, 'lapacho');
INSERT INTO Plants(ID, familyID, name) VALUES(352, 84, 'ochraceus');
INSERT INTO Plants(ID, familyID, name) VALUES(353, 84, 'pulcherrimus');
INSERT INTO Plants(ID, familyID, name) VALUES(354, 84, 'serratifolius');
INSERT INTO Families(ID, typeID, name) VALUES(85, 1, 'Haplophrama');
INSERT INTO Plants(ID, familyID, name) VALUES(355, 85, 'adenophyllum');
INSERT INTO Families(ID, typeID, name) VALUES(86, 1, 'Incarvillea');
INSERT INTO Plants(ID, familyID, name) VALUES(356, 86, 'lutea');
INSERT INTO Families(ID, typeID, name) VALUES(87, 1, 'Jacaranda');
INSERT INTO Plants(ID, familyID, name) VALUES(357, 87, 'caucana');
INSERT INTO Plants(ID, familyID, name) VALUES(358, 87, 'copaia');
INSERT INTO Plants(ID, familyID, name) VALUES(359, 87, 'cuspidifolia');
INSERT INTO Plants(ID, familyID, name) VALUES(360, 87, 'macrantha');
INSERT INTO Plants(ID, familyID, name) VALUES(361, 87, 'mimosifolia');
INSERT INTO Plants(ID, familyID, name) VALUES(362, 87, 'puberula');
INSERT INTO Families(ID, typeID, name) VALUES(88, 1, 'Kigelia');
INSERT INTO Plants(ID, familyID, name) VALUES(363, 88, 'africana');
INSERT INTO Families(ID, typeID, name) VALUES(89, 1, 'Lundia');
INSERT INTO Plants(ID, familyID, name) VALUES(364, 89, 'cordata');
INSERT INTO Plants(ID, familyID, name) VALUES(365, 89, 'corymbifera');
INSERT INTO Plants(ID, familyID, name) VALUES(366, 89, 'densiflora');
INSERT INTO Plants(ID, familyID, name) VALUES(367, 89, 'spp.');
INSERT INTO Plants(ID, familyID, name) VALUES(368, 89, 'spruceana');
INSERT INTO Plants(ID, familyID, name) VALUES(369, 89, 'triphylla');
INSERT INTO Plants(ID, familyID, name) VALUES(370, 89, 'virginalis');
INSERT INTO Families(ID, typeID, name) VALUES(90, 1, 'Macfadyena');
INSERT INTO Plants(ID, familyID, name) VALUES(371, 90, 'spp.');
INSERT INTO Families(ID, typeID, name) VALUES(91, 1, 'Manaosella');
INSERT INTO Plants(ID, familyID, name) VALUES(372, 91, 'cordifolia');
INSERT INTO Families(ID, typeID, name) VALUES(92, 1, 'Mansoa');
INSERT INTO Plants(ID, familyID, name) VALUES(373, 92, 'all species have petiolar glands');
INSERT INTO Plants(ID, familyID, name) VALUES(374, 92, 'hirsuta');
INSERT INTO Plants(ID, familyID, name) VALUES(375, 92, 'hymenaea');
INSERT INTO Plants(ID, familyID, name) VALUES(376, 92, 'lanceolata');
INSERT INTO Plants(ID, familyID, name) VALUES(377, 92, 'macrocarpum');
INSERT INTO Plants(ID, familyID, name) VALUES(378, 92, 'standleyi');
INSERT INTO Plants(ID, familyID, name) VALUES(379, 92, 'verrucifera');
INSERT INTO Families(ID, typeID, name) VALUES(93, 4, 'Markhamia');
INSERT INTO Plants(ID, familyID, name) VALUES(380, 93, 'stipulata');
INSERT INTO Families(ID, typeID, name) VALUES(94, 6, 'Martinella');
INSERT INTO Plants(ID, familyID, name) VALUES(381, 94, 'obovata');
INSERT INTO Plants(ID, familyID, name) VALUES(382, 94, 'sp.');
INSERT INTO Families(ID, typeID, name) VALUES(95, 4, 'Mayodendron');
INSERT INTO Plants(ID, familyID, name) VALUES(383, 95, 'igneum');
INSERT INTO Families(ID, typeID, name) VALUES(96, 1, 'Memora');
INSERT INTO Plants(ID, familyID, name) VALUES(384, 96, 'spp.');
INSERT INTO Families(ID, typeID, name) VALUES(97, 1, 'Neojobertia');
INSERT INTO Plants(ID, familyID, name) VALUES(385, 97, 'candolleana');
INSERT INTO Plants(ID, familyID, name) VALUES(386, 97, 'species 2');
INSERT INTO Families(ID, typeID, name) VALUES(98, 1, 'Neomacfadya');
INSERT INTO Plants(ID, familyID, name) VALUES(387, 98, 'spp.');
INSERT INTO Families(ID, typeID, name) VALUES(99, 1, 'Newbouldia');
INSERT INTO Plants(ID, familyID, name) VALUES(388, 99, 'laevis');
INSERT INTO Families(ID, typeID, name) VALUES(100, 1, 'Nyctocalos');
INSERT INTO Plants(ID, familyID, name) VALUES(389, 100, 'cuspidatum');
INSERT INTO Plants(ID, familyID, name) VALUES(390, 100, 'macrosiphon');
INSERT INTO Families(ID, typeID, name) VALUES(101, 1, 'Pachyptera');
INSERT INTO Plants(ID, familyID, name) VALUES(391, 101, 'all species have petiolar glands');
INSERT INTO Plants(ID, familyID, name) VALUES(392, 101, 'kerere');
INSERT INTO Families(ID, typeID, name) VALUES(102, 6, 'Pandorea');
INSERT INTO Plants(ID, familyID, name) VALUES(393, 102, 'jasminoides');
INSERT INTO Plants(ID, familyID, name) VALUES(394, 102, 'pandorana');
INSERT INTO Families(ID, typeID, name) VALUES(103, 1, 'Parmentiera');
INSERT INTO Plants(ID, familyID, name) VALUES(395, 103, 'all species');
INSERT INTO Families(ID, typeID, name) VALUES(104, 6, 'Plenotoma');
INSERT INTO Plants(ID, familyID, name) VALUES(396, 104, 'variabilis');
INSERT INTO Families(ID, typeID, name) VALUES(105, 1, 'Pleonotoma');
INSERT INTO Plants(ID, familyID, name) VALUES(397, 105, 'spp.');
INSERT INTO Plants(ID, familyID, name) VALUES(398, 105, 'tetraquetra');
INSERT INTO Families(ID, typeID, name) VALUES(106, 6, 'Podranea');
INSERT INTO Plants(ID, familyID, name) VALUES(399, 106, 'ricasoliana');
INSERT INTO Families(ID, typeID, name) VALUES(107, 1, 'Potamoganos');
INSERT INTO Plants(ID, familyID, name) VALUES(400, 107, 'spp.');
INSERT INTO Families(ID, typeID, name) VALUES(108, 6, 'Pyrostegia');
INSERT INTO Plants(ID, familyID, name) VALUES(401, 108, 'venusta');
INSERT INTO Families(ID, typeID, name) VALUES(109, 1, 'Radermachera');
INSERT INTO Plants(ID, familyID, name) VALUES(402, 109, 'glandulosa');
INSERT INTO Plants(ID, familyID, name) VALUES(403, 109, 'pinnata');
INSERT INTO Plants(ID, familyID, name) VALUES(404, 109, 'sp.');
INSERT INTO Families(ID, typeID, name) VALUES(110, 1, 'Roentgenia');
INSERT INTO Plants(ID, familyID, name) VALUES(405, 110, 'spp.');
INSERT INTO Families(ID, typeID, name) VALUES(111, 1, 'Scobinaria');
INSERT INTO Plants(ID, familyID, name) VALUES(406, 111, 'spp.');
INSERT INTO Families(ID, typeID, name) VALUES(112, 1, 'Spathodea');
INSERT INTO Plants(ID, familyID, name) VALUES(407, 112, 'campanulata');
INSERT INTO Families(ID, typeID, name) VALUES(113, 1, 'Stenolobium');
INSERT INTO Plants(ID, familyID, name) VALUES(408, 113, 'stans');
INSERT INTO Families(ID, typeID, name) VALUES(114, 4, 'Tabebuia');
INSERT INTO Plants(ID, familyID, name) VALUES(409, 114, 'aurea');
INSERT INTO Plants(ID, familyID, name) VALUES(410, 114, 'heterophylla');
INSERT INTO Plants(ID, familyID, name) VALUES(411, 114, 'nodosa');
INSERT INTO Plants(ID, familyID, name) VALUES(412, 114, 'ochracea');
INSERT INTO Plants(ID, familyID, name) VALUES(413, 114, 'rosea');
INSERT INTO Plants(ID, familyID, name) VALUES(414, 114, 'roseoalba');
INSERT INTO Families(ID, typeID, name) VALUES(115, 1, 'Tanaecium');
INSERT INTO Plants(ID, familyID, name) VALUES(415, 115, 'affinis');
INSERT INTO Plants(ID, familyID, name) VALUES(416, 115, 'bilabiatum');
INSERT INTO Plants(ID, familyID, name) VALUES(417, 115, 'caudiculatum');
INSERT INTO Plants(ID, familyID, name) VALUES(418, 115, 'crucigerum');
INSERT INTO Plants(ID, familyID, name) VALUES(419, 115, 'pyramidatum');
INSERT INTO Plants(ID, familyID, name) VALUES(420, 115, 'revillae');
INSERT INTO Plants(ID, familyID, name) VALUES(421, 115, 'selloi');
INSERT INTO Plants(ID, familyID, name) VALUES(422, 115, 'spp.');
INSERT INTO Plants(ID, familyID, name) VALUES(423, 115, 'tetragonolobum');
INSERT INTO Plants(ID, familyID, name) VALUES(424, 115, 'truncata');
INSERT INTO Families(ID, typeID, name) VALUES(116, 4, 'Tecoma');
INSERT INTO Plants(ID, familyID, name) VALUES(425, 116, 'capensis');
INSERT INTO Plants(ID, familyID, name) VALUES(426, 116, 'fulva');
INSERT INTO Plants(ID, familyID, name) VALUES(427, 116, 'stans');
INSERT INTO Plants(ID, familyID, name) VALUES(428, 116, 'tenuiflora');
INSERT INTO Families(ID, typeID, name) VALUES(117, 1, 'Tweediana');
INSERT INTO Plants(ID, familyID, name) VALUES(429, 117, 'grandiflora');
INSERT INTO Plants(ID, familyID, name) VALUES(430, 117, 'kaempferi');
INSERT INTO Plants(ID, familyID, name) VALUES(431, 117, 'unguis');
INSERT INTO Families(ID, typeID, name) VALUES(118, 1, 'Tynanthus');
INSERT INTO Plants(ID, familyID, name) VALUES(432, 118, 'elegans');
INSERT INTO Plants(ID, familyID, name) VALUES(433, 118, 'guatemalensis');
INSERT INTO Plants(ID, familyID, name) VALUES(434, 118, 'micranthus');
INSERT INTO Plants(ID, familyID, name) VALUES(435, 118, 'panurensis');
INSERT INTO Plants(ID, familyID, name) VALUES(436, 118, 'polyanthus');
INSERT INTO Plants(ID, familyID, name) VALUES(437, 118, 'villosus');
INSERT INTO Families(ID, typeID, name) VALUES(119, 1, 'Xylophragma');
INSERT INTO Plants(ID, familyID, name) VALUES(438, 119, 'harleyi');
INSERT INTO Plants(ID, familyID, name) VALUES(439, 119, 'myrianthum');
INSERT INTO Families(ID, typeID, name) VALUES(120, 1, 'Zeyheria');
INSERT INTO Plants(ID, familyID, name) VALUES(440, 120, 'montana');
INSERT INTO Plants(ID, familyID, name) VALUES(441, 120, 'tuberculosa');
INSERT INTO Families(ID, typeID, name) VALUES(121, 3, 'Bixa');
INSERT INTO Plants(ID, familyID, name) VALUES(442, 121, 'orellana');
INSERT INTO Families(ID, typeID, name) VALUES(122, 4, 'Cochlospermum');
INSERT INTO Plants(ID, familyID, name) VALUES(443, 122, 'vitifolium');
INSERT INTO Families(ID, typeID, name) VALUES(123, 4, 'Cordia');
INSERT INTO Plants(ID, familyID, name) VALUES(444, 123, 'dentata');
INSERT INTO Plants(ID, familyID, name) VALUES(445, 123, 'spinescens');
INSERT INTO Families(ID, typeID, name) VALUES(124, 2, 'Brassica');
INSERT INTO Plants(ID, familyID, name) VALUES(446, 124, 'juncea');
INSERT INTO Families(ID, typeID, name) VALUES(125, 1, 'Aechmea');
INSERT INTO Plants(ID, familyID, name) VALUES(447, 125, 'dichlamydea');
INSERT INTO Plants(ID, familyID, name) VALUES(448, 125, 'ramosa');
INSERT INTO Plants(ID, familyID, name) VALUES(449, 125, 'victoriana');
INSERT INTO Families(ID, typeID, name) VALUES(126, 1, 'Deuterocohnia');
INSERT INTO Plants(ID, familyID, name) VALUES(450, 126, 'longipetala');
INSERT INTO Families(ID, typeID, name) VALUES(127, 1, 'Dyckia');
INSERT INTO Plants(ID, familyID, name) VALUES(451, 127, 'ferox');
INSERT INTO Plants(ID, familyID, name) VALUES(452, 127, 'floribunda');
INSERT INTO Plants(ID, familyID, name) VALUES(453, 127, 'fosteriana');
INSERT INTO Plants(ID, familyID, name) VALUES(454, 127, 'gilliesii');
INSERT INTO Plants(ID, familyID, name) VALUES(455, 127, 'ragonesei');
INSERT INTO Plants(ID, familyID, name) VALUES(456, 127, 'velascana');
INSERT INTO Families(ID, typeID, name) VALUES(128, 1, 'Hohenbergia');
INSERT INTO Plants(ID, familyID, name) VALUES(457, 128, 'stellata');
INSERT INTO Families(ID, typeID, name) VALUES(129, 1, 'Tillandsia');
INSERT INTO Plants(ID, familyID, name) VALUES(458, 129, 'balbisiana');
INSERT INTO Plants(ID, familyID, name) VALUES(459, 129, 'recurvata');
INSERT INTO Plants(ID, familyID, name) VALUES(460, 129, 'sp.');
INSERT INTO Families(ID, typeID, name) VALUES(130, 4, 'Brunellia');
INSERT INTO Plants(ID, familyID, name) VALUES(461, 130, 'sp.');
INSERT INTO Plants(ID, name) VALUES(462, 'Roth 1984');
INSERT INTO Families(ID, typeID, name) VALUES(131, 4, 'Protium');
INSERT INTO Plants(ID, familyID, name) VALUES(463, 131, 'neglectum');
INSERT INTO Plants(ID, familyID, name) VALUES(464, 131, 'sp.');
INSERT INTO Families(ID, typeID, name) VALUES(132, 1, 'Ancistrocactus');
INSERT INTO Plants(ID, familyID, name) VALUES(465, 132, 'brevihamatus');
INSERT INTO Plants(ID, familyID, name) VALUES(466, 132, 'scheeri');
INSERT INTO Families(ID, typeID, name) VALUES(133, 1, 'Carnegia');
INSERT INTO Plants(ID, familyID, name) VALUES(467, 133, 'gigantea');
INSERT INTO Families(ID, typeID, name) VALUES(134, 1, 'Cereus');
INSERT INTO Plants(ID, familyID, name) VALUES(468, 134, 'pernambucensis');
INSERT INTO Families(ID, typeID, name) VALUES(135, 1, 'Coryphantha');
INSERT INTO Plants(ID, familyID, name) VALUES(469, 135, 'clava');
INSERT INTO Plants(ID, familyID, name) VALUES(470, 135, 'clavata');
INSERT INTO Plants(ID, familyID, name) VALUES(471, 135, 'echinoidea');
INSERT INTO Plants(ID, familyID, name) VALUES(472, 135, 'echinus');
INSERT INTO Plants(ID, familyID, name) VALUES(473, 135, 'erecta');
INSERT INTO Plants(ID, familyID, name) VALUES(474, 135, 'macromeris');
INSERT INTO Plants(ID, familyID, name) VALUES(475, 135, 'nickelsiae');
INSERT INTO Plants(ID, familyID, name) VALUES(476, 135, 'octacantha');
INSERT INTO Plants(ID, familyID, name) VALUES(477, 135, 'ottonis');
INSERT INTO Plants(ID, familyID, name) VALUES(478, 135, 'poselgeriana');
INSERT INTO Plants(ID, familyID, name) VALUES(479, 135, 'ramillosa');
INSERT INTO Plants(ID, familyID, name) VALUES(480, 135, 'recurvata');
INSERT INTO Plants(ID, familyID, name) VALUES(481, 135, 'robustispina');
INSERT INTO Plants(ID, familyID, name) VALUES(482, 135, 'sulcata');
INSERT INTO Families(ID, typeID, name) VALUES(136, 1, 'Echinocactus');
INSERT INTO Plants(ID, familyID, name) VALUES(483, 136, 'polycephalus');
INSERT INTO Families(ID, typeID, name) VALUES(137, 1, 'Echinomastus');
INSERT INTO Plants(ID, familyID, name) VALUES(484, 137, 'erectocentrus');
INSERT INTO Plants(ID, familyID, name) VALUES(485, 137, 'johnsonii');
INSERT INTO Families(ID, typeID, name) VALUES(138, 1, 'Epiphyllum');
INSERT INTO Plants(ID, familyID, name) VALUES(486, 138, 'sp.');
INSERT INTO Families(ID, typeID, name) VALUES(139, 1, 'Ferocactus');
INSERT INTO Plants(ID, familyID, name) VALUES(487, 139, 'acanthodes');
INSERT INTO Plants(ID, familyID, name) VALUES(488, 139, 'acanthodes');
INSERT INTO Plants(ID, familyID, name) VALUES(489, 139, 'alamosanus');
INSERT INTO Plants(ID, familyID, name) VALUES(490, 139, 'alamosus');
INSERT INTO Plants(ID, familyID, name) VALUES(491, 139, 'cylindraceus');
INSERT INTO Plants(ID, familyID, name) VALUES(492, 139, 'emoryi');
INSERT INTO Plants(ID, familyID, name) VALUES(493, 139, 'gracilis');
INSERT INTO Plants(ID, familyID, name) VALUES(494, 139, 'hamatacanthus');
INSERT INTO Plants(ID, familyID, name) VALUES(495, 139, 'herrerae');
INSERT INTO Plants(ID, familyID, name) VALUES(496, 139, 'peninsulae');
INSERT INTO Plants(ID, familyID, name) VALUES(497, 139, 'pilosus');
INSERT INTO Plants(ID, familyID, name) VALUES(498, 139, 'pottsii');
INSERT INTO Plants(ID, familyID, name) VALUES(499, 139, 'recurvus');
INSERT INTO Plants(ID, familyID, name) VALUES(500, 139, 'viridescens');
INSERT INTO Plants(ID, familyID, name) VALUES(501, 139, 'wislizeni');
INSERT INTO Families(ID, typeID, name) VALUES(140, 1, 'Glandulicactus');
INSERT INTO Plants(ID, familyID, name) VALUES(502, 140, 'uncinatus');
INSERT INTO Plants(ID, familyID, name) VALUES(503, 140, 'wrightii');
INSERT INTO Families(ID, typeID, name) VALUES(141, 1, 'Hamatocactus');
INSERT INTO Plants(ID, familyID, name) VALUES(504, 141, 'bicolor');
INSERT INTO Plants(ID, familyID, name) VALUES(505, 141, 'hamatocanthusvar. davisii');
INSERT INTO Plants(ID, familyID, name) VALUES(506, 141, 'spp.');
INSERT INTO Families(ID, typeID, name) VALUES(142, 1, 'Hylocereus');
INSERT INTO Plants(ID, familyID, name) VALUES(507, 142, 'trigonis');
INSERT INTO Plants(ID, familyID, name) VALUES(508, 142, 'venezuelensis');
INSERT INTO Families(ID, typeID, name) VALUES(143, 1, 'Mammillaria');
INSERT INTO Plants(ID, familyID, name) VALUES(509, 143, 'sp.');
INSERT INTO Families(ID, typeID, name) VALUES(144, 1, 'Neobuxbaumia');
INSERT INTO Plants(ID, familyID, name) VALUES(510, 144, 'euphorbioides');
INSERT INTO Plants(ID, familyID, name) VALUES(511, 144, 'sp.');
INSERT INTO Families(ID, typeID, name) VALUES(145, 1, 'Neolloydia');
INSERT INTO Plants(ID, familyID, name) VALUES(512, 145, 'sp.');
INSERT INTO Families(ID, typeID, name) VALUES(146, 1, 'Neomammillaria');
INSERT INTO Plants(ID, familyID, name) VALUES(513, 146, 'sp.');
INSERT INTO Families(ID, typeID, name) VALUES(147, 1, 'Neoraimondia');
INSERT INTO Plants(ID, familyID, name) VALUES(514, 147, 'arequipensisvar. gigantea');
INSERT INTO Families(ID, typeID, name) VALUES(148, 1, 'Opuntia');
INSERT INTO Plants(ID, familyID, name) VALUES(515, 148, 'acanthocarpa');
INSERT INTO Plants(ID, familyID, name) VALUES(516, 148, 'amyclea');
INSERT INTO Plants(ID, familyID, name) VALUES(517, 148, 'arborescens');
INSERT INTO Plants(ID, familyID, name) VALUES(518, 148, 'arbuscula');
INSERT INTO Plants(ID, familyID, name) VALUES(519, 148, 'aurantiaca');
INSERT INTO Plants(ID, familyID, name) VALUES(520, 148, 'basilaris');
INSERT INTO Plants(ID, familyID, name) VALUES(521, 148, 'bigelovii');
INSERT INTO Plants(ID, familyID, name) VALUES(522, 148, 'californica');
INSERT INTO Plants(ID, familyID, name) VALUES(523, 148, 'caracasana');
INSERT INTO Plants(ID, familyID, name) VALUES(524, 148, 'coccinellifera');
INSERT INTO Plants(ID, familyID, name) VALUES(525, 148, 'compressa');
INSERT INTO Plants(ID, familyID, name) VALUES(526, 148, 'decumana');
INSERT INTO Plants(ID, familyID, name) VALUES(527, 148, 'echinocarpa');
INSERT INTO Plants(ID, familyID, name) VALUES(528, 148, 'eliator');
INSERT INTO Plants(ID, familyID, name) VALUES(529, 148, 'englemannii');
INSERT INTO Plants(ID, familyID, name) VALUES(530, 148, 'fulgida');
INSERT INTO Plants(ID, familyID, name) VALUES(531, 148, 'glaucophylala');
INSERT INTO Plants(ID, familyID, name) VALUES(532, 148, 'humifusa');
INSERT INTO Plants(ID, familyID, name) VALUES(533, 148, 'imbricata');
INSERT INTO Plants(ID, familyID, name) VALUES(534, 148, 'kleinizc');
INSERT INTO Plants(ID, familyID, name) VALUES(535, 148, 'leptocaulis');
INSERT INTO Plants(ID, familyID, name) VALUES(536, 148, 'monocanthaha');
INSERT INTO Plants(ID, familyID, name) VALUES(537, 148, 'phaeacanthaha');
INSERT INTO Plants(ID, familyID, name) VALUES(538, 148, 'prolifera');
INSERT INTO Plants(ID, familyID, name) VALUES(539, 148, 'pseudotuna');
INSERT INTO Plants(ID, familyID, name) VALUES(540, 148, 'pseudoundonis');
INSERT INTO Plants(ID, familyID, name) VALUES(541, 148, 'robusta');
INSERT INTO Plants(ID, familyID, name) VALUES(542, 148, 'scheerii');
INSERT INTO Plants(ID, familyID, name) VALUES(543, 148, 'spinosior');
INSERT INTO Plants(ID, familyID, name) VALUES(544, 148, 'stricta var.dillenii');
INSERT INTO Plants(ID, familyID, name) VALUES(545, 148, 'triacantha');
INSERT INTO Plants(ID, familyID, name) VALUES(546, 148, 'versicolor');
INSERT INTO Plants(ID, familyID, name) VALUES(547, 148, 'violaceae');
INSERT INTO Families(ID, typeID, name) VALUES(149, 1, 'Pachycereus');
INSERT INTO Plants(ID, familyID, name) VALUES(548, 149, 'schottii');
INSERT INTO Families(ID, typeID, name) VALUES(150, 1, 'Phyllocactus');
INSERT INTO Plants(ID, familyID, name) VALUES(549, 150, 'sp.');
INSERT INTO Families(ID, typeID, name) VALUES(151, 1, 'Rhipsalis');
INSERT INTO Plants(ID, familyID, name) VALUES(550, 151, 'cassytha');
INSERT INTO Plants(ID, familyID, name) VALUES(551, 151, 'teres');
INSERT INTO Families(ID, typeID, name) VALUES(152, 1, 'Thelocactus');
INSERT INTO Plants(ID, familyID, name) VALUES(552, 152, 'bicolor');
INSERT INTO Families(ID, typeID, name) VALUES(153, 1, 'Centropogon');
INSERT INTO Plants(ID, familyID, name) VALUES(553, 153, 'granulosus');
INSERT INTO Plants(ID, familyID, name) VALUES(554, 153, 'hirtus');
INSERT INTO Plants(ID, familyID, name) VALUES(555, 153, 'sp.');
INSERT INTO Families(ID, typeID, name) VALUES(154, 1, 'Lobelia');
INSERT INTO Plants(ID, familyID, name) VALUES(556, 154, 'laxiflora');
INSERT INTO Families(ID, typeID, name) VALUES(155, 1, 'Siphocampylus');
INSERT INTO Plants(ID, familyID, name) VALUES(557, 155, 'smilax');
INSERT INTO Families(ID, typeID, name) VALUES(156, 2, 'Capparis');
INSERT INTO Plants(ID, familyID, name) VALUES(558, 156, 'baducca');
INSERT INTO Plants(ID, familyID, name) VALUES(559, 156, 'cynophallophora');
INSERT INTO Plants(ID, familyID, name) VALUES(560, 156, 'hastata');
INSERT INTO Plants(ID, familyID, name) VALUES(561, 156, 'retusa');
INSERT INTO Plants(ID, familyID, name) VALUES(562, 156, 'sp.');
INSERT INTO Families(ID, typeID, name) VALUES(157, 4, 'Crataeva');
INSERT INTO Plants(ID, familyID, name) VALUES(563, 157, 'tapia');
INSERT INTO Families(ID, typeID, name) VALUES(158, 3, 'Caryocar');
INSERT INTO Plants(ID, familyID, name) VALUES(564, 158, 'brasiliense');
INSERT INTO Plants(ID, familyID, name) VALUES(565, 158, 'sp.');
INSERT INTO Families(ID, typeID, name) VALUES(159, 1, 'Drynaria');
INSERT INTO Plants(ID, familyID, name) VALUES(566, 159, 'spp.');
INSERT INTO Families(ID, typeID, name) VALUES(160, 1, 'Silene');
INSERT INTO Plants(ID, familyID, name) VALUES(567, 160, 'spp.');
INSERT INTO Families(ID, typeID, name) VALUES(161, 2, 'Cephalotus');
INSERT INTO Plants(ID, familyID, name) VALUES(568, 161, 'follicularis');
INSERT INTO Families(ID, typeID, name) VALUES(162, 1, 'Cecropia');
INSERT INTO Plants(ID, familyID, name) VALUES(569, 162, 'concolor');
INSERT INTO Plants(ID, familyID, name) VALUES(570, 162, 'pachystachya');
INSERT INTO Families(ID, typeID, name) VALUES(163, 1, 'Acioa');
INSERT INTO Plants(ID, familyID, name) VALUES(571, 163, 'bellayana');
INSERT INTO Plants(ID, familyID, name) VALUES(572, 163, 'berterii');
INSERT INTO Families(ID, typeID, name) VALUES(164, 1, 'Chrysobalanus');
INSERT INTO Plants(ID, familyID, name) VALUES(573, 164, 'ellipticus');
INSERT INTO Plants(ID, familyID, name) VALUES(574, 164, 'icaco');
INSERT INTO Families(ID, typeID, name) VALUES(165, 1, 'Couepia');
INSERT INTO Plants(ID, familyID, name) VALUES(575, 165, 'chrysocalyx');
INSERT INTO Plants(ID, familyID, name) VALUES(576, 165, 'coarctata');
INSERT INTO Plants(ID, familyID, name) VALUES(577, 165, 'guianensis');
INSERT INTO Plants(ID, familyID, name) VALUES(578, 165, 'marleneae');
INSERT INTO Plants(ID, familyID, name) VALUES(579, 165, 'montclarensis');
INSERT INTO Plants(ID, familyID, name) VALUES(580, 165, 'nutans');
INSERT INTO Plants(ID, familyID, name) VALUES(581, 165, 'platycalyx');
INSERT INTO Families(ID, typeID, name) VALUES(166, 4, 'Hirtella');
INSERT INTO Plants(ID, familyID, name) VALUES(582, 166, 'americana');
INSERT INTO Plants(ID, familyID, name) VALUES(583, 166, 'bullata');
INSERT INTO Plants(ID, familyID, name) VALUES(584, 166, 'glandulosa');
INSERT INTO Plants(ID, familyID, name) VALUES(585, 166, 'gracilipes');
INSERT INTO Plants(ID, familyID, name) VALUES(586, 166, 'guianiae');
INSERT INTO Plants(ID, familyID, name) VALUES(587, 166, 'hoehney');
INSERT INTO Plants(ID, familyID, name) VALUES(588, 166, 'macrophylla');
INSERT INTO Plants(ID, familyID, name) VALUES(589, 166, 'magnifolia');
INSERT INTO Plants(ID, familyID, name) VALUES(590, 166, 'myrecophila');
INSERT INTO Plants(ID, familyID, name) VALUES(591, 166, 'paniculata');
INSERT INTO Plants(ID, familyID, name) VALUES(592, 166, 'physophora');
INSERT INTO Plants(ID, familyID, name) VALUES(593, 166, 'racemosa');
INSERT INTO Plants(ID, familyID, name) VALUES(594, 166, 'radamii');
INSERT INTO Plants(ID, familyID, name) VALUES(595, 166, 'sprucei');
INSERT INTO Plants(ID, familyID, name) VALUES(596, 166, 'triandra');
INSERT INTO Families(ID, typeID, name) VALUES(167, 1, 'Licania');
INSERT INTO Plants(ID, familyID, name) VALUES(597, 167, 'affinis');
INSERT INTO Plants(ID, familyID, name) VALUES(598, 167, 'arborea');
INSERT INTO Plants(ID, familyID, name) VALUES(599, 167, 'belloi');
INSERT INTO Plants(ID, familyID, name) VALUES(600, 167, 'corniculata');
INSERT INTO Plants(ID, familyID, name) VALUES(601, 167, 'heteromorpha');
INSERT INTO Plants(ID, familyID, name) VALUES(602, 167, 'humilis');
INSERT INTO Plants(ID, familyID, name) VALUES(603, 167, 'jimenezii');
INSERT INTO Plants(ID, familyID, name) VALUES(604, 167, 'joseramosii');
INSERT INTO Plants(ID, familyID, name) VALUES(605, 167, 'kallunkii');
INSERT INTO Plants(ID, familyID, name) VALUES(606, 167, 'micrantha');
INSERT INTO Plants(ID, familyID, name) VALUES(607, 167, 'morii');
INSERT INTO Plants(ID, familyID, name) VALUES(608, 167, 'octandra');
INSERT INTO Plants(ID, familyID, name) VALUES(609, 167, 'operculipetala');
INSERT INTO Plants(ID, familyID, name) VALUES(610, 167, 'pittieri');
INSERT INTO Plants(ID, familyID, name) VALUES(611, 167, 'platypus');
INSERT INTO Plants(ID, familyID, name) VALUES(612, 167, 'riverae');
INSERT INTO Plants(ID, familyID, name) VALUES(613, 167, 'sparsipilis');
INSERT INTO Plants(ID, familyID, name) VALUES(614, 167, 'splendens');
INSERT INTO Plants(ID, familyID, name) VALUES(615, 167, 'spp.');
INSERT INTO Plants(ID, familyID, name) VALUES(616, 167, 'stevensii');
INSERT INTO Plants(ID, familyID, name) VALUES(617, 167, 'tocantina');
INSERT INTO Families(ID, typeID, name) VALUES(168, 4, 'Maranthes');
INSERT INTO Plants(ID, familyID, name) VALUES(618, 168, 'corymbosa');
INSERT INTO Plants(ID, familyID, name) VALUES(619, 168, 'excelsa');
INSERT INTO Plants(ID, familyID, name) VALUES(620, 168, 'panamensis');
INSERT INTO Plants(ID, familyID, name) VALUES(621, 168, 'parvifolia');
INSERT INTO Families(ID, typeID, name) VALUES(169, 4, 'Parastemon');
INSERT INTO Plants(ID, familyID, name) VALUES(622, 169, 'urophyllus');
INSERT INTO Families(ID, typeID, name) VALUES(170, 4, 'Parinari');
INSERT INTO Plants(ID, familyID, name) VALUES(623, 170, 'alvirnii');
INSERT INTO Plants(ID, familyID, name) VALUES(624, 170, 'anammensis');
INSERT INTO Plants(ID, familyID, name) VALUES(625, 170, 'aurbrevilliae');
INSERT INTO Plants(ID, familyID, name) VALUES(626, 170, 'brachystachyum');
INSERT INTO Plants(ID, familyID, name) VALUES(627, 170, 'chrysophylla');
INSERT INTO Plants(ID, familyID, name) VALUES(628, 170, 'congensis');
INSERT INTO Plants(ID, familyID, name) VALUES(629, 170, 'corymbosum');
INSERT INTO Plants(ID, familyID, name) VALUES(630, 170, 'costata');
INSERT INTO Plants(ID, familyID, name) VALUES(631, 170, 'elmeri');
INSERT INTO Plants(ID, familyID, name) VALUES(632, 170, 'excelsa');
INSERT INTO Plants(ID, familyID, name) VALUES(633, 170, 'gabunense');
INSERT INTO Plants(ID, familyID, name) VALUES(634, 170, 'glabra');
INSERT INTO Plants(ID, familyID, name) VALUES(635, 170, 'holstii');
INSERT INTO Plants(ID, familyID, name) VALUES(636, 170, 'montana');
INSERT INTO Plants(ID, familyID, name) VALUES(637, 170, 'oblongifolia');
INSERT INTO Plants(ID, familyID, name) VALUES(638, 170, 'robusta');
INSERT INTO Plants(ID, familyID, name) VALUES(639, 170, 'sumatrana');
INSERT INTO Families(ID, typeID, name) VALUES(171, 1, 'Cleome');
INSERT INTO Plants(ID, familyID, name) VALUES(640, 171, 'sp.');
INSERT INTO Families(ID, typeID, name) VALUES(172, 1, 'Clusia');
INSERT INTO Plants(ID, familyID, name) VALUES(641, 172, 'ellipticus');
INSERT INTO Families(ID, typeID, name) VALUES(173, 4, 'Buchenavia');
INSERT INTO Plants(ID, familyID, name) VALUES(642, 173, 'grandis');
INSERT INTO Families(ID, typeID, name) VALUES(174, 7, 'Combretum');
INSERT INTO Plants(ID, familyID, name) VALUES(643, 174, 'argeneum');
INSERT INTO Families(ID, typeID, name) VALUES(175, 4, 'Conocarpus');
INSERT INTO Plants(ID, familyID, name) VALUES(644, 175, 'erectus');
INSERT INTO Plants(ID, familyID, name) VALUES(645, 175, 'procumbens');
INSERT INTO Families(ID, typeID, name) VALUES(176, 7, 'Laguncularia');
INSERT INTO Plants(ID, familyID, name) VALUES(646, 176, 'racemosa');
INSERT INTO Families(ID, typeID, name) VALUES(177, 4, 'Lumnitzera');
INSERT INTO Plants(ID, familyID, name) VALUES(647, 177, 'littorea');
INSERT INTO Families(ID, typeID, name) VALUES(178, 1, 'Meiostemon');
INSERT INTO Plants(ID, familyID, name) VALUES(648, 178, 'tetrandrum');
INSERT INTO Families(ID, typeID, name) VALUES(179, 1, 'Pteleopsis');
INSERT INTO Plants(ID, familyID, name) VALUES(649, 179, 'anisoptera');
INSERT INTO Plants(ID, familyID, name) VALUES(650, 179, 'myrtifolia');
INSERT INTO Families(ID, typeID, name) VALUES(180, 1, 'Quisqualis');
INSERT INTO Plants(ID, familyID, name) VALUES(651, 180, 'indica');
INSERT INTO Plants(ID, familyID, name) VALUES(652, 180, 'littorea');
INSERT INTO Plants(ID, familyID, name) VALUES(653, 180, 'parviflora');
INSERT INTO Families(ID, typeID, name) VALUES(181, 4, 'Terminalia');
INSERT INTO Plants(ID, familyID, name) VALUES(654, 181, 'adenopoda');
INSERT INTO Plants(ID, familyID, name) VALUES(655, 181, 'amazonica');
INSERT INTO Plants(ID, familyID, name) VALUES(656, 181, 'archiboldiana');
INSERT INTO Plants(ID, familyID, name) VALUES(657, 181, 'argentea');
INSERT INTO Plants(ID, familyID, name) VALUES(658, 181, 'arjuna');
INSERT INTO Plants(ID, familyID, name) VALUES(659, 181, 'beccarii');
INSERT INTO Plants(ID, familyID, name) VALUES(660, 181, 'brachystemma');
INSERT INTO Plants(ID, familyID, name) VALUES(661, 181, 'brasiliensis');
INSERT INTO Plants(ID, familyID, name) VALUES(662, 181, 'brassii');
INSERT INTO Plants(ID, familyID, name) VALUES(663, 181, 'bucidoides');
INSERT INTO Plants(ID, familyID, name) VALUES(664, 181, 'calamansanai');
INSERT INTO Plants(ID, familyID, name) VALUES(665, 181, 'catappa');
INSERT INTO Plants(ID, familyID, name) VALUES(666, 181, 'chebula');
INSERT INTO Plants(ID, familyID, name) VALUES(667, 181, 'citrina');
INSERT INTO Plants(ID, familyID, name) VALUES(668, 181, 'complanata');
INSERT INTO Plants(ID, familyID, name) VALUES(669, 181, 'crassifolia');
INSERT INTO Plants(ID, familyID, name) VALUES(670, 181, 'fagifolia');
INSERT INTO Plants(ID, familyID, name) VALUES(671, 181, 'foetidissima');
INSERT INTO Plants(ID, familyID, name) VALUES(672, 181, 'gazensis');
INSERT INTO Plants(ID, familyID, name) VALUES(673, 181, 'kaernbachii');
INSERT INTO Plants(ID, familyID, name) VALUES(674, 181, 'longispicata');
INSERT INTO Plants(ID, familyID, name) VALUES(675, 181, 'microcarpa');
INSERT INTO Plants(ID, familyID, name) VALUES(676, 181, 'molii');
INSERT INTO Plants(ID, familyID, name) VALUES(677, 181, 'mollis');
INSERT INTO Plants(ID, familyID, name) VALUES(678, 181, 'myriocarpa');
INSERT INTO Plants(ID, familyID, name) VALUES(679, 181, 'nitens');
INSERT INTO Plants(ID, familyID, name) VALUES(680, 181, 'paniculata');
INSERT INTO Plants(ID, familyID, name) VALUES(681, 181, 'pellucida');
INSERT INTO Plants(ID, familyID, name) VALUES(682, 181, 'phanerophlebia');
INSERT INTO Plants(ID, familyID, name) VALUES(683, 181, 'phellocarpa');
INSERT INTO Plants(ID, familyID, name) VALUES(684, 181, 'prunioides');
INSERT INTO Plants(ID, familyID, name) VALUES(685, 181, 'randii');
INSERT INTO Plants(ID, familyID, name) VALUES(686, 181, 'sericea');
INSERT INTO Plants(ID, familyID, name) VALUES(687, 181, 'slooteniana');
INSERT INTO Plants(ID, familyID, name) VALUES(688, 181, 'soembawana');
INSERT INTO Plants(ID, familyID, name) VALUES(689, 181, 'sogerensis');
INSERT INTO Plants(ID, familyID, name) VALUES(690, 181, 'solomonensis');
INSERT INTO Plants(ID, familyID, name) VALUES(691, 181, 'stenostachya');
INSERT INTO Plants(ID, familyID, name) VALUES(692, 181, 'stuhlmannii');
INSERT INTO Plants(ID, familyID, name) VALUES(693, 181, 'subserocea');
INSERT INTO Plants(ID, familyID, name) VALUES(694, 181, 'supitiana');
INSERT INTO Plants(ID, familyID, name) VALUES(695, 181, 'surigaensis');
INSERT INTO Plants(ID, familyID, name) VALUES(696, 181, 'trichopoda');
INSERT INTO Families(ID, typeID, name) VALUES(182, 7, 'Argyreia');
INSERT INTO Plants(ID, familyID, name) VALUES(697, 182, 'mollis');
INSERT INTO Plants(ID, familyID, name) VALUES(698, 182, 'nervosa');
INSERT INTO Plants(ID, familyID, name) VALUES(699, 182, 'obtusifolia');
INSERT INTO Plants(ID, familyID, name) VALUES(700, 182, 'ridleyi');
INSERT INTO Families(ID, typeID, name) VALUES(183, 7, 'Cuscuta');
INSERT INTO Plants(ID, familyID, name) VALUES(701, 183, 'applanata');
INSERT INTO Plants(ID, familyID, name) VALUES(702, 183, 'boldinghii');
INSERT INTO Plants(ID, familyID, name) VALUES(703, 183, 'japonica');
INSERT INTO Plants(ID, familyID, name) VALUES(704, 183, 'reflexa');
INSERT INTO Families(ID, typeID, name) VALUES(184, 7, 'Ipomoea');
INSERT INTO Plants(ID, familyID, name) VALUES(705, 184, 'aculeatum');
INSERT INTO Plants(ID, familyID, name) VALUES(706, 184, 'alba');
INSERT INTO Plants(ID, familyID, name) VALUES(707, 184, 'amnicola');
INSERT INTO Plants(ID, familyID, name) VALUES(708, 184, 'anisomeres');
INSERT INTO Plants(ID, familyID, name) VALUES(709, 184, 'aquatica');
INSERT INTO Plants(ID, familyID, name) VALUES(710, 184, 'arborescens');
INSERT INTO Plants(ID, familyID, name) VALUES(711, 184, 'asarifolia');
INSERT INTO Plants(ID, familyID, name) VALUES(712, 184, 'batatas');
INSERT INTO Plants(ID, familyID, name) VALUES(713, 184, 'batatoides');
INSERT INTO Plants(ID, familyID, name) VALUES(714, 184, 'biloba');
INSERT INTO Plants(ID, familyID, name) VALUES(715, 184, 'bonariensis');
INSERT INTO Plants(ID, familyID, name) VALUES(716, 184, 'cairica');
INSERT INTO Plants(ID, familyID, name) VALUES(717, 184, 'carnea');
INSERT INTO Plants(ID, familyID, name) VALUES(718, 184, 'chiliantha');
INSERT INTO Plants(ID, familyID, name) VALUES(719, 184, 'chilopsidis');
INSERT INTO Plants(ID, familyID, name) VALUES(720, 184, 'cicatricosa');
INSERT INTO Plants(ID, familyID, name) VALUES(721, 184, 'coccinea');
INSERT INTO Plants(ID, familyID, name) VALUES(722, 184, 'descolei');
INSERT INTO Plants(ID, familyID, name) VALUES(723, 184, 'digitata');
INSERT INTO Plants(ID, familyID, name) VALUES(724, 184, 'fistulosa');
INSERT INTO Plants(ID, familyID, name) VALUES(725, 184, 'gracilis');
INSERT INTO Plants(ID, familyID, name) VALUES(726, 184, 'grandiflora');
INSERT INTO Plants(ID, familyID, name) VALUES(727, 184, 'hederifolia');
INSERT INTO Plants(ID, familyID, name) VALUES(728, 184, 'hieronymi subspp. kurtziana');
INSERT INTO Plants(ID, familyID, name) VALUES(729, 184, 'horsfalliae');
INSERT INTO Plants(ID, familyID, name) VALUES(730, 184, 'indica');
INSERT INTO Plants(ID, familyID, name) VALUES(731, 184, 'intrapilosa');
INSERT INTO Plants(ID, familyID, name) VALUES(732, 184, 'learii');
INSERT INTO Plants(ID, familyID, name) VALUES(733, 184, 'leptophylla');
INSERT INTO Plants(ID, familyID, name) VALUES(734, 184, 'lilloana');
INSERT INTO Plants(ID, familyID, name) VALUES(735, 184, 'longifolia');
INSERT INTO Plants(ID, familyID, name) VALUES(736, 184, 'macrantha');
INSERT INTO Plants(ID, familyID, name) VALUES(737, 184, 'macrorhiza');
INSERT INTO Plants(ID, familyID, name) VALUES(738, 184, 'malpighipila');
INSERT INTO Plants(ID, familyID, name) VALUES(739, 184, 'malvaeoidesvar. lineariloba');
INSERT INTO Plants(ID, familyID, name) VALUES(740, 184, 'mauritiana');
INSERT INTO Plants(ID, familyID, name) VALUES(741, 184, 'meyeri');
INSERT INTO Plants(ID, familyID, name) VALUES(742, 184, 'muricata');
INSERT INTO Plants(ID, familyID, name) VALUES(743, 184, 'murucoides');
INSERT INTO Plants(ID, familyID, name) VALUES(744, 184, 'nil');
INSERT INTO Plants(ID, familyID, name) VALUES(745, 184, 'nitida');
INSERT INTO Plants(ID, familyID, name) VALUES(746, 184, 'obscura');
INSERT INTO Plants(ID, familyID, name) VALUES(747, 184, 'padillae');
INSERT INTO Plants(ID, familyID, name) VALUES(748, 184, 'paludosa');
INSERT INTO Plants(ID, familyID, name) VALUES(749, 184, 'pandurata');
INSERT INTO Plants(ID, familyID, name) VALUES(750, 184, 'paniculata');
INSERT INTO Plants(ID, familyID, name) VALUES(751, 184, 'pauciflora');
INSERT INTO Plants(ID, familyID, name) VALUES(752, 184, 'pes-caprae');
INSERT INTO Plants(ID, familyID, name) VALUES(753, 184, 'populinae');
INSERT INTO Plants(ID, familyID, name) VALUES(754, 184, 'praecana');
INSERT INTO Plants(ID, familyID, name) VALUES(755, 184, 'purpurea');
INSERT INTO Plants(ID, familyID, name) VALUES(756, 184, 'quamoclit');
INSERT INTO Plants(ID, familyID, name) VALUES(757, 184, 'riparia');
INSERT INTO Plants(ID, familyID, name) VALUES(758, 184, 'rubens');
INSERT INTO Plants(ID, familyID, name) VALUES(759, 184, 'sagitatta');
INSERT INTO Plants(ID, familyID, name) VALUES(760, 184, 'schulziana');
INSERT INTO Plants(ID, familyID, name) VALUES(761, 184, 'stolonifera');
INSERT INTO Plants(ID, familyID, name) VALUES(762, 184, 'tastensis');
INSERT INTO Plants(ID, familyID, name) VALUES(763, 184, 'tribola');
INSERT INTO Plants(ID, familyID, name) VALUES(764, 184, 'trichocarpa');
INSERT INTO Plants(ID, familyID, name) VALUES(765, 184, 'tricolor');
INSERT INTO Plants(ID, familyID, name) VALUES(766, 184, 'trifida');
INSERT INTO Plants(ID, familyID, name) VALUES(767, 184, 'triloba');
INSERT INTO Plants(ID, familyID, name) VALUES(768, 184, 'tuberosa');
INSERT INTO Plants(ID, familyID, name) VALUES(769, 184, 'tuboides');
INSERT INTO Plants(ID, familyID, name) VALUES(770, 184, 'turbinata');
INSERT INTO Plants(ID, familyID, name) VALUES(771, 184, 'violacea');
INSERT INTO Plants(ID, familyID, name) VALUES(772, 184, 'volcanensis');
INSERT INTO Plants(ID, familyID, name) VALUES(773, 184, 'wolcottiana');
INSERT INTO Plants(ID, familyID, name) VALUES(774, 184, 'wrightii');
INSERT INTO Families(ID, typeID, name) VALUES(185, 7, 'Lepistemon');
INSERT INTO Plants(ID, familyID, name) VALUES(775, 185, 'obscurum');
INSERT INTO Families(ID, typeID, name) VALUES(186, 6, 'Maripa');
INSERT INTO Plants(ID, familyID, name) VALUES(776, 186, 'panamensis');
INSERT INTO Plants(ID, familyID, name) VALUES(777, 186, 'scandens');
INSERT INTO Families(ID, typeID, name) VALUES(187, 7, 'Merremia');
INSERT INTO Plants(ID, familyID, name) VALUES(778, 187, 'aurea');
INSERT INTO Plants(ID, familyID, name) VALUES(779, 187, 'dissecta');
INSERT INTO Plants(ID, familyID, name) VALUES(780, 187, 'peltata');
INSERT INTO Plants(ID, familyID, name) VALUES(781, 187, 'quinata');
INSERT INTO Plants(ID, familyID, name) VALUES(782, 187, 'quinquinervis');
INSERT INTO Plants(ID, familyID, name) VALUES(783, 187, 'tuberosa');
INSERT INTO Plants(ID, familyID, name) VALUES(784, 187, 'umbellata');
INSERT INTO Families(ID, typeID, name) VALUES(188, 7, 'Operculina');
INSERT INTO Plants(ID, familyID, name) VALUES(785, 188, 'alata');
INSERT INTO Plants(ID, familyID, name) VALUES(786, 188, 'pinnatifida');
INSERT INTO Plants(ID, familyID, name) VALUES(787, 188, 'pteripes');
INSERT INTO Plants(ID, familyID, name) VALUES(788, 188, 'tuberosa');
INSERT INTO Plants(ID, familyID, name) VALUES(789, 188, 'turpenthum');
INSERT INTO Families(ID, typeID, name) VALUES(189, 3, 'Porana');
INSERT INTO Plants(ID, familyID, name) VALUES(790, 189, 'megalantha');
INSERT INTO Plants(ID, familyID, name) VALUES(791, 189, 'velutina');
INSERT INTO Families(ID, typeID, name) VALUES(190, 1, 'Prevostea');
INSERT INTO Plants(ID, familyID, name) VALUES(792, 190, 'mortehani');
INSERT INTO Plants(ID, familyID, name) VALUES(793, 190, 'umbellata');
INSERT INTO Families(ID, typeID, name) VALUES(191, 1, 'Rivea');
INSERT INTO Plants(ID, familyID, name) VALUES(794, 191, 'barnesii');
INSERT INTO Plants(ID, familyID, name) VALUES(795, 191, 'corymbosa');
INSERT INTO Plants(ID, familyID, name) VALUES(796, 191, 'hypocrteriformis');
INSERT INTO Plants(ID, familyID, name) VALUES(797, 191, 'luzonensis');
INSERT INTO Families(ID, typeID, name) VALUES(192, 7, 'Stictocardia');
INSERT INTO Plants(ID, familyID, name) VALUES(798, 192, 'campanulata');
INSERT INTO Plants(ID, familyID, name) VALUES(799, 192, 'tiliaefolia');
INSERT INTO Families(ID, typeID, name) VALUES(193, 7, 'Turbina');
INSERT INTO Plants(ID, familyID, name) VALUES(800, 193, 'abutiloides');
INSERT INTO Plants(ID, familyID, name) VALUES(801, 193, 'corymbosa');
INSERT INTO Families(ID, typeID, name) VALUES(194, 1, 'Costus');
INSERT INTO Plants(ID, familyID, name) VALUES(802, 194, 'allenii');
INSERT INTO Plants(ID, familyID, name) VALUES(803, 194, 'laevis');
INSERT INTO Plants(ID, familyID, name) VALUES(804, 194, 'pulverulentus');
INSERT INTO Plants(ID, familyID, name) VALUES(805, 194, 'scaberulus');
INSERT INTO Plants(ID, familyID, name) VALUES(806, 194, 'sp.');
INSERT INTO Plants(ID, familyID, name) VALUES(807, 194, 'speciosus');
INSERT INTO Plants(ID, familyID, name) VALUES(808, 194, 'spicatus');
INSERT INTO Plants(ID, familyID, name) VALUES(809, 194, 'woodsonii');
INSERT INTO Families(ID, typeID, name) VALUES(195, 2, 'Adromischus');
INSERT INTO Plants(ID, familyID, name) VALUES(810, 195, 'alstonii');
INSERT INTO Families(ID, typeID, name) VALUES(196, 1, 'Abobra');
INSERT INTO Plants(ID, familyID, name) VALUES(811, 196, 'viridiflora');
INSERT INTO Families(ID, typeID, name) VALUES(197, 1, 'Actinostemma');
INSERT INTO Plants(ID, familyID, name) VALUES(812, 197, 'paniculatum');
INSERT INTO Plants(ID, familyID, name) VALUES(813, 197, 'probably lobata');
INSERT INTO Families(ID, typeID, name) VALUES(198, 1, 'Adenopus');
INSERT INTO Plants(ID, familyID, name) VALUES(814, 198, '4 spp.');
INSERT INTO Plants(ID, familyID, name) VALUES(815, 198, 'breviflorus');
INSERT INTO Families(ID, typeID, name) VALUES(199, 1, 'Alsomitra');
INSERT INTO Plants(ID, familyID, name) VALUES(816, 199, 'sp.');
INSERT INTO Families(ID, typeID, name) VALUES(200, 1, 'Anisosperma');
INSERT INTO Plants(ID, familyID, name) VALUES(817, 200, 'sp.');
INSERT INTO Families(ID, typeID, name) VALUES(201, 1, 'Benincasa');
INSERT INTO Plants(ID, familyID, name) VALUES(818, 201, 'hispida');
INSERT INTO Families(ID, typeID, name) VALUES(202, 1, 'Blastania');
INSERT INTO Plants(ID, familyID, name) VALUES(819, 202, 'fimbristipula');
INSERT INTO Families(ID, typeID, name) VALUES(203, 1, 'Bryonia');
INSERT INTO Plants(ID, familyID, name) VALUES(820, 203, 'amplexicaulis');
INSERT INTO Plants(ID, familyID, name) VALUES(821, 203, 'cordifolia');
INSERT INTO Plants(ID, familyID, name) VALUES(822, 203, 'grandis');
INSERT INTO Families(ID, typeID, name) VALUES(204, 1, 'Bryonopsis');
INSERT INTO Plants(ID, familyID, name) VALUES(823, 204, 'erythrocarpa');
INSERT INTO Plants(ID, familyID, name) VALUES(824, 204, 'lacinosa');
INSERT INTO Families(ID, typeID, name) VALUES(205, 1, 'Cayaponia');
INSERT INTO Plants(ID, familyID, name) VALUES(825, 205, 'sp.');
INSERT INTO Families(ID, typeID, name) VALUES(206, 1, 'Cephalandra');
INSERT INTO Plants(ID, familyID, name) VALUES(826, 206, 'indica');
INSERT INTO Families(ID, typeID, name) VALUES(207, 1, 'Citrullus');
INSERT INTO Plants(ID, familyID, name) VALUES(827, 207, 'colcynthis');
INSERT INTO Families(ID, typeID, name) VALUES(208, 1, 'Coccinia');
INSERT INTO Plants(ID, familyID, name) VALUES(828, 208, 'barteri');
INSERT INTO Plants(ID, familyID, name) VALUES(829, 208, 'cordifolia');
INSERT INTO Plants(ID, familyID, name) VALUES(830, 208, 'indica');
INSERT INTO Plants(ID, familyID, name) VALUES(831, 208, 'palmata');
INSERT INTO Families(ID, typeID, name) VALUES(209, 1, 'Cucurbita');
INSERT INTO Plants(ID, familyID, name) VALUES(832, 209, 'ficifolia');
INSERT INTO Plants(ID, familyID, name) VALUES(833, 209, 'maxima');
INSERT INTO Plants(ID, familyID, name) VALUES(834, 209, 'moschata');
INSERT INTO Plants(ID, familyID, name) VALUES(835, 209, 'pepo');
INSERT INTO Families(ID, typeID, name) VALUES(210, 1, 'Eopepon');
INSERT INTO Plants(ID, familyID, name) VALUES(836, 210, 'vitifolius');
INSERT INTO Families(ID, typeID, name) VALUES(211, 1, 'Fevillea');
INSERT INTO Plants(ID, familyID, name) VALUES(837, 211, 'albiflora');
INSERT INTO Families(ID, typeID, name) VALUES(212, 6, 'Hodgsonia');
INSERT INTO Plants(ID, familyID, name) VALUES(838, 212, 'macrocarpa');
INSERT INTO Families(ID, typeID, name) VALUES(213, 1, 'Lagenaria');
INSERT INTO Plants(ID, familyID, name) VALUES(839, 213, 'breviflora');
INSERT INTO Plants(ID, familyID, name) VALUES(840, 213, 'guineensis');
INSERT INTO Plants(ID, familyID, name) VALUES(841, 213, 'leucanta');
INSERT INTO Plants(ID, familyID, name) VALUES(842, 213, 'siceraria');
INSERT INTO Plants(ID, familyID, name) VALUES(843, 213, 'vulgaris');
INSERT INTO Families(ID, typeID, name) VALUES(214, 1, 'Luffa');
INSERT INTO Plants(ID, familyID, name) VALUES(844, 214, 'acutangula');
INSERT INTO Plants(ID, familyID, name) VALUES(845, 214, 'aegyptica');
INSERT INTO Plants(ID, familyID, name) VALUES(846, 214, 'amara');
INSERT INTO Plants(ID, familyID, name) VALUES(847, 214, 'cordifolia');
INSERT INTO Plants(ID, familyID, name) VALUES(848, 214, 'cylindrica');
INSERT INTO Families(ID, typeID, name) VALUES(215, 1, 'Momordica');
INSERT INTO Plants(ID, familyID, name) VALUES(849, 215, 'cabraei');
INSERT INTO Plants(ID, familyID, name) VALUES(850, 215, 'charantia');
INSERT INTO Plants(ID, familyID, name) VALUES(851, 215, 'cochinchinensis');
INSERT INTO Families(ID, typeID, name) VALUES(216, 1, 'Physedra');
INSERT INTO Plants(ID, familyID, name) VALUES(852, 216, 'heterophylla');
INSERT INTO Families(ID, typeID, name) VALUES(217, 7, 'Sicydium');
INSERT INTO Plants(ID, familyID, name) VALUES(853, 217, 'tamnifolium');
INSERT INTO Families(ID, typeID, name) VALUES(218, 1, 'Siolmatra');
INSERT INTO Plants(ID, familyID, name) VALUES(854, 218, 'sp.');
INSERT INTO Families(ID, typeID, name) VALUES(219, 1, 'Sphaerosicyos');
INSERT INTO Plants(ID, familyID, name) VALUES(855, 219, 'sphaericus');
INSERT INTO Families(ID, typeID, name) VALUES(220, 1, 'Telfairia');
INSERT INTO Plants(ID, familyID, name) VALUES(856, 220, 'occidentalis');
INSERT INTO Plants(ID, familyID, name) VALUES(857, 220, 'pedata');
INSERT INTO Families(ID, typeID, name) VALUES(221, 1, 'Thladiantha');
INSERT INTO Plants(ID, familyID, name) VALUES(858, 221, 'cordifolia');
INSERT INTO Families(ID, typeID, name) VALUES(222, 1, 'Trianosperma');
INSERT INTO Plants(ID, familyID, name) VALUES(859, 222, 'sp.');
INSERT INTO Families(ID, typeID, name) VALUES(223, 1, 'Trichosanthes');
INSERT INTO Plants(ID, familyID, name) VALUES(860, 223, 'anguina');
INSERT INTO Plants(ID, familyID, name) VALUES(861, 223, 'kirilowii');
INSERT INTO Plants(ID, familyID, name) VALUES(862, 223, 'pentaphylla');
INSERT INTO Families(ID, typeID, name) VALUES(224, 1, 'Dichapetalum');
INSERT INTO Plants(ID, familyID, name) VALUES(863, 224, 'barterii');
INSERT INTO Plants(ID, familyID, name) VALUES(864, 224, 'borneense');
INSERT INTO Plants(ID, familyID, name) VALUES(865, 224, 'dichapetalum');
INSERT INTO Plants(ID, familyID, name) VALUES(866, 224, 'fallax');
INSERT INTO Plants(ID, familyID, name) VALUES(867, 224, 'ferrugineum');
INSERT INTO Plants(ID, familyID, name) VALUES(868, 224, 'gelonioides');
INSERT INTO Plants(ID, familyID, name) VALUES(869, 224, 'griffithii');
INSERT INTO Plants(ID, familyID, name) VALUES(870, 224, 'helferianum');
INSERT INTO Plants(ID, familyID, name) VALUES(871, 224, 'laurocerasus');
INSERT INTO Plants(ID, familyID, name) VALUES(872, 224, 'papuanum');
INSERT INTO Plants(ID, familyID, name) VALUES(873, 224, 'platyphyllum');
INSERT INTO Plants(ID, familyID, name) VALUES(874, 224, 'resista');
INSERT INTO Plants(ID, familyID, name) VALUES(875, 224, 'reticulum');
INSERT INTO Plants(ID, familyID, name) VALUES(876, 224, 'sessiliflorum');
INSERT INTO Plants(ID, familyID, name) VALUES(877, 224, 'steenisii');
INSERT INTO Plants(ID, familyID, name) VALUES(878, 224, 'tenerum');
INSERT INTO Plants(ID, familyID, name) VALUES(879, 224, 'tenuifolium');
INSERT INTO Plants(ID, familyID, name) VALUES(880, 224, 'timoriense');
INSERT INTO Plants(ID, familyID, name) VALUES(881, 224, 'tricapsulare');
INSERT INTO Families(ID, typeID, name) VALUES(225, 1, 'Triphyophyllum');
INSERT INTO Plants(ID, familyID, name) VALUES(882, 225, 'peltatum');
INSERT INTO Families(ID, typeID, name) VALUES(226, 1, 'Dioscorea');
INSERT INTO Plants(ID, familyID, name) VALUES(883, 226, 'adenocarpa');
INSERT INTO Plants(ID, familyID, name) VALUES(884, 226, 'alata');
INSERT INTO Plants(ID, familyID, name) VALUES(885, 226, 'amarantoides');
INSERT INTO Plants(ID, familyID, name) VALUES(886, 226, 'bancana');
INSERT INTO Plants(ID, familyID, name) VALUES(887, 226, 'blumei');
INSERT INTO Plants(ID, familyID, name) VALUES(888, 226, 'bulbifera');
INSERT INTO Plants(ID, familyID, name) VALUES(889, 226, 'calcicola');
INSERT INTO Plants(ID, familyID, name) VALUES(890, 226, 'campestris');
INSERT INTO Plants(ID, familyID, name) VALUES(891, 226, 'cayenensis');
INSERT INTO Plants(ID, familyID, name) VALUES(892, 226, 'communis');
INSERT INTO Plants(ID, familyID, name) VALUES(893, 226, 'convolvulacea');
INSERT INTO Plants(ID, familyID, name) VALUES(894, 226, 'cummingii');
INSERT INTO Plants(ID, familyID, name) VALUES(895, 226, 'divaricata');
INSERT INTO Plants(ID, familyID, name) VALUES(896, 226, 'dodecaneura');
INSERT INTO Plants(ID, familyID, name) VALUES(897, 226, 'elegans');
INSERT INTO Plants(ID, familyID, name) VALUES(898, 226, 'elephantipes');
INSERT INTO Plants(ID, familyID, name) VALUES(899, 226, 'elmeri');
INSERT INTO Plants(ID, familyID, name) VALUES(900, 226, 'esculenta');
INSERT INTO Plants(ID, familyID, name) VALUES(901, 226, 'filiformis');
INSERT INTO Plants(ID, familyID, name) VALUES(902, 226, 'flabellifolia');
INSERT INTO Plants(ID, familyID, name) VALUES(903, 226, 'glabra');
INSERT INTO Plants(ID, familyID, name) VALUES(904, 226, 'glandulosa');
INSERT INTO Plants(ID, familyID, name) VALUES(905, 226, 'gracilipes');
INSERT INTO Plants(ID, familyID, name) VALUES(906, 226, 'grata');
INSERT INTO Plants(ID, familyID, name) VALUES(907, 226, 'havilandii');
INSERT INTO Plants(ID, familyID, name) VALUES(908, 226, 'hispida');
INSERT INTO Plants(ID, familyID, name) VALUES(909, 226, 'japonica');
INSERT INTO Plants(ID, familyID, name) VALUES(910, 226, 'kingii');
INSERT INTO Plants(ID, familyID, name) VALUES(911, 226, 'lamprocaula');
INSERT INTO Plants(ID, familyID, name) VALUES(912, 226, 'laurifolia');
INSERT INTO Plants(ID, familyID, name) VALUES(913, 226, 'laxiflora');
INSERT INTO Plants(ID, familyID, name) VALUES(914, 226, 'loheri');
INSERT INTO Plants(ID, familyID, name) VALUES(915, 226, 'luzonensis');
INSERT INTO Plants(ID, familyID, name) VALUES(916, 226, 'macroura');
INSERT INTO Plants(ID, familyID, name) VALUES(917, 226, 'madiuensis');
INSERT INTO Plants(ID, familyID, name) VALUES(918, 226, 'merrillii');
INSERT INTO Plants(ID, familyID, name) VALUES(919, 226, 'moultonii');
INSERT INTO Plants(ID, familyID, name) VALUES(920, 226, 'nieuwenhuisii');
INSERT INTO Plants(ID, familyID, name) VALUES(921, 226, 'nipponica');
INSERT INTO Plants(ID, familyID, name) VALUES(922, 226, 'nummularia');
INSERT INTO Plants(ID, familyID, name) VALUES(923, 226, 'opaca');
INSERT INTO Plants(ID, familyID, name) VALUES(924, 226, 'opposita');
INSERT INTO Plants(ID, familyID, name) VALUES(925, 226, 'orbiculata');
INSERT INTO Plants(ID, familyID, name) VALUES(926, 226, 'oryzetorum');
INSERT INTO Plants(ID, familyID, name) VALUES(927, 226, 'pentaphylla');
INSERT INTO Plants(ID, familyID, name) VALUES(928, 226, 'peperoides');
INSERT INTO Plants(ID, familyID, name) VALUES(929, 226, 'pierrei');
INSERT INTO Plants(ID, familyID, name) VALUES(930, 226, 'piscatorum');
INSERT INTO Plants(ID, familyID, name) VALUES(931, 226, 'platycarpa');
INSERT INTO Plants(ID, familyID, name) VALUES(932, 226, 'polyclades');
INSERT INTO Plants(ID, familyID, name) VALUES(933, 226, 'praehensilis');
INSERT INTO Plants(ID, familyID, name) VALUES(934, 226, 'prainiana');
INSERT INTO Plants(ID, familyID, name) VALUES(935, 226, 'puber');
INSERT INTO Plants(ID, familyID, name) VALUES(936, 226, 'pyrifolia');
INSERT INTO Plants(ID, familyID, name) VALUES(937, 226, 'quartiniana');
INSERT INTO Plants(ID, familyID, name) VALUES(938, 226, 'quinqueloba');
INSERT INTO Plants(ID, familyID, name) VALUES(939, 226, 'rotundata');
INSERT INTO Plants(ID, familyID, name) VALUES(940, 226, 'sarasinii');
INSERT INTO Plants(ID, familyID, name) VALUES(941, 226, 'scortechinii');
INSERT INTO Plants(ID, familyID, name) VALUES(942, 226, 'sexrimata');
INSERT INTO Plants(ID, familyID, name) VALUES(943, 226, 'sinuata');
INSERT INTO Plants(ID, familyID, name) VALUES(944, 226, 'sitamiana');
INSERT INTO Plants(ID, familyID, name) VALUES(945, 226, 'sp.');
INSERT INTO Plants(ID, familyID, name) VALUES(946, 226, 'tamarisciflora');
INSERT INTO Plants(ID, familyID, name) VALUES(947, 226, 'tenuifolia');
INSERT INTO Plants(ID, familyID, name) VALUES(948, 226, 'tokoro');
INSERT INTO Plants(ID, familyID, name) VALUES(949, 226, 'vanvuurenii');
INSERT INTO Plants(ID, familyID, name) VALUES(950, 226, 'vilis');
INSERT INTO Plants(ID, familyID, name) VALUES(951, 226, 'villosa');
INSERT INTO Plants(ID, familyID, name) VALUES(952, 226, 'wallichii');
INSERT INTO Plants(ID, familyID, name) VALUES(953, 226, 'warburgiana');
INSERT INTO Families(ID, typeID, name) VALUES(227, 1, 'Stenomeris');
INSERT INTO Plants(ID, familyID, name) VALUES(954, 227, 'dioscoreifolia');
INSERT INTO Families(ID, typeID, name) VALUES(228, 1, 'Anisoptera');
INSERT INTO Plants(ID, familyID, name) VALUES(955, 228, 'sp.');
INSERT INTO Families(ID, typeID, name) VALUES(229, 1, 'Doona');
INSERT INTO Plants(ID, familyID, name) VALUES(956, 229, 'spp');
INSERT INTO Families(ID, typeID, name) VALUES(230, 1, 'Hopea');
INSERT INTO Plants(ID, familyID, name) VALUES(957, 230, 'mengawaran');
INSERT INTO Plants(ID, familyID, name) VALUES(958, 230, 'odorata');
INSERT INTO Families(ID, typeID, name) VALUES(231, 1, 'Monoporandra');
INSERT INTO Plants(ID, familyID, name) VALUES(959, 231, 'spp.');
INSERT INTO Families(ID, typeID, name) VALUES(232, 1, 'Monotes');
INSERT INTO Plants(ID, familyID, name) VALUES(960, 232, 'adenophylla');
INSERT INTO Plants(ID, familyID, name) VALUES(961, 232, 'africana');
INSERT INTO Plants(ID, familyID, name) VALUES(962, 232, 'kerstingii');
INSERT INTO Families(ID, typeID, name) VALUES(233, 4, 'Neobalanocar');
INSERT INTO Plants(ID, familyID, name) VALUES(963, 233, 'heimei');
INSERT INTO Families(ID, typeID, name) VALUES(234, 1, 'Parashorea');
INSERT INTO Plants(ID, familyID, name) VALUES(964, 234, 'spp.');
INSERT INTO Families(ID, typeID, name) VALUES(235, 1, 'Pentacme');
INSERT INTO Plants(ID, familyID, name) VALUES(965, 235, 'spp.');
INSERT INTO Families(ID, typeID, name) VALUES(236, 4, 'Shorea');
INSERT INTO Plants(ID, familyID, name) VALUES(966, 236, 'acuminata');
INSERT INTO Plants(ID, familyID, name) VALUES(967, 236, 'bracteolata');
INSERT INTO Plants(ID, familyID, name) VALUES(968, 236, 'chinensis');
INSERT INTO Plants(ID, familyID, name) VALUES(969, 236, 'dasyphylla');
INSERT INTO Plants(ID, familyID, name) VALUES(970, 236, 'guiso');
INSERT INTO Plants(ID, familyID, name) VALUES(971, 236, 'lepidota');
INSERT INTO Plants(ID, familyID, name) VALUES(972, 236, 'leprosula');
INSERT INTO Plants(ID, familyID, name) VALUES(973, 236, 'macroptera');
INSERT INTO Plants(ID, familyID, name) VALUES(974, 236, 'ochrophloia');
INSERT INTO Plants(ID, familyID, name) VALUES(975, 236, 'ovalis');
INSERT INTO Plants(ID, familyID, name) VALUES(976, 236, 'pauciflora');
INSERT INTO Plants(ID, familyID, name) VALUES(977, 236, 'spp.');
INSERT INTO Plants(ID, familyID, name) VALUES(978, 236, 'stenoptera');
INSERT INTO Families(ID, typeID, name) VALUES(237, 1, 'Vateria');
INSERT INTO Plants(ID, familyID, name) VALUES(979, 237, 'spp.');
INSERT INTO Families(ID, typeID, name) VALUES(238, 4, 'Vatica');
INSERT INTO Plants(ID, familyID, name) VALUES(980, 238, 'bella');
INSERT INTO Plants(ID, familyID, name) VALUES(981, 238, 'pauciflora');
INSERT INTO Families(ID, typeID, name) VALUES(239, 1, 'Dionaea');
INSERT INTO Plants(ID, familyID, name) VALUES(982, 239, 'peltatum');
INSERT INTO Families(ID, typeID, name) VALUES(240, 1, 'Drosera');
INSERT INTO Plants(ID, familyID, name) VALUES(983, 240, 'sp.');
INSERT INTO Families(ID, typeID, name) VALUES(241, 1, 'Drosophyllum');
INSERT INTO Plants(ID, familyID, name) VALUES(984, 241, 'lusitanicum');
INSERT INTO Families(ID, typeID, name) VALUES(242, 1, 'Diospyros');
INSERT INTO Plants(ID, familyID, name) VALUES(985, 242, 'abyssinica');
INSERT INTO Plants(ID, familyID, name) VALUES(986, 242, 'acuminata');
INSERT INTO Plants(ID, familyID, name) VALUES(987, 242, 'albens');
INSERT INTO Plants(ID, familyID, name) VALUES(988, 242, 'alboflavescens');
INSERT INTO Plants(ID, familyID, name) VALUES(989, 242, 'anisandra');
INSERT INTO Plants(ID, familyID, name) VALUES(990, 242, 'artanthalefolia');
INSERT INTO Plants(ID, familyID, name) VALUES(991, 242, 'atrotricha');
INSERT INTO Plants(ID, familyID, name) VALUES(992, 242, 'australis');
INSERT INTO Plants(ID, familyID, name) VALUES(993, 242, 'austroafricana');
INSERT INTO Plants(ID, familyID, name) VALUES(994, 242, 'barteri');
INSERT INTO Plants(ID, familyID, name) VALUES(995, 242, 'batocana');
INSERT INTO Plants(ID, familyID, name) VALUES(996, 242, 'bicolor');
INSERT INTO Plants(ID, familyID, name) VALUES(997, 242, 'bipidensis');
INSERT INTO Plants(ID, familyID, name) VALUES(998, 242, 'bumeloides');
INSERT INTO Plants(ID, familyID, name) VALUES(999, 242, 'buxifolia');
INSERT INTO Plants(ID, familyID, name) VALUES(1000, 242, 'campechiana');
INSERT INTO Plants(ID, familyID, name) VALUES(1001, 242, 'caniculata');
INSERT INTO Plants(ID, familyID, name) VALUES(1002, 242, 'capreifolia');
INSERT INTO Plants(ID, familyID, name) VALUES(1003, 242, 'caribaea');
INSERT INTO Plants(ID, familyID, name) VALUES(1004, 242, 'chamaethamnus');
INSERT INTO Plants(ID, familyID, name) VALUES(1005, 242, 'coccolobifolia');
INSERT INTO Plants(ID, familyID, name) VALUES(1006, 242, 'conferiflora');
INSERT INTO Plants(ID, familyID, name) VALUES(1007, 242, 'conocarpa');
INSERT INTO Plants(ID, familyID, name) VALUES(1008, 242, 'cooperi');
INSERT INTO Plants(ID, familyID, name) VALUES(1009, 242, 'copelandi');
INSERT INTO Plants(ID, familyID, name) VALUES(1010, 242, 'crassiflora');
INSERT INTO Plants(ID, familyID, name) VALUES(1011, 242, 'dendo');
INSERT INTO Plants(ID, familyID, name) VALUES(1012, 242, 'dichrophylla');
INSERT INTO Plants(ID, familyID, name) VALUES(1013, 242, 'digyna');
INSERT INTO Plants(ID, familyID, name) VALUES(1014, 242, 'discolor');
INSERT INTO Plants(ID, familyID, name) VALUES(1015, 242, 'ebenaster');
INSERT INTO Plants(ID, familyID, name) VALUES(1016, 242, 'ebenum');
INSERT INTO Plants(ID, familyID, name) VALUES(1017, 242, 'emarginata');
INSERT INTO Plants(ID, familyID, name) VALUES(1018, 242, 'eriantha');
INSERT INTO Plants(ID, familyID, name) VALUES(1019, 242, 'fasciculiflora');
INSERT INTO Plants(ID, familyID, name) VALUES(1020, 242, 'ferrea');
INSERT INTO Plants(ID, familyID, name) VALUES(1021, 242, 'gabunensis');
INSERT INTO Plants(ID, familyID, name) VALUES(1022, 242, 'galpini');
INSERT INTO Plants(ID, familyID, name) VALUES(1023, 242, 'glabra');
INSERT INTO Plants(ID, familyID, name) VALUES(1024, 242, 'graciliflora');
INSERT INTO Plants(ID, familyID, name) VALUES(1025, 242, 'guerkei');
INSERT INTO Plants(ID, familyID, name) VALUES(1026, 242, 'guianensis');
INSERT INTO Plants(ID, familyID, name) VALUES(1027, 242, 'heterotricha');
INSERT INTO Plants(ID, familyID, name) VALUES(1028, 242, 'hirsuta');
INSERT INTO Plants(ID, familyID, name) VALUES(1029, 242, 'hoyleana');
INSERT INTO Plants(ID, familyID, name) VALUES(1030, 242, 'ierensis');
INSERT INTO Plants(ID, familyID, name) VALUES(1031, 242, 'inconstans');
INSERT INTO Plants(ID, familyID, name) VALUES(1032, 242, 'iturensis');
INSERT INTO Plants(ID, familyID, name) VALUES(1033, 242, 'johnstoniana');
INSERT INTO Plants(ID, familyID, name) VALUES(1034, 242, 'juruensis');
INSERT INTO Plants(ID, familyID, name) VALUES(1035, 242, 'kaki');
INSERT INTO Plants(ID, familyID, name) VALUES(1036, 242, 'latifolia');
INSERT INTO Plants(ID, familyID, name) VALUES(1037, 242, 'liberiensis');
INSERT INTO Plants(ID, familyID, name) VALUES(1038, 242, 'lotus');
INSERT INTO Plants(ID, familyID, name) VALUES(1039, 242, 'lucida');
INSERT INTO Plants(ID, familyID, name) VALUES(1040, 242, 'lyrioides');
INSERT INTO Plants(ID, familyID, name) VALUES(1041, 242, 'mannii');
INSERT INTO Plants(ID, familyID, name) VALUES(1042, 242, 'mespiliformis');
INSERT INTO Plants(ID, familyID, name) VALUES(1043, 242, 'mespolilernia');
INSERT INTO Plants(ID, familyID, name) VALUES(1044, 242, 'mexicana');
INSERT INTO Plants(ID, familyID, name) VALUES(1045, 242, 'montana');
INSERT INTO Plants(ID, familyID, name) VALUES(1046, 242, 'morrisiana');
INSERT INTO Plants(ID, familyID, name) VALUES(1047, 242, 'mosieri');
INSERT INTO Plants(ID, familyID, name) VALUES(1048, 242, 'natalensis');
INSERT INTO Plants(ID, familyID, name) VALUES(1049, 242, 'nicaraguensis');
INSERT INTO Plants(ID, familyID, name) VALUES(1050, 242, 'nigrescens');
INSERT INTO Plants(ID, familyID, name) VALUES(1051, 242, 'nigrocortex');
INSERT INTO Plants(ID, familyID, name) VALUES(1052, 242, 'oblongifolia');
INSERT INTO Plants(ID, familyID, name) VALUES(1053, 242, 'ovalifolia');
INSERT INTO Plants(ID, familyID, name) VALUES(1054, 242, 'pallens');
INSERT INTO Plants(ID, familyID, name) VALUES(1055, 242, 'Panamense');
INSERT INTO Plants(ID, familyID, name) VALUES(1056, 242, 'pilosanthera');
INSERT INTO Plants(ID, familyID, name) VALUES(1057, 242, 'piscatoria');
INSERT INTO Plants(ID, familyID, name) VALUES(1058, 242, 'poeppigiana');
INSERT INTO Plants(ID, familyID, name) VALUES(1059, 242, 'polyaltheoides');
INSERT INTO Plants(ID, familyID, name) VALUES(1060, 242, 'pseudomenspilus');
INSERT INTO Plants(ID, familyID, name) VALUES(1061, 242, 'psidioides');
INSERT INTO Plants(ID, familyID, name) VALUES(1062, 242, 'pubescens');
INSERT INTO Plants(ID, familyID, name) VALUES(1063, 242, 'punctata');
INSERT INTO Plants(ID, familyID, name) VALUES(1064, 242, 'sanza-minika');
INSERT INTO Plants(ID, familyID, name) VALUES(1065, 242, 'scabra var. cordata');
INSERT INTO Plants(ID, familyID, name) VALUES(1066, 242, 'sericea');
INSERT INTO Plants(ID, familyID, name) VALUES(1067, 242, 'shippii');
INSERT INTO Plants(ID, familyID, name) VALUES(1068, 242, 'siamensis');
INSERT INTO Plants(ID, familyID, name) VALUES(1069, 242, 'tetrasperma');
INSERT INTO Plants(ID, familyID, name) VALUES(1070, 242, 'texana');
INSERT INTO Plants(ID, familyID, name) VALUES(1071, 242, 'thomasii');
INSERT INTO Plants(ID, familyID, name) VALUES(1072, 242, 'verae-crusis');
INSERT INTO Plants(ID, familyID, name) VALUES(1073, 242, 'vignei');
INSERT INTO Plants(ID, familyID, name) VALUES(1074, 242, 'villosa');
INSERT INTO Plants(ID, familyID, name) VALUES(1075, 242, 'virginiana');
INSERT INTO Plants(ID, familyID, name) VALUES(1076, 242, 'virginis');
INSERT INTO Plants(ID, familyID, name) VALUES(1077, 242, 'whyteans');
INSERT INTO Plants(ID, familyID, name) VALUES(1078, 242, 'xishuangbannoensis');
INSERT INTO Plants(ID, familyID, name) VALUES(1079, 242, 'yatesiana');
INSERT INTO Plants(ID, familyID, name) VALUES(1080, 242, 'zenkeri');
INSERT INTO Families(ID, typeID, name) VALUES(243, 1, 'Euclea');
INSERT INTO Plants(ID, familyID, name) VALUES(1081, 243, 'acutifolia');
INSERT INTO Plants(ID, familyID, name) VALUES(1082, 243, 'crispa');
INSERT INTO Plants(ID, familyID, name) VALUES(1083, 243, 'divinorum');
INSERT INTO Plants(ID, familyID, name) VALUES(1084, 243, 'kellau');
INSERT INTO Plants(ID, familyID, name) VALUES(1085, 243, 'lanceolata');
INSERT INTO Plants(ID, familyID, name) VALUES(1086, 243, 'natalensis');
INSERT INTO Plants(ID, familyID, name) VALUES(1087, 243, 'ovata');
INSERT INTO Plants(ID, familyID, name) VALUES(1088, 243, 'pseudoebenus');
INSERT INTO Plants(ID, familyID, name) VALUES(1089, 243, 'racemosa');
INSERT INTO Plants(ID, familyID, name) VALUES(1090, 243, 'schiperi');
INSERT INTO Plants(ID, familyID, name) VALUES(1091, 243, 'undulata var.myrtina');
INSERT INTO Families(ID, typeID, name) VALUES(244, 1, 'Lissocarpa');
INSERT INTO Plants(ID, familyID, name) VALUES(1092, 244, 'benthamii');
INSERT INTO Plants(ID, familyID, name) VALUES(1093, 244, 'guianensis');
INSERT INTO Plants(ID, familyID, name) VALUES(1094, 244, 'jensonii');
INSERT INTO Plants(ID, familyID, name) VALUES(1095, 244, 'kating');
INSERT INTO Plants(ID, familyID, name) VALUES(1096, 244, 'ronliesneri');
INSERT INTO Plants(ID, familyID, name) VALUES(1097, 244, 'stenocarpa');
INSERT INTO Plants(ID, familyID, name) VALUES(1098, 244, 'tetramera');
INSERT INTO Plants(ID, familyID, name) VALUES(1099, 244, 'uyat');
INSERT INTO Families(ID, typeID, name) VALUES(245, 3, 'Cavendishia');
INSERT INTO Plants(ID, familyID, name) VALUES(1100, 245, 'aberans');
INSERT INTO Plants(ID, familyID, name) VALUES(1101, 245, 'albopicata');
INSERT INTO Plants(ID, familyID, name) VALUES(1102, 245, 'arizonensis');
INSERT INTO Plants(ID, familyID, name) VALUES(1103, 245, 'chiriquiensis');
INSERT INTO Plants(ID, familyID, name) VALUES(1104, 245, 'ciliata');
INSERT INTO Plants(ID, familyID, name) VALUES(1105, 245, 'coccinea');
INSERT INTO Plants(ID, familyID, name) VALUES(1106, 245, 'fortunensis');
INSERT INTO Plants(ID, familyID, name) VALUES(1107, 245, 'lactiviscida');
INSERT INTO Plants(ID, familyID, name) VALUES(1108, 245, 'panamensis');
INSERT INTO Plants(ID, familyID, name) VALUES(1109, 245, 'porphyrea');
INSERT INTO Plants(ID, familyID, name) VALUES(1110, 245, 'pseudostenophylla');
INSERT INTO Families(ID, typeID, name) VALUES(246, 1, 'Vaccinium');
INSERT INTO Plants(ID, familyID, name) VALUES(1111, 246, 'boninensis');
INSERT INTO Plants(ID, familyID, name) VALUES(1112, 246, 'bracteatum var.chinense');
INSERT INTO Plants(ID, familyID, name) VALUES(1113, 246, 'koreanum');
INSERT INTO Plants(ID, familyID, name) VALUES(1114, 246, 'oldhami');
INSERT INTO Plants(ID, familyID, name) VALUES(1115, 246, 'theysmannii');
INSERT INTO Plants(ID, familyID, name) VALUES(1116, 246, 'uliginosum');
INSERT INTO Families(ID, typeID, name) VALUES(247, 1, 'Acalypha');
INSERT INTO Plants(ID, familyID, name) VALUES(1117, 247, 'amentacea');
INSERT INTO Plants(ID, familyID, name) VALUES(1118, 247, 'sp.');
INSERT INTO Families(ID, typeID, name) VALUES(248, 3, 'Adriana');
INSERT INTO Plants(ID, familyID, name) VALUES(1119, 248, 'quadripartita');
INSERT INTO Plants(ID, familyID, name) VALUES(1120, 248, 'tomentosa');
INSERT INTO Families(ID, typeID, name) VALUES(249, 1, 'Alchornea');
INSERT INTO Plants(ID, familyID, name) VALUES(1121, 249, 'cordifolia');
INSERT INTO Plants(ID, familyID, name) VALUES(1122, 249, 'costaricensis');
INSERT INTO Plants(ID, familyID, name) VALUES(1123, 249, 'glandulosa');
INSERT INTO Plants(ID, familyID, name) VALUES(1124, 249, 'grandis');
INSERT INTO Plants(ID, familyID, name) VALUES(1125, 249, 'latifolia');
INSERT INTO Plants(ID, familyID, name) VALUES(1126, 249, 'laxiflora');
INSERT INTO Plants(ID, familyID, name) VALUES(1127, 249, 'rugosa');
INSERT INTO Plants(ID, familyID, name) VALUES(1128, 249, 'tiliifolia');
INSERT INTO Plants(ID, familyID, name) VALUES(1129, 249, 'trewioides');
INSERT INTO Plants(ID, familyID, name) VALUES(1130, 249, 'triplinervia');
INSERT INTO Families(ID, typeID, name) VALUES(250, 1, 'Alchorneopsis');
INSERT INTO Plants(ID, familyID, name) VALUES(1131, 250, 'floribunda');
INSERT INTO Families(ID, typeID, name) VALUES(251, 4, 'Aleurites');
INSERT INTO Plants(ID, familyID, name) VALUES(1132, 251, 'moluccana');
INSERT INTO Plants(ID, familyID, name) VALUES(1133, 251, 'rockinghamensis');
INSERT INTO Families(ID, typeID, name) VALUES(252, 1, 'Anda');
INSERT INTO Plants(ID, familyID, name) VALUES(1134, 252, 'gomesii');
INSERT INTO Families(ID, typeID, name) VALUES(253, 1, 'Angostylis');
INSERT INTO Plants(ID, familyID, name) VALUES(1135, 253, 'longifolia');
INSERT INTO Families(ID, typeID, name) VALUES(254, 1, 'Aparisthmium');
INSERT INTO Plants(ID, familyID, name) VALUES(1136, 254, 'cordatum');
INSERT INTO Families(ID, typeID, name) VALUES(255, 4, 'Aporusa');
INSERT INTO Plants(ID, familyID, name) VALUES(1137, 255, 'chinensis');
INSERT INTO Plants(ID, familyID, name) VALUES(1138, 255, 'villosa');
INSERT INTO Plants(ID, familyID, name) VALUES(1139, 255, 'yunnanensis');
INSERT INTO Families(ID, typeID, name) VALUES(256, 4, 'Baccaurea');
INSERT INTO Plants(ID, familyID, name) VALUES(1140, 256, 'ramiflora');
INSERT INTO Families(ID, typeID, name) VALUES(257, 4, 'Balakata');
INSERT INTO Plants(ID, familyID, name) VALUES(1141, 257, 'baccata');
INSERT INTO Families(ID, typeID, name) VALUES(258, 1, 'Baliospermum');
INSERT INTO Plants(ID, familyID, name) VALUES(1142, 258, 'axillare');
INSERT INTO Families(ID, typeID, name) VALUES(259, 4, 'Blumeodendron');
INSERT INTO Plants(ID, familyID, name) VALUES(1143, 259, 'calophyllum');
INSERT INTO Families(ID, typeID, name) VALUES(260, 1, 'Caryodendron');
INSERT INTO Plants(ID, familyID, name) VALUES(1144, 260, 'angustifolium');
INSERT INTO Families(ID, typeID, name) VALUES(261, 1, 'Chrozophora');
INSERT INTO Plants(ID, familyID, name) VALUES(1145, 261, 'tinctoria');
INSERT INTO Families(ID, typeID, name) VALUES(262, 1, 'Claoxylon');
INSERT INTO Plants(ID, familyID, name) VALUES(1146, 262, 'angustifolium');
INSERT INTO Plants(ID, familyID, name) VALUES(1147, 262, 'australe');
INSERT INTO Plants(ID, familyID, name) VALUES(1148, 262, 'hillii');
INSERT INTO Plants(ID, familyID, name) VALUES(1149, 262, 'sp.');
INSERT INTO Plants(ID, familyID, name) VALUES(1150, 262, 'tenerifolium');
INSERT INTO Families(ID, typeID, name) VALUES(263, 4, 'Cleidion');
INSERT INTO Plants(ID, familyID, name) VALUES(1151, 263, 'bracteosum');
INSERT INTO Plants(ID, familyID, name) VALUES(1152, 263, 'castaneifolium');
INSERT INTO Families(ID, typeID, name) VALUES(264, 1, 'Cnidoscolus');
INSERT INTO Plants(ID, familyID, name) VALUES(1153, 264, 'napaefolius');
INSERT INTO Families(ID, typeID, name) VALUES(265, 1, 'Coccoceras');
INSERT INTO Plants(ID, familyID, name) VALUES(1154, 265, 'sumatranum');
INSERT INTO Families(ID, typeID, name) VALUES(266, 1, 'Croton');
INSERT INTO Plants(ID, familyID, name) VALUES(1155, 266, 'amabilis');
INSERT INTO Plants(ID, familyID, name) VALUES(1156, 266, 'argyratus');
INSERT INTO Plants(ID, familyID, name) VALUES(1157, 266, 'aubrevillei');
INSERT INTO Plants(ID, familyID, name) VALUES(1158, 266, 'billbergianus');
INSERT INTO Plants(ID, familyID, name) VALUES(1159, 266, 'cascarilloides');
INSERT INTO Plants(ID, familyID, name) VALUES(1160, 266, 'caudatus');
INSERT INTO Plants(ID, familyID, name) VALUES(1161, 266, 'ciliato-gladuliferus');
INSERT INTO Plants(ID, familyID, name) VALUES(1162, 266, 'corintensis');
INSERT INTO Plants(ID, familyID, name) VALUES(1163, 266, 'crassifolius');
INSERT INTO Plants(ID, familyID, name) VALUES(1164, 266, 'draco');
INSERT INTO Plants(ID, familyID, name) VALUES(1165, 266, 'erythrostachys');
INSERT INTO Plants(ID, familyID, name) VALUES(1166, 266, 'exuberans');
INSERT INTO Plants(ID, familyID, name) VALUES(1167, 266, 'glandulosus');
INSERT INTO Plants(ID, familyID, name) VALUES(1168, 266, 'hemiargyreus');
INSERT INTO Plants(ID, familyID, name) VALUES(1169, 266, 'hirtus');
INSERT INTO Plants(ID, familyID, name) VALUES(1170, 266, 'hoffmannii');
INSERT INTO Plants(ID, familyID, name) VALUES(1171, 266, 'honcei');
INSERT INTO Plants(ID, familyID, name) VALUES(1172, 266, 'Jimenezii');
INSERT INTO Plants(ID, familyID, name) VALUES(1173, 266, 'kelantanicus');
INSERT INTO Plants(ID, familyID, name) VALUES(1174, 266, 'lachnocarpus');
INSERT INTO Plants(ID, familyID, name) VALUES(1175, 266, 'lanjouwensis');
INSERT INTO Plants(ID, familyID, name) VALUES(1176, 266, 'linearis');
INSERT INTO Plants(ID, familyID, name) VALUES(1177, 266, 'lucidus');
INSERT INTO Plants(ID, familyID, name) VALUES(1178, 266, 'macrocarpus');
INSERT INTO Plants(ID, familyID, name) VALUES(1179, 266, 'macrostachys');
INSERT INTO Plants(ID, familyID, name) VALUES(1180, 266, 'megistocarpus');
INSERT INTO Plants(ID, familyID, name) VALUES(1181, 266, 'mexicanus');
INSERT INTO Plants(ID, familyID, name) VALUES(1182, 266, 'panamensis');
INSERT INTO Plants(ID, familyID, name) VALUES(1183, 266, 'refractus');
INSERT INTO Plants(ID, familyID, name) VALUES(1184, 266, 'salutaris');
INSERT INTO Plants(ID, familyID, name) VALUES(1185, 266, 'sarcopetalus');
INSERT INTO Plants(ID, familyID, name) VALUES(1186, 266, 'skutchii');
INSERT INTO Plants(ID, familyID, name) VALUES(1187, 266, 'sp.');
INSERT INTO Plants(ID, familyID, name) VALUES(1188, 266, 'speciousus');
INSERT INTO Plants(ID, familyID, name) VALUES(1189, 266, 'spp.');
INSERT INTO Plants(ID, familyID, name) VALUES(1190, 266, 'tenuicaudatus');
INSERT INTO Plants(ID, familyID, name) VALUES(1191, 266, 'tiglium');
INSERT INTO Plants(ID, familyID, name) VALUES(1192, 266, 'tonduzii');
INSERT INTO Plants(ID, familyID, name) VALUES(1193, 266, 'xanthochloros');
INSERT INTO Families(ID, typeID, name) VALUES(267, 1, 'Crotonogyne');
INSERT INTO Plants(ID, familyID, name) VALUES(1194, 267, 'sp.');
INSERT INTO Families(ID, typeID, name) VALUES(268, 1, 'Cunuria');
INSERT INTO Plants(ID, familyID, name) VALUES(1195, 268, 'spruceana');
INSERT INTO Families(ID, typeID, name) VALUES(269, 6, 'Dalechampia');
INSERT INTO Plants(ID, familyID, name) VALUES(1196, 269, 'cissifolia');
INSERT INTO Plants(ID, familyID, name) VALUES(1197, 269, 'dioscoreifolia');
INSERT INTO Plants(ID, familyID, name) VALUES(1198, 269, 'stipulaceae');
INSERT INTO Families(ID, typeID, name) VALUES(270, 1, 'Endospermum');
INSERT INTO Plants(ID, familyID, name) VALUES(1199, 270, 'chinense');
INSERT INTO Plants(ID, familyID, name) VALUES(1200, 270, 'diadenum');
INSERT INTO Plants(ID, familyID, name) VALUES(1201, 270, 'malaccense');
INSERT INTO Plants(ID, familyID, name) VALUES(1202, 270, 'myrmecophilum');
INSERT INTO Plants(ID, familyID, name) VALUES(1203, 270, 'peltatum');
INSERT INTO Families(ID, typeID, name) VALUES(271, 1, 'Epiprinus');
INSERT INTO Plants(ID, familyID, name) VALUES(1204, 271, 'malayanus');
INSERT INTO Families(ID, typeID, name) VALUES(272, 1, 'Euphorbia');
INSERT INTO Plants(ID, familyID, name) VALUES(1205, 272, 'blodgettii');
INSERT INTO Plants(ID, familyID, name) VALUES(1206, 272, 'cyparissias');
INSERT INTO Plants(ID, familyID, name) VALUES(1207, 272, 'heterophylla');
INSERT INTO Plants(ID, familyID, name) VALUES(1208, 272, 'millii');
INSERT INTO Plants(ID, familyID, name) VALUES(1209, 272, 'pulcherrima');
INSERT INTO Families(ID, typeID, name) VALUES(273, 1, 'Excoecaria');
INSERT INTO Plants(ID, familyID, name) VALUES(1210, 273, 'agallocha');
INSERT INTO Plants(ID, familyID, name) VALUES(1211, 273, 'bicolor');
INSERT INTO Plants(ID, familyID, name) VALUES(1212, 273, 'biglandulosa');
INSERT INTO Families(ID, typeID, name) VALUES(274, 4, 'Fahrenheitia');
INSERT INTO Plants(ID, familyID, name) VALUES(1213, 274, 'pendula');
INSERT INTO Families(ID, typeID, name) VALUES(275, 1, 'Fragariopsis');
INSERT INTO Plants(ID, familyID, name) VALUES(1214, 275, 'warmingii');
INSERT INTO Families(ID, typeID, name) VALUES(276, 1, 'Grimmeodendron');
INSERT INTO Plants(ID, familyID, name) VALUES(1215, 276, 'eglandulosum');
INSERT INTO Families(ID, typeID, name) VALUES(277, 1, 'Grymnanthes');
INSERT INTO Plants(ID, familyID, name) VALUES(1216, 277, 'riparia');
INSERT INTO Families(ID, typeID, name) VALUES(278, 1, 'Hevea');
INSERT INTO Plants(ID, familyID, name) VALUES(1217, 278, 'brasiliensis');
INSERT INTO Plants(ID, familyID, name) VALUES(1218, 278, 'spruceana');
INSERT INTO Families(ID, typeID, name) VALUES(279, 1, 'Hieronyma');
INSERT INTO Plants(ID, familyID, name) VALUES(1219, 279, 'alchorneoides');
INSERT INTO Families(ID, typeID, name) VALUES(280, 1, 'Hippomane');
INSERT INTO Plants(ID, familyID, name) VALUES(1220, 280, 'mancinella');
INSERT INTO Families(ID, typeID, name) VALUES(281, 1, 'Homalanthus');
INSERT INTO Plants(ID, familyID, name) VALUES(1221, 281, 'maprouna');
INSERT INTO Plants(ID, familyID, name) VALUES(1222, 281, 'novoguieensis');
INSERT INTO Plants(ID, familyID, name) VALUES(1223, 281, 'populifolius');
INSERT INTO Families(ID, typeID, name) VALUES(282, 1, 'Hura');
INSERT INTO Plants(ID, familyID, name) VALUES(1224, 282, 'crepitans');
INSERT INTO Families(ID, typeID, name) VALUES(283, 1, 'Jatropha');
INSERT INTO Plants(ID, familyID, name) VALUES(1225, 283, 'chevalieri');
INSERT INTO Plants(ID, familyID, name) VALUES(1226, 283, 'ellenbeckii');
INSERT INTO Plants(ID, familyID, name) VALUES(1227, 283, 'gossypifolia');
INSERT INTO Plants(ID, familyID, name) VALUES(1228, 283, 'weberbauri');
INSERT INTO Families(ID, typeID, name) VALUES(284, 1, 'Joannesia');
INSERT INTO Plants(ID, familyID, name) VALUES(1229, 284, 'sp.');
INSERT INTO Families(ID, typeID, name) VALUES(285, 1, 'Koilodepas');
INSERT INTO Plants(ID, familyID, name) VALUES(1230, 285, 'longifolium');
INSERT INTO Families(ID, typeID, name) VALUES(286, 1, 'Mabea');
INSERT INTO Plants(ID, familyID, name) VALUES(1231, 286, 'klugii');
INSERT INTO Plants(ID, familyID, name) VALUES(1232, 286, 'occidentalis');
INSERT INTO Families(ID, typeID, name) VALUES(287, 1, 'Macaranga');
INSERT INTO Plants(ID, familyID, name) VALUES(1233, 287, 'sp. nov. C');
INSERT INTO Plants(ID, familyID, name) VALUES(1234, 287, 'aëtheadena');
INSERT INTO Plants(ID, familyID, name) VALUES(1235, 287, 'aleuritoides');
INSERT INTO Plants(ID, familyID, name) VALUES(1236, 287, 'andamanica');
INSERT INTO Plants(ID, familyID, name) VALUES(1237, 287, 'angulata');
INSERT INTO Plants(ID, familyID, name) VALUES(1238, 287, 'auriculata');
INSERT INTO Plants(ID, familyID, name) VALUES(1239, 287, 'baccaureifolia');
INSERT INTO Plants(ID, familyID, name) VALUES(1240, 287, 'bancana');
INSERT INTO Plants(ID, familyID, name) VALUES(1241, 287, 'bareteri');
INSERT INTO Plants(ID, familyID, name) VALUES(1242, 287, 'beccariana');
INSERT INTO Plants(ID, familyID, name) VALUES(1243, 287, 'bicolor');
INSERT INTO Plants(ID, familyID, name) VALUES(1244, 287, 'brevipetiolata');
INSERT INTO Plants(ID, familyID, name) VALUES(1245, 287, 'caladifolia');
INSERT INTO Plants(ID, familyID, name) VALUES(1246, 287, 'caladifolia');
INSERT INTO Plants(ID, familyID, name) VALUES(1247, 287, 'calcicola');
INSERT INTO Plants(ID, familyID, name) VALUES(1248, 287, 'conifera');
INSERT INTO Plants(ID, familyID, name) VALUES(1249, 287, 'constricta');
INSERT INTO Plants(ID, familyID, name) VALUES(1250, 287, 'costulata');
INSERT INTO Plants(ID, familyID, name) VALUES(1251, 287, 'curtisii');
INSERT INTO Plants(ID, familyID, name) VALUES(1252, 287, 'denticulata');
INSERT INTO Plants(ID, familyID, name) VALUES(1253, 287, 'depressa');
INSERT INTO Plants(ID, familyID, name) VALUES(1254, 287, 'didymocarpa');
INSERT INTO Plants(ID, familyID, name) VALUES(1255, 287, 'diepenhorstii');
INSERT INTO Plants(ID, familyID, name) VALUES(1256, 287, 'endertii');
INSERT INTO Plants(ID, familyID, name) VALUES(1257, 287, 'fulva');
INSERT INTO Plants(ID, familyID, name) VALUES(1258, 287, 'gigantea');
INSERT INTO Plants(ID, familyID, name) VALUES(1259, 287, 'glandibracteolata');
INSERT INTO Plants(ID, familyID, name) VALUES(1260, 287, 'griffithiana');
INSERT INTO Plants(ID, familyID, name) VALUES(1261, 287, 'havilandii');
INSERT INTO Plants(ID, familyID, name) VALUES(1262, 287, 'henryi');
INSERT INTO Plants(ID, familyID, name) VALUES(1263, 287, 'heterophylla');
INSERT INTO Plants(ID, familyID, name) VALUES(1264, 287, 'heudelotii');
INSERT INTO Plants(ID, familyID, name) VALUES(1265, 287, 'heynei');
INSERT INTO Plants(ID, familyID, name) VALUES(1266, 287, 'hispida');
INSERT INTO Plants(ID, familyID, name) VALUES(1267, 287, 'hosei');
INSERT INTO Plants(ID, familyID, name) VALUES(1268, 287, 'hullettii');
INSERT INTO Plants(ID, familyID, name) VALUES(1269, 287, 'hurifolia');
INSERT INTO Plants(ID, familyID, name) VALUES(1270, 287, 'hypoleuca');
INSERT INTO Plants(ID, familyID, name) VALUES(1271, 287, 'indica');
INSERT INTO Plants(ID, familyID, name) VALUES(1272, 287, 'indistincta');
INSERT INTO Plants(ID, familyID, name) VALUES(1273, 287, 'involucrata varmallotoides');
INSERT INTO Plants(ID, familyID, name) VALUES(1274, 287, 'kinabaluensis');
INSERT INTO Plants(ID, familyID, name) VALUES(1275, 287, 'kingii');
INSERT INTO Plants(ID, familyID, name) VALUES(1276, 287, 'kurzii');
INSERT INTO Plants(ID, familyID, name) VALUES(1277, 287, 'lamellata');
INSERT INTO Plants(ID, familyID, name) VALUES(1278, 287, 'lanarius');
INSERT INTO Plants(ID, familyID, name) VALUES(1279, 287, 'lowii');
INSERT INTO Plants(ID, familyID, name) VALUES(1280, 287, 'monandra');
INSERT INTO Plants(ID, familyID, name) VALUES(1281, 287, 'motleyana');
INSERT INTO Plants(ID, familyID, name) VALUES(1282, 287, 'pearsoni');
INSERT INTO Plants(ID, familyID, name) VALUES(1283, 287, 'petanostyla');
INSERT INTO Plants(ID, familyID, name) VALUES(1284, 287, 'praestans');
INSERT INTO Plants(ID, familyID, name) VALUES(1285, 287, 'pruinosa');
INSERT INTO Plants(ID, familyID, name) VALUES(1286, 287, 'pseudopriunosa');
INSERT INTO Plants(ID, familyID, name) VALUES(1287, 287, 'puberula');
INSERT INTO Plants(ID, familyID, name) VALUES(1288, 287, 'punctata');
INSERT INTO Plants(ID, familyID, name) VALUES(1289, 287, 'puncticulata');
INSERT INTO Plants(ID, familyID, name) VALUES(1290, 287, 'puncticulata');
INSERT INTO Plants(ID, familyID, name) VALUES(1291, 287, 'quadricornis');
INSERT INTO Plants(ID, familyID, name) VALUES(1292, 287, 'quadriglandulosa');
INSERT INTO Plants(ID, familyID, name) VALUES(1293, 287, 'rarispina');
INSERT INTO Plants(ID, familyID, name) VALUES(1294, 287, 'recuravata');
INSERT INTO Plants(ID, familyID, name) VALUES(1295, 287, 'repandodentata');
INSERT INTO Plants(ID, familyID, name) VALUES(1296, 287, 'rostrata');
INSERT INTO Plants(ID, familyID, name) VALUES(1297, 287, 'sampsonii');
INSERT INTO Plants(ID, familyID, name) VALUES(1298, 287, 'sarcocarpa');
INSERT INTO Plants(ID, familyID, name) VALUES(1299, 287, 'schweinfurthii');
INSERT INTO Plants(ID, familyID, name) VALUES(1300, 287, 'spathicalyx');
INSERT INTO Plants(ID, familyID, name) VALUES(1301, 287, 'spinosa');
INSERT INTO Plants(ID, familyID, name) VALUES(1302, 287, 'stigosissima');
INSERT INTO Plants(ID, familyID, name) VALUES(1303, 287, 'subdentata');
INSERT INTO Plants(ID, familyID, name) VALUES(1304, 287, 'tanarius');
INSERT INTO Plants(ID, familyID, name) VALUES(1305, 287, 'trachyphylla');
INSERT INTO Plants(ID, familyID, name) VALUES(1306, 287, 'trichocarpa');
INSERT INTO Plants(ID, familyID, name) VALUES(1307, 287, 'triloba');
INSERT INTO Plants(ID, familyID, name) VALUES(1308, 287, 'umbrosa');
INSERT INTO Plants(ID, familyID, name) VALUES(1309, 287, 'unidentified species');
INSERT INTO Plants(ID, familyID, name) VALUES(1310, 287, 'velutiniflora');
INSERT INTO Plants(ID, familyID, name) VALUES(1311, 287, 'winkleri');
INSERT INTO Plants(ID, familyID, name) VALUES(1312, 287, 'winkleriana');
INSERT INTO Plants(ID, familyID, name) VALUES(1313, 287, '');
INSERT INTO Families(ID, typeID, name) VALUES(288, 1, 'Mallotus');
INSERT INTO Plants(ID, familyID, name) VALUES(1314, 288, 'apelta');
INSERT INTO Plants(ID, familyID, name) VALUES(1315, 288, 'barbatus');
INSERT INTO Plants(ID, familyID, name) VALUES(1316, 288, 'chromocarpus');
INSERT INTO Plants(ID, familyID, name) VALUES(1317, 288, 'cuneatus');
INSERT INTO Plants(ID, familyID, name) VALUES(1318, 288, 'dispar');
INSERT INTO Plants(ID, familyID, name) VALUES(1319, 288, 'eriocarpus');
INSERT INTO Plants(ID, familyID, name) VALUES(1320, 288, 'eximius');
INSERT INTO Plants(ID, familyID, name) VALUES(1321, 288, 'floribundus');
INSERT INTO Plants(ID, familyID, name) VALUES(1322, 288, 'griffithianus');
INSERT INTO Plants(ID, familyID, name) VALUES(1323, 288, 'hookerianus');
INSERT INTO Plants(ID, familyID, name) VALUES(1324, 288, 'japonicus');
INSERT INTO Plants(ID, familyID, name) VALUES(1325, 288, 'kingii');
INSERT INTO Plants(ID, familyID, name) VALUES(1326, 288, 'kongkandae');
INSERT INTO Plants(ID, familyID, name) VALUES(1327, 288, 'leptostachys');
INSERT INTO Plants(ID, familyID, name) VALUES(1328, 288, 'leucodermis');
INSERT INTO Plants(ID, familyID, name) VALUES(1329, 288, 'macrostachys');
INSERT INTO Plants(ID, familyID, name) VALUES(1330, 288, 'mollissimus');
INSERT INTO Plants(ID, familyID, name) VALUES(1331, 288, 'oblongifolius');
INSERT INTO Plants(ID, familyID, name) VALUES(1332, 288, 'pallidus');
INSERT INTO Plants(ID, familyID, name) VALUES(1333, 288, 'paniculatus');
INSERT INTO Plants(ID, familyID, name) VALUES(1334, 288, 'peltatus');
INSERT INTO Plants(ID, familyID, name) VALUES(1335, 288, 'penangensis');
INSERT INTO Plants(ID, familyID, name) VALUES(1336, 288, 'phillippensis');
INSERT INTO Plants(ID, familyID, name) VALUES(1337, 288, 'repandus');
INSERT INTO Plants(ID, familyID, name) VALUES(1338, 288, 'stewardii');
INSERT INTO Plants(ID, familyID, name) VALUES(1339, 288, 'tetracoccus');
INSERT INTO Plants(ID, familyID, name) VALUES(1340, 288, 'tilifolius');
INSERT INTO Families(ID, typeID, name) VALUES(289, 1, 'Manihot');
INSERT INTO Plants(ID, familyID, name) VALUES(1341, 289, 'aesculifolia');
INSERT INTO Plants(ID, familyID, name) VALUES(1342, 289, 'aesculifolia');
INSERT INTO Plants(ID, familyID, name) VALUES(1343, 289, 'angustiloba');
INSERT INTO Plants(ID, familyID, name) VALUES(1344, 289, 'angustiloba');
INSERT INTO Plants(ID, familyID, name) VALUES(1345, 289, 'brachyloba');
INSERT INTO Plants(ID, familyID, name) VALUES(1346, 289, 'brachyloba');
INSERT INTO Plants(ID, familyID, name) VALUES(1347, 289, 'carthaginensis');
INSERT INTO Plants(ID, familyID, name) VALUES(1348, 289, 'carthaginensis');
INSERT INTO Plants(ID, familyID, name) VALUES(1349, 289, 'caudata');
INSERT INTO Plants(ID, familyID, name) VALUES(1350, 289, 'caudata');
INSERT INTO Plants(ID, familyID, name) VALUES(1351, 289, 'chlorosticta');
INSERT INTO Plants(ID, familyID, name) VALUES(1352, 289, 'chlorosticta');
INSERT INTO Plants(ID, familyID, name) VALUES(1353, 289, 'crassisepala');
INSERT INTO Plants(ID, familyID, name) VALUES(1354, 289, 'crassisepala');
INSERT INTO Plants(ID, familyID, name) VALUES(1355, 289, 'davisiae');
INSERT INTO Plants(ID, familyID, name) VALUES(1356, 289, 'davisiae');
INSERT INTO Plants(ID, familyID, name) VALUES(1357, 289, 'esculenta');
INSERT INTO Plants(ID, familyID, name) VALUES(1358, 289, 'esculenta');
INSERT INTO Plants(ID, familyID, name) VALUES(1359, 289, 'michaelis');
INSERT INTO Plants(ID, familyID, name) VALUES(1360, 289, 'michaelis');
INSERT INTO Plants(ID, familyID, name) VALUES(1361, 289, 'oaxacana');
INSERT INTO Plants(ID, familyID, name) VALUES(1362, 289, 'oaxacana');
INSERT INTO Plants(ID, familyID, name) VALUES(1363, 289, 'rhomboidea');
INSERT INTO Plants(ID, familyID, name) VALUES(1364, 289, 'rhomboidea');
INSERT INTO Plants(ID, familyID, name) VALUES(1365, 289, 'websterae');
INSERT INTO Plants(ID, familyID, name) VALUES(1366, 289, 'websterae');
INSERT INTO Families(ID, typeID, name) VALUES(290, 1, 'Maprounea');
INSERT INTO Plants(ID, familyID, name) VALUES(1367, 290, '3 spp.');
INSERT INTO Plants(ID, familyID, name) VALUES(1368, 290, '3 spp.');
INSERT INTO Families(ID, typeID, name) VALUES(291, 1, 'Mareya');
INSERT INTO Plants(ID, familyID, name) VALUES(1369, 291, 'congolensis');
INSERT INTO Plants(ID, familyID, name) VALUES(1370, 291, 'congolensis');
INSERT INTO Plants(ID, familyID, name) VALUES(1371, 291, 'micrantha');
INSERT INTO Plants(ID, familyID, name) VALUES(1372, 291, 'micrantha');
INSERT INTO Plants(ID, familyID, name) VALUES(1373, 291, 'sp.');
INSERT INTO Plants(ID, familyID, name) VALUES(1374, 291, 'sp.');
INSERT INTO Families(ID, typeID, name) VALUES(292, 1, 'Micranga');
INSERT INTO Plants(ID, familyID, name) VALUES(1375, 292, 'sp.');
INSERT INTO Plants(ID, familyID, name) VALUES(1376, 292, 'sp.');
INSERT INTO Families(ID, typeID, name) VALUES(293, 1, 'Neoscortechinii');
INSERT INTO Plants(ID, familyID, name) VALUES(1377, 293, 'nicobaria');
INSERT INTO Plants(ID, familyID, name) VALUES(1378, 293, 'nicobaria');
INSERT INTO Plants(ID, familyID, name) VALUES(1379, 293, 'sumatrensis');
INSERT INTO Plants(ID, familyID, name) VALUES(1380, 293, 'sumatrensis');
INSERT INTO Families(ID, typeID, name) VALUES(294, 1, 'Neoshirakia');
INSERT INTO Plants(ID, familyID, name) VALUES(1381, 294, 'japonica');
INSERT INTO Plants(ID, familyID, name) VALUES(1382, 294, 'japonica');
INSERT INTO Families(ID, typeID, name) VALUES(295, 6, 'Omphalea');
INSERT INTO Plants(ID, familyID, name) VALUES(1383, 295, 'diandra');
INSERT INTO Plants(ID, familyID, name) VALUES(1384, 295, 'diandra');
INSERT INTO Families(ID, typeID, name) VALUES(296, 4, 'Pausandra');
INSERT INTO Plants(ID, familyID, name) VALUES(1385, 296, 'macropetala');
INSERT INTO Families(ID, typeID, name) VALUES(297, 1, 'Pausandra ');
INSERT INTO Plants(ID, familyID, name) VALUES(1386, 297, 'trianae');
INSERT INTO Families(ID, typeID, name) VALUES(298, 1, 'Pedilanthus');
INSERT INTO Plants(ID, familyID, name) VALUES(1387, 298, 'tithmaloides');
INSERT INTO Plants(ID, familyID, name) VALUES(1388, 298, 'tithmaloides');
INSERT INTO Families(ID, typeID, name) VALUES(299, 4, 'Pimelodendron');
INSERT INTO Plants(ID, familyID, name) VALUES(1389, 299, 'griffithianum');
INSERT INTO Plants(ID, familyID, name) VALUES(1390, 299, 'griffithianum');
INSERT INTO Families(ID, typeID, name) VALUES(300, 1, 'Ptychopyxis');
INSERT INTO Plants(ID, familyID, name) VALUES(1391, 300, 'costata');
INSERT INTO Plants(ID, familyID, name) VALUES(1392, 300, 'costata');
INSERT INTO Families(ID, typeID, name) VALUES(301, 1, 'Richeria');
INSERT INTO Plants(ID, familyID, name) VALUES(1393, 301, 'obvata');
INSERT INTO Families(ID, typeID, name) VALUES(302, 1, 'Ricinodendron');
INSERT INTO Plants(ID, familyID, name) VALUES(1394, 302, 'rautaneni');
INSERT INTO Plants(ID, familyID, name) VALUES(1395, 302, 'rautaneni');
INSERT INTO Families(ID, typeID, name) VALUES(303, 1, 'Ricinus');
INSERT INTO Plants(ID, familyID, name) VALUES(1396, 303, 'communis');
INSERT INTO Plants(ID, familyID, name) VALUES(1397, 303, 'communis');
INSERT INTO Plants(ID, familyID, name) VALUES(1398, 303, 'sanguinensis');
INSERT INTO Plants(ID, familyID, name) VALUES(1399, 303, 'sanguinensis');
INSERT INTO Families(ID, typeID, name) VALUES(304, 4, 'Rockinghamia');
INSERT INTO Plants(ID, familyID, name) VALUES(1400, 304, 'angustifolia');
INSERT INTO Plants(ID, familyID, name) VALUES(1401, 304, 'angustifolia');
INSERT INTO Families(ID, typeID, name) VALUES(305, 1, 'Sapium');
INSERT INTO Plants(ID, familyID, name) VALUES(1402, 305, '25 spp.');
INSERT INTO Plants(ID, familyID, name) VALUES(1403, 305, '25 spp.');
INSERT INTO Plants(ID, familyID, name) VALUES(1404, 305, 'allenii');
INSERT INTO Plants(ID, familyID, name) VALUES(1405, 305, 'baccatum');
INSERT INTO Plants(ID, familyID, name) VALUES(1406, 305, 'baccatum');
INSERT INTO Plants(ID, familyID, name) VALUES(1407, 305, 'glandulosum');
INSERT INTO Plants(ID, familyID, name) VALUES(1408, 305, 'glandulosum');
INSERT INTO Plants(ID, familyID, name) VALUES(1409, 305, 'laurifolium');
INSERT INTO Plants(ID, familyID, name) VALUES(1410, 305, 'macrocarpum');
INSERT INTO Plants(ID, familyID, name) VALUES(1411, 305, 'pachystachys');
INSERT INTO Plants(ID, familyID, name) VALUES(1412, 305, 'pachystachys');
INSERT INTO Plants(ID, familyID, name) VALUES(1413, 305, 'pachystachys');
INSERT INTO Plants(ID, familyID, name) VALUES(1414, 305, 'rugudfolium');
INSERT INTO Families(ID, typeID, name) VALUES(306, 1, 'Sebastiana');
INSERT INTO Plants(ID, familyID, name) VALUES(1415, 306, 'brasiliensis');
INSERT INTO Plants(ID, familyID, name) VALUES(1416, 306, 'brasiliensis');
INSERT INTO Plants(ID, familyID, name) VALUES(1417, 306, 'klotzschiana');
INSERT INTO Plants(ID, familyID, name) VALUES(1418, 306, 'klotzschiana');
INSERT INTO Families(ID, typeID, name) VALUES(307, 4, 'Shirakiopsis');
INSERT INTO Plants(ID, familyID, name) VALUES(1419, 307, 'indica');
INSERT INTO Plants(ID, familyID, name) VALUES(1420, 307, 'indica');
INSERT INTO Families(ID, typeID, name) VALUES(308, 1, 'Stillingia');
INSERT INTO Plants(ID, familyID, name) VALUES(1421, 308, '25 spp.');
INSERT INTO Plants(ID, familyID, name) VALUES(1422, 308, '25 spp.');
INSERT INTO Plants(ID, familyID, name) VALUES(1423, 308, 'setifera');
INSERT INTO Plants(ID, familyID, name) VALUES(1424, 308, 'setifera');
INSERT INTO Families(ID, typeID, name) VALUES(309, 1, 'Tetrorchidium');
INSERT INTO Plants(ID, familyID, name) VALUES(1425, 309, 'costaicense');
INSERT INTO Plants(ID, familyID, name) VALUES(1426, 309, 'euryphyllum');
INSERT INTO Plants(ID, familyID, name) VALUES(1427, 309, 'rotundatum');
INSERT INTO Families(ID, typeID, name) VALUES(310, 1, 'Trewia');
INSERT INTO Plants(ID, familyID, name) VALUES(1428, 310, 'sp.');
INSERT INTO Plants(ID, familyID, name) VALUES(1429, 310, 'sp.');
INSERT INTO Families(ID, typeID, name) VALUES(311, 1, 'Triadica');
INSERT INTO Plants(ID, familyID, name) VALUES(1430, 311, 'discolor');
INSERT INTO Plants(ID, familyID, name) VALUES(1431, 311, 'discolor');
INSERT INTO Plants(ID, familyID, name) VALUES(1432, 311, 'sebifera');
INSERT INTO Plants(ID, familyID, name) VALUES(1433, 311, 'sebifera');
INSERT INTO Families(ID, typeID, name) VALUES(312, 4, 'Trigonostemon');
INSERT INTO Plants(ID, familyID, name) VALUES(1434, 312, 'sumatranus');
INSERT INTO Plants(ID, familyID, name) VALUES(1435, 312, 'sumatranus');
INSERT INTO Families(ID, typeID, name) VALUES(313, 1, 'Vernicia');
INSERT INTO Plants(ID, familyID, name) VALUES(1436, 313, 'cordata');
INSERT INTO Plants(ID, familyID, name) VALUES(1437, 313, 'cordata');
INSERT INTO Plants(ID, familyID, name) VALUES(1438, 313, 'fordii');
INSERT INTO Plants(ID, familyID, name) VALUES(1439, 313, 'fordii');
INSERT INTO Plants(ID, familyID, name) VALUES(1440, 313, 'montana');
INSERT INTO Plants(ID, familyID, name) VALUES(1441, 313, 'montana');
INSERT INTO Families(ID, typeID, name) VALUES(314, 4, 'Abarema');
INSERT INTO Plants(ID, familyID, name) VALUES(1442, 314, 'jupumba');
INSERT INTO Plants(ID, familyID, name) VALUES(1443, 314, 'lucida');
INSERT INTO Plants(ID, familyID, name) VALUES(1444, 314, 'scutifera');
INSERT INTO Plants(ID, familyID, name) VALUES(1445, 314, 'turgida');
INSERT INTO Families(ID, typeID, name) VALUES(315, 4, 'Acacia');
INSERT INTO Plants(ID, familyID, name) VALUES(1446, 315, 'abyssinica');
INSERT INTO Plants(ID, familyID, name) VALUES(1447, 315, 'acanthoclada');
INSERT INTO Plants(ID, familyID, name) VALUES(1448, 315, 'acradenia');
INSERT INTO Plants(ID, familyID, name) VALUES(1449, 315, 'acuifera');
INSERT INTO Plants(ID, familyID, name) VALUES(1450, 315, 'aculeatissima');
INSERT INTO Plants(ID, familyID, name) VALUES(1451, 315, 'acuminata var. burkittii');
INSERT INTO Plants(ID, familyID, name) VALUES(1452, 315, 'adhaerens');
INSERT INTO Plants(ID, familyID, name) VALUES(1453, 315, 'adunca');
INSERT INTO Plants(ID, familyID, name) VALUES(1454, 315, 'allenii');
INSERT INTO Plants(ID, familyID, name) VALUES(1455, 315, 'amazonica');
INSERT INTO Plants(ID, familyID, name) VALUES(1456, 315, 'amblygona');
INSERT INTO Plants(ID, familyID, name) VALUES(1457, 315, 'amentacea');
INSERT INTO Plants(ID, familyID, name) VALUES(1458, 315, 'amoena');
INSERT INTO Plants(ID, familyID, name) VALUES(1459, 315, 'anegadensis');
INSERT INTO Plants(ID, familyID, name) VALUES(1460, 315, 'aneura');
INSERT INTO Plants(ID, familyID, name) VALUES(1461, 315, 'angustissima');
INSERT INTO Plants(ID, familyID, name) VALUES(1462, 315, 'asparagoides');
INSERT INTO Plants(ID, familyID, name) VALUES(1463, 315, 'ataxacantha');
INSERT INTO Plants(ID, familyID, name) VALUES(1464, 315, 'attenuata');
INSERT INTO Plants(ID, familyID, name) VALUES(1465, 315, 'aulacocarpa');
INSERT INTO Plants(ID, familyID, name) VALUES(1466, 315, 'auriculiformis');
INSERT INTO Plants(ID, familyID, name) VALUES(1467, 315, 'ausfeldii');
INSERT INTO Plants(ID, familyID, name) VALUES(1468, 315, 'baileyana');
INSERT INTO Plants(ID, familyID, name) VALUES(1469, 315, 'barahonensis');
INSERT INTO Plants(ID, familyID, name) VALUES(1470, 315, 'baronii');
INSERT INTO Plants(ID, familyID, name) VALUES(1471, 315, 'belairioides');
INSERT INTO Plants(ID, familyID, name) VALUES(1472, 315, 'berlanderii');
INSERT INTO Plants(ID, familyID, name) VALUES(1473, 315, 'betchei');
INSERT INTO Plants(ID, familyID, name) VALUES(1474, 315, 'biaciculata');
INSERT INTO Plants(ID, familyID, name) VALUES(1475, 315, 'bilimeki');
INSERT INTO Plants(ID, familyID, name) VALUES(1476, 315, 'blakei');
INSERT INTO Plants(ID, familyID, name) VALUES(1477, 315, 'blakelyi');
INSERT INTO Plants(ID, familyID, name) VALUES(1478, 315, 'brachystachya');
INSERT INTO Plants(ID, familyID, name) VALUES(1479, 315, 'brandageana');
INSERT INTO Plants(ID, familyID, name) VALUES(1480, 315, 'brevispica');
INSERT INTO Plants(ID, familyID, name) VALUES(1481, 315, 'bucheri');
INSERT INTO Plants(ID, familyID, name) VALUES(1482, 315, 'caesia');
INSERT INTO Plants(ID, familyID, name) VALUES(1483, 315, 'caffra');
INSERT INTO Plants(ID, familyID, name) VALUES(1484, 315, 'calamifolia');
INSERT INTO Plants(ID, familyID, name) VALUES(1485, 315, 'calyculata');
INSERT INTO Plants(ID, familyID, name) VALUES(1486, 315, 'cambagei');
INSERT INTO Plants(ID, familyID, name) VALUES(1487, 315, 'camptocladia');
INSERT INTO Plants(ID, familyID, name) VALUES(1488, 315, 'cana');
INSERT INTO Plants(ID, familyID, name) VALUES(1489, 315, 'canescens');
INSERT INTO Plants(ID, familyID, name) VALUES(1490, 315, 'caurina');
INSERT INTO Plants(ID, familyID, name) VALUES(1491, 315, 'chalkeri');
INSERT INTO Plants(ID, familyID, name) VALUES(1492, 315, 'chariessa');
INSERT INTO Plants(ID, familyID, name) VALUES(1493, 315, 'cheelii');
INSERT INTO Plants(ID, familyID, name) VALUES(1494, 315, 'chiapensis');
INSERT INTO Plants(ID, familyID, name) VALUES(1495, 315, 'choriophylla');
INSERT INTO Plants(ID, familyID, name) VALUES(1496, 315, 'chundra');
INSERT INTO Plants(ID, familyID, name) VALUES(1497, 315, 'cincinnata');
INSERT INTO Plants(ID, familyID, name) VALUES(1498, 315, 'cochliacantha');
INSERT INTO Plants(ID, familyID, name) VALUES(1499, 315, 'cochlocarpa');
INSERT INTO Plants(ID, familyID, name) VALUES(1500, 315, 'collinsii');
INSERT INTO Plants(ID, familyID, name) VALUES(1501, 315, 'complanata');
INSERT INTO Plants(ID, familyID, name) VALUES(1502, 315, 'concinna');
INSERT INTO Plants(ID, familyID, name) VALUES(1503, 315, 'concurrens');
INSERT INTO Plants(ID, familyID, name) VALUES(1504, 315, 'conferta');
INSERT INTO Plants(ID, familyID, name) VALUES(1505, 315, 'confusa');
INSERT INTO Plants(ID, familyID, name) VALUES(1506, 315, 'constablei');
INSERT INTO Plants(ID, familyID, name) VALUES(1507, 315, 'constricta');
INSERT INTO Plants(ID, familyID, name) VALUES(1508, 315, 'cookii');
INSERT INTO Plants(ID, familyID, name) VALUES(1509, 315, 'coriacea');
INSERT INTO Plants(ID, familyID, name) VALUES(1510, 315, 'cornigera');
INSERT INTO Plants(ID, familyID, name) VALUES(1511, 315, 'crassa');
INSERT INTO Plants(ID, familyID, name) VALUES(1512, 315, 'cucuyo');
INSERT INTO Plants(ID, familyID, name) VALUES(1513, 315, 'cultriformis');
INSERT INTO Plants(ID, familyID, name) VALUES(1514, 315, 'curvifructa');
INSERT INTO Plants(ID, familyID, name) VALUES(1515, 315, 'cyanophyla');
INSERT INTO Plants(ID, familyID, name) VALUES(1516, 315, 'cyclops');
INSERT INTO Plants(ID, familyID, name) VALUES(1517, 315, 'dawsonii');
INSERT INTO Plants(ID, familyID, name) VALUES(1518, 315, 'dealbata');
INSERT INTO Plants(ID, familyID, name) VALUES(1519, 315, 'deanei');
INSERT INTO Plants(ID, familyID, name) VALUES(1520, 315, 'decora');
INSERT INTO Plants(ID, familyID, name) VALUES(1521, 315, 'decurrens');
INSERT INTO Plants(ID, familyID, name) VALUES(1522, 315, 'dictyophleba');
INSERT INTO Plants(ID, familyID, name) VALUES(1523, 315, 'difformis');
INSERT INTO Plants(ID, familyID, name) VALUES(1524, 315, 'dodonaeifolia');
INSERT INTO Plants(ID, familyID, name) VALUES(1525, 315, 'doratoxylon');
INSERT INTO Plants(ID, familyID, name) VALUES(1526, 315, 'elongata');
INSERT INTO Plants(ID, familyID, name) VALUES(1527, 315, 'ephedroides');
INSERT INTO Plants(ID, familyID, name) VALUES(1528, 315, 'eremaea');
INSERT INTO Plants(ID, familyID, name) VALUES(1529, 315, 'erubescens');
INSERT INTO Plants(ID, familyID, name) VALUES(1530, 315, 'excelsa');
INSERT INTO Plants(ID, familyID, name) VALUES(1531, 315, 'falcata');
INSERT INTO Plants(ID, familyID, name) VALUES(1532, 315, 'falciformis');
INSERT INTO Plants(ID, familyID, name) VALUES(1533, 315, 'farnesiana');
INSERT INTO Plants(ID, familyID, name) VALUES(1534, 315, 'ferruginea');
INSERT INTO Plants(ID, familyID, name) VALUES(1535, 315, 'fimbriata');
INSERT INTO Plants(ID, familyID, name) VALUES(1536, 315, 'floribunda');
INSERT INTO Plants(ID, familyID, name) VALUES(1537, 315, 'gaumeri');
INSERT INTO Plants(ID, familyID, name) VALUES(1538, 315, 'gentlei');
INSERT INTO Plants(ID, familyID, name) VALUES(1539, 315, 'glandulifera');
INSERT INTO Plants(ID, familyID, name) VALUES(1540, 315, 'globulifera');
INSERT INTO Plants(ID, familyID, name) VALUES(1541, 315, 'glomerosa');
INSERT INTO Plants(ID, familyID, name) VALUES(1542, 315, 'grandistipula');
INSERT INTO Plants(ID, familyID, name) VALUES(1543, 315, 'greggii');
INSERT INTO Plants(ID, familyID, name) VALUES(1544, 315, 'hayesii');
INSERT INTO Plants(ID, familyID, name) VALUES(1545, 315, 'hindsii');
INSERT INTO Plants(ID, familyID, name) VALUES(1546, 315, 'huarango');
INSERT INTO Plants(ID, familyID, name) VALUES(1547, 315, 'hubbardiana');
INSERT INTO Plants(ID, familyID, name) VALUES(1548, 315, 'huilana');
INSERT INTO Plants(ID, familyID, name) VALUES(1549, 315, 'insulae-lacobi');
INSERT INTO Plants(ID, familyID, name) VALUES(1550, 315, 'interior');
INSERT INTO Plants(ID, familyID, name) VALUES(1551, 315, 'iteaphylla');
INSERT INTO Plants(ID, familyID, name) VALUES(1552, 315, 'ixodes');
INSERT INTO Plants(ID, familyID, name) VALUES(1553, 315, 'janzenii');
INSERT INTO Plants(ID, familyID, name) VALUES(1554, 315, 'kallunkiae');
INSERT INTO Plants(ID, familyID, name) VALUES(1555, 315, 'karroo');
INSERT INTO Plants(ID, familyID, name) VALUES(1556, 315, 'koa');
INSERT INTO Plants(ID, familyID, name) VALUES(1557, 315, 'koaia');
INSERT INTO Plants(ID, familyID, name) VALUES(1558, 315, 'lacerans');
INSERT INTO Plants(ID, familyID, name) VALUES(1559, 315, 'latifolia');
INSERT INTO Plants(ID, familyID, name) VALUES(1560, 315, 'leiocalyx');
INSERT INTO Plants(ID, familyID, name) VALUES(1561, 315, 'leptostachya');
INSERT INTO Plants(ID, familyID, name) VALUES(1562, 315, 'leucophloea');
INSERT INTO Plants(ID, familyID, name) VALUES(1563, 315, 'ligulata');
INSERT INTO Plants(ID, familyID, name) VALUES(1564, 315, 'lineata');
INSERT INTO Plants(ID, familyID, name) VALUES(1565, 315, 'longifolia');
INSERT INTO Plants(ID, familyID, name) VALUES(1566, 315, 'longissima');
INSERT INTO Plants(ID, familyID, name) VALUES(1567, 315, 'loretensis');
INSERT INTO Plants(ID, familyID, name) VALUES(1568, 315, 'macradenia');
INSERT INTO Plants(ID, familyID, name) VALUES(1569, 315, 'maidenii');
INSERT INTO Plants(ID, familyID, name) VALUES(1570, 315, 'maranoensis');
INSERT INTO Plants(ID, familyID, name) VALUES(1571, 315, 'mayana');
INSERT INTO Plants(ID, familyID, name) VALUES(1572, 315, 'mearnsii');
INSERT INTO Plants(ID, familyID, name) VALUES(1573, 315, 'melanoceras');
INSERT INTO Plants(ID, familyID, name) VALUES(1574, 315, 'melanoxylon');
INSERT INTO Plants(ID, familyID, name) VALUES(1575, 315, 'melvillei');
INSERT INTO Plants(ID, familyID, name) VALUES(1576, 315, 'microbotrya');
INSERT INTO Plants(ID, familyID, name) VALUES(1577, 315, 'microsperma');
INSERT INTO Plants(ID, familyID, name) VALUES(1578, 315, 'miersii');
INSERT INTO Plants(ID, familyID, name) VALUES(1579, 315, 'mucronata');
INSERT INTO Plants(ID, familyID, name) VALUES(1580, 315, 'muricata');
INSERT INTO Plants(ID, familyID, name) VALUES(1581, 315, 'myrtifolia');
INSERT INTO Plants(ID, familyID, name) VALUES(1582, 315, 'neriifolia');
INSERT INTO Plants(ID, familyID, name) VALUES(1583, 315, 'nitidifolia');
INSERT INTO Plants(ID, familyID, name) VALUES(1584, 315, 'occidentalis');
INSERT INTO Plants(ID, familyID, name) VALUES(1585, 315, 'omalophylla');
INSERT INTO Plants(ID, familyID, name) VALUES(1586, 315, 'oshanesii');
INSERT INTO Plants(ID, familyID, name) VALUES(1587, 315, 'oviedoensis');
INSERT INTO Plants(ID, familyID, name) VALUES(1588, 315, 'pacensis');
INSERT INTO Plants(ID, familyID, name) VALUES(1589, 315, 'paraensis');
INSERT INTO Plants(ID, familyID, name) VALUES(1590, 315, 'parramattensis');
INSERT INTO Plants(ID, familyID, name) VALUES(1591, 315, 'parviflora');
INSERT INTO Plants(ID, familyID, name) VALUES(1592, 315, 'peninsularis');
INSERT INTO Plants(ID, familyID, name) VALUES(1593, 315, 'pennata');
INSERT INTO Plants(ID, familyID, name) VALUES(1594, 315, 'pennatula');
INSERT INTO Plants(ID, familyID, name) VALUES(1595, 315, 'penninervis');
INSERT INTO Plants(ID, familyID, name) VALUES(1596, 315, 'piauhiensis');
INSERT INTO Plants(ID, familyID, name) VALUES(1597, 315, 'picachensis');
INSERT INTO Plants(ID, familyID, name) VALUES(1598, 315, 'plumosa');
INSERT INTO Plants(ID, familyID, name) VALUES(1599, 315, 'podalyriifolia');
INSERT INTO Plants(ID, familyID, name) VALUES(1600, 315, 'polyacantha');
INSERT INTO Plants(ID, familyID, name) VALUES(1601, 315, 'polyphylla');
INSERT INTO Plants(ID, familyID, name) VALUES(1602, 315, 'polypyrigenes');
INSERT INTO Plants(ID, familyID, name) VALUES(1603, 315, 'potosina');
INSERT INTO Plants(ID, familyID, name) VALUES(1604, 315, 'pringlei');
INSERT INTO Plants(ID, familyID, name) VALUES(1605, 315, 'pubescens');
INSERT INTO Plants(ID, familyID, name) VALUES(1606, 315, 'pulchella');
INSERT INTO Plants(ID, familyID, name) VALUES(1607, 315, 'pycnantha');
INSERT INTO Plants(ID, familyID, name) VALUES(1608, 315, 'retinodes');
INSERT INTO Plants(ID, familyID, name) VALUES(1609, 315, 'rigidula');
INSERT INTO Plants(ID, familyID, name) VALUES(1610, 315, 'robusta');
INSERT INTO Plants(ID, familyID, name) VALUES(1611, 315, 'roigii');
INSERT INTO Plants(ID, familyID, name) VALUES(1612, 315, 'rorudiana');
INSERT INTO Plants(ID, familyID, name) VALUES(1613, 315, 'rubida');
INSERT INTO Plants(ID, familyID, name) VALUES(1614, 315, 'ruddiae');
INSERT INTO Plants(ID, familyID, name) VALUES(1615, 315, 'saligna');
INSERT INTO Plants(ID, familyID, name) VALUES(1616, 315, 'schaffneri');
INSERT INTO Plants(ID, familyID, name) VALUES(1617, 315, 'schottii');
INSERT INTO Plants(ID, familyID, name) VALUES(1618, 315, 'semirigida');
INSERT INTO Plants(ID, familyID, name) VALUES(1619, 315, 'serra');
INSERT INTO Plants(ID, familyID, name) VALUES(1620, 315, 'shirleyi');
INSERT INTO Plants(ID, familyID, name) VALUES(1621, 315, 'soratensis');
INSERT INTO Plants(ID, familyID, name) VALUES(1622, 315, 'spadicifera');
INSERT INTO Plants(ID, familyID, name) VALUES(1623, 315, 'sphaerocephala');
INSERT INTO Plants(ID, familyID, name) VALUES(1624, 315, 'stenophylla');
INSERT INTO Plants(ID, familyID, name) VALUES(1625, 315, 'stowardii');
INSERT INTO Plants(ID, familyID, name) VALUES(1626, 315, 'suaveolens');
INSERT INTO Plants(ID, familyID, name) VALUES(1627, 315, 'subangulata');
INSERT INTO Plants(ID, familyID, name) VALUES(1628, 315, 'subulata');
INSERT INTO Plants(ID, familyID, name) VALUES(1629, 315, 'tamarindifolia');
INSERT INTO Plants(ID, familyID, name) VALUES(1630, 315, 'telensis');
INSERT INTO Plants(ID, familyID, name) VALUES(1631, 315, 'tenuifolia');
INSERT INTO Plants(ID, familyID, name) VALUES(1632, 315, 'terminalis');
INSERT INTO Plants(ID, familyID, name) VALUES(1633, 315, 'tetragonophylla');
INSERT INTO Plants(ID, familyID, name) VALUES(1634, 315, 'tomentella');
INSERT INTO Plants(ID, familyID, name) VALUES(1635, 315, 'tortuosa');
INSERT INTO Plants(ID, familyID, name) VALUES(1636, 315, 'triptera');
INSERT INTO Plants(ID, familyID, name) VALUES(1637, 315, 'ulcifolia');
INSERT INTO Plants(ID, familyID, name) VALUES(1638, 315, 'uncinella');
INSERT INTO Plants(ID, familyID, name) VALUES(1639, 315, 'villosa');
INSERT INTO Plants(ID, familyID, name) VALUES(1640, 315, 'wildenowiana');
INSERT INTO Plants(ID, familyID, name) VALUES(1641, 315, 'zapatensis');
INSERT INTO Families(ID, typeID, name) VALUES(316, 1, 'Adenanthera');
INSERT INTO Plants(ID, familyID, name) VALUES(1642, 316, 'colubin');
INSERT INTO Plants(ID, familyID, name) VALUES(1643, 316, 'pavonina');
INSERT INTO Plants(ID, familyID, name) VALUES(1644, 316, 'spahaerocephala');
INSERT INTO Families(ID, typeID, name) VALUES(317, 1, 'Affonsea');
INSERT INTO Plants(ID, familyID, name) VALUES(1645, 317, 'hirsuta');
INSERT INTO Plants(ID, familyID, name) VALUES(1646, 317, 'sp.');
INSERT INTO Families(ID, typeID, name) VALUES(318, 4, 'Albizia');
INSERT INTO Plants(ID, familyID, name) VALUES(1647, 318, 'adinocephala');
INSERT INTO Plants(ID, familyID, name) VALUES(1648, 318, 'amara');
INSERT INTO Plants(ID, familyID, name) VALUES(1649, 318, 'caribeae');
INSERT INTO Plants(ID, familyID, name) VALUES(1650, 318, 'chinensis');
INSERT INTO Plants(ID, familyID, name) VALUES(1651, 318, 'coreana');
INSERT INTO Plants(ID, familyID, name) VALUES(1652, 318, 'corniculata');
INSERT INTO Plants(ID, familyID, name) VALUES(1653, 318, 'falcataria');
INSERT INTO Plants(ID, familyID, name) VALUES(1654, 318, 'guachapele');
INSERT INTO Plants(ID, familyID, name) VALUES(1655, 318, 'idiopoda');
INSERT INTO Plants(ID, familyID, name) VALUES(1656, 318, 'julibrissin');
INSERT INTO Plants(ID, familyID, name) VALUES(1657, 318, 'lebbeck');
INSERT INTO Plants(ID, familyID, name) VALUES(1658, 318, 'lebbekoides');
INSERT INTO Plants(ID, familyID, name) VALUES(1659, 318, 'lophantha');
INSERT INTO Plants(ID, familyID, name) VALUES(1660, 318, 'moluccana');
INSERT INTO Plants(ID, familyID, name) VALUES(1661, 318, 'pedicellata');
INSERT INTO Plants(ID, familyID, name) VALUES(1662, 318, 'procera');
INSERT INTO Plants(ID, familyID, name) VALUES(1663, 318, 'retusa');
INSERT INTO Plants(ID, familyID, name) VALUES(1664, 318, 'saponaria');
INSERT INTO Plants(ID, familyID, name) VALUES(1665, 318, 'sp.');
INSERT INTO Plants(ID, familyID, name) VALUES(1666, 318, 'stipulata');
INSERT INTO Families(ID, typeID, name) VALUES(319, 1, 'Alexa');
INSERT INTO Plants(ID, familyID, name) VALUES(1667, 319, 'canaracuensis');
INSERT INTO Plants(ID, familyID, name) VALUES(1668, 319, 'grandiflora');
INSERT INTO Plants(ID, familyID, name) VALUES(1669, 319, 'wachenheimii');
INSERT INTO Families(ID, typeID, name) VALUES(320, 1, 'Anadenanthera');
INSERT INTO Plants(ID, familyID, name) VALUES(1670, 320, 'colubrina');
INSERT INTO Plants(ID, familyID, name) VALUES(1671, 320, 'falcata');
INSERT INTO Plants(ID, familyID, name) VALUES(1672, 320, 'sp.');
INSERT INTO Families(ID, typeID, name) VALUES(321, 2, 'Apios');
INSERT INTO Plants(ID, familyID, name) VALUES(1673, 321, 'americana');
INSERT INTO Families(ID, typeID, name) VALUES(322, 1, 'Apuleia');
INSERT INTO Plants(ID, familyID, name) VALUES(1674, 322, 'sp.');
INSERT INTO Families(ID, typeID, name) VALUES(323, 1, 'Archidendron');
INSERT INTO Plants(ID, familyID, name) VALUES(1675, 323, 'bubalinum');
INSERT INTO Plants(ID, familyID, name) VALUES(1676, 323, 'calycinum');
INSERT INTO Plants(ID, familyID, name) VALUES(1677, 323, 'dypearia');
INSERT INTO Plants(ID, familyID, name) VALUES(1678, 323, 'globosum');
INSERT INTO Plants(ID, familyID, name) VALUES(1679, 323, 'kerrii');
INSERT INTO Plants(ID, familyID, name) VALUES(1680, 323, 'lucidum');
INSERT INTO Plants(ID, familyID, name) VALUES(1681, 323, 'macrocarpum');
INSERT INTO Plants(ID, familyID, name) VALUES(1682, 323, 'ramiflorum');
INSERT INTO Plants(ID, familyID, name) VALUES(1683, 323, 'sp.');
INSERT INTO Plants(ID, familyID, name) VALUES(1684, 323, 'utile');
INSERT INTO Families(ID, typeID, name) VALUES(324, 1, 'Arthrosamanea');
INSERT INTO Plants(ID, familyID, name) VALUES(1685, 324, 'altissima');
INSERT INTO Families(ID, typeID, name) VALUES(325, 4, 'Balizia');
INSERT INTO Plants(ID, familyID, name) VALUES(1686, 325, 'peticilaris');
INSERT INTO Families(ID, typeID, name) VALUES(326, 1, 'Baptisia');
INSERT INTO Plants(ID, familyID, name) VALUES(1687, 326, 'leucophylla');
INSERT INTO Families(ID, typeID, name) VALUES(327, 1, 'Bauhinia');
INSERT INTO Plants(ID, familyID, name) VALUES(1688, 327, 'blakeana');
INSERT INTO Plants(ID, familyID, name) VALUES(1689, 327, 'cheilantha');
INSERT INTO Plants(ID, familyID, name) VALUES(1690, 327, 'pauletia');
INSERT INTO Plants(ID, familyID, name) VALUES(1691, 327, 'rufa');
INSERT INTO Plants(ID, familyID, name) VALUES(1692, 327, 'ungulata');
INSERT INTO Families(ID, typeID, name) VALUES(328, 1, 'Brownea');
INSERT INTO Plants(ID, familyID, name) VALUES(1693, 328, 'grandiceps');
INSERT INTO Plants(ID, familyID, name) VALUES(1694, 328, 'macrophylla');
INSERT INTO Plants(ID, familyID, name) VALUES(1695, 328, 'sp.');
INSERT INTO Families(ID, typeID, name) VALUES(329, 1, 'Caesalpinia');
INSERT INTO Plants(ID, familyID, name) VALUES(1696, 329, 'bondoc');
INSERT INTO Plants(ID, familyID, name) VALUES(1697, 329, 'crista');
INSERT INTO Plants(ID, familyID, name) VALUES(1698, 329, 'cucullatum');
INSERT INTO Plants(ID, familyID, name) VALUES(1699, 329, 'gilliesii');
INSERT INTO Plants(ID, familyID, name) VALUES(1700, 329, 'japonica');
INSERT INTO Families(ID, typeID, name) VALUES(330, 1, 'Calliandra');
INSERT INTO Plants(ID, familyID, name) VALUES(1701, 330, 'haematomma');
INSERT INTO Plants(ID, familyID, name) VALUES(1702, 330, 'sp.');
INSERT INTO Families(ID, typeID, name) VALUES(331, 2, 'Calopogonium');
INSERT INTO Plants(ID, familyID, name) VALUES(1703, 331, 'caeruleum');
INSERT INTO Families(ID, typeID, name) VALUES(332, 1, 'Calpocalyx');
INSERT INTO Plants(ID, familyID, name) VALUES(1704, 332, 'sp.');
INSERT INTO Families(ID, typeID, name) VALUES(333, 1, 'Canavalia');
INSERT INTO Plants(ID, familyID, name) VALUES(1705, 333, 'gladiata');
INSERT INTO Plants(ID, familyID, name) VALUES(1706, 333, 'lineata');
INSERT INTO Plants(ID, familyID, name) VALUES(1707, 333, 'maritima');
INSERT INTO Plants(ID, familyID, name) VALUES(1708, 333, 'rosea');
INSERT INTO Families(ID, typeID, name) VALUES(334, 1, 'Cassia');
INSERT INTO Plants(ID, familyID, name) VALUES(1709, 334, 'absus');
INSERT INTO Plants(ID, familyID, name) VALUES(1710, 334, 'acutifolia');
INSERT INTO Plants(ID, familyID, name) VALUES(1711, 334, 'apoucouita');
INSERT INTO Plants(ID, familyID, name) VALUES(1712, 334, 'artemisioides');
INSERT INTO Plants(ID, familyID, name) VALUES(1713, 334, 'atroglandulosa');
INSERT INTO Plants(ID, familyID, name) VALUES(1714, 334, 'auriculata');
INSERT INTO Plants(ID, familyID, name) VALUES(1715, 334, 'bacillaris');
INSERT INTO Plants(ID, familyID, name) VALUES(1716, 334, 'bicapsularis');
INSERT INTO Plants(ID, familyID, name) VALUES(1717, 334, 'biflora');
INSERT INTO Plants(ID, familyID, name) VALUES(1718, 334, 'calyciodes');
INSERT INTO Plants(ID, familyID, name) VALUES(1719, 334, 'canca');
INSERT INTO Plants(ID, familyID, name) VALUES(1720, 334, 'chaemaecrista');
INSERT INTO Plants(ID, familyID, name) VALUES(1721, 334, 'colubrina');
INSERT INTO Plants(ID, familyID, name) VALUES(1722, 334, 'coluteoides');
INSERT INTO Plants(ID, familyID, name) VALUES(1723, 334, 'covesii');
INSERT INTO Plants(ID, familyID, name) VALUES(1724, 334, 'dimidists');
INSERT INTO Plants(ID, familyID, name) VALUES(1725, 334, 'divaricata');
INSERT INTO Plants(ID, familyID, name) VALUES(1726, 334, 'floribunda');
INSERT INTO Plants(ID, familyID, name) VALUES(1727, 334, 'fruticosa');
INSERT INTO Plants(ID, familyID, name) VALUES(1728, 334, 'gaudichaudi');
INSERT INTO Plants(ID, familyID, name) VALUES(1729, 334, 'glandulosa');
INSERT INTO Plants(ID, familyID, name) VALUES(1730, 334, 'glauca');
INSERT INTO Plants(ID, familyID, name) VALUES(1731, 334, 'hebecarpa');
INSERT INTO Plants(ID, familyID, name) VALUES(1732, 334, 'hochstetterii');
INSERT INTO Plants(ID, familyID, name) VALUES(1733, 334, 'hookeriana');
INSERT INTO Plants(ID, familyID, name) VALUES(1734, 334, 'kleinei');
INSERT INTO Plants(ID, familyID, name) VALUES(1735, 334, 'laevigata');
INSERT INTO Plants(ID, familyID, name) VALUES(1736, 334, 'leptocarpa');
INSERT INTO Plants(ID, familyID, name) VALUES(1737, 334, 'leschenaultiana');
INSERT INTO Plants(ID, familyID, name) VALUES(1738, 334, 'marilandica');
INSERT INTO Plants(ID, familyID, name) VALUES(1739, 334, 'mimosoides');
INSERT INTO Plants(ID, familyID, name) VALUES(1740, 334, 'mindanaensis');
INSERT INTO Plants(ID, familyID, name) VALUES(1741, 334, 'multijuga');
INSERT INTO Plants(ID, familyID, name) VALUES(1742, 334, 'negrensis');
INSERT INTO Plants(ID, familyID, name) VALUES(1743, 334, 'nictitans');
INSERT INTO Plants(ID, familyID, name) VALUES(1744, 334, 'obtusifolia');
INSERT INTO Plants(ID, familyID, name) VALUES(1745, 334, 'occidentalis');
INSERT INTO Plants(ID, familyID, name) VALUES(1746, 334, 'oxyphylla');
INSERT INTO Plants(ID, familyID, name) VALUES(1747, 334, 'patellaria');
INSERT INTO Plants(ID, familyID, name) VALUES(1748, 334, 'phyllodinea');
INSERT INTO Plants(ID, familyID, name) VALUES(1749, 334, 'pumila');
INSERT INTO Plants(ID, familyID, name) VALUES(1750, 334, 'reticulata');
INSERT INTO Plants(ID, familyID, name) VALUES(1751, 334, 'rugosa');
INSERT INTO Plants(ID, familyID, name) VALUES(1752, 334, 'sophora');
INSERT INTO Plants(ID, familyID, name) VALUES(1753, 334, 'speciosa');
INSERT INTO Plants(ID, familyID, name) VALUES(1754, 334, 'stenocarpa');
INSERT INTO Plants(ID, familyID, name) VALUES(1755, 334, 'sturtii');
INSERT INTO Plants(ID, familyID, name) VALUES(1756, 334, 'surattensis');
INSERT INTO Plants(ID, familyID, name) VALUES(1757, 334, 'tomentosa');
INSERT INTO Plants(ID, familyID, name) VALUES(1758, 334, 'tora');
INSERT INTO Plants(ID, familyID, name) VALUES(1759, 334, 'uniflora');
INSERT INTO Families(ID, typeID, name) VALUES(335, 4, 'Castanospermum');
INSERT INTO Plants(ID, familyID, name) VALUES(1760, 335, 'australe');
INSERT INTO Families(ID, typeID, name) VALUES(336, 4, 'Centrolobium');
INSERT INTO Plants(ID, familyID, name) VALUES(1761, 336, 'paraense');
INSERT INTO Families(ID, typeID, name) VALUES(337, 1, 'Chamaecrista');
INSERT INTO Plants(ID, familyID, name) VALUES(1762, 337, 'amorimii');
INSERT INTO Plants(ID, familyID, name) VALUES(1763, 337, 'blanchetii');
INSERT INTO Plants(ID, familyID, name) VALUES(1764, 337, 'brachystachya');
INSERT INTO Plants(ID, familyID, name) VALUES(1765, 337, 'calycioides');
INSERT INTO Plants(ID, familyID, name) VALUES(1766, 337, 'chamaecristoides');
INSERT INTO Plants(ID, familyID, name) VALUES(1767, 337, 'choriophylla');
INSERT INTO Plants(ID, familyID, name) VALUES(1768, 337, 'confertiformis');
INSERT INTO Plants(ID, familyID, name) VALUES(1769, 337, 'coriacea');
INSERT INTO Plants(ID, familyID, name) VALUES(1770, 337, 'cystoides');
INSERT INTO Plants(ID, familyID, name) VALUES(1771, 337, 'debilis');
INSERT INTO Plants(ID, familyID, name) VALUES(1772, 337, 'decora');
INSERT INTO Plants(ID, familyID, name) VALUES(1773, 337, 'depauperata');
INSERT INTO Plants(ID, familyID, name) VALUES(1774, 337, 'desvauxii');
INSERT INTO Plants(ID, familyID, name) VALUES(1775, 337, 'diphylla');
INSERT INTO Plants(ID, familyID, name) VALUES(1776, 337, 'fasciculata');
INSERT INTO Plants(ID, familyID, name) VALUES(1777, 337, 'flexuosa');
INSERT INTO Plants(ID, familyID, name) VALUES(1778, 337, 'mucronata');
INSERT INTO Plants(ID, familyID, name) VALUES(1779, 337, 'nictitans');
INSERT INTO Plants(ID, familyID, name) VALUES(1780, 337, 'olesiphylla');
INSERT INTO Plants(ID, familyID, name) VALUES(1781, 337, 'onusta');
INSERT INTO Plants(ID, familyID, name) VALUES(1782, 337, 'pascuorum');
INSERT INTO Plants(ID, familyID, name) VALUES(1783, 337, 'pilosa');
INSERT INTO Plants(ID, familyID, name) VALUES(1784, 337, 'potentilla');
INSERT INTO Plants(ID, familyID, name) VALUES(1785, 337, 'serpens');
INSERT INTO Plants(ID, familyID, name) VALUES(1786, 337, 'supplex');
INSERT INTO Plants(ID, familyID, name) VALUES(1787, 337, 'unijuga');
INSERT INTO Families(ID, typeID, name) VALUES(338, 3, 'Chamaefistula');
INSERT INTO Plants(ID, familyID, name) VALUES(1788, 338, 'amabilis');
INSERT INTO Plants(ID, familyID, name) VALUES(1789, 338, 'antillana');
INSERT INTO Plants(ID, familyID, name) VALUES(1790, 338, 'elegans');
INSERT INTO Families(ID, typeID, name) VALUES(339, 1, 'Chloroleucon');
INSERT INTO Plants(ID, familyID, name) VALUES(1791, 339, 'dumosum');
INSERT INTO Plants(ID, familyID, name) VALUES(1792, 339, 'foliolosum');
INSERT INTO Families(ID, typeID, name) VALUES(340, 1, 'Crotalaria');
INSERT INTO Plants(ID, familyID, name) VALUES(1793, 340, 'anagyroides');
INSERT INTO Plants(ID, familyID, name) VALUES(1794, 340, 'incana');
INSERT INTO Plants(ID, familyID, name) VALUES(1795, 340, 'maypurensis');
INSERT INTO Plants(ID, familyID, name) VALUES(1796, 340, 'murcronata');
INSERT INTO Plants(ID, familyID, name) VALUES(1797, 340, 'pallida');
INSERT INTO Plants(ID, familyID, name) VALUES(1798, 340, 'pumila');
INSERT INTO Plants(ID, familyID, name) VALUES(1799, 340, 'sp.');
INSERT INTO Families(ID, typeID, name) VALUES(341, 1, 'Cylicodiscus');
INSERT INTO Plants(ID, familyID, name) VALUES(1800, 341, 'sp.');
INSERT INTO Families(ID, typeID, name) VALUES(342, 1, 'Cylista');
INSERT INTO Plants(ID, familyID, name) VALUES(1801, 342, 'sp.');
INSERT INTO Families(ID, typeID, name) VALUES(343, 1, 'Delonix');
INSERT INTO Plants(ID, familyID, name) VALUES(1802, 343, 'adansonioides');
INSERT INTO Plants(ID, familyID, name) VALUES(1803, 343, 'regia');
INSERT INTO Plants(ID, familyID, name) VALUES(1804, 343, 'sp.');
INSERT INTO Families(ID, typeID, name) VALUES(344, 1, 'Desmanthus');
INSERT INTO Plants(ID, familyID, name) VALUES(1805, 344, 'bicornatus');
INSERT INTO Plants(ID, familyID, name) VALUES(1806, 344, 'illinoisensis');
INSERT INTO Plants(ID, familyID, name) VALUES(1807, 344, 'leptolobus');
INSERT INTO Plants(ID, familyID, name) VALUES(1808, 344, 'most spp.');
INSERT INTO Plants(ID, familyID, name) VALUES(1809, 344, 'pernambucanus');
INSERT INTO Plants(ID, familyID, name) VALUES(1810, 344, 'virgatus');
INSERT INTO Families(ID, typeID, name) VALUES(345, 1, 'Dialium');
INSERT INTO Plants(ID, familyID, name) VALUES(1811, 345, 'sp.');
INSERT INTO Families(ID, typeID, name) VALUES(346, 1, 'Dichrostachys');
INSERT INTO Plants(ID, familyID, name) VALUES(1812, 346, 'glomerata');
INSERT INTO Plants(ID, familyID, name) VALUES(1813, 346, 'sp.');
INSERT INTO Families(ID, typeID, name) VALUES(347, 6, 'Dioclea');
INSERT INTO Plants(ID, familyID, name) VALUES(1814, 347, 'cf. elliptica');
INSERT INTO Plants(ID, familyID, name) VALUES(1815, 347, 'spp.');
INSERT INTO Families(ID, typeID, name) VALUES(348, 1, 'Dipteryx');
INSERT INTO Plants(ID, familyID, name) VALUES(1816, 348, 'sp.');
INSERT INTO Families(ID, typeID, name) VALUES(349, 1, 'Dolichos');
INSERT INTO Plants(ID, familyID, name) VALUES(1817, 349, 'bicontortus');
INSERT INTO Plants(ID, familyID, name) VALUES(1818, 349, 'lablab');
INSERT INTO Plants(ID, familyID, name) VALUES(1819, 349, 'leucomelas');
INSERT INTO Plants(ID, familyID, name) VALUES(1820, 349, 'melanophtalmus');
INSERT INTO Plants(ID, familyID, name) VALUES(1821, 349, 'sesquipedalis');
INSERT INTO Plants(ID, familyID, name) VALUES(1822, 349, 'sinensis');
INSERT INTO Families(ID, typeID, name) VALUES(350, 1, 'Dunbaria');
INSERT INTO Plants(ID, familyID, name) VALUES(1823, 350, 'fusca');
INSERT INTO Plants(ID, familyID, name) VALUES(1824, 350, 'podocarpa');
INSERT INTO Plants(ID, familyID, name) VALUES(1825, 350, 'rotundifolia');
INSERT INTO Plants(ID, familyID, name) VALUES(1826, 350, 'sp.');
INSERT INTO Families(ID, typeID, name) VALUES(351, 7, 'Entada');
INSERT INTO Plants(ID, familyID, name) VALUES(1827, 351, 'phaseoloides');
INSERT INTO Plants(ID, familyID, name) VALUES(1828, 351, 'sp.');
INSERT INTO Families(ID, typeID, name) VALUES(352, 1, 'Enterolobium');
INSERT INTO Plants(ID, familyID, name) VALUES(1829, 352, 'contortisiliquum');
INSERT INTO Plants(ID, familyID, name) VALUES(1830, 352, 'cyclocarpum');
INSERT INTO Plants(ID, familyID, name) VALUES(1831, 352, 'gummiferum');
INSERT INTO Plants(ID, familyID, name) VALUES(1832, 352, 'schomburgkii');
INSERT INTO Families(ID, typeID, name) VALUES(353, 1, 'Erythrina');
INSERT INTO Plants(ID, familyID, name) VALUES(1833, 353, 'abyssinica');
INSERT INTO Plants(ID, familyID, name) VALUES(1834, 353, 'berteroana');
INSERT INTO Plants(ID, familyID, name) VALUES(1835, 353, 'caffra');
INSERT INTO Plants(ID, familyID, name) VALUES(1836, 353, 'crista-galli');
INSERT INTO Plants(ID, familyID, name) VALUES(1837, 353, 'flabelliformis');
INSERT INTO Plants(ID, familyID, name) VALUES(1838, 353, 'fusca');
INSERT INTO Plants(ID, familyID, name) VALUES(1839, 353, 'greenwayi');
INSERT INTO Plants(ID, familyID, name) VALUES(1840, 353, 'hastifolia');
INSERT INTO Plants(ID, familyID, name) VALUES(1841, 353, 'herbacea');
INSERT INTO Plants(ID, familyID, name) VALUES(1842, 353, 'lysistemon');
INSERT INTO Plants(ID, familyID, name) VALUES(1843, 353, 'macropteryx');
INSERT INTO Plants(ID, familyID, name) VALUES(1844, 353, 'pallida');
INSERT INTO Plants(ID, familyID, name) VALUES(1845, 353, 'poeppigiana');
INSERT INTO Plants(ID, familyID, name) VALUES(1846, 353, 'rubrinervia');
INSERT INTO Plants(ID, familyID, name) VALUES(1847, 353, 'speciosa');
INSERT INTO Plants(ID, familyID, name) VALUES(1848, 353, 'subumbrans');
INSERT INTO Plants(ID, familyID, name) VALUES(1849, 353, 'tahitensis');
INSERT INTO Plants(ID, familyID, name) VALUES(1850, 353, 'tomentosa');
INSERT INTO Plants(ID, familyID, name) VALUES(1851, 353, 'variegata');
INSERT INTO Plants(ID, familyID, name) VALUES(1852, 353, 'velutina');
INSERT INTO Plants(ID, familyID, name) VALUES(1853, 353, 'vespertillo');
INSERT INTO Families(ID, typeID, name) VALUES(354, 1, 'Erythrophleum');
INSERT INTO Plants(ID, familyID, name) VALUES(1854, 354, 'africanum');
INSERT INTO Plants(ID, familyID, name) VALUES(1855, 354, 'densiflorum');
INSERT INTO Plants(ID, familyID, name) VALUES(1856, 354, 'fordii');
INSERT INTO Plants(ID, familyID, name) VALUES(1857, 354, 'guineense');
INSERT INTO Plants(ID, familyID, name) VALUES(1858, 354, 'ivorense');
INSERT INTO Plants(ID, familyID, name) VALUES(1859, 354, 'suaveolens');
INSERT INTO Plants(ID, familyID, name) VALUES(1860, 354, 'teysmannii');
INSERT INTO Families(ID, typeID, name) VALUES(355, 4, 'Faidherbia');
INSERT INTO Plants(ID, familyID, name) VALUES(1861, 355, 'albida');
INSERT INTO Families(ID, typeID, name) VALUES(356, 1, 'Gagnebina');
INSERT INTO Plants(ID, familyID, name) VALUES(1862, 356, 'sp.');
INSERT INTO Families(ID, typeID, name) VALUES(357, 1, 'Gilbertiodendron');
INSERT INTO Plants(ID, familyID, name) VALUES(1863, 357, 'couminga');
INSERT INTO Plants(ID, familyID, name) VALUES(1864, 357, 'limba');
INSERT INTO Plants(ID, familyID, name) VALUES(1865, 357, 'oogouense');
INSERT INTO Families(ID, typeID, name) VALUES(358, 1, 'Glottidium');
INSERT INTO Plants(ID, familyID, name) VALUES(1866, 358, 'sp.');
INSERT INTO Families(ID, typeID, name) VALUES(359, 1, 'Glycine');
INSERT INTO Plants(ID, familyID, name) VALUES(1867, 359, 'sinensis');
INSERT INTO Families(ID, typeID, name) VALUES(360, 1, 'Glycyrrhiza');
INSERT INTO Plants(ID, familyID, name) VALUES(1868, 360, 'lepidota');
INSERT INTO Families(ID, typeID, name) VALUES(361, 1, 'Goldmania');
INSERT INTO Plants(ID, familyID, name) VALUES(1869, 361, 'sp.');
INSERT INTO Families(ID, typeID, name) VALUES(362, 1, 'Hardenbergia');
INSERT INTO Plants(ID, familyID, name) VALUES(1870, 362, 'comptoniana');
INSERT INTO Plants(ID, familyID, name) VALUES(1871, 362, 'sp.');
INSERT INTO Families(ID, typeID, name) VALUES(363, 1, 'Heterostemon');
INSERT INTO Plants(ID, familyID, name) VALUES(1872, 363, 'sp.');
INSERT INTO Families(ID, typeID, name) VALUES(364, 1, 'Hippocrepis');
INSERT INTO Plants(ID, familyID, name) VALUES(1873, 364, 'bicontorta');
INSERT INTO Plants(ID, familyID, name) VALUES(1874, 364, 'biflora');
INSERT INTO Plants(ID, familyID, name) VALUES(1875, 364, 'brevipetala');
INSERT INTO Plants(ID, familyID, name) VALUES(1876, 364, 'ciliata');
INSERT INTO Plants(ID, familyID, name) VALUES(1877, 364, 'constricta');
INSERT INTO Plants(ID, familyID, name) VALUES(1878, 364, 'cyclocarpa');
INSERT INTO Plants(ID, familyID, name) VALUES(1879, 364, 'maura');
INSERT INTO Plants(ID, familyID, name) VALUES(1880, 364, 'multisiliquosa');
INSERT INTO Plants(ID, familyID, name) VALUES(1881, 364, 'salzmanni');
INSERT INTO Plants(ID, familyID, name) VALUES(1882, 364, 'sp.');
INSERT INTO Plants(ID, familyID, name) VALUES(1883, 364, 'unisiliquosa');
INSERT INTO Families(ID, typeID, name) VALUES(365, 4, 'Humboldtia');
INSERT INTO Plants(ID, familyID, name) VALUES(1884, 365, 'brunonis');
INSERT INTO Plants(ID, familyID, name) VALUES(1885, 365, 'laurifolia');
INSERT INTO Plants(ID, familyID, name) VALUES(1886, 365, 'spp.');
INSERT INTO Families(ID, typeID, name) VALUES(366, 1, 'Hymenaea');
INSERT INTO Plants(ID, familyID, name) VALUES(1887, 366, 'courbaril');
INSERT INTO Plants(ID, familyID, name) VALUES(1888, 366, 'sp.');
INSERT INTO Plants(ID, familyID, name) VALUES(1889, 366, 'stigonocarpa');
INSERT INTO Families(ID, typeID, name) VALUES(367, 1, 'Indigofera');
INSERT INTO Plants(ID, familyID, name) VALUES(1890, 367, 'bainesii');
INSERT INTO Plants(ID, familyID, name) VALUES(1891, 367, 'basiflora');
INSERT INTO Plants(ID, familyID, name) VALUES(1892, 367, 'biglandulosa');
INSERT INTO Plants(ID, familyID, name) VALUES(1893, 367, 'brevipatentes');
INSERT INTO Plants(ID, familyID, name) VALUES(1894, 367, 'compressa');
INSERT INTO Plants(ID, familyID, name) VALUES(1895, 367, 'eremophila');
INSERT INTO Plants(ID, familyID, name) VALUES(1896, 367, 'erythrogramma');
INSERT INTO Plants(ID, familyID, name) VALUES(1897, 367, 'gairdnerse');
INSERT INTO Plants(ID, familyID, name) VALUES(1898, 367, 'glabra');
INSERT INTO Plants(ID, familyID, name) VALUES(1899, 367, 'hermannioides');
INSERT INTO Plants(ID, familyID, name) VALUES(1900, 367, 'inhambanensis');
INSERT INTO Plants(ID, familyID, name) VALUES(1901, 367, 'kirkii');
INSERT INTO Plants(ID, familyID, name) VALUES(1902, 367, 'monantha');
INSERT INTO Plants(ID, familyID, name) VALUES(1903, 367, 'mysorensis');
INSERT INTO Plants(ID, familyID, name) VALUES(1904, 367, 'nebrowniana');
INSERT INTO Plants(ID, familyID, name) VALUES(1905, 367, 'phymatodea');
INSERT INTO Plants(ID, familyID, name) VALUES(1906, 367, 'strobilifera');
INSERT INTO Plants(ID, familyID, name) VALUES(1907, 367, 'suaveolens');
INSERT INTO Plants(ID, familyID, name) VALUES(1908, 367, 'tanganyikensis');
INSERT INTO Plants(ID, familyID, name) VALUES(1909, 367, 'uniflora');
INSERT INTO Plants(ID, familyID, name) VALUES(1910, 367, 'vohemanarensis');
INSERT INTO Plants(ID, familyID, name) VALUES(1911, 367, 'wightii');
INSERT INTO Plants(ID, familyID, name) VALUES(1912, 367, 'wituensis');
INSERT INTO Families(ID, typeID, name) VALUES(368, 1, 'Indopiptadenia');
INSERT INTO Plants(ID, familyID, name) VALUES(1913, 368, 'sp.');
INSERT INTO Families(ID, typeID, name) VALUES(369, 1, 'Inga');
INSERT INTO Plants(ID, familyID, name) VALUES(1914, 369, 'acuminata');
INSERT INTO Plants(ID, familyID, name) VALUES(1915, 369, 'adenophylla');
INSERT INTO Plants(ID, familyID, name) VALUES(1916, 369, 'all 300 species?');
INSERT INTO Plants(ID, familyID, name) VALUES(1917, 369, 'brenesii');
INSERT INTO Plants(ID, familyID, name) VALUES(1918, 369, 'capitata');
INSERT INTO Plants(ID, familyID, name) VALUES(1919, 369, 'cocleensis');
INSERT INTO Plants(ID, familyID, name) VALUES(1920, 369, 'densiflora');
INSERT INTO Plants(ID, familyID, name) VALUES(1921, 369, 'edulis');
INSERT INTO Plants(ID, familyID, name) VALUES(1922, 369, 'fagifolia');
INSERT INTO Plants(ID, familyID, name) VALUES(1923, 369, 'fanchoniana');
INSERT INTO Plants(ID, familyID, name) VALUES(1924, 369, 'feuillei');
INSERT INTO Plants(ID, familyID, name) VALUES(1925, 369, 'goldmanii');
INSERT INTO Plants(ID, familyID, name) VALUES(1926, 369, 'hayesii');
INSERT INTO Plants(ID, familyID, name) VALUES(1927, 369, 'heterophylla');
INSERT INTO Plants(ID, familyID, name) VALUES(1928, 369, 'huberi');
INSERT INTO Plants(ID, familyID, name) VALUES(1929, 369, 'laurina');
INSERT INTO Plants(ID, familyID, name) VALUES(1930, 369, 'longispina');
INSERT INTO Plants(ID, familyID, name) VALUES(1931, 369, 'marginata');
INSERT INTO Plants(ID, familyID, name) VALUES(1932, 369, 'minutula');
INSERT INTO Plants(ID, familyID, name) VALUES(1933, 369, 'mortoniana');
INSERT INTO Plants(ID, familyID, name) VALUES(1934, 369, 'mucuna');
INSERT INTO Plants(ID, familyID, name) VALUES(1935, 369, 'multijuga');
INSERT INTO Plants(ID, familyID, name) VALUES(1936, 369, 'nobilis');
INSERT INTO Plants(ID, familyID, name) VALUES(1937, 369, 'oestediana');
INSERT INTO Plants(ID, familyID, name) VALUES(1938, 369, 'ornata');
INSERT INTO Plants(ID, familyID, name) VALUES(1939, 369, 'panaensis');
INSERT INTO Plants(ID, familyID, name) VALUES(1940, 369, 'paterno');
INSERT INTO Plants(ID, familyID, name) VALUES(1941, 369, 'pauciflora');
INSERT INTO Plants(ID, familyID, name) VALUES(1942, 369, 'pezizifera');
INSERT INTO Plants(ID, familyID, name) VALUES(1943, 369, 'punctata');
INSERT INTO Plants(ID, familyID, name) VALUES(1944, 369, 'quaternata');
INSERT INTO Plants(ID, familyID, name) VALUES(1945, 369, 'ruiziana');
INSERT INTO Plants(ID, familyID, name) VALUES(1946, 369, 'sapindoides');
INSERT INTO Plants(ID, familyID, name) VALUES(1947, 369, 'setulifera');
INSERT INTO Plants(ID, familyID, name) VALUES(1948, 369, 'spectabilis');
INSERT INTO Plants(ID, familyID, name) VALUES(1949, 369, 'spuria');
INSERT INTO Plants(ID, familyID, name) VALUES(1950, 369, 'stipularis');
INSERT INTO Plants(ID, familyID, name) VALUES(1951, 369, 'thibaultiana');
INSERT INTO Plants(ID, familyID, name) VALUES(1952, 369, 'tribaudina');
INSERT INTO Plants(ID, familyID, name) VALUES(1953, 369, 'umbellifera');
INSERT INTO Plants(ID, familyID, name) VALUES(1954, 369, 'unguis');
INSERT INTO Plants(ID, familyID, name) VALUES(1955, 369, 'uruguaensis');
INSERT INTO Plants(ID, familyID, name) VALUES(1956, 369, 'vera');
INSERT INTO Plants(ID, familyID, name) VALUES(1957, 369, 'villosissima');
INSERT INTO Families(ID, typeID, name) VALUES(370, 1, 'Lablab');
INSERT INTO Plants(ID, familyID, name) VALUES(1958, 370, 'sp. ');
INSERT INTO Plants(ID, familyID, name) VALUES(1959, 370, 'vulgaris');
INSERT INTO Families(ID, typeID, name) VALUES(371, 4, 'Leonardoxa');
INSERT INTO Plants(ID, familyID, name) VALUES(1960, 371, 'africana');
INSERT INTO Plants(ID, familyID, name) VALUES(1961, 371, 'spp.');
INSERT INTO Families(ID, typeID, name) VALUES(372, 1, 'Leucaena');
INSERT INTO Plants(ID, familyID, name) VALUES(1962, 372, 'esculenta');
INSERT INTO Plants(ID, familyID, name) VALUES(1963, 372, 'leucocephala');
INSERT INTO Plants(ID, familyID, name) VALUES(1964, 372, 'multicapitula');
INSERT INTO Plants(ID, familyID, name) VALUES(1965, 372, 'retusa');
INSERT INTO Families(ID, typeID, name) VALUES(373, 1, 'Libidibia');
INSERT INTO Plants(ID, familyID, name) VALUES(1966, 373, 'ferrea');
INSERT INTO Families(ID, typeID, name) VALUES(374, 1, 'Lotus');
INSERT INTO Plants(ID, familyID, name) VALUES(1967, 374, 'sp.');
INSERT INTO Families(ID, typeID, name) VALUES(375, 1, 'Lupinus');
INSERT INTO Plants(ID, familyID, name) VALUES(1968, 375, 'sp.');
INSERT INTO Families(ID, typeID, name) VALUES(376, 1, 'Lysiloma');
INSERT INTO Plants(ID, familyID, name) VALUES(1969, 376, 'latisiliqua');
INSERT INTO Plants(ID, familyID, name) VALUES(1970, 376, 'sabicu');
INSERT INTO Plants(ID, familyID, name) VALUES(1971, 376, 'thornberi');
INSERT INTO Families(ID, typeID, name) VALUES(377, 1, 'Macrolobium');
INSERT INTO Plants(ID, familyID, name) VALUES(1972, 377, 'sp.');
INSERT INTO Families(ID, typeID, name) VALUES(378, 1, 'Macroptilium');
INSERT INTO Plants(ID, familyID, name) VALUES(1973, 378, 'erythroloma');
INSERT INTO Families(ID, typeID, name) VALUES(379, 4, 'Mariosousa');
INSERT INTO Plants(ID, familyID, name) VALUES(1974, 379, 'acatlensis');
INSERT INTO Plants(ID, familyID, name) VALUES(1975, 379, 'centralis');
INSERT INTO Plants(ID, familyID, name) VALUES(1976, 379, 'compacta');
INSERT INTO Plants(ID, familyID, name) VALUES(1977, 379, 'coulteri');
INSERT INTO Plants(ID, familyID, name) VALUES(1978, 379, 'dolichostachya');
INSERT INTO Plants(ID, familyID, name) VALUES(1979, 379, 'durangensis');
INSERT INTO Plants(ID, familyID, name) VALUES(1980, 379, 'mammifera');
INSERT INTO Plants(ID, familyID, name) VALUES(1981, 379, 'millefolia');
INSERT INTO Plants(ID, familyID, name) VALUES(1982, 379, 'ruselliana');
INSERT INTO Plants(ID, familyID, name) VALUES(1983, 379, 'salazarii');
INSERT INTO Plants(ID, familyID, name) VALUES(1984, 379, 'sericea');
INSERT INTO Plants(ID, familyID, name) VALUES(1985, 379, 'usumacintensis');
INSERT INTO Plants(ID, familyID, name) VALUES(1986, 379, 'willardiana');
INSERT INTO Families(ID, typeID, name) VALUES(380, 1, 'Microlobius');
INSERT INTO Plants(ID, familyID, name) VALUES(1987, 380, 'foetidus');
INSERT INTO Families(ID, typeID, name) VALUES(381, 1, 'Mimosa');
INSERT INTO Plants(ID, familyID, name) VALUES(1988, 381, 'colombiana');
INSERT INTO Plants(ID, familyID, name) VALUES(1989, 381, 'guilandinae');
INSERT INTO Plants(ID, familyID, name) VALUES(1990, 381, 'irrigua');
INSERT INTO Plants(ID, familyID, name) VALUES(1991, 381, 'lepidophora');
INSERT INTO Plants(ID, familyID, name) VALUES(1992, 381, 'myriadena');
INSERT INTO Plants(ID, familyID, name) VALUES(1993, 381, 'nothacacia');
INSERT INTO Plants(ID, familyID, name) VALUES(1994, 381, 'pithecolobioides');
INSERT INTO Plants(ID, familyID, name) VALUES(1995, 381, 'revoluta');
INSERT INTO Plants(ID, familyID, name) VALUES(1996, 381, 'rufescens');
INSERT INTO Plants(ID, familyID, name) VALUES(1997, 381, 'townsendii');
INSERT INTO Plants(ID, familyID, name) VALUES(1998, 381, 'watsonii');
INSERT INTO Plants(ID, familyID, name) VALUES(1999, 381, 'xanthocentra');
INSERT INTO Families(ID, typeID, name) VALUES(382, 1, 'Mimozyganthus');
INSERT INTO Plants(ID, familyID, name) VALUES(2000, 382, 'sp.');
INSERT INTO Families(ID, typeID, name) VALUES(383, 1, 'Momoschisma');
INSERT INTO Plants(ID, familyID, name) VALUES(2001, 383, 'sp.');
INSERT INTO Families(ID, typeID, name) VALUES(384, 4, 'Monoptera');
INSERT INTO Plants(ID, familyID, name) VALUES(2002, 384, 'angustifolia');
INSERT INTO Plants(ID, familyID, name) VALUES(2003, 384, 'uaucu');
INSERT INTO Families(ID, typeID, name) VALUES(385, 7, 'Mucuna');
INSERT INTO Plants(ID, familyID, name) VALUES(2004, 385, 'gigantea');
INSERT INTO Plants(ID, familyID, name) VALUES(2005, 385, 'pruriens');
INSERT INTO Families(ID, typeID, name) VALUES(386, 1, 'Neptunia');
INSERT INTO Plants(ID, familyID, name) VALUES(2006, 386, 'plena');
INSERT INTO Families(ID, typeID, name) VALUES(387, 1, 'Newtonia');
INSERT INTO Plants(ID, familyID, name) VALUES(2007, 387, 'sp.');
INSERT INTO Families(ID, typeID, name) VALUES(388, 1, 'Parapiptadenia');
INSERT INTO Plants(ID, familyID, name) VALUES(2008, 388, 'aff. zehntneri');
INSERT INTO Plants(ID, familyID, name) VALUES(2009, 388, 'excelsa');
INSERT INTO Plants(ID, familyID, name) VALUES(2010, 388, 'sp.');
INSERT INTO Plants(ID, familyID, name) VALUES(2011, 388, 'zehntneri');
INSERT INTO Families(ID, typeID, name) VALUES(389, 3, 'Parkia');
INSERT INTO Plants(ID, familyID, name) VALUES(2012, 389, 'auriculata');
INSERT INTO Plants(ID, familyID, name) VALUES(2013, 389, 'bicolor');
INSERT INTO Plants(ID, familyID, name) VALUES(2014, 389, 'biglobosa');
INSERT INTO Plants(ID, familyID, name) VALUES(2015, 389, 'decussata');
INSERT INTO Plants(ID, familyID, name) VALUES(2016, 389, 'discolor');
INSERT INTO Plants(ID, familyID, name) VALUES(2017, 389, 'filicoidea');
INSERT INTO Plants(ID, familyID, name) VALUES(2018, 389, 'javanica');
INSERT INTO Plants(ID, familyID, name) VALUES(2019, 389, 'madagascariensis');
INSERT INTO Plants(ID, familyID, name) VALUES(2020, 389, 'nitida');
INSERT INTO Plants(ID, familyID, name) VALUES(2021, 389, 'oppositifolia');
INSERT INTO Plants(ID, familyID, name) VALUES(2022, 389, 'paraensis');
INSERT INTO Plants(ID, familyID, name) VALUES(2023, 389, 'pectinata');
INSERT INTO Plants(ID, familyID, name) VALUES(2024, 389, 'pendula');
INSERT INTO Plants(ID, familyID, name) VALUES(2025, 389, 'singularis');
INSERT INTO Plants(ID, familyID, name) VALUES(2026, 389, 'sp. ');
INSERT INTO Plants(ID, familyID, name) VALUES(2027, 389, 'streptocarpa');
INSERT INTO Plants(ID, familyID, name) VALUES(2028, 389, 'ulei');
INSERT INTO Families(ID, typeID, name) VALUES(390, 1, 'Pellegriniodendron');
INSERT INTO Plants(ID, familyID, name) VALUES(2029, 390, 'sp.');
INSERT INTO Families(ID, typeID, name) VALUES(391, 1, 'Pentaclethra');
INSERT INTO Plants(ID, familyID, name) VALUES(2030, 391, 'macroloba');
INSERT INTO Families(ID, typeID, name) VALUES(392, 1, 'Phaseolus');
INSERT INTO Plants(ID, familyID, name) VALUES(2031, 392, 'angularis');
INSERT INTO Plants(ID, familyID, name) VALUES(2032, 392, 'atropurpureus');
INSERT INTO Plants(ID, familyID, name) VALUES(2033, 392, 'calcaratus');
INSERT INTO Plants(ID, familyID, name) VALUES(2034, 392, 'caracalla');
INSERT INTO Plants(ID, familyID, name) VALUES(2035, 392, 'lunatus');
INSERT INTO Plants(ID, familyID, name) VALUES(2036, 392, 'multiflorus');
INSERT INTO Plants(ID, familyID, name) VALUES(2037, 392, 'nipponensis');
INSERT INTO Plants(ID, familyID, name) VALUES(2038, 392, 'radiatus');
INSERT INTO Plants(ID, familyID, name) VALUES(2039, 392, 'vividissimus');
INSERT INTO Plants(ID, familyID, name) VALUES(2040, 392, 'vulgaris');
INSERT INTO Families(ID, typeID, name) VALUES(393, 1, 'Physostigma');
INSERT INTO Plants(ID, familyID, name) VALUES(2041, 393, 'sp.');
INSERT INTO Families(ID, typeID, name) VALUES(394, 1, 'Piptadenia');
INSERT INTO Plants(ID, familyID, name) VALUES(2042, 394, 'adiantoides');
INSERT INTO Plants(ID, familyID, name) VALUES(2043, 394, 'buchtienii');
INSERT INTO Plants(ID, familyID, name) VALUES(2044, 394, 'flava');
INSERT INTO Plants(ID, familyID, name) VALUES(2045, 394, 'foederale');
INSERT INTO Plants(ID, familyID, name) VALUES(2046, 394, 'gonoacantha');
INSERT INTO Plants(ID, familyID, name) VALUES(2047, 394, 'leucoxylon');
INSERT INTO Plants(ID, familyID, name) VALUES(2048, 394, 'stipulacea');
INSERT INTO Plants(ID, familyID, name) VALUES(2049, 394, 'trisperma');
INSERT INTO Plants(ID, familyID, name) VALUES(2050, 394, 'viridiflora');
INSERT INTO Families(ID, typeID, name) VALUES(395, 4, 'Pithecellobium');
INSERT INTO Plants(ID, familyID, name) VALUES(2051, 395, 'barbourianum');
INSERT INTO Plants(ID, familyID, name) VALUES(2052, 395, 'brevifolium');
INSERT INTO Plants(ID, familyID, name) VALUES(2053, 395, 'clypearia');
INSERT INTO Plants(ID, familyID, name) VALUES(2054, 395, 'dinizzi');
INSERT INTO Plants(ID, familyID, name) VALUES(2055, 395, 'diversifolium');
INSERT INTO Plants(ID, familyID, name) VALUES(2056, 395, 'dulse');
INSERT INTO Plants(ID, familyID, name) VALUES(2057, 395, 'hymenaefolium');
INSERT INTO Plants(ID, familyID, name) VALUES(2058, 395, 'hystrix');
INSERT INTO Plants(ID, familyID, name) VALUES(2059, 395, 'lingustrinum');
INSERT INTO Plants(ID, familyID, name) VALUES(2060, 395, 'longifolium');
INSERT INTO Plants(ID, familyID, name) VALUES(2061, 395, 'macradenium');
INSERT INTO Plants(ID, familyID, name) VALUES(2062, 395, 'rufescens');
INSERT INTO Plants(ID, familyID, name) VALUES(2063, 395, 'saman');
INSERT INTO Plants(ID, familyID, name) VALUES(2064, 395, 'unguis-cati');
INSERT INTO Families(ID, typeID, name) VALUES(396, 1, 'Pityrocarpa');
INSERT INTO Plants(ID, familyID, name) VALUES(2065, 396, 'moniliformis');
INSERT INTO Plants(ID, familyID, name) VALUES(2066, 396, 'obliqua');
INSERT INTO Families(ID, typeID, name) VALUES(397, 1, 'Plathymenia');
INSERT INTO Plants(ID, familyID, name) VALUES(2067, 397, 'ptadenia');
INSERT INTO Plants(ID, familyID, name) VALUES(2068, 397, 'reticulata');
INSERT INTO Plants(ID, familyID, name) VALUES(2069, 397, 'sp.');
INSERT INTO Families(ID, typeID, name) VALUES(398, 4, 'Poinciana');
INSERT INTO Plants(ID, familyID, name) VALUES(2070, 398, 'regia');
INSERT INTO Families(ID, typeID, name) VALUES(399, 1, 'Poincianella');
INSERT INTO Plants(ID, familyID, name) VALUES(2071, 399, 'bracteosa');
INSERT INTO Plants(ID, familyID, name) VALUES(2072, 399, 'gardeneriana');
INSERT INTO Families(ID, typeID, name) VALUES(400, 1, 'Prosopidastrum');
INSERT INTO Plants(ID, familyID, name) VALUES(2073, 400, 'sp.');
INSERT INTO Families(ID, typeID, name) VALUES(401, 4, 'Prosopis');
INSERT INTO Plants(ID, familyID, name) VALUES(2074, 401, 'juliflora');
INSERT INTO Plants(ID, familyID, name) VALUES(2075, 401, 'pallida');
INSERT INTO Families(ID, typeID, name) VALUES(402, 1, 'Pseudoentada');
INSERT INTO Plants(ID, familyID, name) VALUES(2076, 402, 'sp.');
INSERT INTO Families(ID, typeID, name) VALUES(403, 1, 'Pseudopiptadenia');
INSERT INTO Plants(ID, familyID, name) VALUES(2077, 403, 'psilostachya');
INSERT INTO Plants(ID, familyID, name) VALUES(2078, 403, 'suaveolens');
INSERT INTO Families(ID, typeID, name) VALUES(404, 1, 'Psygostigma');
INSERT INTO Plants(ID, familyID, name) VALUES(2079, 404, 'sp.');
INSERT INTO Families(ID, typeID, name) VALUES(405, 7, 'Pueraria');
INSERT INTO Plants(ID, familyID, name) VALUES(2080, 405, 'montana');
INSERT INTO Plants(ID, familyID, name) VALUES(2081, 405, 'sp.');
INSERT INTO Families(ID, typeID, name) VALUES(406, 1, 'Rhynchosia');
INSERT INTO Plants(ID, familyID, name) VALUES(2082, 406, 'capitata');
INSERT INTO Plants(ID, familyID, name) VALUES(2083, 406, 'falconi');
INSERT INTO Plants(ID, familyID, name) VALUES(2084, 406, 'minima');
INSERT INTO Plants(ID, familyID, name) VALUES(2085, 406, 'nummularia');
INSERT INTO Families(ID, typeID, name) VALUES(407, 4, 'Robinia');
INSERT INTO Plants(ID, familyID, name) VALUES(2086, 407, 'pseudo-acacia');
INSERT INTO Plants(ID, familyID, name) VALUES(2087, 407, 'sp.');
INSERT INTO Families(ID, typeID, name) VALUES(408, 1, 'Samanea');
INSERT INTO Plants(ID, familyID, name) VALUES(2088, 408, 'dinklagei');
INSERT INTO Families(ID, typeID, name) VALUES(409, 3, 'Senegalia');
INSERT INTO Plants(ID, familyID, name) VALUES(2089, 409, 'bonariensis');
INSERT INTO Plants(ID, familyID, name) VALUES(2090, 409, 'catechu');
INSERT INTO Plants(ID, familyID, name) VALUES(2091, 409, 'etilis');
INSERT INTO Plants(ID, familyID, name) VALUES(2092, 409, 'kelloggiana');
INSERT INTO Plants(ID, familyID, name) VALUES(2093, 409, 'klugii');
INSERT INTO Plants(ID, familyID, name) VALUES(2094, 409, 'macbridei');
INSERT INTO Plants(ID, familyID, name) VALUES(2095, 409, 'modesta');
INSERT INTO Plants(ID, familyID, name) VALUES(2096, 409, 'monacantha');
INSERT INTO Plants(ID, familyID, name) VALUES(2097, 409, 'polyphylla');
INSERT INTO Plants(ID, familyID, name) VALUES(2098, 409, 'praecox');
INSERT INTO Plants(ID, familyID, name) VALUES(2099, 409, 'riparia');
INSERT INTO Plants(ID, familyID, name) VALUES(2100, 409, 'velutina');
INSERT INTO Plants(ID, familyID, name) VALUES(2101, 409, 'visco');
INSERT INTO Families(ID, typeID, name) VALUES(410, 1, 'Senna');
INSERT INTO Plants(ID, familyID, name) VALUES(2102, 410, 'acclinis');
INSERT INTO Plants(ID, familyID, name) VALUES(2103, 410, 'aciphylla');
INSERT INTO Plants(ID, familyID, name) VALUES(2104, 410, 'acuparata');
INSERT INTO Plants(ID, familyID, name) VALUES(2105, 410, 'acuruensis');
INSERT INTO Plants(ID, familyID, name) VALUES(2106, 410, 'affinis');
INSERT INTO Plants(ID, familyID, name) VALUES(2107, 410, 'angulata');
INSERT INTO Plants(ID, familyID, name) VALUES(2108, 410, 'angustisiliqua');
INSERT INTO Plants(ID, familyID, name) VALUES(2109, 410, 'aphylla');
INSERT INTO Plants(ID, familyID, name) VALUES(2110, 410, 'apiculata');
INSERT INTO Plants(ID, familyID, name) VALUES(2111, 410, 'apisdoneura');
INSERT INTO Plants(ID, familyID, name) VALUES(2112, 410, 'araucarietorum');
INSERT INTO Plants(ID, familyID, name) VALUES(2113, 410, 'argentea');
INSERT INTO Plants(ID, familyID, name) VALUES(2114, 410, 'arida');
INSERT INTO Plants(ID, familyID, name) VALUES(2115, 410, 'aristeguietae');
INSERT INTO Plants(ID, familyID, name) VALUES(2116, 410, 'armata');
INSERT INTO Plants(ID, familyID, name) VALUES(2117, 410, 'arnottiana');
INSERT INTO Plants(ID, familyID, name) VALUES(2118, 410, 'artemisioides');
INSERT INTO Plants(ID, familyID, name) VALUES(2119, 410, 'aurantia');
INSERT INTO Plants(ID, familyID, name) VALUES(2120, 410, 'australis');
INSERT INTO Plants(ID, familyID, name) VALUES(2121, 410, 'aversiflora');
INSERT INTO Plants(ID, familyID, name) VALUES(2122, 410, 'aymara');
INSERT INTO Plants(ID, familyID, name) VALUES(2123, 410, 'bacillaris');
INSERT INTO Plants(ID, familyID, name) VALUES(2124, 410, 'barclayana');
INSERT INTO Plants(ID, familyID, name) VALUES(2125, 410, 'bauhiniodes');
INSERT INTO Plants(ID, familyID, name) VALUES(2126, 410, 'benitoensis');
INSERT INTO Plants(ID, familyID, name) VALUES(2127, 410, 'bicapsularis');
INSERT INTO Plants(ID, familyID, name) VALUES(2128, 410, 'birostris');
INSERT INTO Plants(ID, familyID, name) VALUES(2129, 410, 'brongniartii');
INSERT INTO Plants(ID, familyID, name) VALUES(2130, 410, 'burkatiana');
INSERT INTO Plants(ID, familyID, name) VALUES(2131, 410, 'cajamarcae');
INSERT INTO Plants(ID, familyID, name) VALUES(2132, 410, 'cana');
INSERT INTO Plants(ID, familyID, name) VALUES(2133, 410, 'candolleana');
INSERT INTO Plants(ID, familyID, name) VALUES(2134, 410, 'cardiosperma');
INSERT INTO Plants(ID, familyID, name) VALUES(2135, 410, 'caudata');
INSERT INTO Plants(ID, familyID, name) VALUES(2136, 410, 'cernua');
INSERT INTO Plants(ID, familyID, name) VALUES(2137, 410, 'chacoensis');
INSERT INTO Plants(ID, familyID, name) VALUES(2138, 410, 'chloroclada');
INSERT INTO Plants(ID, familyID, name) VALUES(2139, 410, 'chrysocarpa');
INSERT INTO Plants(ID, familyID, name) VALUES(2140, 410, 'cobanensis');
INSERT INTO Plants(ID, familyID, name) VALUES(2141, 410, 'collicola');
INSERT INTO Plants(ID, familyID, name) VALUES(2142, 410, 'confinis');
INSERT INTO Plants(ID, familyID, name) VALUES(2143, 410, 'cornigera');
INSERT INTO Plants(ID, familyID, name) VALUES(2144, 410, 'coronilloides');
INSERT INTO Plants(ID, familyID, name) VALUES(2145, 410, 'corymbosa');
INSERT INTO Plants(ID, familyID, name) VALUES(2146, 410, 'covesii');
INSERT INTO Plants(ID, familyID, name) VALUES(2147, 410, 'crassiramea');
INSERT INTO Plants(ID, familyID, name) VALUES(2148, 410, 'crotalarioides');
INSERT INTO Plants(ID, familyID, name) VALUES(2149, 410, 'cruckshanksii');
INSERT INTO Plants(ID, familyID, name) VALUES(2150, 410, 'cuatrecasasii');
INSERT INTO Plants(ID, familyID, name) VALUES(2151, 410, 'cumingii');
INSERT INTO Plants(ID, familyID, name) VALUES(2152, 410, 'dariensis');
INSERT INTO Plants(ID, familyID, name) VALUES(2153, 410, 'demissa');
INSERT INTO Plants(ID, familyID, name) VALUES(2154, 410, 'durangensis');
INSERT INTO Plants(ID, familyID, name) VALUES(2155, 410, 'foetidissima');
INSERT INTO Plants(ID, familyID, name) VALUES(2156, 410, 'formosa');
INSERT INTO Plants(ID, familyID, name) VALUES(2157, 410, 'fruiticosa');
INSERT INTO Plants(ID, familyID, name) VALUES(2158, 410, 'gardneri');
INSERT INTO Plants(ID, familyID, name) VALUES(2159, 410, 'georgica');
INSERT INTO Plants(ID, familyID, name) VALUES(2160, 410, 'glutinosa');
INSERT INTO Plants(ID, familyID, name) VALUES(2161, 410, 'guatemalensis');
INSERT INTO Plants(ID, familyID, name) VALUES(2162, 410, 'harleyi');
INSERT INTO Plants(ID, familyID, name) VALUES(2163, 410, 'hayesiana');
INSERT INTO Plants(ID, familyID, name) VALUES(2164, 410, 'hebecarpa');
INSERT INTO Plants(ID, familyID, name) VALUES(2165, 410, 'herzogii');
INSERT INTO Plants(ID, familyID, name) VALUES(2166, 410, 'hilariana');
INSERT INTO Plants(ID, familyID, name) VALUES(2167, 410, 'hirsuta');
INSERT INTO Plants(ID, familyID, name) VALUES(2168, 410, 'holwayana');
INSERT INTO Plants(ID, familyID, name) VALUES(2169, 410, 'huancabambae');
INSERT INTO Plants(ID, familyID, name) VALUES(2170, 410, 'huilana');
INSERT INTO Plants(ID, familyID, name) VALUES(2171, 410, 'incarnata');
INSERT INTO Plants(ID, familyID, name) VALUES(2172, 410, 'insularis');
INSERT INTO Plants(ID, familyID, name) VALUES(2173, 410, 'itatiaiae');
INSERT INTO Plants(ID, familyID, name) VALUES(2174, 410, 'koelziana');
INSERT INTO Plants(ID, familyID, name) VALUES(2175, 410, 'kuhlmanii');
INSERT INTO Plants(ID, familyID, name) VALUES(2176, 410, 'kurtzii');
INSERT INTO Plants(ID, familyID, name) VALUES(2177, 410, 'lasseingniana');
INSERT INTO Plants(ID, familyID, name) VALUES(2178, 410, 'latifolia');
INSERT INTO Plants(ID, familyID, name) VALUES(2179, 410, 'lechriosperma');
INSERT INTO Plants(ID, familyID, name) VALUES(2180, 410, 'leiophylla');
INSERT INTO Plants(ID, familyID, name) VALUES(2181, 410, 'ligustrina');
INSERT INTO Plants(ID, familyID, name) VALUES(2182, 410, 'lindheimeriana');
INSERT INTO Plants(ID, familyID, name) VALUES(2183, 410, 'longiglandulosa');
INSERT INTO Plants(ID, familyID, name) VALUES(2184, 410, 'loretensis');
INSERT INTO Plants(ID, familyID, name) VALUES(2185, 410, 'lourteigiana');
INSERT INTO Plants(ID, familyID, name) VALUES(2186, 410, 'macranthera');
INSERT INTO Plants(ID, familyID, name) VALUES(2187, 410, 'macrophylla');
INSERT INTO Plants(ID, familyID, name) VALUES(2188, 410, 'malspinae');
INSERT INTO Plants(ID, familyID, name) VALUES(2189, 410, 'mandoni');
INSERT INTO Plants(ID, familyID, name) VALUES(2190, 410, 'marilandica');
INSERT INTO Plants(ID, familyID, name) VALUES(2191, 410, 'mensicola');
INSERT INTO Plants(ID, familyID, name) VALUES(2192, 410, 'mexicana');
INSERT INTO Plants(ID, familyID, name) VALUES(2193, 410, 'morongii');
INSERT INTO Plants(ID, familyID, name) VALUES(2194, 410, 'mucronifera');
INSERT INTO Plants(ID, familyID, name) VALUES(2195, 410, 'multifoliata');
INSERT INTO Plants(ID, familyID, name) VALUES(2196, 410, 'multiglandulosa');
INSERT INTO Plants(ID, familyID, name) VALUES(2197, 410, 'multijuga');
INSERT INTO Plants(ID, familyID, name) VALUES(2198, 410, 'mutisiana');
INSERT INTO Plants(ID, familyID, name) VALUES(2199, 410, 'nana');
INSERT INTO Plants(ID, familyID, name) VALUES(2200, 410, 'neglecta');
INSERT INTO Plants(ID, familyID, name) VALUES(2201, 410, 'nitida');
INSERT INTO Plants(ID, familyID, name) VALUES(2202, 410, 'obliqua');
INSERT INTO Plants(ID, familyID, name) VALUES(2203, 410, 'oblongifolia');
INSERT INTO Plants(ID, familyID, name) VALUES(2204, 410, 'obtusifolia');
INSERT INTO Plants(ID, familyID, name) VALUES(2205, 410, 'occidentalis');
INSERT INTO Plants(ID, familyID, name) VALUES(2206, 410, 'odorata');
INSERT INTO Plants(ID, familyID, name) VALUES(2207, 410, 'oligoclada');
INSERT INTO Plants(ID, familyID, name) VALUES(2208, 410, 'orcuttii');
INSERT INTO Plants(ID, familyID, name) VALUES(2209, 410, 'organesis');
INSERT INTO Plants(ID, familyID, name) VALUES(2210, 410, 'oxyphylla');
INSERT INTO Plants(ID, familyID, name) VALUES(2211, 410, 'pallida');
INSERT INTO Plants(ID, familyID, name) VALUES(2212, 410, 'papillosa');
INSERT INTO Plants(ID, familyID, name) VALUES(2213, 410, 'paraensis');
INSERT INTO Plants(ID, familyID, name) VALUES(2214, 410, 'pendula');
INSERT INTO Plants(ID, familyID, name) VALUES(2215, 410, 'pentagonia');
INSERT INTO Plants(ID, familyID, name) VALUES(2216, 410, 'phlebadenia');
INSERT INTO Plants(ID, familyID, name) VALUES(2217, 410, 'pilifera');
INSERT INTO Plants(ID, familyID, name) VALUES(2218, 410, 'pilosior');
INSERT INTO Plants(ID, familyID, name) VALUES(2219, 410, 'pinheiroi');
INSERT INTO Plants(ID, familyID, name) VALUES(2220, 410, 'pneumatica');
INSERT INTO Plants(ID, familyID, name) VALUES(2221, 410, 'polyphylla');
INSERT INTO Plants(ID, familyID, name) VALUES(2222, 410, 'praeterita');
INSERT INTO Plants(ID, familyID, name) VALUES(2223, 410, 'pumilio');
INSERT INTO Plants(ID, familyID, name) VALUES(2224, 410, 'punoensis');
INSERT INTO Plants(ID, familyID, name) VALUES(2225, 410, 'purpusii');
INSERT INTO Plants(ID, familyID, name) VALUES(2226, 410, 'quinquangulata');
INSERT INTO Plants(ID, familyID, name) VALUES(2227, 410, 'reniformis');
INSERT INTO Plants(ID, familyID, name) VALUES(2228, 410, 'rigida');
INSERT INTO Plants(ID, familyID, name) VALUES(2229, 410, 'ripleyana');
INSERT INTO Plants(ID, familyID, name) VALUES(2230, 410, 'rizzinii');
INSERT INTO Plants(ID, familyID, name) VALUES(2231, 410, 'robiniifolia');
INSERT INTO Plants(ID, familyID, name) VALUES(2232, 410, 'roemeriana');
INSERT INTO Plants(ID, familyID, name) VALUES(2233, 410, 'rostrata');
INSERT INTO Plants(ID, familyID, name) VALUES(2234, 410, 'rugosa');
INSERT INTO Plants(ID, familyID, name) VALUES(2235, 410, 'ruiziana');
INSERT INTO Plants(ID, familyID, name) VALUES(2236, 410, 'rupununientsis');
INSERT INTO Plants(ID, familyID, name) VALUES(2237, 410, 'santenderensis');
INSERT INTO Plants(ID, familyID, name) VALUES(2238, 410, 'scabriuscula');
INSERT INTO Plants(ID, familyID, name) VALUES(2239, 410, 'scandens');
INSERT INTO Plants(ID, familyID, name) VALUES(2240, 410, 'septemtrionalis');
INSERT INTO Plants(ID, familyID, name) VALUES(2241, 410, 'skinneri');
INSERT INTO Plants(ID, familyID, name) VALUES(2242, 410, 'smithiana');
INSERT INTO Plants(ID, familyID, name) VALUES(2243, 410, 'sophora');
INSERT INTO Plants(ID, familyID, name) VALUES(2244, 410, 'spinescens');
INSERT INTO Plants(ID, familyID, name) VALUES(2245, 410, 'splendida');
INSERT INTO Plants(ID, familyID, name) VALUES(2246, 410, 'stenocarpoides');
INSERT INTO Plants(ID, familyID, name) VALUES(2247, 410, 'stenophylla');
INSERT INTO Plants(ID, familyID, name) VALUES(2248, 410, 'stipulaceae');
INSERT INTO Plants(ID, familyID, name) VALUES(2249, 410, 'subtrijuga');
INSERT INTO Plants(ID, familyID, name) VALUES(2250, 410, 'subulata');
INSERT INTO Plants(ID, familyID, name) VALUES(2251, 410, 'sulfurae');
INSERT INTO Plants(ID, familyID, name) VALUES(2252, 410, 'surattensis');
INSERT INTO Plants(ID, familyID, name) VALUES(2253, 410, 'talpana');
INSERT INTO Plants(ID, familyID, name) VALUES(2254, 410, 'tapajozensis');
INSERT INTO Plants(ID, familyID, name) VALUES(2255, 410, 'tenufolia');
INSERT INTO Plants(ID, familyID, name) VALUES(2256, 410, 'tonduzii');
INSERT INTO Plants(ID, familyID, name) VALUES(2257, 410, 'trachypus');
INSERT INTO Plants(ID, familyID, name) VALUES(2258, 410, 'tranae');
INSERT INTO Plants(ID, familyID, name) VALUES(2259, 410, 'trolliiflora');
INSERT INTO Plants(ID, familyID, name) VALUES(2260, 410, 'tropica');
INSERT INTO Plants(ID, familyID, name) VALUES(2261, 410, 'uncata');
INSERT INTO Plants(ID, familyID, name) VALUES(2262, 410, 'undulata');
INSERT INTO Plants(ID, familyID, name) VALUES(2263, 410, 'uniflora');
INSERT INTO Plants(ID, familyID, name) VALUES(2264, 410, 'urmenetae');
INSERT INTO Plants(ID, familyID, name) VALUES(2265, 410, 'vargasii');
INSERT INTO Plants(ID, familyID, name) VALUES(2266, 410, 'velutina');
INSERT INTO Plants(ID, familyID, name) VALUES(2267, 410, 'versicolor');
INSERT INTO Plants(ID, familyID, name) VALUES(2268, 410, 'viciifolia');
INSERT INTO Plants(ID, familyID, name) VALUES(2269, 410, 'villosa');
INSERT INTO Plants(ID, familyID, name) VALUES(2270, 410, 'viminea');
INSERT INTO Plants(ID, familyID, name) VALUES(2271, 410, 'weddelliana');
INSERT INTO Plants(ID, familyID, name) VALUES(2272, 410, 'williamsii');
INSERT INTO Families(ID, typeID, name) VALUES(411, 1, 'Serianthes');
INSERT INTO Plants(ID, familyID, name) VALUES(2273, 411, 'sachetae');
INSERT INTO Plants(ID, familyID, name) VALUES(2274, 411, 'sp.');
INSERT INTO Families(ID, typeID, name) VALUES(412, 1, 'Sesbania');
INSERT INTO Plants(ID, familyID, name) VALUES(2275, 412, 'sp.');
INSERT INTO Families(ID, typeID, name) VALUES(413, 1, 'Stachyothyrsus');
INSERT INTO Plants(ID, familyID, name) VALUES(2276, 413, 'stapfiana');
INSERT INTO Families(ID, typeID, name) VALUES(414, 1, 'Stryphnodendron');
INSERT INTO Plants(ID, familyID, name) VALUES(2277, 414, 'adstringens');
INSERT INTO Plants(ID, familyID, name) VALUES(2278, 414, 'microstachyum');
INSERT INTO Plants(ID, familyID, name) VALUES(2279, 414, 'moricolor');
INSERT INTO Plants(ID, familyID, name) VALUES(2280, 414, 'obovatum');
INSERT INTO Plants(ID, familyID, name) VALUES(2281, 414, 'occhionianum');
INSERT INTO Plants(ID, familyID, name) VALUES(2282, 414, 'paniculatum');
INSERT INTO Plants(ID, familyID, name) VALUES(2283, 414, 'polyphyllum');
INSERT INTO Plants(ID, familyID, name) VALUES(2284, 414, 'sp.');
INSERT INTO Families(ID, typeID, name) VALUES(415, 1, 'Tachigalia');
INSERT INTO Plants(ID, familyID, name) VALUES(2285, 415, 'sp.');
INSERT INTO Families(ID, typeID, name) VALUES(416, 4, 'Vachellia');
INSERT INTO Plants(ID, familyID, name) VALUES(2286, 416, 'albicorticata');
INSERT INTO Plants(ID, familyID, name) VALUES(2287, 416, 'aroma');
INSERT INTO Plants(ID, familyID, name) VALUES(2288, 416, 'astringens');
INSERT INTO Plants(ID, familyID, name) VALUES(2289, 416, 'baessleria');
INSERT INTO Plants(ID, familyID, name) VALUES(2290, 416, 'bravoensis');
INSERT INTO Plants(ID, familyID, name) VALUES(2291, 416, 'californica');
INSERT INTO Plants(ID, familyID, name) VALUES(2292, 416, 'campechiana');
INSERT INTO Plants(ID, familyID, name) VALUES(2293, 416, 'caven');
INSERT INTO Plants(ID, familyID, name) VALUES(2294, 416, 'daemon');
INSERT INTO Plants(ID, familyID, name) VALUES(2295, 416, 'drepanolobium');
INSERT INTO Plants(ID, familyID, name) VALUES(2296, 416, 'eburnea');
INSERT INTO Plants(ID, familyID, name) VALUES(2297, 416, 'macracantha');
INSERT INTO Plants(ID, familyID, name) VALUES(2298, 416, 'nilotica');
INSERT INTO Plants(ID, familyID, name) VALUES(2299, 416, 'tortuosa');
INSERT INTO Plants(ID, familyID, name) VALUES(2300, 416, 'villaregalis');
INSERT INTO Families(ID, typeID, name) VALUES(417, 1, 'Vicia');
INSERT INTO Plants(ID, familyID, name) VALUES(2301, 417, '27 spp.');
INSERT INTO Plants(ID, familyID, name) VALUES(2302, 417, 'angustifolia');
INSERT INTO Plants(ID, familyID, name) VALUES(2303, 417, 'cracca');
INSERT INTO Plants(ID, familyID, name) VALUES(2304, 417, 'faba');
INSERT INTO Plants(ID, familyID, name) VALUES(2305, 417, 'glauca');
INSERT INTO Plants(ID, familyID, name) VALUES(2306, 417, 'hirsuta');
INSERT INTO Plants(ID, familyID, name) VALUES(2307, 417, 'narbonensis');
INSERT INTO Plants(ID, familyID, name) VALUES(2308, 417, 'sativa');
INSERT INTO Plants(ID, familyID, name) VALUES(2309, 417, 'sepium');
INSERT INTO Plants(ID, familyID, name) VALUES(2310, 417, 'villosa');
INSERT INTO Families(ID, typeID, name) VALUES(418, 1, 'Vigna');
INSERT INTO Plants(ID, familyID, name) VALUES(2311, 418, 'luteola');
INSERT INTO Plants(ID, familyID, name) VALUES(2312, 418, 'sesquipedalis');
INSERT INTO Plants(ID, familyID, name) VALUES(2313, 418, 'sinensis');
INSERT INTO Plants(ID, familyID, name) VALUES(2314, 418, 'unguiculata');
INSERT INTO Families(ID, typeID, name) VALUES(419, 4, 'Wallaceodendron');
INSERT INTO Plants(ID, familyID, name) VALUES(2315, 419, 'celebicum');
INSERT INTO Families(ID, typeID, name) VALUES(420, 1, 'Weberbauerella');
INSERT INTO Plants(ID, familyID, name) VALUES(2316, 420, 'celebicum');
INSERT INTO Families(ID, typeID, name) VALUES(421, 1, 'Xerocladia');
INSERT INTO Plants(ID, familyID, name) VALUES(2317, 421, 'sp.');
INSERT INTO Families(ID, typeID, name) VALUES(422, 1, 'Xylia');
INSERT INTO Plants(ID, familyID, name) VALUES(2318, 422, 'sp.');
INSERT INTO Families(ID, typeID, name) VALUES(423, 1, 'Quercus');
INSERT INTO Plants(ID, familyID, name) VALUES(2319, 423, 'alba');
INSERT INTO Plants(ID, familyID, name) VALUES(2320, 423, 'mongolica');
INSERT INTO Families(ID, typeID, name) VALUES(424, 7, 'Flagellaria');
INSERT INTO Plants(ID, familyID, name) VALUES(2321, 424, 'indica');
INSERT INTO Plants(ID, familyID, name) VALUES(2322, 424, 'sp.');
INSERT INTO Families(ID, typeID, name) VALUES(425, 1, 'Fouquieria');
INSERT INTO Plants(ID, familyID, name) VALUES(2323, 425, 'splendens');
INSERT INTO Families(ID, typeID, name) VALUES(426, 1, 'Anthocleista');
INSERT INTO Plants(ID, familyID, name) VALUES(2324, 426, 'nobilis');
INSERT INTO Families(ID, typeID, name) VALUES(427, 2, 'Calolisianthus');
INSERT INTO Plants(ID, familyID, name) VALUES(2325, 427, 'amplissimus');
INSERT INTO Plants(ID, familyID, name) VALUES(2326, 427, 'pedunculatus');
INSERT INTO Plants(ID, familyID, name) VALUES(2327, 427, 'pendulus');
INSERT INTO Plants(ID, familyID, name) VALUES(2328, 427, 'speciosus');
INSERT INTO Families(ID, typeID, name) VALUES(428, 1, 'Chelonanthus');
INSERT INTO Plants(ID, familyID, name) VALUES(2329, 428, 'acutangulus');
INSERT INTO Plants(ID, familyID, name) VALUES(2330, 428, 'alata');
INSERT INTO Plants(ID, familyID, name) VALUES(2331, 428, 'alatus');
INSERT INTO Plants(ID, familyID, name) VALUES(2332, 428, 'angustifolius');
INSERT INTO Plants(ID, familyID, name) VALUES(2333, 428, 'grandiflorus');
INSERT INTO Plants(ID, familyID, name) VALUES(2334, 428, 'purpurascens');
INSERT INTO Plants(ID, familyID, name) VALUES(2335, 428, 'viridiflorus');
INSERT INTO Families(ID, typeID, name) VALUES(429, 1, 'Coutoubea');
INSERT INTO Plants(ID, familyID, name) VALUES(2336, 429, 'ramosa');
INSERT INTO Plants(ID, familyID, name) VALUES(2337, 429, 'spicata');
INSERT INTO Families(ID, typeID, name) VALUES(430, 1, 'Curtia');
INSERT INTO Plants(ID, familyID, name) VALUES(2338, 430, 'conferta');
INSERT INTO Plants(ID, familyID, name) VALUES(2339, 430, 'diffusa');
INSERT INTO Plants(ID, familyID, name) VALUES(2340, 430, 'tenella');
INSERT INTO Plants(ID, familyID, name) VALUES(2341, 430, 'verticillaris');
INSERT INTO Families(ID, typeID, name) VALUES(431, 1, 'Deinanira');
INSERT INTO Plants(ID, familyID, name) VALUES(2342, 431, 'damazioi');
INSERT INTO Families(ID, typeID, name) VALUES(432, 1, 'Helia');
INSERT INTO Plants(ID, familyID, name) VALUES(2343, 432, 'oblongifolia');
INSERT INTO Families(ID, typeID, name) VALUES(433, 1, 'Helia ');
INSERT INTO Plants(ID, familyID, name) VALUES(2344, 433, 'brevifolia');
INSERT INTO Families(ID, typeID, name) VALUES(434, 1, 'Hockinia');
INSERT INTO Plants(ID, familyID, name) VALUES(2345, 434, 'montana');
INSERT INTO Families(ID, typeID, name) VALUES(435, 1, 'Irlbachia');
INSERT INTO Plants(ID, familyID, name) VALUES(2346, 435, 'pendunculata');
INSERT INTO Families(ID, typeID, name) VALUES(436, 1, 'Macrocarpaea');
INSERT INTO Plants(ID, familyID, name) VALUES(2347, 436, 'Caerulescens');
INSERT INTO Plants(ID, familyID, name) VALUES(2348, 436, 'glaziovii');
INSERT INTO Plants(ID, familyID, name) VALUES(2349, 436, 'obtusifolia');
INSERT INTO Plants(ID, familyID, name) VALUES(2350, 436, 'rubia');
INSERT INTO Families(ID, typeID, name) VALUES(437, 1, 'Rogersonanthus');
INSERT INTO Plants(ID, familyID, name) VALUES(2351, 437, 'quelchii');
INSERT INTO Families(ID, typeID, name) VALUES(438, 1, 'Schultesia');
INSERT INTO Plants(ID, familyID, name) VALUES(2352, 438, 'australis');
INSERT INTO Plants(ID, familyID, name) VALUES(2353, 438, 'brachyptera');
INSERT INTO Families(ID, typeID, name) VALUES(439, 1, 'Symphyllophyton');
INSERT INTO Plants(ID, familyID, name) VALUES(2354, 439, 'caprifolioides');
INSERT INTO Families(ID, typeID, name) VALUES(440, 1, 'Tapeinostemon');
INSERT INTO Plants(ID, familyID, name) VALUES(2355, 440, 'longiflorum var. longiflorum');
INSERT INTO Plants(ID, familyID, name) VALUES(2356, 440, 'spenneroides');
INSERT INTO Families(ID, typeID, name) VALUES(441, 1, 'Voyriella');
INSERT INTO Plants(ID, familyID, name) VALUES(2357, 441, 'parviflora');
INSERT INTO Families(ID, typeID, name) VALUES(442, 1, 'Codonanthe');
INSERT INTO Plants(ID, familyID, name) VALUES(2358, 442, 'crassifolia');
INSERT INTO Families(ID, typeID, name) VALUES(443, 1, 'Scaevola');
INSERT INTO Plants(ID, familyID, name) VALUES(2359, 443, 'sp.');
INSERT INTO Families(ID, typeID, name) VALUES(444, 4, 'Sacoglottis');
INSERT INTO Plants(ID, familyID, name) VALUES(2360, 444, 'gabonensis');
INSERT INTO Families(ID, typeID, name) VALUES(445, 4, 'Vantanea');
INSERT INTO Plants(ID, familyID, name) VALUES(2361, 445, 'oblongifolia');
INSERT INTO Plants(ID, familyID, name) VALUES(2362, 445, 'obovata');
INSERT INTO Families(ID, typeID, name) VALUES(446, 1, 'Hydrangea');
INSERT INTO Plants(ID, familyID, name) VALUES(2363, 446, 'sp.');
INSERT INTO Families(ID, typeID, name) VALUES(447, 1, 'Emmotum');
INSERT INTO Plants(ID, familyID, name) VALUES(2364, 447, 'sp.');
INSERT INTO Families(ID, typeID, name) VALUES(448, 2, 'Iris');
INSERT INTO Plants(ID, familyID, name) VALUES(2365, 448, 'graminea');
INSERT INTO Plants(ID, familyID, name) VALUES(2366, 448, 'haplophila');
INSERT INTO Plants(ID, familyID, name) VALUES(2367, 448, 'xyphium');
INSERT INTO Families(ID, typeID, name) VALUES(449, 4, 'Ixonanthes');
INSERT INTO Plants(ID, familyID, name) VALUES(2368, 449, 'icosandra');
INSERT INTO Families(ID, typeID, name) VALUES(450, 1, 'Hyptidendron');
INSERT INTO Plants(ID, familyID, name) VALUES(2369, 450, 'canum');
INSERT INTO Families(ID, typeID, name) VALUES(451, 6, 'Aegiphila');
INSERT INTO Plants(ID, familyID, name) VALUES(2370, 451, 'cephalophora');
INSERT INTO Plants(ID, familyID, name) VALUES(2371, 451, 'fendleri');
INSERT INTO Plants(ID, familyID, name) VALUES(2372, 451, 'lhotzkiana');
INSERT INTO Plants(ID, familyID, name) VALUES(2373, 451, 'panamensis');
INSERT INTO Plants(ID, familyID, name) VALUES(2374, 451, 'sellowiana');
INSERT INTO Families(ID, typeID, name) VALUES(452, 1, 'Amasonia');
INSERT INTO Plants(ID, familyID, name) VALUES(2375, 452, 'spp.');
INSERT INTO Families(ID, typeID, name) VALUES(453, 3, 'Callicarpa');
INSERT INTO Plants(ID, familyID, name) VALUES(2376, 453, 'acuminata');
INSERT INTO Plants(ID, familyID, name) VALUES(2377, 453, 'dichotoma');
INSERT INTO Plants(ID, familyID, name) VALUES(2378, 453, 'glabra');
INSERT INTO Plants(ID, familyID, name) VALUES(2379, 453, 'japonica');
INSERT INTO Plants(ID, familyID, name) VALUES(2380, 453, 'longifolia');
INSERT INTO Plants(ID, familyID, name) VALUES(2381, 453, 'mollis');
INSERT INTO Plants(ID, familyID, name) VALUES(2382, 453, 'nishimurae');
INSERT INTO Plants(ID, familyID, name) VALUES(2383, 453, 'reevesii');
INSERT INTO Plants(ID, familyID, name) VALUES(2384, 453, 'sp.');
INSERT INTO Plants(ID, familyID, name) VALUES(2385, 453, 'subpubescens');
INSERT INTO Families(ID, typeID, name) VALUES(454, 1, 'Clerodendrum');
INSERT INTO Plants(ID, familyID, name) VALUES(2386, 454, 'aculeatum');
INSERT INTO Plants(ID, familyID, name) VALUES(2387, 454, 'blumeanum');
INSERT INTO Plants(ID, familyID, name) VALUES(2388, 454, 'bungei');
INSERT INTO Plants(ID, familyID, name) VALUES(2389, 454, 'fallax');
INSERT INTO Plants(ID, familyID, name) VALUES(2390, 454, 'fistuolosum');
INSERT INTO Plants(ID, familyID, name) VALUES(2391, 454, 'fragrans');
INSERT INTO Plants(ID, familyID, name) VALUES(2392, 454, 'inerme');
INSERT INTO Plants(ID, familyID, name) VALUES(2393, 454, 'infortunatum');
INSERT INTO Plants(ID, familyID, name) VALUES(2394, 454, 'phyllomega');
INSERT INTO Plants(ID, familyID, name) VALUES(2395, 454, 'simplex');
INSERT INTO Plants(ID, familyID, name) VALUES(2396, 454, 'siphonathus');
INSERT INTO Plants(ID, familyID, name) VALUES(2397, 454, 'sp.');
INSERT INTO Plants(ID, familyID, name) VALUES(2398, 454, 'sp.');
INSERT INTO Plants(ID, familyID, name) VALUES(2399, 454, 'squamatum');
INSERT INTO Plants(ID, familyID, name) VALUES(2400, 454, 'tracyanum');
INSERT INTO Plants(ID, familyID, name) VALUES(2401, 454, 'trichotomum');
INSERT INTO Families(ID, typeID, name) VALUES(455, 3, 'Cornutia');
INSERT INTO Plants(ID, familyID, name) VALUES(2402, 455, 'grandiflora');
INSERT INTO Families(ID, typeID, name) VALUES(456, 1, 'Faradaya');
INSERT INTO Plants(ID, familyID, name) VALUES(2403, 456, 'papuana');
INSERT INTO Plants(ID, familyID, name) VALUES(2404, 456, 'splendida');
INSERT INTO Families(ID, typeID, name) VALUES(457, 4, 'Gmelina');
INSERT INTO Plants(ID, familyID, name) VALUES(2405, 457, 'arborea');
INSERT INTO Plants(ID, familyID, name) VALUES(2406, 457, 'asiatica');
INSERT INTO Plants(ID, familyID, name) VALUES(2407, 457, 'chinensis');
INSERT INTO Plants(ID, familyID, name) VALUES(2408, 457, 'histrix');
INSERT INTO Families(ID, typeID, name) VALUES(458, 1, 'Holmskioldia');
INSERT INTO Plants(ID, familyID, name) VALUES(2409, 458, 'sanguinea');
INSERT INTO Plants(ID, familyID, name) VALUES(2410, 458, 'sp.');
INSERT INTO Families(ID, typeID, name) VALUES(459, 1, 'Hyptis');
INSERT INTO Plants(ID, familyID, name) VALUES(2411, 459, 'capitata');
INSERT INTO Families(ID, typeID, name) VALUES(460, 1, 'Monochilus');
INSERT INTO Plants(ID, familyID, name) VALUES(2412, 460, 'spp.');
INSERT INTO Families(ID, typeID, name) VALUES(461, 4, 'Gustavia');
INSERT INTO Plants(ID, familyID, name) VALUES(2413, 461, 'superba');
INSERT INTO Plants(ID, name) VALUES(2414, 'Metcalfe and Chalk 1979');
INSERT INTO Families(ID, typeID, name) VALUES(462, 1, 'Fritillaria');
INSERT INTO Plants(ID, familyID, name) VALUES(2415, 462, 'sp.');
INSERT INTO Families(ID, typeID, name) VALUES(463, 2, 'Lilium');
INSERT INTO Plants(ID, familyID, name) VALUES(2416, 463, 'croceum');
INSERT INTO Plants(ID, familyID, name) VALUES(2417, 463, 'tigridum');
INSERT INTO Families(ID, typeID, name) VALUES(464, 2, 'Wachendorfia');
INSERT INTO Plants(ID, familyID, name) VALUES(2418, 464, 'thyrsiflora');
INSERT INTO Families(ID, typeID, name) VALUES(465, 2, 'Linum');
INSERT INTO Plants(ID, familyID, name) VALUES(2419, 465, 'campanulatum');
INSERT INTO Plants(ID, familyID, name) VALUES(2420, 465, 'macrai');
INSERT INTO Plants(ID, familyID, name) VALUES(2421, 465, 'oligophyllum');
INSERT INTO Plants(ID, familyID, name) VALUES(2422, 465, 'rigidum');
INSERT INTO Plants(ID, familyID, name) VALUES(2423, 465, 'sulcatum');
INSERT INTO Families(ID, typeID, name) VALUES(466, 2, 'Mentzelia');
INSERT INTO Plants(ID, familyID, name) VALUES(2424, 466, 'nuda');
INSERT INTO Plants(ID, familyID, name) VALUES(2425, 466, 'sp.');
INSERT INTO Plants(ID, familyID, name) VALUES(2426, 466, 'speciosa');
INSERT INTO Families(ID, typeID, name) VALUES(467, 1, 'Fagraea');
INSERT INTO Plants(ID, familyID, name) VALUES(2427, 467, 'cranifolia');
INSERT INTO Plants(ID, familyID, name) VALUES(2428, 467, 'crassifolia');
INSERT INTO Plants(ID, familyID, name) VALUES(2429, 467, 'elliptica');
INSERT INTO Plants(ID, familyID, name) VALUES(2430, 467, 'imperialis');
INSERT INTO Plants(ID, familyID, name) VALUES(2431, 467, 'lanceolata');
INSERT INTO Plants(ID, familyID, name) VALUES(2432, 467, 'litoralis');
INSERT INTO Plants(ID, familyID, name) VALUES(2433, 467, 'monantha');
INSERT INTO Plants(ID, familyID, name) VALUES(2434, 467, 'obovata');
INSERT INTO Plants(ID, familyID, name) VALUES(2435, 467, 'peregrina');
INSERT INTO Families(ID, typeID, name) VALUES(468, 1, 'Strychnos');
INSERT INTO Plants(ID, familyID, name) VALUES(2436, 468, 'sp.');
INSERT INTO Families(ID, typeID, name) VALUES(469, 4, 'Lafoensia');
INSERT INTO Plants(ID, familyID, name) VALUES(2437, 469, 'pacari');
INSERT INTO Families(ID, typeID, name) VALUES(470, 4, 'Punica');
INSERT INTO Plants(ID, familyID, name) VALUES(2438, 470, 'granatum');
INSERT INTO Families(ID, typeID, name) VALUES(471, 1, 'Acridocarpus');
INSERT INTO Plants(ID, familyID, name) VALUES(2439, 471, 'adenopharus');
INSERT INTO Plants(ID, familyID, name) VALUES(2440, 471, 'longifolius');
INSERT INTO Families(ID, typeID, name) VALUES(472, 1, 'Aspicarpa');
INSERT INTO Plants(ID, familyID, name) VALUES(2441, 472, 'sp.');
INSERT INTO Families(ID, typeID, name) VALUES(473, 1, 'Banisteriopsis');
INSERT INTO Plants(ID, familyID, name) VALUES(2442, 473, '89 spp.');
INSERT INTO Plants(ID, familyID, name) VALUES(2443, 473, 'argentea');
INSERT INTO Plants(ID, familyID, name) VALUES(2444, 473, 'campestris');
INSERT INTO Plants(ID, familyID, name) VALUES(2445, 473, 'carolina');
INSERT INTO Plants(ID, familyID, name) VALUES(2446, 473, 'cornifolia');
INSERT INTO Plants(ID, familyID, name) VALUES(2447, 473, 'laevifolia');
INSERT INTO Plants(ID, familyID, name) VALUES(2448, 473, 'mariae');
INSERT INTO Plants(ID, familyID, name) VALUES(2449, 473, 'stellaris');
INSERT INTO Families(ID, typeID, name) VALUES(474, 1, 'Bunchosia');
INSERT INTO Plants(ID, familyID, name) VALUES(2450, 474, '8 spp. beyond those listed');
INSERT INTO Plants(ID, familyID, name) VALUES(2451, 474, 'biocellata');
INSERT INTO Plants(ID, familyID, name) VALUES(2452, 474, 'glandulifera');
INSERT INTO Plants(ID, familyID, name) VALUES(2453, 474, 'gracilis');
INSERT INTO Plants(ID, familyID, name) VALUES(2454, 474, 'lindeniana');
INSERT INTO Plants(ID, familyID, name) VALUES(2455, 474, 'nitida');
INSERT INTO Families(ID, typeID, name) VALUES(475, 1, 'Burdachia');
INSERT INTO Plants(ID, familyID, name) VALUES(2456, 475, '2 spp.');
INSERT INTO Families(ID, typeID, name) VALUES(476, 4, 'Byrsonima');
INSERT INTO Plants(ID, familyID, name) VALUES(2457, 476, 'cordifolia');
INSERT INTO Plants(ID, familyID, name) VALUES(2458, 476, 'riparia');
INSERT INTO Families(ID, typeID, name) VALUES(477, 6, 'Carolus');
INSERT INTO Plants(ID, familyID, name) VALUES(2459, 477, 'anderssonii');
INSERT INTO Families(ID, typeID, name) VALUES(478, 1, 'Clonodia');
INSERT INTO Plants(ID, familyID, name) VALUES(2460, 478, 'sp.');
INSERT INTO Families(ID, typeID, name) VALUES(479, 6, 'Diplopterys');
INSERT INTO Plants(ID, familyID, name) VALUES(2461, 479, 'caberana');
INSERT INTO Plants(ID, familyID, name) VALUES(2462, 479, 'cururuënsis');
INSERT INTO Plants(ID, familyID, name) VALUES(2463, 479, 'mexicana');
INSERT INTO Plants(ID, familyID, name) VALUES(2464, 479, 'pauciflora');
INSERT INTO Plants(ID, familyID, name) VALUES(2465, 479, 'pubipetala');
INSERT INTO Families(ID, typeID, name) VALUES(480, 1, 'Galphimia');
INSERT INTO Plants(ID, familyID, name) VALUES(2466, 480, 'brasiliensis');
INSERT INTO Plants(ID, familyID, name) VALUES(2467, 480, 'gracilis');
INSERT INTO Families(ID, typeID, name) VALUES(481, 1, 'Gaudichaudia');
INSERT INTO Plants(ID, familyID, name) VALUES(2468, 481, 'sp.');
INSERT INTO Families(ID, typeID, name) VALUES(482, 1, 'Hemsleyna');
INSERT INTO Plants(ID, familyID, name) VALUES(2469, 482, 'sp.');
INSERT INTO Families(ID, typeID, name) VALUES(483, 1, 'Heteropteris');
INSERT INTO Plants(ID, familyID, name) VALUES(2470, 483, 'acutifolia');
INSERT INTO Plants(ID, familyID, name) VALUES(2471, 483, 'byrsonimifolia');
INSERT INTO Plants(ID, familyID, name) VALUES(2472, 483, 'chrysophylla');
INSERT INTO Plants(ID, familyID, name) VALUES(2473, 483, 'dichromocalycis');
INSERT INTO Plants(ID, familyID, name) VALUES(2474, 483, 'laurifolia');
INSERT INTO Plants(ID, familyID, name) VALUES(2475, 483, 'marginata');
INSERT INTO Plants(ID, familyID, name) VALUES(2476, 483, 'nitida');
INSERT INTO Families(ID, typeID, name) VALUES(484, 7, 'Hiptage');
INSERT INTO Plants(ID, familyID, name) VALUES(2477, 484, 'burkilliana');
INSERT INTO Plants(ID, familyID, name) VALUES(2478, 484, 'luzonica');
INSERT INTO Plants(ID, familyID, name) VALUES(2479, 484, 'madablota');
INSERT INTO Plants(ID, familyID, name) VALUES(2480, 484, 'pubescens');
INSERT INTO Plants(ID, familyID, name) VALUES(2481, 484, 'sericea');
INSERT INTO Families(ID, typeID, name) VALUES(485, 6, 'Hiraea');
INSERT INTO Plants(ID, familyID, name) VALUES(2482, 485, 'grandifolia');
INSERT INTO Plants(ID, familyID, name) VALUES(2483, 485, 'reclinata');
INSERT INTO Families(ID, typeID, name) VALUES(486, 1, 'Jubelina');
INSERT INTO Plants(ID, familyID, name) VALUES(2484, 486, 'sp.');
INSERT INTO Families(ID, typeID, name) VALUES(487, 1, 'Lophanthera');
INSERT INTO Plants(ID, familyID, name) VALUES(2485, 487, 'kunthiana');
INSERT INTO Plants(ID, familyID, name) VALUES(2486, 487, 'splendens');
INSERT INTO Families(ID, typeID, name) VALUES(488, 1, 'Malpighia');
INSERT INTO Plants(ID, familyID, name) VALUES(2487, 488, 'coccigera');
INSERT INTO Plants(ID, familyID, name) VALUES(2488, 488, 'elliptica');
INSERT INTO Plants(ID, familyID, name) VALUES(2489, 488, 'furcata');
INSERT INTO Plants(ID, familyID, name) VALUES(2490, 488, 'glabra');
INSERT INTO Plants(ID, familyID, name) VALUES(2491, 488, 'romeroana');
INSERT INTO Plants(ID, familyID, name) VALUES(2492, 488, 'urens');
INSERT INTO Families(ID, typeID, name) VALUES(489, 6, 'Mascagnia');
INSERT INTO Plants(ID, familyID, name) VALUES(2493, 489, 'hippocretoides');
INSERT INTO Plants(ID, familyID, name) VALUES(2494, 489, 'nervosa');
INSERT INTO Families(ID, typeID, name) VALUES(490, 7, 'Mezia');
INSERT INTO Plants(ID, familyID, name) VALUES(2495, 490, 'beckii');
INSERT INTO Families(ID, typeID, name) VALUES(491, 1, 'Peixotoa');
INSERT INTO Plants(ID, familyID, name) VALUES(2496, 491, 'reticulata');
INSERT INTO Plants(ID, familyID, name) VALUES(2497, 491, 'tomentosa');
INSERT INTO Families(ID, typeID, name) VALUES(492, 1, 'Ryssopterys');
INSERT INTO Plants(ID, familyID, name) VALUES(2498, 492, 'albida');
INSERT INTO Plants(ID, familyID, name) VALUES(2499, 492, 'tiliaefolia');
INSERT INTO Plants(ID, familyID, name) VALUES(2500, 492, 'timorensis');
INSERT INTO Families(ID, typeID, name) VALUES(493, 1, 'Spachea');
INSERT INTO Plants(ID, familyID, name) VALUES(2501, 493, '5 spp.');
INSERT INTO Plants(ID, familyID, name) VALUES(2502, 493, 'membranacea');
INSERT INTO Families(ID, typeID, name) VALUES(494, 1, 'Sphedamnocarpus');
INSERT INTO Plants(ID, familyID, name) VALUES(2503, 494, 'pulcherrimus');
INSERT INTO Families(ID, typeID, name) VALUES(495, 1, 'Stigmaphyllon');
INSERT INTO Plants(ID, familyID, name) VALUES(2504, 495, 'auriculatum');
INSERT INTO Plants(ID, familyID, name) VALUES(2505, 495, 'brachiatum');
INSERT INTO Plants(ID, familyID, name) VALUES(2506, 495, 'convolvulifolium');
INSERT INTO Plants(ID, familyID, name) VALUES(2507, 495, 'ellipticum');
INSERT INTO Plants(ID, familyID, name) VALUES(2508, 495, 'hypargyreum');
INSERT INTO Plants(ID, familyID, name) VALUES(2509, 495, 'hypoleucum');
INSERT INTO Plants(ID, familyID, name) VALUES(2510, 495, 'lalandianum');
INSERT INTO Plants(ID, familyID, name) VALUES(2511, 495, 'londenianum');
INSERT INTO Plants(ID, familyID, name) VALUES(2512, 495, 'periplocaefolium');
INSERT INTO Plants(ID, familyID, name) VALUES(2513, 495, 'sagittatum');
INSERT INTO Plants(ID, familyID, name) VALUES(2514, 495, 'sagraeanum');
INSERT INTO Families(ID, typeID, name) VALUES(496, 1, 'Thryallis');
INSERT INTO Plants(ID, familyID, name) VALUES(2515, 496, 'sp.');
INSERT INTO Families(ID, typeID, name) VALUES(497, 1, 'Trislettateria');
INSERT INTO Plants(ID, familyID, name) VALUES(2516, 497, 'all species');
INSERT INTO Plants(ID, familyID, name) VALUES(2517, 497, 'australasiae');
INSERT INTO Families(ID, typeID, name) VALUES(498, 1, 'Abutilon');
INSERT INTO Plants(ID, familyID, name) VALUES(2518, 498, 'sp.');
INSERT INTO Families(ID, typeID, name) VALUES(499, 1, 'Adansonia');
INSERT INTO Plants(ID, familyID, name) VALUES(2519, 499, 'sp.');
INSERT INTO Families(ID, typeID, name) VALUES(500, 1, 'Alyogyne');
INSERT INTO Plants(ID, familyID, name) VALUES(2520, 500, 'hakeifolia');
INSERT INTO Families(ID, typeID, name) VALUES(501, 1, 'Ayenia');
INSERT INTO Plants(ID, familyID, name) VALUES(2521, 501, 'klugii');
INSERT INTO Plants(ID, familyID, name) VALUES(2522, 501, 'mastatalensis');
INSERT INTO Plants(ID, familyID, name) VALUES(2523, 501, 'praelara');
INSERT INTO Families(ID, typeID, name) VALUES(502, 4, 'Azanza');
INSERT INTO Plants(ID, familyID, name) VALUES(2524, 502, 'garckiana');
INSERT INTO Families(ID, typeID, name) VALUES(503, 4, 'Bombacopsis');
INSERT INTO Plants(ID, familyID, name) VALUES(2525, 503, 'glabra');
INSERT INTO Plants(ID, familyID, name) VALUES(2526, 503, 'quinata');
INSERT INTO Families(ID, typeID, name) VALUES(504, 4, 'Bombax');
INSERT INTO Plants(ID, familyID, name) VALUES(2527, 504, 'ellipticum');
INSERT INTO Plants(ID, familyID, name) VALUES(2528, 504, 'longifolia');
INSERT INTO Plants(ID, familyID, name) VALUES(2529, 504, 'marginatum');
INSERT INTO Plants(ID, familyID, name) VALUES(2530, 504, 'martianum');
INSERT INTO Families(ID, typeID, name) VALUES(505, 1, 'Byttneria');
INSERT INTO Plants(ID, familyID, name) VALUES(2531, 505, 'abutiloides');
INSERT INTO Plants(ID, familyID, name) VALUES(2532, 505, 'aculeata');
INSERT INTO Plants(ID, familyID, name) VALUES(2533, 505, 'ancistrodonta');
INSERT INTO Plants(ID, familyID, name) VALUES(2534, 505, 'andamanensis');
INSERT INTO Plants(ID, familyID, name) VALUES(2535, 505, 'aspera');
INSERT INTO Plants(ID, familyID, name) VALUES(2536, 505, 'asterotricha');
INSERT INTO Plants(ID, familyID, name) VALUES(2537, 505, 'atrata');
INSERT INTO Plants(ID, familyID, name) VALUES(2538, 505, 'aurantiaca');
INSERT INTO Plants(ID, familyID, name) VALUES(2539, 505, 'australis');
INSERT INTO Plants(ID, familyID, name) VALUES(2540, 505, 'baronii');
INSERT INTO Plants(ID, familyID, name) VALUES(2541, 505, 'benensis');
INSERT INTO Plants(ID, familyID, name) VALUES(2542, 505, 'bernieri');
INSERT INTO Plants(ID, familyID, name) VALUES(2543, 505, 'boliviana');
INSERT INTO Plants(ID, familyID, name) VALUES(2544, 505, 'catalpaefolia');
INSERT INTO Plants(ID, familyID, name) VALUES(2545, 505, 'catalpaefolia ssp. africana');
INSERT INTO Plants(ID, familyID, name) VALUES(2546, 505, 'catalpaefolia ssp. sidaefolia');
INSERT INTO Plants(ID, familyID, name) VALUES(2547, 505, 'cordata');
INSERT INTO Plants(ID, familyID, name) VALUES(2548, 505, 'cordifolia');
INSERT INTO Plants(ID, familyID, name) VALUES(2549, 505, 'coriacea');
INSERT INTO Plants(ID, familyID, name) VALUES(2550, 505, 'crenulata');
INSERT INTO Plants(ID, familyID, name) VALUES(2551, 505, 'curtisii');
INSERT INTO Plants(ID, familyID, name) VALUES(2552, 505, 'dahomensis');
INSERT INTO Plants(ID, familyID, name) VALUES(2553, 505, 'dentata');
INSERT INTO Plants(ID, familyID, name) VALUES(2554, 505, 'divaricata ');
INSERT INTO Plants(ID, familyID, name) VALUES(2555, 505, 'divaricata var. guaranitica');
INSERT INTO Plants(ID, familyID, name) VALUES(2556, 505, 'echinata');
INSERT INTO Plants(ID, familyID, name) VALUES(2557, 505, 'ekmannii');
INSERT INTO Plants(ID, familyID, name) VALUES(2558, 505, 'filipes');
INSERT INTO Plants(ID, familyID, name) VALUES(2559, 505, 'flexuosa');
INSERT INTO Plants(ID, familyID, name) VALUES(2560, 505, 'fruiticosa');
INSERT INTO Plants(ID, familyID, name) VALUES(2561, 505, 'fulva');
INSERT INTO Plants(ID, familyID, name) VALUES(2562, 505, 'gayana');
INSERT INTO Plants(ID, familyID, name) VALUES(2563, 505, 'genistela');
INSERT INTO Plants(ID, familyID, name) VALUES(2564, 505, 'glazioui');
INSERT INTO Plants(ID, familyID, name) VALUES(2565, 505, 'guineensis');
INSERT INTO Plants(ID, familyID, name) VALUES(2566, 505, 'herbacea');
INSERT INTO Plants(ID, familyID, name) VALUES(2567, 505, 'heteromorpha');
INSERT INTO Plants(ID, familyID, name) VALUES(2568, 505, 'hirsuta');
INSERT INTO Plants(ID, familyID, name) VALUES(2569, 505, 'integrifolia');
INSERT INTO Plants(ID, familyID, name) VALUES(2570, 505, 'ivorensis');
INSERT INTO Plants(ID, familyID, name) VALUES(2571, 505, 'jackiana');
INSERT INTO Plants(ID, familyID, name) VALUES(2572, 505, 'jaculifolia');
INSERT INTO Plants(ID, familyID, name) VALUES(2573, 505, 'loxensis');
INSERT INTO Plants(ID, familyID, name) VALUES(2574, 505, 'macrantha');
INSERT INTO Plants(ID, familyID, name) VALUES(2575, 505, 'melantha');
INSERT INTO Plants(ID, familyID, name) VALUES(2576, 505, 'melastomaefolia');
INSERT INTO Plants(ID, familyID, name) VALUES(2577, 505, 'microphylla');
INSERT INTO Plants(ID, familyID, name) VALUES(2578, 505, 'mollis');
INSERT INTO Plants(ID, familyID, name) VALUES(2579, 505, 'obliqua');
INSERT INTO Plants(ID, familyID, name) VALUES(2580, 505, 'oblongata');
INSERT INTO Plants(ID, familyID, name) VALUES(2581, 505, 'oranensis');
INSERT INTO Plants(ID, familyID, name) VALUES(2582, 505, 'orinocensis');
INSERT INTO Plants(ID, familyID, name) VALUES(2583, 505, 'ovata');
INSERT INTO Plants(ID, familyID, name) VALUES(2584, 505, 'pedersenii');
INSERT INTO Plants(ID, familyID, name) VALUES(2585, 505, 'pescapraefolia');
INSERT INTO Plants(ID, familyID, name) VALUES(2586, 505, 'pilosa');
INSERT INTO Plants(ID, familyID, name) VALUES(2587, 505, 'ramosissima');
INSERT INTO Plants(ID, familyID, name) VALUES(2588, 505, 'reinwaldtii');
INSERT INTO Plants(ID, familyID, name) VALUES(2589, 505, 'rhamifolia');
INSERT INTO Plants(ID, familyID, name) VALUES(2590, 505, 'sagitifolia');
INSERT INTO Plants(ID, familyID, name) VALUES(2591, 505, 'scabra');
INSERT INTO Plants(ID, familyID, name) VALUES(2592, 505, 'scapellata');
INSERT INTO Plants(ID, familyID, name) VALUES(2593, 505, 'uaupensis');
INSERT INTO Plants(ID, familyID, name) VALUES(2594, 505, 'urticifolia');
INSERT INTO Plants(ID, familyID, name) VALUES(2595, 505, 'vallensis');
INSERT INTO Plants(ID, familyID, name) VALUES(2596, 505, 'voulilyi');
INSERT INTO Plants(ID, familyID, name) VALUES(2597, 505, 'weberbaueri');
INSERT INTO Families(ID, typeID, name) VALUES(506, 4, 'Ceiba');
INSERT INTO Plants(ID, familyID, name) VALUES(2598, 506, 'pentandra');
INSERT INTO Families(ID, typeID, name) VALUES(507, 4, 'Cephalohibiscus');
INSERT INTO Plants(ID, familyID, name) VALUES(2599, 507, 'peekelii');
INSERT INTO Families(ID, typeID, name) VALUES(508, 1, 'Chorisia');
INSERT INTO Plants(ID, familyID, name) VALUES(2600, 508, 'sp.');
INSERT INTO Families(ID, typeID, name) VALUES(509, 3, 'Cienfuegosia');
INSERT INTO Plants(ID, familyID, name) VALUES(2601, 509, 'affinis');
INSERT INTO Plants(ID, familyID, name) VALUES(2602, 509, 'chiaragii');
INSERT INTO Plants(ID, familyID, name) VALUES(2603, 509, 'digitata');
INSERT INTO Plants(ID, familyID, name) VALUES(2604, 509, 'drumondii');
INSERT INTO Plants(ID, familyID, name) VALUES(2605, 509, 'gerrardii');
INSERT INTO Plants(ID, familyID, name) VALUES(2606, 509, 'hearnii');
INSERT INTO Plants(ID, familyID, name) VALUES(2607, 509, 'heteroclada');
INSERT INTO Plants(ID, familyID, name) VALUES(2608, 509, 'hetorophylla');
INSERT INTO Plants(ID, familyID, name) VALUES(2609, 509, 'hildebrandtii');
INSERT INTO Plants(ID, familyID, name) VALUES(2610, 509, 'humbertiana');
INSERT INTO Plants(ID, familyID, name) VALUES(2611, 509, 'rosei');
INSERT INTO Plants(ID, familyID, name) VALUES(2612, 509, 'somaliana');
INSERT INTO Plants(ID, familyID, name) VALUES(2613, 509, 'subterna');
INSERT INTO Plants(ID, familyID, name) VALUES(2614, 509, 'tripartita');
INSERT INTO Plants(ID, familyID, name) VALUES(2615, 509, 'welshii');
INSERT INTO Families(ID, typeID, name) VALUES(510, 1, 'Clappertonia');
INSERT INTO Plants(ID, familyID, name) VALUES(2616, 510, 'ficifolia');
INSERT INTO Families(ID, typeID, name) VALUES(511, 1, 'Decaschistia');
INSERT INTO Plants(ID, familyID, name) VALUES(2617, 511, 'byrnesii');
INSERT INTO Families(ID, typeID, name) VALUES(512, 1, 'Dicellostyles');
INSERT INTO Plants(ID, familyID, name) VALUES(2618, 512, 'axiallaris');
INSERT INTO Plants(ID, familyID, name) VALUES(2619, 512, 'jujubifolia');
INSERT INTO Families(ID, typeID, name) VALUES(513, 1, 'Eremalche');
INSERT INTO Plants(ID, familyID, name) VALUES(2620, 513, 'rotundifolia');
INSERT INTO Families(ID, typeID, name) VALUES(514, 1, 'Eriotheca');
INSERT INTO Plants(ID, familyID, name) VALUES(2621, 514, 'gracilipes');
INSERT INTO Families(ID, typeID, name) VALUES(515, 1, 'Gaya');
INSERT INTO Plants(ID, familyID, name) VALUES(2622, 515, 'aurea');
INSERT INTO Families(ID, typeID, name) VALUES(516, 1, 'Gossypioides');
INSERT INTO Plants(ID, familyID, name) VALUES(2623, 516, 'brevilatum');
INSERT INTO Plants(ID, familyID, name) VALUES(2624, 516, 'kirkii');
INSERT INTO Families(ID, typeID, name) VALUES(517, 1, 'Gossypium');
INSERT INTO Plants(ID, familyID, name) VALUES(2625, 517, 'anamalum');
INSERT INTO Plants(ID, familyID, name) VALUES(2626, 517, 'arboretum');
INSERT INTO Plants(ID, familyID, name) VALUES(2627, 517, 'areysianum');
INSERT INTO Plants(ID, familyID, name) VALUES(2628, 517, 'australe');
INSERT INTO Plants(ID, familyID, name) VALUES(2629, 517, 'barbadense');
INSERT INTO Plants(ID, familyID, name) VALUES(2630, 517, 'bickii');
INSERT INTO Plants(ID, familyID, name) VALUES(2631, 517, 'bombax');
INSERT INTO Plants(ID, familyID, name) VALUES(2632, 517, 'brasiliense');
INSERT INTO Plants(ID, familyID, name) VALUES(2633, 517, 'capitatis-viridis');
INSERT INTO Plants(ID, familyID, name) VALUES(2634, 517, 'costulatum');
INSERT INTO Plants(ID, familyID, name) VALUES(2635, 517, 'darwinii');
INSERT INTO Plants(ID, familyID, name) VALUES(2636, 517, 'davidsonii');
INSERT INTO Plants(ID, familyID, name) VALUES(2637, 517, 'harknessii');
INSERT INTO Plants(ID, familyID, name) VALUES(2638, 517, 'herbaceum');
INSERT INTO Plants(ID, familyID, name) VALUES(2639, 517, 'hirsutum');
INSERT INTO Plants(ID, familyID, name) VALUES(2640, 517, 'incanum');
INSERT INTO Plants(ID, familyID, name) VALUES(2641, 517, 'indicum');
INSERT INTO Plants(ID, familyID, name) VALUES(2642, 517, 'klotzschianum');
INSERT INTO Plants(ID, familyID, name) VALUES(2643, 517, 'lanceolatum');
INSERT INTO Plants(ID, familyID, name) VALUES(2644, 517, 'latifolium');
INSERT INTO Plants(ID, familyID, name) VALUES(2645, 517, 'laxum');
INSERT INTO Plants(ID, familyID, name) VALUES(2646, 517, 'lobatum');
INSERT INTO Plants(ID, familyID, name) VALUES(2647, 517, 'longicalyx');
INSERT INTO Plants(ID, familyID, name) VALUES(2648, 517, 'mexicanum');
INSERT INTO Plants(ID, familyID, name) VALUES(2649, 517, 'microcarpus');
INSERT INTO Plants(ID, familyID, name) VALUES(2650, 517, 'mustelinum');
INSERT INTO Plants(ID, familyID, name) VALUES(2651, 517, 'nanking');
INSERT INTO Plants(ID, familyID, name) VALUES(2652, 517, 'nelsonii');
INSERT INTO Plants(ID, familyID, name) VALUES(2653, 517, 'obtusifolium');
INSERT INTO Plants(ID, familyID, name) VALUES(2654, 517, 'palmerii');
INSERT INTO Plants(ID, familyID, name) VALUES(2655, 517, 'peruvianum');
INSERT INTO Plants(ID, familyID, name) VALUES(2656, 517, 'pilosum');
INSERT INTO Plants(ID, familyID, name) VALUES(2657, 517, 'populifolium');
INSERT INTO Plants(ID, familyID, name) VALUES(2658, 517, 'pulchellum');
INSERT INTO Plants(ID, familyID, name) VALUES(2659, 517, 'purpurascens');
INSERT INTO Plants(ID, familyID, name) VALUES(2660, 517, 'raimondii');
INSERT INTO Plants(ID, familyID, name) VALUES(2661, 517, 'religiosum');
INSERT INTO Plants(ID, familyID, name) VALUES(2662, 517, 'robinsonii');
INSERT INTO Plants(ID, familyID, name) VALUES(2663, 517, 'schizoliense');
INSERT INTO Plants(ID, familyID, name) VALUES(2664, 517, 'somaliense');
INSERT INTO Plants(ID, familyID, name) VALUES(2665, 517, 'stocksii');
INSERT INTO Plants(ID, familyID, name) VALUES(2666, 517, 'sturtianum');
INSERT INTO Plants(ID, familyID, name) VALUES(2667, 517, 'thurberi');
INSERT INTO Plants(ID, familyID, name) VALUES(2668, 517, 'trilobum');
INSERT INTO Plants(ID, familyID, name) VALUES(2669, 517, 'triphyllum');
INSERT INTO Plants(ID, familyID, name) VALUES(2670, 517, 'turneri');
INSERT INTO Plants(ID, familyID, name) VALUES(2671, 517, 'vitifolium');
INSERT INTO Plants(ID, familyID, name) VALUES(2672, 517, 'vulpinus');
INSERT INTO Families(ID, typeID, name) VALUES(518, 1, 'Grewia');
INSERT INTO Plants(ID, familyID, name) VALUES(2673, 518, 'biloba');
INSERT INTO Plants(ID, familyID, name) VALUES(2674, 518, 'flava');
INSERT INTO Plants(ID, familyID, name) VALUES(2675, 518, 'glandulosa');
INSERT INTO Plants(ID, familyID, name) VALUES(2676, 518, 'hirsuta');
INSERT INTO Plants(ID, familyID, name) VALUES(2677, 518, 'mallococca');
INSERT INTO Plants(ID, familyID, name) VALUES(2678, 518, 'occidentalis');
INSERT INTO Plants(ID, familyID, name) VALUES(2679, 518, 'serrulata');
INSERT INTO Families(ID, typeID, name) VALUES(519, 1, 'Hampea');
INSERT INTO Plants(ID, familyID, name) VALUES(2680, 519, 'albipetala');
INSERT INTO Plants(ID, familyID, name) VALUES(2681, 519, 'appendiculata');
INSERT INTO Plants(ID, familyID, name) VALUES(2682, 519, 'bracteolata');
INSERT INTO Plants(ID, familyID, name) VALUES(2683, 519, 'breedlovei');
INSERT INTO Plants(ID, familyID, name) VALUES(2684, 519, 'integerrima');
INSERT INTO Plants(ID, familyID, name) VALUES(2685, 519, 'latifolia');
INSERT INTO Plants(ID, familyID, name) VALUES(2686, 519, 'longipes');
INSERT INTO Plants(ID, familyID, name) VALUES(2687, 519, 'mexicana');
INSERT INTO Plants(ID, familyID, name) VALUES(2688, 519, 'micrantha');
INSERT INTO Plants(ID, familyID, name) VALUES(2689, 519, 'montebellensis');
INSERT INTO Plants(ID, familyID, name) VALUES(2690, 519, 'nutricia');
INSERT INTO Plants(ID, familyID, name) VALUES(2691, 519, 'ovatifolia');
INSERT INTO Plants(ID, familyID, name) VALUES(2692, 519, 'plantanifolia');
INSERT INTO Plants(ID, familyID, name) VALUES(2693, 519, 'puntulata');
INSERT INTO Plants(ID, familyID, name) VALUES(2694, 519, 'rovirosae');
INSERT INTO Plants(ID, familyID, name) VALUES(2695, 519, 'sphaerocarpa');
INSERT INTO Plants(ID, familyID, name) VALUES(2696, 519, 'stipitata');
INSERT INTO Plants(ID, familyID, name) VALUES(2697, 519, 'thespesioides');
INSERT INTO Plants(ID, familyID, name) VALUES(2698, 519, 'tomentosa');
INSERT INTO Plants(ID, familyID, name) VALUES(2699, 519, 'trilobata');
INSERT INTO Families(ID, typeID, name) VALUES(520, 3, 'Helicteres');
INSERT INTO Plants(ID, familyID, name) VALUES(2700, 520, 'baruensis');
INSERT INTO Plants(ID, familyID, name) VALUES(2701, 520, 'brevispira');
INSERT INTO Plants(ID, familyID, name) VALUES(2702, 520, 'carthagenensis');
INSERT INTO Plants(ID, familyID, name) VALUES(2703, 520, 'hirsuta');
INSERT INTO Plants(ID, familyID, name) VALUES(2704, 520, 'isora');
INSERT INTO Plants(ID, familyID, name) VALUES(2705, 520, 'spicata');
INSERT INTO Plants(ID, familyID, name) VALUES(2706, 520, 'spp.');
INSERT INTO Plants(ID, familyID, name) VALUES(2707, 520, 'verbascifolia');
INSERT INTO Families(ID, typeID, name) VALUES(521, 1, 'Hibiscus');
INSERT INTO Plants(ID, familyID, name) VALUES(2708, 521, '14 or 22 spp');
INSERT INTO Plants(ID, familyID, name) VALUES(2709, 521, 'acetogella');
INSERT INTO Plants(ID, familyID, name) VALUES(2710, 521, 'acicularis');
INSERT INTO Plants(ID, familyID, name) VALUES(2711, 521, 'aculeatus');
INSERT INTO Plants(ID, familyID, name) VALUES(2712, 521, 'archeri');
INSERT INTO Plants(ID, familyID, name) VALUES(2713, 521, 'arnottianus');
INSERT INTO Plants(ID, familyID, name) VALUES(2714, 521, 'asper');
INSERT INTO Plants(ID, familyID, name) VALUES(2715, 521, 'bifurcatus');
INSERT INTO Plants(ID, familyID, name) VALUES(2716, 521, 'biseptus');
INSERT INTO Plants(ID, familyID, name) VALUES(2717, 521, 'brachenridgei');
INSERT INTO Plants(ID, familyID, name) VALUES(2718, 521, 'brasiliensis');
INSERT INTO Plants(ID, familyID, name) VALUES(2719, 521, 'calyphyllus');
INSERT INTO Plants(ID, familyID, name) VALUES(2720, 521, 'cannabinus');
INSERT INTO Plants(ID, familyID, name) VALUES(2721, 521, 'cardiophyllus');
INSERT INTO Plants(ID, familyID, name) VALUES(2722, 521, 'cerradoensis');
INSERT INTO Plants(ID, familyID, name) VALUES(2723, 521, 'cisplanatus');
INSERT INTO Plants(ID, familyID, name) VALUES(2724, 521, 'cooperi');
INSERT INTO Plants(ID, familyID, name) VALUES(2725, 521, 'costatus');
INSERT INTO Plants(ID, familyID, name) VALUES(2726, 521, 'coulteri');
INSERT INTO Plants(ID, familyID, name) VALUES(2727, 521, 'cucurbitaceus');
INSERT INTO Plants(ID, familyID, name) VALUES(2728, 521, 'diversifolius');
INSERT INTO Plants(ID, familyID, name) VALUES(2729, 521, 'eetveldeanus');
INSERT INTO Plants(ID, familyID, name) VALUES(2730, 521, 'elatus');
INSERT INTO Plants(ID, familyID, name) VALUES(2731, 521, 'elegans');
INSERT INTO Plants(ID, familyID, name) VALUES(2732, 521, 'esculentus');
INSERT INTO Plants(ID, familyID, name) VALUES(2733, 521, 'farragei');
INSERT INTO Plants(ID, familyID, name) VALUES(2734, 521, 'flagelliformis');
INSERT INTO Plants(ID, familyID, name) VALUES(2735, 521, 'furcatus');
INSERT INTO Plants(ID, familyID, name) VALUES(2736, 521, 'furcellatus');
INSERT INTO Plants(ID, familyID, name) VALUES(2737, 521, 'geroldianus');
INSERT INTO Plants(ID, familyID, name) VALUES(2738, 521, 'glaber');
INSERT INTO Plants(ID, familyID, name) VALUES(2739, 521, 'hasslerianus');
INSERT INTO Plants(ID, familyID, name) VALUES(2740, 521, 'henningsianus');
INSERT INTO Plants(ID, familyID, name) VALUES(2741, 521, 'immaculatus');
INSERT INTO Plants(ID, familyID, name) VALUES(2742, 521, 'kitaibelifolius');
INSERT INTO Plants(ID, familyID, name) VALUES(2743, 521, 'lavateroides');
INSERT INTO Plants(ID, familyID, name) VALUES(2744, 521, 'laxiflorus');
INSERT INTO Plants(ID, familyID, name) VALUES(2745, 521, 'macrophyllus');
INSERT INTO Plants(ID, familyID, name) VALUES(2746, 521, 'maculatus');
INSERT INTO Plants(ID, familyID, name) VALUES(2747, 521, 'peralbus');
INSERT INTO Plants(ID, familyID, name) VALUES(2748, 521, 'pernambucensis');
INSERT INTO Plants(ID, familyID, name) VALUES(2749, 521, 'peruvianus');
INSERT INTO Plants(ID, familyID, name) VALUES(2750, 521, 'phoeniceus');
INSERT INTO Plants(ID, familyID, name) VALUES(2751, 521, 'poeppigii');
INSERT INTO Plants(ID, familyID, name) VALUES(2752, 521, 'ribifolius');
INSERT INTO Plants(ID, familyID, name) VALUES(2753, 521, 'rockii');
INSERT INTO Plants(ID, familyID, name) VALUES(2754, 521, 'rosa-sinensis');
INSERT INTO Plants(ID, familyID, name) VALUES(2755, 521, 'sabdariffa');
INSERT INTO Plants(ID, familyID, name) VALUES(2756, 521, 'schizopetalus');
INSERT INTO Plants(ID, familyID, name) VALUES(2757, 521, 'scotellii');
INSERT INTO Plants(ID, familyID, name) VALUES(2758, 521, 'similis');
INSERT INTO Plants(ID, familyID, name) VALUES(2759, 521, 'spiralis');
INSERT INTO Plants(ID, familyID, name) VALUES(2760, 521, 'syriacus');
INSERT INTO Plants(ID, familyID, name) VALUES(2761, 521, 'tiliaceus');
INSERT INTO Plants(ID, familyID, name) VALUES(2762, 521, 'uncinelllus');
INSERT INTO Plants(ID, familyID, name) VALUES(2763, 521, 'urens');
INSERT INTO Plants(ID, familyID, name) VALUES(2764, 521, 'urticaefolius');
INSERT INTO Plants(ID, familyID, name) VALUES(2765, 521, 'vulpinus');
INSERT INTO Plants(ID, familyID, name) VALUES(2766, 521, 'waimeae');
INSERT INTO Plants(ID, familyID, name) VALUES(2767, 521, 'wilsonii');
INSERT INTO Plants(ID, familyID, name) VALUES(2768, 521, 'youngianus');
INSERT INTO Families(ID, typeID, name) VALUES(522, 2, 'Horsfordia');
INSERT INTO Plants(ID, familyID, name) VALUES(2769, 522, 'alata');
INSERT INTO Families(ID, typeID, name) VALUES(523, 1, 'Ingenhousia');
INSERT INTO Plants(ID, familyID, name) VALUES(2770, 523, 'harknessii');
INSERT INTO Plants(ID, familyID, name) VALUES(2771, 523, 'triloba');
INSERT INTO Families(ID, typeID, name) VALUES(524, 1, 'Julostylis');
INSERT INTO Plants(ID, familyID, name) VALUES(2772, 524, 'ampumalensis');
INSERT INTO Plants(ID, familyID, name) VALUES(2773, 524, 'polyandra');
INSERT INTO Plants(ID, familyID, name) VALUES(2774, 524, 'sp.');
INSERT INTO Families(ID, typeID, name) VALUES(525, 3, 'Kokia');
INSERT INTO Plants(ID, familyID, name) VALUES(2775, 525, 'dryarioides');
INSERT INTO Families(ID, typeID, name) VALUES(526, 1, 'Kydia');
INSERT INTO Plants(ID, familyID, name) VALUES(2776, 526, 'calycina');
INSERT INTO Plants(ID, familyID, name) VALUES(2777, 526, 'glabrescens');
INSERT INTO Families(ID, typeID, name) VALUES(527, 1, 'Lebronnecia');
INSERT INTO Plants(ID, familyID, name) VALUES(2778, 527, 'kokioides');
INSERT INTO Families(ID, typeID, name) VALUES(528, 1, 'Maga');
INSERT INTO Plants(ID, familyID, name) VALUES(2779, 528, 'cubensis');
INSERT INTO Families(ID, typeID, name) VALUES(529, 2, 'Malachra');
INSERT INTO Plants(ID, familyID, name) VALUES(2780, 529, 'fasciata');
INSERT INTO Plants(ID, familyID, name) VALUES(2781, 529, 'radiata');
INSERT INTO Plants(ID, familyID, name) VALUES(2782, 529, 'urens');
INSERT INTO Families(ID, typeID, name) VALUES(530, 1, 'Malvacea');
INSERT INTO Plants(ID, familyID, name) VALUES(2783, 530, '');
INSERT INTO Families(ID, typeID, name) VALUES(531, 1, 'Malvaviscus');
INSERT INTO Plants(ID, familyID, name) VALUES(2784, 531, 'sp.');
INSERT INTO Families(ID, typeID, name) VALUES(532, 1, 'Megatritheca');
INSERT INTO Plants(ID, familyID, name) VALUES(2785, 532, 'sp.');
INSERT INTO Families(ID, typeID, name) VALUES(533, 4, 'Ochroma');
INSERT INTO Plants(ID, familyID, name) VALUES(2786, 533, 'pyramidale');
INSERT INTO Families(ID, typeID, name) VALUES(534, 4, 'Pachira');
INSERT INTO Plants(ID, familyID, name) VALUES(2787, 534, 'aquatica');
INSERT INTO Families(ID, typeID, name) VALUES(535, 4, 'Pseudobombax');
INSERT INTO Plants(ID, familyID, name) VALUES(2788, 535, 'septenatum');
INSERT INTO Families(ID, typeID, name) VALUES(536, 1, 'Radyera');
INSERT INTO Plants(ID, familyID, name) VALUES(2789, 536, 'farragei');
INSERT INTO Plants(ID, familyID, name) VALUES(2790, 536, 'urens');
INSERT INTO Families(ID, typeID, name) VALUES(537, 2, 'Sida');
INSERT INTO Plants(ID, familyID, name) VALUES(2791, 537, 'acuta');
INSERT INTO Families(ID, typeID, name) VALUES(538, 1, 'Sterculia');
INSERT INTO Plants(ID, familyID, name) VALUES(2792, 538, 'acerifolia orramifolia');
INSERT INTO Plants(ID, familyID, name) VALUES(2793, 538, 'spp.');
INSERT INTO Families(ID, typeID, name) VALUES(539, 1, 'Thespesia');
INSERT INTO Plants(ID, familyID, name) VALUES(2794, 539, 'acutiloba');
INSERT INTO Plants(ID, familyID, name) VALUES(2795, 539, 'beatensis');
INSERT INTO Plants(ID, familyID, name) VALUES(2796, 539, 'cubensis');
INSERT INTO Plants(ID, familyID, name) VALUES(2797, 539, 'danis');
INSERT INTO Plants(ID, familyID, name) VALUES(2798, 539, 'fissicalyx');
INSERT INTO Plants(ID, familyID, name) VALUES(2799, 539, 'garkeana');
INSERT INTO Plants(ID, familyID, name) VALUES(2800, 539, 'grandiflora');
INSERT INTO Plants(ID, familyID, name) VALUES(2801, 539, 'gummiflua');
INSERT INTO Plants(ID, familyID, name) VALUES(2802, 539, 'lampas');
INSERT INTO Plants(ID, familyID, name) VALUES(2803, 539, 'macrophylla');
INSERT INTO Plants(ID, familyID, name) VALUES(2804, 539, 'mossambicensis');
INSERT INTO Plants(ID, familyID, name) VALUES(2805, 539, 'multibracteata');
INSERT INTO Plants(ID, familyID, name) VALUES(2806, 539, 'patellifera');
INSERT INTO Plants(ID, familyID, name) VALUES(2807, 539, 'populnea');
INSERT INTO Plants(ID, familyID, name) VALUES(2808, 539, 'populneoides');
INSERT INTO Plants(ID, familyID, name) VALUES(2809, 539, 'robusta');
INSERT INTO Plants(ID, familyID, name) VALUES(2810, 539, 'thespesioides');
INSERT INTO Plants(ID, familyID, name) VALUES(2811, 539, 'trilobata');
INSERT INTO Families(ID, typeID, name) VALUES(540, 1, 'Tilia');
INSERT INTO Plants(ID, familyID, name) VALUES(2812, 540, 'platyphyllos');
INSERT INTO Families(ID, typeID, name) VALUES(541, 4, 'Trichospermum');
INSERT INTO Plants(ID, familyID, name) VALUES(2813, 541, 'mexicanum');
INSERT INTO Families(ID, typeID, name) VALUES(542, 1, 'Triumfetta');
INSERT INTO Plants(ID, familyID, name) VALUES(2814, 542, 'grandiflora');
INSERT INTO Plants(ID, familyID, name) VALUES(2815, 542, 'lappula');
INSERT INTO Plants(ID, familyID, name) VALUES(2816, 542, 'rhombiflora');
INSERT INTO Plants(ID, familyID, name) VALUES(2817, 542, 'semitriloba');
INSERT INTO Plants(ID, familyID, name) VALUES(2818, 542, 'velutina');
INSERT INTO Families(ID, typeID, name) VALUES(543, 3, 'Urena');
INSERT INTO Plants(ID, familyID, name) VALUES(2819, 543, 'lobata');
INSERT INTO Plants(ID, familyID, name) VALUES(2820, 543, 'rigida');
INSERT INTO Plants(ID, familyID, name) VALUES(2821, 543, 'sinuata');
INSERT INTO Families(ID, typeID, name) VALUES(544, 1, 'Calathea');
INSERT INTO Plants(ID, familyID, name) VALUES(2822, 544, 'bantae');
INSERT INTO Plants(ID, familyID, name) VALUES(2823, 544, 'guzmanioides');
INSERT INTO Plants(ID, familyID, name) VALUES(2824, 544, 'majestica');
INSERT INTO Plants(ID, familyID, name) VALUES(2825, 544, 'ovandensis');
INSERT INTO Plants(ID, familyID, name) VALUES(2826, 544, 'portobelensis');
INSERT INTO Plants(ID, familyID, name) VALUES(2827, 544, 'robin-fosteri');
INSERT INTO Plants(ID, familyID, name) VALUES(2828, 544, 'spp.');
INSERT INTO Families(ID, typeID, name) VALUES(545, 1, 'Ctenanthe');
INSERT INTO Plants(ID, familyID, name) VALUES(2829, 545, 'aff. dasycarpa');
INSERT INTO Plants(ID, familyID, name) VALUES(2830, 545, 'amabilis');
INSERT INTO Plants(ID, familyID, name) VALUES(2831, 545, 'compressa');
INSERT INTO Plants(ID, familyID, name) VALUES(2832, 545, 'glabra');
INSERT INTO Plants(ID, familyID, name) VALUES(2833, 545, 'lubbersii');
INSERT INTO Plants(ID, familyID, name) VALUES(2834, 545, 'pilosa');
INSERT INTO Plants(ID, familyID, name) VALUES(2835, 545, 'setosa');
INSERT INTO Families(ID, typeID, name) VALUES(546, 2, 'Donax');
INSERT INTO Plants(ID, familyID, name) VALUES(2836, 546, 'canniformis');
INSERT INTO Plants(ID, familyID, name) VALUES(2837, 546, 'grandis');
INSERT INTO Plants(ID, familyID, name) VALUES(2838, 546, 'parviflorum');
INSERT INTO Families(ID, typeID, name) VALUES(547, 1, 'Ischnosiphon');
INSERT INTO Plants(ID, familyID, name) VALUES(2839, 547, 'sp.');
INSERT INTO Families(ID, typeID, name) VALUES(548, 1, 'Megaphrynium');
INSERT INTO Plants(ID, familyID, name) VALUES(2840, 548, 'macrostachyum');
INSERT INTO Families(ID, typeID, name) VALUES(549, 1, 'Schumannianthus');
INSERT INTO Plants(ID, familyID, name) VALUES(2841, 549, 'dichotomous');
INSERT INTO Families(ID, typeID, name) VALUES(550, 1, 'Stromanthe');
INSERT INTO Plants(ID, familyID, name) VALUES(2842, 550, 'cf. confusa');
INSERT INTO Plants(ID, familyID, name) VALUES(2843, 550, 'hjalmarssonii');
INSERT INTO Plants(ID, familyID, name) VALUES(2844, 550, 'jacquinii');
INSERT INTO Plants(ID, familyID, name) VALUES(2845, 550, 'macrochlamys');
INSERT INTO Families(ID, typeID, name) VALUES(551, 1, 'Thaumatococcos');
INSERT INTO Plants(ID, familyID, name) VALUES(2846, 551, 'danielli');
INSERT INTO Families(ID, typeID, name) VALUES(552, 1, 'Marcgravia');
INSERT INTO Plants(ID, familyID, name) VALUES(2847, 552, 'caudata');
INSERT INTO Plants(ID, familyID, name) VALUES(2848, 552, 'cuspidata');
INSERT INTO Plants(ID, familyID, name) VALUES(2849, 552, 'myriostigma');
INSERT INTO Plants(ID, familyID, name) VALUES(2850, 552, 'nervosa');
INSERT INTO Plants(ID, familyID, name) VALUES(2851, 552, 'pedunculosa');
INSERT INTO Plants(ID, familyID, name) VALUES(2852, 552, 'rectiflora var. bracteolaris');
INSERT INTO Plants(ID, familyID, name) VALUES(2853, 552, 'umbellata');
INSERT INTO Families(ID, typeID, name) VALUES(553, 1, 'Monsera');
INSERT INTO Plants(ID, familyID, name) VALUES(2854, 553, 'dubia');
INSERT INTO Families(ID, typeID, name) VALUES(554, 1, 'Norantea');
INSERT INTO Plants(ID, familyID, name) VALUES(2855, 554, 'guianensis');
INSERT INTO Plants(ID, familyID, name) VALUES(2856, 554, 'peduncularis');
INSERT INTO Families(ID, typeID, name) VALUES(555, 1, 'Ruyschia');
INSERT INTO Plants(ID, familyID, name) VALUES(2857, 555, 'crassipes');
INSERT INTO Plants(ID, familyID, name) VALUES(2858, 555, 'pilophora');
INSERT INTO Families(ID, typeID, name) VALUES(556, 1, 'Souroubea');
INSERT INTO Plants(ID, familyID, name) VALUES(2859, 556, 'sp.');
INSERT INTO Families(ID, typeID, name) VALUES(557, 1, 'Carapa');
INSERT INTO Plants(ID, familyID, name) VALUES(2860, 557, 'guianensis');
INSERT INTO Plants(ID, familyID, name) VALUES(2861, 557, 'moluccensis');
INSERT INTO Families(ID, typeID, name) VALUES(558, 4, 'Cedrela');
INSERT INTO Plants(ID, familyID, name) VALUES(2862, 558, 'fissilis');
INSERT INTO Plants(ID, familyID, name) VALUES(2863, 558, 'odorata');
INSERT INTO Families(ID, typeID, name) VALUES(559, 1, 'Cipadessa');
INSERT INTO Plants(ID, familyID, name) VALUES(2864, 559, 'baccifera');
INSERT INTO Families(ID, typeID, name) VALUES(560, 4, 'Dysoxylum');
INSERT INTO Plants(ID, familyID, name) VALUES(2865, 560, 'pettigrewianum');
INSERT INTO Families(ID, typeID, name) VALUES(561, 4, 'Guarea');
INSERT INTO Plants(ID, familyID, name) VALUES(2866, 561, 'glabra');
INSERT INTO Plants(ID, familyID, name) VALUES(2867, 561, 'sp. hairy');
INSERT INTO Families(ID, typeID, name) VALUES(562, 4, 'Pseudocedrela');
INSERT INTO Plants(ID, familyID, name) VALUES(2868, 562, 'kotschyi');
INSERT INTO Families(ID, typeID, name) VALUES(563, 1, 'Swietenia');
INSERT INTO Plants(ID, familyID, name) VALUES(2869, 563, 'humilis');
INSERT INTO Plants(ID, familyID, name) VALUES(2870, 563, 'macrophylla');
INSERT INTO Plants(ID, familyID, name) VALUES(2871, 563, 'mahogoni');
INSERT INTO Families(ID, typeID, name) VALUES(564, 4, 'Trichilia');
INSERT INTO Plants(ID, familyID, name) VALUES(2872, 564, 'cipo');
INSERT INTO Plants(ID, familyID, name) VALUES(2873, 564, 'connaroides');
INSERT INTO Plants(ID, familyID, name) VALUES(2874, 564, 'havanensis');
INSERT INTO Plants(ID, familyID, name) VALUES(2875, 564, 'montana');
INSERT INTO Plants(ID, familyID, name) VALUES(2876, 564, 'propingua');
INSERT INTO Families(ID, typeID, name) VALUES(565, 3, 'Heterocentron');
INSERT INTO Plants(ID, familyID, name) VALUES(2877, 565, 'subtriplinervium');
INSERT INTO Families(ID, typeID, name) VALUES(566, 6, 'Parabaena');
INSERT INTO Plants(ID, familyID, name) VALUES(2878, 566, 'sagittata');
INSERT INTO Families(ID, typeID, name) VALUES(567, 1, 'Tinospora');
INSERT INTO Plants(ID, familyID, name) VALUES(2879, 567, 'cordifolia');
INSERT INTO Plants(ID, familyID, name) VALUES(2880, 567, 'reticulata');
INSERT INTO Families(ID, typeID, name) VALUES(568, 1, 'Ficus');
INSERT INTO Plants(ID, familyID, name) VALUES(2881, 568, 'asperior');
INSERT INTO Plants(ID, familyID, name) VALUES(2882, 568, 'aurantiaca');
INSERT INTO Plants(ID, familyID, name) VALUES(2883, 568, 'begoniafolia');
INSERT INTO Plants(ID, familyID, name) VALUES(2884, 568, 'benghalensis');
INSERT INTO Plants(ID, familyID, name) VALUES(2885, 568, 'boninsimae');
INSERT INTO Plants(ID, familyID, name) VALUES(2886, 568, 'celebica');
INSERT INTO Plants(ID, familyID, name) VALUES(2887, 568, 'daemon');
INSERT INTO Plants(ID, familyID, name) VALUES(2888, 568, 'gibbosa');
INSERT INTO Plants(ID, familyID, name) VALUES(2889, 568, 'leucanthatoma');
INSERT INTO Plants(ID, familyID, name) VALUES(2890, 568, 'neumannii');
INSERT INTO Plants(ID, familyID, name) VALUES(2891, 568, 'obscura');
INSERT INTO Plants(ID, familyID, name) VALUES(2892, 568, 'obtusifolia');
INSERT INTO Plants(ID, familyID, name) VALUES(2893, 568, 'obtusifolius');
INSERT INTO Plants(ID, familyID, name) VALUES(2894, 568, 'populifolia');
INSERT INTO Plants(ID, familyID, name) VALUES(2895, 568, 'rostrata');
INSERT INTO Plants(ID, familyID, name) VALUES(2896, 568, 'semicordata');
INSERT INTO Plants(ID, familyID, name) VALUES(2897, 568, 'septica');
INSERT INTO Plants(ID, familyID, name) VALUES(2898, 568, 'tinctoria');
INSERT INTO Plants(ID, familyID, name) VALUES(2899, 568, 'uniglandulosa');
INSERT INTO Plants(ID, familyID, name) VALUES(2900, 568, 'vasta');
INSERT INTO Families(ID, typeID, name) VALUES(569, 1, 'Moringa');
INSERT INTO Plants(ID, familyID, name) VALUES(2901, 569, 'oleifera');
INSERT INTO Plants(ID, name) VALUES(2902, 'Koptur 1992');
INSERT INTO Families(ID, typeID, name) VALUES(570, 1, 'Chamelaucium');
INSERT INTO Plants(ID, familyID, name) VALUES(2903, 570, 'axillare');
INSERT INTO Plants(ID, familyID, name) VALUES(2904, 570, 'hallii');
INSERT INTO Plants(ID, familyID, name) VALUES(2905, 570, 'uncinatum');
INSERT INTO Families(ID, typeID, name) VALUES(571, 1, 'Syzygium');
INSERT INTO Plants(ID, familyID, name) VALUES(2906, 571, 'erythrocalyx');
INSERT INTO Families(ID, typeID, name) VALUES(572, 1, 'Nepenthes');
INSERT INTO Plants(ID, familyID, name) VALUES(2907, 572, 'albomarginata');
INSERT INTO Plants(ID, familyID, name) VALUES(2908, 572, 'ampullaria');
INSERT INTO Plants(ID, familyID, name) VALUES(2909, 572, 'bicalcarata');
INSERT INTO Plants(ID, familyID, name) VALUES(2910, 572, 'gracilis');
INSERT INTO Plants(ID, familyID, name) VALUES(2911, 572, 'khasiana');
INSERT INTO Plants(ID, familyID, name) VALUES(2912, 572, 'maxima');
INSERT INTO Plants(ID, familyID, name) VALUES(2913, 572, 'mirabilis var.echinosomma');
INSERT INTO Plants(ID, familyID, name) VALUES(2914, 572, 'northiana');
INSERT INTO Plants(ID, familyID, name) VALUES(2915, 572, 'raffesiana');
INSERT INTO Plants(ID, familyID, name) VALUES(2916, 572, 'sanguinea');
INSERT INTO Plants(ID, familyID, name) VALUES(2917, 572, 'veitchii');
INSERT INTO Families(ID, typeID, name) VALUES(573, 1, 'Ouratea');
INSERT INTO Plants(ID, familyID, name) VALUES(2918, 573, 'castanaefolia');
INSERT INTO Plants(ID, familyID, name) VALUES(2919, 573, 'hexasperma');
INSERT INTO Plants(ID, familyID, name) VALUES(2920, 573, 'lucens');
INSERT INTO Plants(ID, familyID, name) VALUES(2921, 573, 'spectabilis');
INSERT INTO Plants(ID, name) VALUES(2922, 'Metcalfe and Chalk 1971');
INSERT INTO Families(ID, typeID, name) VALUES(574, 1, 'Foriesteria');
INSERT INTO Plants(ID, familyID, name) VALUES(2923, 574, 'lingustrina');
INSERT INTO Families(ID, typeID, name) VALUES(575, 1, 'Fraxinus');
INSERT INTO Plants(ID, familyID, name) VALUES(2924, 575, 'spp.');
INSERT INTO Families(ID, typeID, name) VALUES(576, 1, 'Lingustrum');
INSERT INTO Plants(ID, familyID, name) VALUES(2925, 576, 'acutissimum');
INSERT INTO Plants(ID, familyID, name) VALUES(2926, 576, 'cultivans');
INSERT INTO Plants(ID, familyID, name) VALUES(2927, 576, 'foliosum');
INSERT INTO Plants(ID, familyID, name) VALUES(2928, 576, 'ibota');
INSERT INTO Plants(ID, familyID, name) VALUES(2929, 576, 'japonicum');
INSERT INTO Plants(ID, familyID, name) VALUES(2930, 576, 'lucidum');
INSERT INTO Plants(ID, familyID, name) VALUES(2931, 576, 'micranthum');
INSERT INTO Plants(ID, familyID, name) VALUES(2932, 576, 'obtusifolium');
INSERT INTO Plants(ID, familyID, name) VALUES(2933, 576, 'ovalifolium');
INSERT INTO Plants(ID, familyID, name) VALUES(2934, 576, 'quihoui');
INSERT INTO Plants(ID, familyID, name) VALUES(2935, 576, 'regelianum');
INSERT INTO Plants(ID, familyID, name) VALUES(2936, 576, 'vulgare');
INSERT INTO Families(ID, typeID, name) VALUES(577, 1, 'Olea');
INSERT INTO Plants(ID, familyID, name) VALUES(2937, 577, 'excelsa');
INSERT INTO Families(ID, typeID, name) VALUES(578, 1, 'Osmanthus');
INSERT INTO Plants(ID, familyID, name) VALUES(2938, 578, 'fragrans');
INSERT INTO Plants(ID, familyID, name) VALUES(2939, 578, 'heterophylla');
INSERT INTO Plants(ID, familyID, name) VALUES(2940, 578, 'ilicifolium');
INSERT INTO Plants(ID, familyID, name) VALUES(2941, 578, 'insularis');
INSERT INTO Plants(ID, familyID, name) VALUES(2942, 578, 'sp.');
INSERT INTO Families(ID, typeID, name) VALUES(579, 1, 'Phillyrea');
INSERT INTO Plants(ID, familyID, name) VALUES(2943, 579, 'lutifolium');
INSERT INTO Plants(ID, familyID, name) VALUES(2944, 579, 'media');
INSERT INTO Families(ID, typeID, name) VALUES(580, 1, 'Syringa');
INSERT INTO Plants(ID, familyID, name) VALUES(2945, 580, 'amurensis');
INSERT INTO Plants(ID, familyID, name) VALUES(2946, 580, 'chinensis');
INSERT INTO Plants(ID, familyID, name) VALUES(2947, 580, 'dilatata');
INSERT INTO Plants(ID, familyID, name) VALUES(2948, 580, 'lucidum');
INSERT INTO Plants(ID, familyID, name) VALUES(2949, 580, 'palibiniana');
INSERT INTO Plants(ID, familyID, name) VALUES(2950, 580, 'persica');
INSERT INTO Plants(ID, familyID, name) VALUES(2951, 580, 'reticulata');
INSERT INTO Plants(ID, familyID, name) VALUES(2952, 580, 'sargentiana');
INSERT INTO Plants(ID, familyID, name) VALUES(2953, 580, 'velutina');
INSERT INTO Plants(ID, familyID, name) VALUES(2954, 580, 'vulgaris');
INSERT INTO Plants(ID, familyID, name) VALUES(2955, 580, 'wolfi');
INSERT INTO Families(ID, typeID, name) VALUES(581, 2, 'Oenothera');
INSERT INTO Plants(ID, familyID, name) VALUES(2956, 581, 'albicaulis');
INSERT INTO Plants(ID, familyID, name) VALUES(2957, 581, 'nuttalii');
INSERT INTO Plants(ID, familyID, name) VALUES(2958, 581, 'pallida');
INSERT INTO Families(ID, typeID, name) VALUES(582, 2, 'Acropera');
INSERT INTO Plants(ID, familyID, name) VALUES(2959, 582, 'sp.');
INSERT INTO Families(ID, typeID, name) VALUES(583, 1, 'Aerides');
INSERT INTO Plants(ID, familyID, name) VALUES(2960, 583, 'falcatum');
INSERT INTO Plants(ID, familyID, name) VALUES(2961, 583, 'sp.');
INSERT INTO Families(ID, typeID, name) VALUES(584, 2, 'Angraecum');
INSERT INTO Plants(ID, familyID, name) VALUES(2962, 584, 'eburneum');
INSERT INTO Families(ID, typeID, name) VALUES(585, 1, 'Ansellia');
INSERT INTO Plants(ID, familyID, name) VALUES(2963, 585, 'africana');
INSERT INTO Plants(ID, familyID, name) VALUES(2964, 585, 'sp.');
INSERT INTO Families(ID, typeID, name) VALUES(586, 1, 'Arachnis');
INSERT INTO Plants(ID, familyID, name) VALUES(2965, 586, 'flos-aeris');
INSERT INTO Families(ID, typeID, name) VALUES(587, 1, 'Arundina');
INSERT INTO Plants(ID, familyID, name) VALUES(2966, 587, 'graminifolius');
INSERT INTO Families(ID, typeID, name) VALUES(588, 1, 'Aspasia');
INSERT INTO Plants(ID, familyID, name) VALUES(2967, 588, 'principissa');
INSERT INTO Plants(ID, familyID, name) VALUES(2968, 588, 'sp.');
INSERT INTO Families(ID, typeID, name) VALUES(589, 1, 'Brassavola');
INSERT INTO Plants(ID, familyID, name) VALUES(2969, 589, 'nodosa');
INSERT INTO Plants(ID, familyID, name) VALUES(2970, 589, 'sp.');
INSERT INTO Families(ID, typeID, name) VALUES(590, 1, 'Bromheadia');
INSERT INTO Plants(ID, familyID, name) VALUES(2971, 590, 'sp.');
INSERT INTO Families(ID, typeID, name) VALUES(591, 1, 'Broughtonia');
INSERT INTO Plants(ID, familyID, name) VALUES(2972, 591, 'sanguinea');
INSERT INTO Families(ID, typeID, name) VALUES(592, 1, 'Catasetum');
INSERT INTO Plants(ID, familyID, name) VALUES(2973, 592, 'inornatum');
INSERT INTO Plants(ID, familyID, name) VALUES(2974, 592, 'viridiflavum');
INSERT INTO Families(ID, typeID, name) VALUES(593, 1, 'Cattleya');
INSERT INTO Plants(ID, familyID, name) VALUES(2975, 593, 'aurantiata');
INSERT INTO Plants(ID, familyID, name) VALUES(2976, 593, 'bowringiana');
INSERT INTO Plants(ID, familyID, name) VALUES(2977, 593, 'dolosa');
INSERT INTO Plants(ID, familyID, name) VALUES(2978, 593, 'elongata');
INSERT INTO Plants(ID, familyID, name) VALUES(2979, 593, 'forbesii');
INSERT INTO Plants(ID, familyID, name) VALUES(2980, 593, 'percivaliana');
INSERT INTO Plants(ID, familyID, name) VALUES(2981, 593, 'skinneri');
INSERT INTO Plants(ID, familyID, name) VALUES(2982, 593, 'sp.');
INSERT INTO Plants(ID, familyID, name) VALUES(2983, 593, 'sylvatica');
INSERT INTO Families(ID, typeID, name) VALUES(594, 1, 'Cattleyopsis');
INSERT INTO Plants(ID, familyID, name) VALUES(2984, 594, 'lindeni');
INSERT INTO Families(ID, typeID, name) VALUES(595, 1, 'Caularthron');
INSERT INTO Plants(ID, familyID, name) VALUES(2985, 595, 'bilamellatum');
INSERT INTO Families(ID, typeID, name) VALUES(596, 1, 'Cladobium');
INSERT INTO Plants(ID, familyID, name) VALUES(2986, 596, 'graminifolium');
INSERT INTO Families(ID, typeID, name) VALUES(597, 5, 'Coelogyne');
INSERT INTO Plants(ID, familyID, name) VALUES(2987, 597, 'flaccida');
INSERT INTO Plants(ID, familyID, name) VALUES(2988, 597, 'nitida');
INSERT INTO Plants(ID, familyID, name) VALUES(2989, 597, 'prolifera');
INSERT INTO Plants(ID, familyID, name) VALUES(2990, 597, 'sp.');
INSERT INTO Families(ID, typeID, name) VALUES(598, 1, 'Cymbidium');
INSERT INTO Plants(ID, familyID, name) VALUES(2991, 598, 'aloifolium');
INSERT INTO Plants(ID, familyID, name) VALUES(2992, 598, 'lowianum');
INSERT INTO Plants(ID, familyID, name) VALUES(2993, 598, 'madidum');
INSERT INTO Plants(ID, familyID, name) VALUES(2994, 598, 'pendulatum');
INSERT INTO Plants(ID, familyID, name) VALUES(2995, 598, 'sp.');
INSERT INTO Plants(ID, familyID, name) VALUES(2996, 598, 'tracianum');
INSERT INTO Plants(ID, familyID, name) VALUES(2997, 598, 'x pauwelsii hort');
INSERT INTO Families(ID, typeID, name) VALUES(599, 1, 'Cyrtopodium');
INSERT INTO Plants(ID, familyID, name) VALUES(2998, 599, 'puntatum');
INSERT INTO Families(ID, typeID, name) VALUES(600, 1, 'Dendrobium');
INSERT INTO Plants(ID, familyID, name) VALUES(2999, 600, 'anosmum');
INSERT INTO Plants(ID, familyID, name) VALUES(3000, 600, 'chrysotoxum');
INSERT INTO Plants(ID, familyID, name) VALUES(3001, 600, 'sp.');
INSERT INTO Families(ID, typeID, name) VALUES(601, 1, 'Dimerandra');
INSERT INTO Plants(ID, familyID, name) VALUES(3002, 601, 'emarginata');
INSERT INTO Plants(ID, familyID, name) VALUES(3003, 601, 'sp.');
INSERT INTO Families(ID, typeID, name) VALUES(602, 1, 'Encyclia');
INSERT INTO Plants(ID, familyID, name) VALUES(3004, 602, 'atropurpureum');
INSERT INTO Plants(ID, familyID, name) VALUES(3005, 602, 'cochleatum');
INSERT INTO Plants(ID, familyID, name) VALUES(3006, 602, 'sp.');
INSERT INTO Families(ID, typeID, name) VALUES(603, 1, 'Epidendrum');
INSERT INTO Plants(ID, familyID, name) VALUES(3007, 603, 'anza');
INSERT INTO Plants(ID, familyID, name) VALUES(3008, 603, 'atroviolaceum');
INSERT INTO Plants(ID, familyID, name) VALUES(3009, 603, 'elongatum');
INSERT INTO Plants(ID, familyID, name) VALUES(3010, 603, 'encyclea');
INSERT INTO Plants(ID, familyID, name) VALUES(3011, 603, 'gouldii');
INSERT INTO Plants(ID, familyID, name) VALUES(3012, 603, 'nocturnum');
INSERT INTO Plants(ID, familyID, name) VALUES(3013, 603, 'radicans');
INSERT INTO Plants(ID, familyID, name) VALUES(3014, 603, 'secundum');
INSERT INTO Families(ID, typeID, name) VALUES(604, 1, 'Euanthe');
INSERT INTO Plants(ID, familyID, name) VALUES(3015, 604, 'sanderiana');
INSERT INTO Families(ID, typeID, name) VALUES(605, 1, 'Eulophiella');
INSERT INTO Plants(ID, familyID, name) VALUES(3016, 605, 'roempleriana');
INSERT INTO Families(ID, typeID, name) VALUES(606, 1, 'Gongora');
INSERT INTO Plants(ID, familyID, name) VALUES(3017, 606, 'quinquenervis');
INSERT INTO Plants(ID, familyID, name) VALUES(3018, 606, 'sp.');
INSERT INTO Plants(ID, familyID, name) VALUES(3019, 606, 'tricolor');
INSERT INTO Families(ID, typeID, name) VALUES(607, 1, 'Grammatophyllum');
INSERT INTO Plants(ID, familyID, name) VALUES(3020, 607, 'sp.');
INSERT INTO Plants(ID, familyID, name) VALUES(3021, 607, 'speciosus');
INSERT INTO Families(ID, typeID, name) VALUES(608, 1, 'Laelia');
INSERT INTO Plants(ID, familyID, name) VALUES(3022, 608, 'sp.');
INSERT INTO Plants(ID, familyID, name) VALUES(3023, 608, 'tenebrosa');
INSERT INTO Families(ID, typeID, name) VALUES(609, 2, 'Listera');
INSERT INTO Plants(ID, familyID, name) VALUES(3024, 609, 'convallarioides');
INSERT INTO Families(ID, typeID, name) VALUES(610, 1, 'Neobenthamia');
INSERT INTO Plants(ID, familyID, name) VALUES(3025, 610, 'gracilis');
INSERT INTO Families(ID, typeID, name) VALUES(611, 1, 'Notylia');
INSERT INTO Plants(ID, familyID, name) VALUES(3026, 611, 'barkeri');
INSERT INTO Plants(ID, familyID, name) VALUES(3027, 611, 'pentachne');
INSERT INTO Plants(ID, familyID, name) VALUES(3028, 611, 'sp.');
INSERT INTO Families(ID, typeID, name) VALUES(612, 1, 'Oberonia');
INSERT INTO Plants(ID, familyID, name) VALUES(3029, 612, 'chandrasekharanii');
INSERT INTO Families(ID, typeID, name) VALUES(613, 1, 'Oncidium');
INSERT INTO Plants(ID, familyID, name) VALUES(3030, 613, 'excavatum');
INSERT INTO Plants(ID, familyID, name) VALUES(3031, 613, 'floridanum');
INSERT INTO Plants(ID, familyID, name) VALUES(3032, 613, 'sp.');
INSERT INTO Plants(ID, familyID, name) VALUES(3033, 613, 'sphacelatum');
INSERT INTO Families(ID, typeID, name) VALUES(614, 5, 'Otichilus');
INSERT INTO Plants(ID, familyID, name) VALUES(3034, 614, 'albus');
INSERT INTO Families(ID, typeID, name) VALUES(615, 1, 'Papilionanthe');
INSERT INTO Plants(ID, familyID, name) VALUES(3035, 615, 'hookeriana');
INSERT INTO Plants(ID, familyID, name) VALUES(3036, 615, 'teres');
INSERT INTO Families(ID, typeID, name) VALUES(616, 1, 'Phaius');
INSERT INTO Plants(ID, familyID, name) VALUES(3037, 616, 'sp.');
INSERT INTO Plants(ID, familyID, name) VALUES(3038, 616, 'tankervilliae');
INSERT INTO Families(ID, typeID, name) VALUES(617, 1, 'Phalaenopsis');
INSERT INTO Plants(ID, familyID, name) VALUES(3039, 617, 'lueddermanniana');
INSERT INTO Families(ID, typeID, name) VALUES(618, 1, 'Ponera');
INSERT INTO Plants(ID, familyID, name) VALUES(3040, 618, 'sp.');
INSERT INTO Families(ID, typeID, name) VALUES(619, 1, 'Prosthechea');
INSERT INTO Plants(ID, familyID, name) VALUES(3041, 619, 'chacaoensis');
INSERT INTO Families(ID, typeID, name) VALUES(620, 1, 'Scaphyglottis');
INSERT INTO Plants(ID, familyID, name) VALUES(3042, 620, 'sp.');
INSERT INTO Families(ID, typeID, name) VALUES(621, 1, 'Schomburgkia');
INSERT INTO Plants(ID, familyID, name) VALUES(3043, 621, 'sp');
INSERT INTO Plants(ID, familyID, name) VALUES(3044, 621, 'tibicinis');
INSERT INTO Families(ID, typeID, name) VALUES(622, 1, 'Sobralia');
INSERT INTO Plants(ID, familyID, name) VALUES(3045, 622, 'sp.');
INSERT INTO Families(ID, typeID, name) VALUES(623, 1, 'Spathoglottis');
INSERT INTO Plants(ID, familyID, name) VALUES(3046, 623, 'plicata');
INSERT INTO Families(ID, typeID, name) VALUES(624, 1, 'Stanhopea');
INSERT INTO Plants(ID, familyID, name) VALUES(3047, 624, 'sp.');
INSERT INTO Families(ID, typeID, name) VALUES(625, 1, 'Trichocentrum');
INSERT INTO Plants(ID, familyID, name) VALUES(3048, 625, 'lacerum');
INSERT INTO Families(ID, typeID, name) VALUES(626, 1, 'Trichoglottis');
INSERT INTO Plants(ID, familyID, name) VALUES(3049, 626, 'philappenense');
INSERT INTO Plants(ID, familyID, name) VALUES(3050, 626, 'rosea');
INSERT INTO Families(ID, typeID, name) VALUES(627, 1, 'Trigonidium');
INSERT INTO Plants(ID, familyID, name) VALUES(3051, 627, 'egertonianum');
INSERT INTO Plants(ID, familyID, name) VALUES(3052, 627, 'sp.');
INSERT INTO Families(ID, typeID, name) VALUES(628, 1, 'Vanda');
INSERT INTO Plants(ID, familyID, name) VALUES(3053, 628, 'merrillii');
INSERT INTO Plants(ID, familyID, name) VALUES(3054, 628, 'rothschildiana');
INSERT INTO Plants(ID, familyID, name) VALUES(3055, 628, 'sp.');
INSERT INTO Plants(ID, familyID, name) VALUES(3056, 628, 'tricolor');
INSERT INTO Families(ID, typeID, name) VALUES(629, 1, 'Vanilla');
INSERT INTO Plants(ID, familyID, name) VALUES(3057, 629, 'planifolia');
INSERT INTO Plants(ID, familyID, name) VALUES(3058, 629, 'sp.');
INSERT INTO Families(ID, typeID, name) VALUES(630, 2, 'Paeonia');
INSERT INTO Plants(ID, familyID, name) VALUES(3059, 630, 'albiflora');
INSERT INTO Plants(ID, familyID, name) VALUES(3060, 630, 'japonica');
INSERT INTO Plants(ID, familyID, name) VALUES(3061, 630, 'lactiflora');
INSERT INTO Plants(ID, familyID, name) VALUES(3062, 630, 'officinalis');
INSERT INTO Plants(ID, familyID, name) VALUES(3063, 630, 'sp.');
INSERT INTO Families(ID, typeID, name) VALUES(631, 1, 'Adenia');
INSERT INTO Plants(ID, familyID, name) VALUES(3064, 631, '5 unnamed species');
INSERT INTO Plants(ID, familyID, name) VALUES(3065, 631, 'abyssinica');
INSERT INTO Plants(ID, familyID, name) VALUES(3066, 631, 'acuminata');
INSERT INTO Plants(ID, familyID, name) VALUES(3067, 631, 'antogillana');
INSERT INTO Plants(ID, familyID, name) VALUES(3068, 631, 'apiculata');
INSERT INTO Plants(ID, familyID, name) VALUES(3069, 631, 'australis');
INSERT INTO Plants(ID, familyID, name) VALUES(3070, 631, 'buchanannii');
INSERT INTO Plants(ID, familyID, name) VALUES(3071, 631, 'cf cyanchifolia');
INSERT INTO Plants(ID, familyID, name) VALUES(3072, 631, 'cissampeloides');
INSERT INTO Plants(ID, familyID, name) VALUES(3073, 631, 'clementis');
INSERT INTO Plants(ID, familyID, name) VALUES(3074, 631, 'cordifolia');
INSERT INTO Plants(ID, familyID, name) VALUES(3075, 631, 'cordiphylla');
INSERT INTO Plants(ID, familyID, name) VALUES(3076, 631, 'digitata');
INSERT INTO Plants(ID, familyID, name) VALUES(3077, 631, 'gracilis');
INSERT INTO Plants(ID, familyID, name) VALUES(3078, 631, 'heterophylla');
INSERT INTO Plants(ID, familyID, name) VALUES(3079, 631, 'integrifolia');
INSERT INTO Plants(ID, familyID, name) VALUES(3080, 631, 'lklaineana');
INSERT INTO Plants(ID, familyID, name) VALUES(3081, 631, 'lobata');
INSERT INTO Plants(ID, familyID, name) VALUES(3082, 631, 'macrophylla');
INSERT INTO Plants(ID, familyID, name) VALUES(3083, 631, 'obtusa');
INSERT INTO Plants(ID, familyID, name) VALUES(3084, 631, 'palmata');
INSERT INTO Plants(ID, familyID, name) VALUES(3085, 631, 'paschathus');
INSERT INTO Plants(ID, familyID, name) VALUES(3086, 631, 'penangiana');
INSERT INTO Plants(ID, familyID, name) VALUES(3087, 631, 'perrieri');
INSERT INTO Plants(ID, familyID, name) VALUES(3088, 631, 'populifolia');
INSERT INTO Plants(ID, familyID, name) VALUES(3089, 631, 'refracta');
INSERT INTO Plants(ID, familyID, name) VALUES(3090, 631, 'repanda');
INSERT INTO Plants(ID, familyID, name) VALUES(3091, 631, 'stolzii');
INSERT INTO Plants(ID, familyID, name) VALUES(3092, 631, 'tenuispira');
INSERT INTO Plants(ID, familyID, name) VALUES(3093, 631, 'triloba');
INSERT INTO Plants(ID, familyID, name) VALUES(3094, 631, 'trilobata');
INSERT INTO Plants(ID, familyID, name) VALUES(3095, 631, 'venenata');
INSERT INTO Plants(ID, familyID, name) VALUES(3096, 631, 'volkensii');
INSERT INTO Plants(ID, familyID, name) VALUES(3097, 631, 'welwitschii');
INSERT INTO Families(ID, typeID, name) VALUES(632, 1, 'Barteria');
INSERT INTO Plants(ID, familyID, name) VALUES(3098, 632, 'dewevrei');
INSERT INTO Plants(ID, familyID, name) VALUES(3099, 632, 'fistulosa');
INSERT INTO Plants(ID, familyID, name) VALUES(3100, 632, 'nigritana');
INSERT INTO Plants(ID, familyID, name) VALUES(3101, 632, 'solida');
INSERT INTO Plants(ID, familyID, name) VALUES(3102, 632, 'spp.');
INSERT INTO Families(ID, typeID, name) VALUES(633, 1, 'Basananthe');
INSERT INTO Plants(ID, familyID, name) VALUES(3103, 633, 'littoralis');
INSERT INTO Plants(ID, familyID, name) VALUES(3104, 633, 'zanaibaricum');
INSERT INTO Families(ID, typeID, name) VALUES(634, 1, 'Crossostemma');
INSERT INTO Plants(ID, familyID, name) VALUES(3105, 634, 'sp.');
INSERT INTO Families(ID, typeID, name) VALUES(635, 1, 'Deidamia');
INSERT INTO Plants(ID, familyID, name) VALUES(3106, 635, 'bipinnata');
INSERT INTO Plants(ID, familyID, name) VALUES(3107, 635, 'commersoniana');
INSERT INTO Plants(ID, familyID, name) VALUES(3108, 635, 'neronhiana');
INSERT INTO Plants(ID, familyID, name) VALUES(3109, 635, 'setigera');
INSERT INTO Families(ID, typeID, name) VALUES(636, 1, 'Dilkea');
INSERT INTO Plants(ID, familyID, name) VALUES(3110, 636, 'wallisii');
INSERT INTO Families(ID, typeID, name) VALUES(637, 1, 'Erblichia');
INSERT INTO Plants(ID, familyID, name) VALUES(3111, 637, 'berneriana');
INSERT INTO Plants(ID, familyID, name) VALUES(3112, 637, 'capensis');
INSERT INTO Plants(ID, familyID, name) VALUES(3113, 637, 'xylocarpa');
INSERT INTO Families(ID, typeID, name) VALUES(638, 1, 'Hollrungia');
INSERT INTO Plants(ID, familyID, name) VALUES(3114, 638, 'sp.');
INSERT INTO Families(ID, typeID, name) VALUES(639, 1, 'Mitostemma');
INSERT INTO Plants(ID, familyID, name) VALUES(3115, 639, 'glaziovii');
INSERT INTO Families(ID, typeID, name) VALUES(640, 1, 'Ophicanlon');
INSERT INTO Plants(ID, familyID, name) VALUES(3116, 640, '5 unnamed spp.');
INSERT INTO Families(ID, typeID, name) VALUES(641, 1, 'Paropsia');
INSERT INTO Plants(ID, familyID, name) VALUES(3117, 641, 'edulis');
INSERT INTO Plants(ID, familyID, name) VALUES(3118, 641, 'humblotii');
INSERT INTO Plants(ID, familyID, name) VALUES(3119, 641, 'obscura');
INSERT INTO Plants(ID, familyID, name) VALUES(3120, 641, 'vareciformis');
INSERT INTO Families(ID, typeID, name) VALUES(642, 1, 'Paropsiopsis');
INSERT INTO Plants(ID, familyID, name) VALUES(3121, 642, 'africana');
INSERT INTO Plants(ID, familyID, name) VALUES(3122, 642, 'ferruginea');
INSERT INTO Plants(ID, familyID, name) VALUES(3123, 642, 'jollyana');
INSERT INTO Plants(ID, familyID, name) VALUES(3124, 642, 'pulchra');
INSERT INTO Families(ID, typeID, name) VALUES(643, 1, 'Paschanthus');
INSERT INTO Plants(ID, familyID, name) VALUES(3125, 643, 'sp.');
INSERT INTO Families(ID, typeID, name) VALUES(644, 1, 'Passiflora');
INSERT INTO Plants(ID, familyID, name) VALUES(3126, 644, 'actinia');
INSERT INTO Plants(ID, familyID, name) VALUES(3127, 644, 'acuminata');
INSERT INTO Plants(ID, familyID, name) VALUES(3128, 644, 'adenopoda');
INSERT INTO Plants(ID, familyID, name) VALUES(3129, 644, 'adulterina');
INSERT INTO Plants(ID, familyID, name) VALUES(3130, 644, 'alata');
INSERT INTO Plants(ID, familyID, name) VALUES(3131, 644, 'alba');
INSERT INTO Plants(ID, familyID, name) VALUES(3132, 644, 'allantophylla');
INSERT INTO Plants(ID, familyID, name) VALUES(3133, 644, 'alliacea');
INSERT INTO Plants(ID, familyID, name) VALUES(3134, 644, 'amabilis');
INSERT INTO Plants(ID, familyID, name) VALUES(3135, 644, 'amalocarpa');
INSERT INTO Plants(ID, familyID, name) VALUES(3136, 644, 'ambigua');
INSERT INTO Plants(ID, familyID, name) VALUES(3137, 644, 'amethystina');
INSERT INTO Plants(ID, familyID, name) VALUES(3138, 644, 'ampullacea');
INSERT INTO Plants(ID, familyID, name) VALUES(3139, 644, 'anastomosans');
INSERT INTO Plants(ID, familyID, name) VALUES(3140, 644, 'andersonii');
INSERT INTO Plants(ID, familyID, name) VALUES(3141, 644, 'andina');
INSERT INTO Plants(ID, familyID, name) VALUES(3142, 644, 'anfracta');
INSERT INTO Plants(ID, familyID, name) VALUES(3143, 644, 'angustifolia');
INSERT INTO Plants(ID, familyID, name) VALUES(3144, 644, 'antioquiensis');
INSERT INTO Plants(ID, familyID, name) VALUES(3145, 644, 'apoda');
INSERT INTO Plants(ID, familyID, name) VALUES(3146, 644, 'arborea');
INSERT INTO Plants(ID, familyID, name) VALUES(3147, 644, 'aristulata');
INSERT INTO Plants(ID, familyID, name) VALUES(3148, 644, 'aurantia');
INSERT INTO Plants(ID, familyID, name) VALUES(3149, 644, 'aurantoides');
INSERT INTO Plants(ID, familyID, name) VALUES(3150, 644, 'auriculata');
INSERT INTO Plants(ID, familyID, name) VALUES(3151, 644, 'bahamensis');
INSERT INTO Plants(ID, familyID, name) VALUES(3152, 644, 'bahiensis');
INSERT INTO Plants(ID, familyID, name) VALUES(3153, 644, 'bauhinifolia');
INSERT INTO Plants(ID, familyID, name) VALUES(3154, 644, 'bicuspidata');
INSERT INTO Plants(ID, familyID, name) VALUES(3155, 644, 'biflora');
INSERT INTO Plants(ID, familyID, name) VALUES(3156, 644, 'bogotensis');
INSERT INTO Plants(ID, familyID, name) VALUES(3157, 644, 'bracteosa');
INSERT INTO Plants(ID, familyID, name) VALUES(3158, 644, 'brasiliana');
INSERT INTO Plants(ID, familyID, name) VALUES(3159, 644, 'brevifila');
INSERT INTO Plants(ID, familyID, name) VALUES(3160, 644, 'bryonioides');
INSERT INTO Plants(ID, familyID, name) VALUES(3161, 644, 'bucaramangensis');
INSERT INTO Plants(ID, familyID, name) VALUES(3162, 644, 'buchtienii');
INSERT INTO Plants(ID, familyID, name) VALUES(3163, 644, 'caerulea');
INSERT INTO Plants(ID, familyID, name) VALUES(3164, 644, 'calcarata');
INSERT INTO Plants(ID, familyID, name) VALUES(3165, 644, 'callimorpha');
INSERT INTO Plants(ID, familyID, name) VALUES(3166, 644, 'campanulata');
INSERT INTO Plants(ID, familyID, name) VALUES(3167, 644, 'candida');
INSERT INTO Plants(ID, familyID, name) VALUES(3168, 644, 'candollei');
INSERT INTO Plants(ID, familyID, name) VALUES(3169, 644, 'canescens');
INSERT INTO Plants(ID, familyID, name) VALUES(3170, 644, 'capparidifolia');
INSERT INTO Plants(ID, familyID, name) VALUES(3171, 644, 'cardinalis');
INSERT INTO Plants(ID, familyID, name) VALUES(3172, 644, 'cauliflora');
INSERT INTO Plants(ID, familyID, name) VALUES(3173, 644, 'ceratocarpa');
INSERT INTO Plants(ID, familyID, name) VALUES(3174, 644, 'chocoriana');
INSERT INTO Plants(ID, familyID, name) VALUES(3175, 644, 'chrysophylla');
INSERT INTO Plants(ID, familyID, name) VALUES(3176, 644, 'cincinnata');
INSERT INTO Plants(ID, familyID, name) VALUES(3177, 644, 'cirrhipes');
INSERT INTO Plants(ID, familyID, name) VALUES(3178, 644, 'cirrrhiflora');
INSERT INTO Plants(ID, familyID, name) VALUES(3179, 644, 'citrifolia');
INSERT INTO Plants(ID, familyID, name) VALUES(3180, 644, 'clathrata');
INSERT INTO Plants(ID, familyID, name) VALUES(3181, 644, 'clypeophylla');
INSERT INTO Plants(ID, familyID, name) VALUES(3182, 644, 'coactilis');
INSERT INTO Plants(ID, familyID, name) VALUES(3183, 644, 'coccinea');
INSERT INTO Plants(ID, familyID, name) VALUES(3184, 644, 'cochchinensis');
INSERT INTO Plants(ID, familyID, name) VALUES(3185, 644, 'coerulea');
INSERT INTO Plants(ID, familyID, name) VALUES(3186, 644, 'colimensis');
INSERT INTO Plants(ID, familyID, name) VALUES(3187, 644, 'coriacea');
INSERT INTO Plants(ID, familyID, name) VALUES(3188, 644, 'cornuta');
INSERT INTO Plants(ID, familyID, name) VALUES(3189, 644, 'costata');
INSERT INTO Plants(ID, familyID, name) VALUES(3190, 644, 'crassifolia');
INSERT INTO Plants(ID, familyID, name) VALUES(3191, 644, 'cremastantha');
INSERT INTO Plants(ID, familyID, name) VALUES(3192, 644, 'cuatrecasasii');
INSERT INTO Plants(ID, familyID, name) VALUES(3193, 644, 'cubensis');
INSERT INTO Plants(ID, familyID, name) VALUES(3194, 644, 'cumbalensis');
INSERT INTO Plants(ID, familyID, name) VALUES(3195, 644, 'cupiformis');
INSERT INTO Plants(ID, familyID, name) VALUES(3196, 644, 'cuprea');
INSERT INTO Plants(ID, familyID, name) VALUES(3197, 644, 'cuspidifolia');
INSERT INTO Plants(ID, familyID, name) VALUES(3198, 644, 'cuzoensis');
INSERT INTO Plants(ID, familyID, name) VALUES(3199, 644, 'cyanea');
INSERT INTO Plants(ID, familyID, name) VALUES(3200, 644, 'dalechampioides');
INSERT INTO Plants(ID, familyID, name) VALUES(3201, 644, 'danielii');
INSERT INTO Plants(ID, familyID, name) VALUES(3202, 644, 'dasyadenia');
INSERT INTO Plants(ID, familyID, name) VALUES(3203, 644, 'dawei');
INSERT INTO Plants(ID, familyID, name) VALUES(3204, 644, 'deficiens');
INSERT INTO Plants(ID, familyID, name) VALUES(3205, 644, 'deidamioides');
INSERT INTO Plants(ID, familyID, name) VALUES(3206, 644, 'dioscoreafolia');
INSERT INTO Plants(ID, familyID, name) VALUES(3207, 644, 'dolichocarpa');
INSERT INTO Plants(ID, familyID, name) VALUES(3208, 644, 'eberhartii');
INSERT INTO Plants(ID, familyID, name) VALUES(3209, 644, 'edulis');
INSERT INTO Plants(ID, familyID, name) VALUES(3210, 644, 'eggersii');
INSERT INTO Plants(ID, familyID, name) VALUES(3211, 644, 'eichleriana');
INSERT INTO Plants(ID, familyID, name) VALUES(3212, 644, 'elegans');
INSERT INTO Plants(ID, familyID, name) VALUES(3213, 644, 'elliptica');
INSERT INTO Plants(ID, familyID, name) VALUES(3214, 644, 'emarginata');
INSERT INTO Plants(ID, familyID, name) VALUES(3215, 644, 'engleriana');
INSERT INTO Plants(ID, familyID, name) VALUES(3216, 644, 'eriocaula');
INSERT INTO Plants(ID, familyID, name) VALUES(3217, 644, 'ernesti');
INSERT INTO Plants(ID, familyID, name) VALUES(3218, 644, 'erythrophylla');
INSERT INTO Plants(ID, familyID, name) VALUES(3219, 644, 'eueidipabulum');
INSERT INTO Plants(ID, familyID, name) VALUES(3220, 644, 'exoperculata');
INSERT INTO Plants(ID, familyID, name) VALUES(3221, 644, 'exsudans');
INSERT INTO Plants(ID, familyID, name) VALUES(3222, 644, 'faroana');
INSERT INTO Plants(ID, familyID, name) VALUES(3223, 644, 'ferruginea');
INSERT INTO Plants(ID, familyID, name) VALUES(3224, 644, 'filamentosa');
INSERT INTO Plants(ID, familyID, name) VALUES(3225, 644, 'fimbriatistipula');
INSERT INTO Plants(ID, familyID, name) VALUES(3226, 644, 'flexipes');
INSERT INTO Plants(ID, familyID, name) VALUES(3227, 644, 'foetida');
INSERT INTO Plants(ID, familyID, name) VALUES(3228, 644, 'fructescens');
INSERT INTO Plants(ID, familyID, name) VALUES(3229, 644, 'fruticosa');
INSERT INTO Plants(ID, familyID, name) VALUES(3230, 644, 'fuchsiiflora');
INSERT INTO Plants(ID, familyID, name) VALUES(3231, 644, 'galbana');
INSERT INTO Plants(ID, familyID, name) VALUES(3232, 644, 'garckei');
INSERT INTO Plants(ID, familyID, name) VALUES(3233, 644, 'gardneri');
INSERT INTO Plants(ID, familyID, name) VALUES(3234, 644, 'giberti');
INSERT INTO Plants(ID, familyID, name) VALUES(3235, 644, 'gigantifolia');
INSERT INTO Plants(ID, familyID, name) VALUES(3236, 644, 'glabberima');
INSERT INTO Plants(ID, familyID, name) VALUES(3237, 644, 'gladulosa');
INSERT INTO Plants(ID, familyID, name) VALUES(3238, 644, 'gleasonii');
INSERT INTO Plants(ID, familyID, name) VALUES(3239, 644, 'gracilens');
INSERT INTO Plants(ID, familyID, name) VALUES(3240, 644, 'gracilis');
INSERT INTO Plants(ID, familyID, name) VALUES(3241, 644, 'gracillima');
INSERT INTO Plants(ID, familyID, name) VALUES(3242, 644, 'grandis');
INSERT INTO Plants(ID, familyID, name) VALUES(3243, 644, 'gritensis');
INSERT INTO Plants(ID, familyID, name) VALUES(3244, 644, 'guazumaefolia');
INSERT INTO Plants(ID, familyID, name) VALUES(3245, 644, 'guentheri');
INSERT INTO Plants(ID, familyID, name) VALUES(3246, 644, 'haematostigma');
INSERT INTO Plants(ID, familyID, name) VALUES(3247, 644, 'hastifolia');
INSERT INTO Plants(ID, familyID, name) VALUES(3248, 644, 'haughtii');
INSERT INTO Plants(ID, familyID, name) VALUES(3249, 644, 'helleri');
INSERT INTO Plants(ID, familyID, name) VALUES(3250, 644, 'henryi');
INSERT INTO Plants(ID, familyID, name) VALUES(3251, 644, 'herbertiana');
INSERT INTO Plants(ID, familyID, name) VALUES(3252, 644, 'heterohelix');
INSERT INTO Plants(ID, familyID, name) VALUES(3253, 644, 'hexagonocarpa');
INSERT INTO Plants(ID, familyID, name) VALUES(3254, 644, 'hispida');
INSERT INTO Plants(ID, familyID, name) VALUES(3255, 644, 'holosericia');
INSERT INTO Plants(ID, familyID, name) VALUES(3256, 644, 'holtii');
INSERT INTO Plants(ID, familyID, name) VALUES(3257, 644, 'hyacinthiflora');
INSERT INTO Plants(ID, familyID, name) VALUES(3258, 644, 'hypoglauca');
INSERT INTO Plants(ID, familyID, name) VALUES(3259, 644, 'hypoleuca');
INSERT INTO Plants(ID, familyID, name) VALUES(3260, 644, 'ichthyura');
INSERT INTO Plants(ID, familyID, name) VALUES(3261, 644, 'incarnata');
INSERT INTO Plants(ID, familyID, name) VALUES(3262, 644, 'insignis');
INSERT INTO Plants(ID, familyID, name) VALUES(3263, 644, 'ischnoclada');
INSERT INTO Plants(ID, familyID, name) VALUES(3264, 644, 'jamesoni');
INSERT INTO Plants(ID, familyID, name) VALUES(3265, 644, 'jileki');
INSERT INTO Plants(ID, familyID, name) VALUES(3266, 644, 'karwinskii');
INSERT INTO Plants(ID, familyID, name) VALUES(3267, 644, 'kermesina');
INSERT INTO Plants(ID, familyID, name) VALUES(3268, 644, 'kuranda');
INSERT INTO Plants(ID, familyID, name) VALUES(3269, 644, 'lanata');
INSERT INTO Plants(ID, familyID, name) VALUES(3270, 644, 'lancearia');
INSERT INTO Plants(ID, familyID, name) VALUES(3271, 644, 'lanceolata');
INSERT INTO Plants(ID, familyID, name) VALUES(3272, 644, 'lancifolia');
INSERT INTO Plants(ID, familyID, name) VALUES(3273, 644, 'laurifolia');
INSERT INTO Plants(ID, familyID, name) VALUES(3274, 644, 'lehmanii');
INSERT INTO Plants(ID, familyID, name) VALUES(3275, 644, 'leptoclada');
INSERT INTO Plants(ID, familyID, name) VALUES(3276, 644, 'leptomischa');
INSERT INTO Plants(ID, familyID, name) VALUES(3277, 644, 'leptopoda');
INSERT INTO Plants(ID, familyID, name) VALUES(3278, 644, 'leschenaultii');
INSERT INTO Plants(ID, familyID, name) VALUES(3279, 644, 'leutzelburgii');
INSERT INTO Plants(ID, familyID, name) VALUES(3280, 644, 'liebmannii');
INSERT INTO Plants(ID, familyID, name) VALUES(3281, 644, 'ligularis');
INSERT INTO Plants(ID, familyID, name) VALUES(3282, 644, 'ligulifolia');
INSERT INTO Plants(ID, familyID, name) VALUES(3283, 644, 'lindeniana');
INSERT INTO Plants(ID, familyID, name) VALUES(3284, 644, 'lobbii');
INSERT INTO Plants(ID, familyID, name) VALUES(3285, 644, 'lonchophora');
INSERT INTO Plants(ID, familyID, name) VALUES(3286, 644, 'longipes');
INSERT INTO Plants(ID, familyID, name) VALUES(3287, 644, 'longiracemosa');
INSERT INTO Plants(ID, familyID, name) VALUES(3288, 644, 'loretensis');
INSERT INTO Plants(ID, familyID, name) VALUES(3289, 644, 'loxensis');
INSERT INTO Plants(ID, familyID, name) VALUES(3290, 644, 'luetzelburgii');
INSERT INTO Plants(ID, familyID, name) VALUES(3291, 644, 'lunata');
INSERT INTO Plants(ID, familyID, name) VALUES(3292, 644, 'lyra');
INSERT INTO Plants(ID, familyID, name) VALUES(3293, 644, 'macdougaliana');
INSERT INTO Plants(ID, familyID, name) VALUES(3294, 644, 'macrochlamys');
INSERT INTO Plants(ID, familyID, name) VALUES(3295, 644, 'macrophylla');
INSERT INTO Plants(ID, familyID, name) VALUES(3296, 644, 'macropoda');
INSERT INTO Plants(ID, familyID, name) VALUES(3297, 644, 'maculata');
INSERT INTO Plants(ID, familyID, name) VALUES(3298, 644, 'magdalenae');
INSERT INTO Plants(ID, familyID, name) VALUES(3299, 644, 'malacophylla');
INSERT INTO Plants(ID, familyID, name) VALUES(3300, 644, 'maliformis');
INSERT INTO Plants(ID, familyID, name) VALUES(3301, 644, 'mandoni');
INSERT INTO Plants(ID, familyID, name) VALUES(3302, 644, 'manicata');
INSERT INTO Plants(ID, familyID, name) VALUES(3303, 644, 'mansii');
INSERT INTO Plants(ID, familyID, name) VALUES(3304, 644, 'mansoi');
INSERT INTO Plants(ID, familyID, name) VALUES(3305, 644, 'mapiriensis');
INSERT INTO Plants(ID, familyID, name) VALUES(3306, 644, 'matthewsii');
INSERT INTO Plants(ID, familyID, name) VALUES(3307, 644, 'melanoneura');
INSERT INTO Plants(ID, familyID, name) VALUES(3308, 644, 'mendoncaei');
INSERT INTO Plants(ID, familyID, name) VALUES(3309, 644, 'menispermacea');
INSERT INTO Plants(ID, familyID, name) VALUES(3310, 644, 'menispermifolia');
INSERT INTO Plants(ID, familyID, name) VALUES(3311, 644, 'mesadenia');
INSERT INTO Plants(ID, familyID, name) VALUES(3312, 644, 'mexicana');
INSERT INTO Plants(ID, familyID, name) VALUES(3313, 644, 'micranthra');
INSERT INTO Plants(ID, familyID, name) VALUES(3314, 644, 'micropetala');
INSERT INTO Plants(ID, familyID, name) VALUES(3315, 644, 'miersii');
INSERT INTO Plants(ID, familyID, name) VALUES(3316, 644, 'misera');
INSERT INTO Plants(ID, familyID, name) VALUES(3317, 644, 'mixta');
INSERT INTO Plants(ID, familyID, name) VALUES(3318, 644, 'mollis');
INSERT INTO Plants(ID, familyID, name) VALUES(3319, 644, 'mollissima');
INSERT INTO Plants(ID, familyID, name) VALUES(3320, 644, 'moluccana');
INSERT INTO Plants(ID, familyID, name) VALUES(3321, 644, 'moluccana var teysmanniana');
INSERT INTO Plants(ID, familyID, name) VALUES(3322, 644, 'mooreana');
INSERT INTO Plants(ID, familyID, name) VALUES(3323, 644, 'morifolia');
INSERT INTO Plants(ID, familyID, name) VALUES(3324, 644, 'mucronata');
INSERT INTO Plants(ID, familyID, name) VALUES(3325, 644, 'multiflora');
INSERT INTO Plants(ID, familyID, name) VALUES(3326, 644, 'multiformis');
INSERT INTO Plants(ID, familyID, name) VALUES(3327, 644, 'mutisii');
INSERT INTO Plants(ID, familyID, name) VALUES(3328, 644, 'naviculata');
INSERT INTO Plants(ID, familyID, name) VALUES(3329, 644, 'nelsoni');
INSERT INTO Plants(ID, familyID, name) VALUES(3330, 644, 'nepalensis');
INSERT INTO Plants(ID, familyID, name) VALUES(3331, 644, 'nephrodes');
INSERT INTO Plants(ID, familyID, name) VALUES(3332, 644, 'nigradenia');
INSERT INTO Plants(ID, familyID, name) VALUES(3333, 644, 'nitida');
INSERT INTO Plants(ID, familyID, name) VALUES(3334, 644, 'oblongata');
INSERT INTO Plants(ID, familyID, name) VALUES(3335, 644, 'obovata');
INSERT INTO Plants(ID, familyID, name) VALUES(3336, 644, 'obtusiloba');
INSERT INTO Plants(ID, familyID, name) VALUES(3337, 644, 'ocanensis');
INSERT INTO Plants(ID, familyID, name) VALUES(3338, 644, 'odontophylla');
INSERT INTO Plants(ID, familyID, name) VALUES(3339, 644, 'oerstedii');
INSERT INTO Plants(ID, familyID, name) VALUES(3340, 644, 'orbiculata');
INSERT INTO Plants(ID, familyID, name) VALUES(3341, 644, 'organensis');
INSERT INTO Plants(ID, familyID, name) VALUES(3342, 644, 'ornithoura');
INSERT INTO Plants(ID, familyID, name) VALUES(3343, 644, 'ovata');
INSERT INTO Plants(ID, familyID, name) VALUES(3344, 644, 'pallens');
INSERT INTO Plants(ID, familyID, name) VALUES(3345, 644, 'palmeri');
INSERT INTO Plants(ID, familyID, name) VALUES(3346, 644, 'pamplonensis');
INSERT INTO Plants(ID, familyID, name) VALUES(3347, 644, 'panamensis');
INSERT INTO Plants(ID, familyID, name) VALUES(3348, 644, 'parritae');
INSERT INTO Plants(ID, familyID, name) VALUES(3349, 644, 'parviflora');
INSERT INTO Plants(ID, familyID, name) VALUES(3350, 644, 'pavonia');
INSERT INTO Plants(ID, familyID, name) VALUES(3351, 644, 'pectinata');
INSERT INTO Plants(ID, familyID, name) VALUES(3352, 644, 'pedata');
INSERT INTO Plants(ID, familyID, name) VALUES(3353, 644, 'pediculata');
INSERT INTO Plants(ID, familyID, name) VALUES(3354, 644, 'peduncularis');
INSERT INTO Plants(ID, familyID, name) VALUES(3355, 644, 'penduliflora');
INSERT INTO Plants(ID, familyID, name) VALUES(3356, 644, 'pennellii');
INSERT INTO Plants(ID, familyID, name) VALUES(3357, 644, 'pentagona');
INSERT INTO Plants(ID, familyID, name) VALUES(3358, 644, 'perfoliata');
INSERT INTO Plants(ID, familyID, name) VALUES(3359, 644, 'picturata');
INSERT INTO Plants(ID, familyID, name) VALUES(3360, 644, 'pilosa');
INSERT INTO Plants(ID, familyID, name) VALUES(3361, 644, 'pilosissima');
INSERT INTO Plants(ID, familyID, name) VALUES(3362, 644, 'pinnatistipula');
INSERT INTO Plants(ID, familyID, name) VALUES(3363, 644, 'pittieri');
INSERT INTO Plants(ID, familyID, name) VALUES(3364, 644, 'platyloba');
INSERT INTO Plants(ID, familyID, name) VALUES(3365, 644, 'podadenia');
INSERT INTO Plants(ID, familyID, name) VALUES(3366, 644, 'pohlii');
INSERT INTO Plants(ID, familyID, name) VALUES(3367, 644, 'porphyretica');
INSERT INTO Plants(ID, familyID, name) VALUES(3368, 644, 'praeacuta');
INSERT INTO Plants(ID, familyID, name) VALUES(3369, 644, 'prolata');
INSERT INTO Plants(ID, familyID, name) VALUES(3370, 644, 'psilantha');
INSERT INTO Plants(ID, familyID, name) VALUES(3371, 644, 'pubera');
INSERT INTO Plants(ID, familyID, name) VALUES(3372, 644, 'pulchella');
INSERT INTO Plants(ID, familyID, name) VALUES(3373, 644, 'purdiei');
INSERT INTO Plants(ID, familyID, name) VALUES(3374, 644, 'putumayensis');
INSERT INTO Plants(ID, familyID, name) VALUES(3375, 644, 'pyrrhantha');
INSERT INTO Plants(ID, familyID, name) VALUES(3376, 644, 'quadrangularis');
INSERT INTO Plants(ID, familyID, name) VALUES(3377, 644, 'quadriglandulosa');
INSERT INTO Plants(ID, familyID, name) VALUES(3378, 644, 'quelchii');
INSERT INTO Plants(ID, familyID, name) VALUES(3379, 644, 'quercetorum');
INSERT INTO Plants(ID, familyID, name) VALUES(3380, 644, 'quindiensis');
INSERT INTO Plants(ID, familyID, name) VALUES(3381, 644, 'racemosa');
INSERT INTO Plants(ID, familyID, name) VALUES(3382, 644, 'raddiana');
INSERT INTO Plants(ID, familyID, name) VALUES(3383, 644, 'raimondii');
INSERT INTO Plants(ID, familyID, name) VALUES(3384, 644, 'recurva');
INSERT INTO Plants(ID, familyID, name) VALUES(3385, 644, 'reflexiflora');
INSERT INTO Plants(ID, familyID, name) VALUES(3386, 644, 'resticulata');
INSERT INTO Plants(ID, familyID, name) VALUES(3387, 644, 'retipetala');
INSERT INTO Plants(ID, familyID, name) VALUES(3388, 644, 'rhamnifolia');
INSERT INTO Plants(ID, familyID, name) VALUES(3389, 644, 'rigidfolia');
INSERT INTO Plants(ID, familyID, name) VALUES(3390, 644, 'riparia');
INSERT INTO Plants(ID, familyID, name) VALUES(3391, 644, 'rojasii');
INSERT INTO Plants(ID, familyID, name) VALUES(3392, 644, 'roseorum');
INSERT INTO Plants(ID, familyID, name) VALUES(3393, 644, 'rotundifolia');
INSERT INTO Plants(ID, familyID, name) VALUES(3394, 644, 'rubra');
INSERT INTO Plants(ID, familyID, name) VALUES(3395, 644, 'rufostipulata');
INSERT INTO Plants(ID, familyID, name) VALUES(3396, 644, 'rugosa');
INSERT INTO Plants(ID, familyID, name) VALUES(3397, 644, 'schlimiana');
INSERT INTO Plants(ID, familyID, name) VALUES(3398, 644, 'schultzei');
INSERT INTO Plants(ID, familyID, name) VALUES(3399, 644, 'sclerophylla');
INSERT INTO Plants(ID, familyID, name) VALUES(3400, 644, 'seemanni');
INSERT INTO Plants(ID, familyID, name) VALUES(3401, 644, 'selenophylla');
INSERT INTO Plants(ID, familyID, name) VALUES(3402, 644, 'semiciliosa');
INSERT INTO Plants(ID, familyID, name) VALUES(3403, 644, 'serratifolia');
INSERT INTO Plants(ID, familyID, name) VALUES(3404, 644, 'serrato-digitata');
INSERT INTO Plants(ID, familyID, name) VALUES(3405, 644, 'serrulata');
INSERT INTO Plants(ID, familyID, name) VALUES(3406, 644, 'setacea');
INSERT INTO Plants(ID, familyID, name) VALUES(3407, 644, 'setulosa');
INSERT INTO Plants(ID, familyID, name) VALUES(3408, 644, 'sexflora');
INSERT INTO Plants(ID, familyID, name) VALUES(3409, 644, 'shaferi');
INSERT INTO Plants(ID, familyID, name) VALUES(3410, 644, 'siamica');
INSERT INTO Plants(ID, familyID, name) VALUES(3411, 644, 'sicyoides');
INSERT INTO Plants(ID, familyID, name) VALUES(3412, 644, 'sidaefolia');
INSERT INTO Plants(ID, familyID, name) VALUES(3413, 644, 'skiantha');
INSERT INTO Plants(ID, familyID, name) VALUES(3414, 644, 'smithii');
INSERT INTO Plants(ID, familyID, name) VALUES(3415, 644, 'sodiroi');
INSERT INTO Plants(ID, familyID, name) VALUES(3416, 644, 'sp.');
INSERT INTO Plants(ID, familyID, name) VALUES(3417, 644, 'speciosa');
INSERT INTO Plants(ID, familyID, name) VALUES(3418, 644, 'spectabilis');
INSERT INTO Plants(ID, familyID, name) VALUES(3419, 644, 'sphaerocarpa');
INSERT INTO Plants(ID, familyID, name) VALUES(3420, 644, 'spicata');
INSERT INTO Plants(ID, familyID, name) VALUES(3421, 644, 'spinosa');
INSERT INTO Plants(ID, familyID, name) VALUES(3422, 644, 'sprucei');
INSERT INTO Plants(ID, familyID, name) VALUES(3423, 644, 'standleyi');
INSERT INTO Plants(ID, familyID, name) VALUES(3424, 644, 'stellata');
INSERT INTO Plants(ID, familyID, name) VALUES(3425, 644, 'stenosepala');
INSERT INTO Plants(ID, familyID, name) VALUES(3426, 644, 'stipulata');
INSERT INTO Plants(ID, familyID, name) VALUES(3427, 644, 'suberosa');
INSERT INTO Plants(ID, familyID, name) VALUES(3428, 644, 'subpeltata');
INSERT INTO Plants(ID, familyID, name) VALUES(3429, 644, 'subrotunda');
INSERT INTO Plants(ID, familyID, name) VALUES(3430, 644, 'subulata');
INSERT INTO Plants(ID, familyID, name) VALUES(3431, 644, 'tacsonioides');
INSERT INTO Plants(ID, familyID, name) VALUES(3432, 644, 'talamancensis');
INSERT INTO Plants(ID, familyID, name) VALUES(3433, 644, 'tarapotina');
INSERT INTO Plants(ID, familyID, name) VALUES(3434, 644, 'tenuifila');
INSERT INTO Plants(ID, familyID, name) VALUES(3435, 644, 'tenuiloba');
INSERT INTO Plants(ID, familyID, name) VALUES(3436, 644, 'tessmannii');
INSERT INTO Plants(ID, familyID, name) VALUES(3437, 644, 'tilaefolia');
INSERT INTO Plants(ID, familyID, name) VALUES(3438, 644, 'tolimana');
INSERT INTO Plants(ID, familyID, name) VALUES(3439, 644, 'trianae');
INSERT INTO Plants(ID, familyID, name) VALUES(3440, 644, 'tricuspis');
INSERT INTO Plants(ID, familyID, name) VALUES(3441, 644, 'trifasciata');
INSERT INTO Plants(ID, familyID, name) VALUES(3442, 644, 'trifoliata');
INSERT INTO Plants(ID, familyID, name) VALUES(3443, 644, 'triloba');
INSERT INTO Plants(ID, familyID, name) VALUES(3444, 644, 'trinifolia');
INSERT INTO Plants(ID, familyID, name) VALUES(3445, 644, 'tripartita');
INSERT INTO Plants(ID, familyID, name) VALUES(3446, 644, 'trisecta');
INSERT INTO Plants(ID, familyID, name) VALUES(3447, 644, 'trisetosa');
INSERT INTO Plants(ID, familyID, name) VALUES(3448, 644, 'trisulcata');
INSERT INTO Plants(ID, familyID, name) VALUES(3449, 644, 'truncata');
INSERT INTO Plants(ID, familyID, name) VALUES(3450, 644, 'truxillensis');
INSERT INTO Plants(ID, familyID, name) VALUES(3451, 644, 'tryphostemmatoides');
INSERT INTO Plants(ID, familyID, name) VALUES(3452, 644, 'tuberosa');
INSERT INTO Plants(ID, familyID, name) VALUES(3453, 644, 'tucumanensis');
INSERT INTO Plants(ID, familyID, name) VALUES(3454, 644, 'tulae');
INSERT INTO Plants(ID, familyID, name) VALUES(3455, 644, 'umbilicata');
INSERT INTO Plants(ID, familyID, name) VALUES(3456, 644, 'urnaefolia');
INSERT INTO Plants(ID, familyID, name) VALUES(3457, 644, 'ursina');
INSERT INTO Plants(ID, familyID, name) VALUES(3458, 644, 'variolata');
INSERT INTO Plants(ID, familyID, name) VALUES(3459, 644, 'vellozii');
INSERT INTO Plants(ID, familyID, name) VALUES(3460, 644, 'venosa');
INSERT INTO Plants(ID, familyID, name) VALUES(3461, 644, 'vespertillo');
INSERT INTO Plants(ID, familyID, name) VALUES(3462, 644, 'vestita');
INSERT INTO Plants(ID, familyID, name) VALUES(3463, 644, 'villosa');
INSERT INTO Plants(ID, familyID, name) VALUES(3464, 644, 'violacea');
INSERT INTO Plants(ID, familyID, name) VALUES(3465, 644, 'viridiflora');
INSERT INTO Plants(ID, familyID, name) VALUES(3466, 644, 'vitifolia');
INSERT INTO Plants(ID, familyID, name) VALUES(3467, 644, 'walkeriae');
INSERT INTO Plants(ID, familyID, name) VALUES(3468, 644, 'warmingii');
INSERT INTO Plants(ID, familyID, name) VALUES(3469, 644, 'watsoniana');
INSERT INTO Plants(ID, familyID, name) VALUES(3470, 644, 'weberbaurei');
INSERT INTO Plants(ID, familyID, name) VALUES(3471, 644, 'williamsii');
INSERT INTO Plants(ID, familyID, name) VALUES(3472, 644, 'yucatensis');
INSERT INTO Plants(ID, familyID, name) VALUES(3473, 644, 'zamorana');
INSERT INTO Families(ID, typeID, name) VALUES(645, 1, 'Piriqueta');
INSERT INTO Plants(ID, familyID, name) VALUES(3474, 645, 'capensis');
INSERT INTO Plants(ID, familyID, name) VALUES(3475, 645, 'madagascarensis');
INSERT INTO Plants(ID, familyID, name) VALUES(3476, 645, 'selloi');
INSERT INTO Plants(ID, familyID, name) VALUES(3477, 645, 'sidifolia');
INSERT INTO Plants(ID, familyID, name) VALUES(3478, 645, 'suborbicularis');
INSERT INTO Plants(ID, familyID, name) VALUES(3479, 645, 'taubatensis');
INSERT INTO Families(ID, typeID, name) VALUES(646, 1, 'Smethmannia');
INSERT INTO Plants(ID, familyID, name) VALUES(3480, 646, 'laevigata');
INSERT INTO Plants(ID, familyID, name) VALUES(3481, 646, 'pubsences');
INSERT INTO Families(ID, typeID, name) VALUES(647, 1, 'Tacsonia');
INSERT INTO Plants(ID, familyID, name) VALUES(3482, 647, 'sp.');
INSERT INTO Families(ID, typeID, name) VALUES(648, 1, 'Tetrapathaea');
INSERT INTO Plants(ID, familyID, name) VALUES(3483, 648, 'tetrandra');
INSERT INTO Families(ID, typeID, name) VALUES(649, 7, 'Tetrastylis');
INSERT INTO Plants(ID, familyID, name) VALUES(3484, 649, 'lobata');
INSERT INTO Plants(ID, familyID, name) VALUES(3485, 649, 'ovalis');
INSERT INTO Plants(ID, familyID, name) VALUES(3486, 649, 'sp.');
INSERT INTO Families(ID, typeID, name) VALUES(650, 1, 'Tricliceras');
INSERT INTO Plants(ID, familyID, name) VALUES(3487, 650, 'lobata');
INSERT INTO Families(ID, typeID, name) VALUES(651, 1, 'Turnera');
INSERT INTO Plants(ID, familyID, name) VALUES(3488, 651, 'annularis');
INSERT INTO Plants(ID, familyID, name) VALUES(3489, 651, 'aromatica');
INSERT INTO Plants(ID, familyID, name) VALUES(3490, 651, 'aurantiaca');
INSERT INTO Plants(ID, familyID, name) VALUES(3491, 651, 'bahiensis');
INSERT INTO Plants(ID, familyID, name) VALUES(3492, 651, 'branchetiana');
INSERT INTO Plants(ID, familyID, name) VALUES(3493, 651, 'brasiliensis');
INSERT INTO Plants(ID, familyID, name) VALUES(3494, 651, 'caerensis');
INSERT INTO Plants(ID, familyID, name) VALUES(3495, 651, 'capitata');
INSERT INTO Plants(ID, familyID, name) VALUES(3496, 651, 'concinna');
INSERT INTO Plants(ID, familyID, name) VALUES(3497, 651, 'kuhlmanniana');
INSERT INTO Plants(ID, familyID, name) VALUES(3498, 651, 'lacinata');
INSERT INTO Plants(ID, familyID, name) VALUES(3499, 651, 'leutzelburgii');
INSERT INTO Plants(ID, familyID, name) VALUES(3500, 651, 'panamensis');
INSERT INTO Plants(ID, familyID, name) VALUES(3501, 651, 'rubrobracteata');
INSERT INTO Plants(ID, familyID, name) VALUES(3502, 651, 'sancta');
INSERT INTO Plants(ID, familyID, name) VALUES(3503, 651, 'stipularis');
INSERT INTO Plants(ID, familyID, name) VALUES(3504, 651, 'subulata');
INSERT INTO Plants(ID, familyID, name) VALUES(3505, 651, 'trinifolia');
INSERT INTO Plants(ID, familyID, name) VALUES(3506, 651, 'ulmifolia');
INSERT INTO Families(ID, typeID, name) VALUES(652, 1, 'Ceratotheca');
INSERT INTO Plants(ID, familyID, name) VALUES(3507, 652, 'sp');
INSERT INTO Families(ID, typeID, name) VALUES(653, 1, 'Harpagophytum');
INSERT INTO Plants(ID, familyID, name) VALUES(3508, 653, 'sp.');
INSERT INTO Families(ID, typeID, name) VALUES(654, 1, 'Pretrea');
INSERT INTO Plants(ID, familyID, name) VALUES(3509, 654, 'sp');
INSERT INTO Families(ID, typeID, name) VALUES(655, 1, 'Rogeria');
INSERT INTO Plants(ID, familyID, name) VALUES(3510, 655, 'sp.');
INSERT INTO Families(ID, typeID, name) VALUES(656, 1, 'Sesamopteris');
INSERT INTO Plants(ID, familyID, name) VALUES(3511, 656, 'sp.');
INSERT INTO Families(ID, typeID, name) VALUES(657, 1, 'Sesamothamnus');
INSERT INTO Plants(ID, familyID, name) VALUES(3512, 657, 'sp.');
INSERT INTO Families(ID, typeID, name) VALUES(658, 1, 'Sesamum');
INSERT INTO Plants(ID, familyID, name) VALUES(3513, 658, 'capense');
INSERT INTO Plants(ID, familyID, name) VALUES(3514, 658, 'grandiflorum');
INSERT INTO Plants(ID, familyID, name) VALUES(3515, 658, 'indicum');
INSERT INTO Plants(ID, familyID, name) VALUES(3516, 658, 'marlotti');
INSERT INTO Plants(ID, familyID, name) VALUES(3517, 658, 'orientale');
INSERT INTO Families(ID, typeID, name) VALUES(659, 1, 'Sporledera');
INSERT INTO Plants(ID, familyID, name) VALUES(3518, 659, 'sp.');
INSERT INTO Families(ID, typeID, name) VALUES(660, 1, 'Aporosa*');
INSERT INTO Plants(ID, familyID, name) VALUES(3519, 660, 'aurea');
INSERT INTO Plants(ID, familyID, name) VALUES(3520, 660, 'chinensis');
INSERT INTO Plants(ID, familyID, name) VALUES(3521, 660, 'dioica');
INSERT INTO Plants(ID, familyID, name) VALUES(3522, 660, 'sp. 1');
INSERT INTO Plants(ID, familyID, name) VALUES(3523, 660, 'villosa');
INSERT INTO Plants(ID, familyID, name) VALUES(3524, 660, 'yunnanensis');
INSERT INTO Plants(ID, familyID, name) VALUES(3525, 256, 'ramiflora');
INSERT INTO Plants(ID, familyID, name) VALUES(3526, 256, 'sumatrana');
INSERT INTO Families(ID, typeID, name) VALUES(661, 4, 'Glochidion');
INSERT INTO Plants(ID, familyID, name) VALUES(3527, 661, 'philippicum');
INSERT INTO Plants(ID, familyID, name) VALUES(3528, 301, 'grandis');
INSERT INTO Families(ID, typeID, name) VALUES(662, 2, 'Petiveria');
INSERT INTO Plants(ID, familyID, name) VALUES(3529, 662, 'alliaceae');
INSERT INTO Families(ID, typeID, name) VALUES(663, 1, 'Alvaradoa*');
INSERT INTO Plants(ID, familyID, name) VALUES(3530, 663, 'sp.');
INSERT INTO Plants(ID, name) VALUES(3531, 'Angiosperm Phylogeny Web Page');
INSERT INTO Families(ID, typeID, name) VALUES(664, 1, 'Picramnia');
INSERT INTO Plants(ID, familyID, name) VALUES(3532, 664, 'latifolia');
INSERT INTO Families(ID, typeID, name) VALUES(665, 1, 'Plumbago');
INSERT INTO Plants(ID, familyID, name) VALUES(3533, 665, 'capensis');
INSERT INTO Families(ID, typeID, name) VALUES(666, 1, 'Andropogon');
INSERT INTO Plants(ID, familyID, name) VALUES(3534, 666, 'fovolarus');
INSERT INTO Plants(ID, familyID, name) VALUES(3535, 666, 'gayanensis');
INSERT INTO Plants(ID, familyID, name) VALUES(3536, 666, 'insculptus');
INSERT INTO Plants(ID, familyID, name) VALUES(3537, 666, 'panormitanus');
INSERT INTO Plants(ID, familyID, name) VALUES(3538, 666, 'pertusus');
INSERT INTO Families(ID, typeID, name) VALUES(667, 2, 'Arundo');
INSERT INTO Plants(ID, familyID, name) VALUES(3539, 667, 'donax');
INSERT INTO Families(ID, typeID, name) VALUES(668, 7, 'Bambusa');
INSERT INTO Plants(ID, familyID, name) VALUES(3540, 668, 'moreheadiana');
INSERT INTO Families(ID, typeID, name) VALUES(669, 1, 'Eragrostis');
INSERT INTO Plants(ID, familyID, name) VALUES(3541, 669, '16 spp.');
INSERT INTO Plants(ID, familyID, name) VALUES(3542, 669, 'major');
INSERT INTO Plants(ID, familyID, name) VALUES(3543, 669, 'minor');
INSERT INTO Plants(ID, familyID, name) VALUES(3544, 669, 'plumosa');
INSERT INTO Families(ID, typeID, name) VALUES(670, 1, 'Pennisetum');
INSERT INTO Plants(ID, familyID, name) VALUES(3545, 670, 'spp.');
INSERT INTO Families(ID, typeID, name) VALUES(671, 1, 'Sporobolus');
INSERT INTO Plants(ID, familyID, name) VALUES(3546, 671, 'spp.');
INSERT INTO Families(ID, typeID, name) VALUES(672, 1, 'Barnhartia');
INSERT INTO Plants(ID, familyID, name) VALUES(3547, 672, 'spp.');
INSERT INTO Families(ID, typeID, name) VALUES(673, 1, 'Diclidanthera');
INSERT INTO Plants(ID, familyID, name) VALUES(3548, 673, 'spp.');
INSERT INTO Families(ID, typeID, name) VALUES(674, 1, 'Monnina');
INSERT INTO Plants(ID, familyID, name) VALUES(3549, 674, 'sp.');
INSERT INTO Families(ID, typeID, name) VALUES(675, 1, 'Moutabea');
INSERT INTO Plants(ID, familyID, name) VALUES(3550, 675, 'spp.');
INSERT INTO Families(ID, typeID, name) VALUES(676, 1, 'Polygala');
INSERT INTO Plants(ID, familyID, name) VALUES(3551, 676, 'laureola');
INSERT INTO Families(ID, typeID, name) VALUES(677, 1, 'Securidaca');
INSERT INTO Plants(ID, familyID, name) VALUES(3552, 677, 'corymoides');
INSERT INTO Families(ID, typeID, name) VALUES(678, 1, 'Xanthophyllum');
INSERT INTO Plants(ID, familyID, name) VALUES(3553, 678, 'adenatum');
INSERT INTO Plants(ID, familyID, name) VALUES(3554, 678, 'affine');
INSERT INTO Plants(ID, familyID, name) VALUES(3555, 678, 'excelsium');
INSERT INTO Plants(ID, familyID, name) VALUES(3556, 678, 'excelsum');
INSERT INTO Plants(ID, familyID, name) VALUES(3557, 678, 'flavescens');
INSERT INTO Plants(ID, familyID, name) VALUES(3558, 678, 'glandulosum');
INSERT INTO Plants(ID, familyID, name) VALUES(3559, 678, 'longifolia');
INSERT INTO Plants(ID, familyID, name) VALUES(3560, 678, 'macintyrii');
INSERT INTO Plants(ID, familyID, name) VALUES(3561, 678, 'paniculatum');
INSERT INTO Plants(ID, familyID, name) VALUES(3562, 678, 'siamensis');
INSERT INTO Plants(ID, familyID, name) VALUES(3563, 678, 'sumatranum');
INSERT INTO Plants(ID, familyID, name) VALUES(3564, 678, 'vitellinum');
INSERT INTO Plants(ID, familyID, name) VALUES(3565, 678, 'yunnanensis');
INSERT INTO Families(ID, typeID, name) VALUES(679, 4, 'Coccoloba');
INSERT INTO Plants(ID, familyID, name) VALUES(3566, 679, 'barbadensis');
INSERT INTO Families(ID, typeID, name) VALUES(680, 1, 'Fagophyrum');
INSERT INTO Plants(ID, familyID, name) VALUES(3567, 680, 'sp.');
INSERT INTO Families(ID, typeID, name) VALUES(681, 1, 'Fallopia');
INSERT INTO Plants(ID, familyID, name) VALUES(3568, 681, 'baldschuanica');
INSERT INTO Plants(ID, familyID, name) VALUES(3569, 681, 'cilinodis');
INSERT INTO Plants(ID, familyID, name) VALUES(3570, 681, 'dentato-alata');
INSERT INTO Plants(ID, familyID, name) VALUES(3571, 681, 'dumetorum');
INSERT INTO Plants(ID, familyID, name) VALUES(3572, 681, 'elliptica');
INSERT INTO Plants(ID, familyID, name) VALUES(3573, 681, 'multiflora');
INSERT INTO Plants(ID, familyID, name) VALUES(3574, 681, 'sachaliensis');
INSERT INTO Plants(ID, familyID, name) VALUES(3575, 681, 'scandens');
INSERT INTO Plants(ID, familyID, name) VALUES(3576, 681, 'sp.');
INSERT INTO Families(ID, typeID, name) VALUES(682, 1, 'Muehlenbeckia');
INSERT INTO Plants(ID, familyID, name) VALUES(3577, 682, 'adpressa');
INSERT INTO Plants(ID, familyID, name) VALUES(3578, 682, 'platyclados');
INSERT INTO Plants(ID, familyID, name) VALUES(3579, 682, 'sagittifolia');
INSERT INTO Families(ID, typeID, name) VALUES(683, 1, 'Pleuropterus');
INSERT INTO Plants(ID, familyID, name) VALUES(3580, 683, 'sp.');
INSERT INTO Families(ID, typeID, name) VALUES(684, 7, 'Polygonum');
INSERT INTO Plants(ID, familyID, name) VALUES(3581, 684, 'convolvulus');
INSERT INTO Plants(ID, familyID, name) VALUES(3582, 684, 'cuspidatum');
INSERT INTO Plants(ID, familyID, name) VALUES(3583, 684, 'sp.');
INSERT INTO Families(ID, typeID, name) VALUES(685, 1, 'Reynoutria');
INSERT INTO Plants(ID, familyID, name) VALUES(3584, 685, 'japonica');
INSERT INTO Families(ID, typeID, name) VALUES(686, 3, 'Ardisia');
INSERT INTO Plants(ID, familyID, name) VALUES(3585, 686, 'pachyrrhachis');
INSERT INTO Families(ID, typeID, name) VALUES(687, 1, 'Elingamita');
INSERT INTO Plants(ID, familyID, name) VALUES(3586, 687, 'johnsonii');
INSERT INTO Families(ID, typeID, name) VALUES(688, 1, 'Myrsine');
INSERT INTO Plants(ID, familyID, name) VALUES(3587, 688, 'sp.');
INSERT INTO Families(ID, typeID, name) VALUES(689, 1, 'Rapanea');
INSERT INTO Plants(ID, familyID, name) VALUES(3588, 689, 'guianensis');
INSERT INTO Plants(ID, familyID, name) VALUES(3589, 689, 'lancifolia');
INSERT INTO Families(ID, typeID, name) VALUES(690, 4, 'Stylogyne');
INSERT INTO Plants(ID, familyID, name) VALUES(3590, 690, 'standleyi');
INSERT INTO Families(ID, typeID, name) VALUES(691, 3, 'Adenanthos');
INSERT INTO Plants(ID, familyID, name) VALUES(3591, 691, 'cygnorum');
INSERT INTO Plants(ID, familyID, name) VALUES(3592, 691, 'spp.');
INSERT INTO Families(ID, typeID, name) VALUES(692, 1, 'Leucadendron');
INSERT INTO Plants(ID, familyID, name) VALUES(3593, 692, 'laureolum');
INSERT INTO Plants(ID, familyID, name) VALUES(3594, 692, 'spp.');
INSERT INTO Families(ID, typeID, name) VALUES(693, 1, 'Leucospermum');
INSERT INTO Plants(ID, familyID, name) VALUES(3595, 693, 'conocarpodendron');
INSERT INTO Plants(ID, familyID, name) VALUES(3596, 693, 'spp.');
INSERT INTO Families(ID, typeID, name) VALUES(694, 1, 'Mimetes');
INSERT INTO Plants(ID, familyID, name) VALUES(3597, 694, 'fimbrifolius');
INSERT INTO Plants(ID, familyID, name) VALUES(3598, 694, 'spp.');
INSERT INTO Families(ID, typeID, name) VALUES(695, 1, 'Paranomus');
INSERT INTO Plants(ID, familyID, name) VALUES(3599, 695, 'spp.');
INSERT INTO Families(ID, typeID, name) VALUES(696, 1, 'Protea ');
INSERT INTO Plants(ID, familyID, name) VALUES(3600, 696, 'spp.');
INSERT INTO Families(ID, typeID, name) VALUES(697, 1, 'Hydrastis');
INSERT INTO Plants(ID, familyID, name) VALUES(3601, 697, 'canadensis');
INSERT INTO Families(ID, typeID, name) VALUES(698, 1, 'Colubrina');
INSERT INTO Plants(ID, familyID, name) VALUES(3602, 698, 'nelsoni');
INSERT INTO Families(ID, typeID, name) VALUES(699, 6, 'Gouania');
INSERT INTO Plants(ID, familyID, name) VALUES(3603, 699, 'lupuloides');
INSERT INTO Families(ID, typeID, name) VALUES(700, 1, 'Rhizophora       ');
INSERT INTO Plants(ID, familyID, name) VALUES(3604, 700, ' stylosa  ');
INSERT INTO Families(ID, typeID, name) VALUES(701, 1, 'Alchemilla');
INSERT INTO Plants(ID, familyID, name) VALUES(3605, 701, 'sp.');
INSERT INTO Families(ID, typeID, name) VALUES(702, 1, 'Crataegus');
INSERT INTO Plants(ID, familyID, name) VALUES(3606, 702, 'sp.');
INSERT INTO Families(ID, typeID, name) VALUES(703, 1, 'Cydonia');
INSERT INTO Plants(ID, familyID, name) VALUES(3607, 703, 'sp .');
INSERT INTO Families(ID, typeID, name) VALUES(704, 1, 'Fragaria');
INSERT INTO Plants(ID, familyID, name) VALUES(3608, 704, 'sp.');
INSERT INTO Families(ID, typeID, name) VALUES(705, 1, 'Kerria');
INSERT INTO Plants(ID, familyID, name) VALUES(3609, 705, 'sp.');
INSERT INTO Families(ID, typeID, name) VALUES(706, 1, 'Malus');
INSERT INTO Plants(ID, familyID, name) VALUES(3610, 706, 'sp.');
INSERT INTO Families(ID, typeID, name) VALUES(707, 1, 'Prunus');
INSERT INTO Plants(ID, familyID, name) VALUES(3611, 707, '200 spp.');
INSERT INTO Plants(ID, familyID, name) VALUES(3612, 707, 'americana');
INSERT INTO Plants(ID, familyID, name) VALUES(3613, 707, 'arborea');
INSERT INTO Plants(ID, familyID, name) VALUES(3614, 707, 'armeniaca');
INSERT INTO Plants(ID, familyID, name) VALUES(3615, 707, 'avium');
INSERT INTO Plants(ID, familyID, name) VALUES(3616, 707, 'buergeriana');
INSERT INTO Plants(ID, familyID, name) VALUES(3617, 707, 'cerasifera');
INSERT INTO Plants(ID, familyID, name) VALUES(3618, 707, 'cerasus');
INSERT INTO Plants(ID, familyID, name) VALUES(3619, 707, 'chamaecerasus');
INSERT INTO Plants(ID, familyID, name) VALUES(3620, 707, 'davidiana');
INSERT INTO Plants(ID, familyID, name) VALUES(3621, 707, 'domestica');
INSERT INTO Plants(ID, familyID, name) VALUES(3622, 707, 'donarium');
INSERT INTO Plants(ID, familyID, name) VALUES(3623, 707, 'dulchis');
INSERT INTO Plants(ID, familyID, name) VALUES(3624, 707, 'fasciculata');
INSERT INTO Plants(ID, familyID, name) VALUES(3625, 707, 'fremontii');
INSERT INTO Plants(ID, familyID, name) VALUES(3626, 707, 'glandulosa');
INSERT INTO Plants(ID, familyID, name) VALUES(3627, 707, 'grisea');
INSERT INTO Plants(ID, familyID, name) VALUES(3628, 707, 'hortulana');
INSERT INTO Plants(ID, familyID, name) VALUES(3629, 707, 'ishidoyana');
INSERT INTO Plants(ID, familyID, name) VALUES(3630, 707, 'japonica');
INSERT INTO Plants(ID, familyID, name) VALUES(3631, 707, 'laurocerasus');
INSERT INTO Plants(ID, familyID, name) VALUES(3632, 707, 'leveilleana');
INSERT INTO Plants(ID, familyID, name) VALUES(3633, 707, 'maackii');
INSERT INTO Plants(ID, familyID, name) VALUES(3634, 707, 'mandshurica');
INSERT INTO Plants(ID, familyID, name) VALUES(3635, 707, 'marginata');
INSERT INTO Plants(ID, familyID, name) VALUES(3636, 707, 'maximowiczii');
INSERT INTO Plants(ID, familyID, name) VALUES(3637, 707, 'mume');
INSERT INTO Plants(ID, familyID, name) VALUES(3638, 707, 'myrtifolia');
INSERT INTO Plants(ID, familyID, name) VALUES(3639, 707, 'nana');
INSERT INTO Plants(ID, familyID, name) VALUES(3640, 707, 'padus');
INSERT INTO Plants(ID, familyID, name) VALUES(3641, 707, 'pendula');
INSERT INTO Plants(ID, familyID, name) VALUES(3642, 707, 'pensylvanicum');
INSERT INTO Plants(ID, familyID, name) VALUES(3643, 707, 'persica');
INSERT INTO Plants(ID, familyID, name) VALUES(3644, 707, 'phaeostricta');
INSERT INTO Plants(ID, familyID, name) VALUES(3645, 707, 'salicina');
INSERT INTO Plants(ID, familyID, name) VALUES(3646, 707, 'sargentii');
INSERT INTO Plants(ID, familyID, name) VALUES(3647, 707, 'sellowii');
INSERT INTO Plants(ID, familyID, name) VALUES(3648, 707, 'serotina');
INSERT INTO Plants(ID, familyID, name) VALUES(3649, 707, 'serulata');
INSERT INTO Plants(ID, familyID, name) VALUES(3650, 707, 'sibirica');
INSERT INTO Plants(ID, familyID, name) VALUES(3651, 707, 'spinosa');
INSERT INTO Plants(ID, familyID, name) VALUES(3652, 707, 'stipulaceum');
INSERT INTO Plants(ID, familyID, name) VALUES(3653, 707, 'takesimensis');
INSERT INTO Plants(ID, familyID, name) VALUES(3654, 707, 'tomentosa');
INSERT INTO Plants(ID, familyID, name) VALUES(3655, 707, 'topengii');
INSERT INTO Plants(ID, familyID, name) VALUES(3656, 707, 'triloba');
INSERT INTO Plants(ID, familyID, name) VALUES(3657, 707, 'turneriana');
INSERT INTO Plants(ID, familyID, name) VALUES(3658, 707, 'virginiana');
INSERT INTO Plants(ID, familyID, name) VALUES(3659, 707, 'yedoensis');
INSERT INTO Families(ID, typeID, name) VALUES(708, 1, 'Pyrus');
INSERT INTO Plants(ID, familyID, name) VALUES(3660, 708, 'sp.');
INSERT INTO Families(ID, typeID, name) VALUES(709, 1, 'Rosa');
INSERT INTO Plants(ID, familyID, name) VALUES(3661, 709, 'acicularis');
INSERT INTO Plants(ID, familyID, name) VALUES(3662, 709, 'banksiae');
INSERT INTO Plants(ID, familyID, name) VALUES(3663, 709, 'blanda');
INSERT INTO Plants(ID, familyID, name) VALUES(3664, 709, 'bracteata');
INSERT INTO Plants(ID, familyID, name) VALUES(3665, 709, 'chinensis');
INSERT INTO Plants(ID, familyID, name) VALUES(3666, 709, 'multiflora');
INSERT INTO Plants(ID, familyID, name) VALUES(3667, 709, 'setigera');
INSERT INTO Plants(ID, familyID, name) VALUES(3668, 709, 'woodsii');
INSERT INTO Families(ID, typeID, name) VALUES(710, 1, 'Sorbus');
INSERT INTO Plants(ID, familyID, name) VALUES(3669, 710, 'sp.');
INSERT INTO Families(ID, typeID, name) VALUES(711, 1, 'Spiraea');
INSERT INTO Plants(ID, familyID, name) VALUES(3670, 711, 'sp.');
INSERT INTO Families(ID, typeID, name) VALUES(712, 1, 'Alibertia');
INSERT INTO Plants(ID, familyID, name) VALUES(3671, 712, 'sp');
INSERT INTO Families(ID, typeID, name) VALUES(713, 1, 'Amaioua');
INSERT INTO Plants(ID, familyID, name) VALUES(3672, 713, 'sp');
INSERT INTO Families(ID, typeID, name) VALUES(714, 1, 'Coprosma');
INSERT INTO Plants(ID, familyID, name) VALUES(3673, 714, 'sp.');
INSERT INTO Families(ID, typeID, name) VALUES(715, 1, 'Faramea');
INSERT INTO Plants(ID, familyID, name) VALUES(3674, 715, 'sp.');
INSERT INTO Families(ID, typeID, name) VALUES(716, 1, 'Hamelia ');
INSERT INTO Plants(ID, familyID, name) VALUES(3675, 716, 'patens');
INSERT INTO Families(ID, typeID, name) VALUES(717, 3, 'Morinda');
INSERT INTO Plants(ID, familyID, name) VALUES(3676, 717, 'citrifolia');
INSERT INTO Plants(ID, familyID, name) VALUES(3677, 717, 'royoc');
INSERT INTO Families(ID, typeID, name) VALUES(718, 1, 'Myrmecodia');
INSERT INTO Plants(ID, familyID, name) VALUES(3678, 718, 'sp.');
INSERT INTO Families(ID, typeID, name) VALUES(719, 1, 'Sickingia');
INSERT INTO Plants(ID, familyID, name) VALUES(3679, 719, 'sp.');
INSERT INTO Families(ID, typeID, name) VALUES(720, 1, 'Tocoyena');
INSERT INTO Plants(ID, familyID, name) VALUES(3680, 720, 'brasiliensis');
INSERT INTO Plants(ID, familyID, name) VALUES(3681, 720, 'formosa');
INSERT INTO Families(ID, typeID, name) VALUES(721, 4, 'Angostura');
INSERT INTO Plants(ID, familyID, name) VALUES(3682, 721, 'trifoliata');
INSERT INTO Families(ID, typeID, name) VALUES(722, 3, 'Euodia');
INSERT INTO Plants(ID, familyID, name) VALUES(3683, 722, 'lepta');
INSERT INTO Families(ID, typeID, name) VALUES(723, 1, 'Harrisonia*');
INSERT INTO Plants(ID, familyID, name) VALUES(3684, 723, 'sp. ');
INSERT INTO Families(ID, typeID, name) VALUES(724, 3, 'Melicope');
INSERT INTO Plants(ID, familyID, name) VALUES(3685, 724, 'elleryana');
INSERT INTO Families(ID, typeID, name) VALUES(725, 1, 'Zanthoxylum');
INSERT INTO Plants(ID, familyID, name) VALUES(3686, 725, 'alatum');
INSERT INTO Plants(ID, familyID, name) VALUES(3687, 725, 'alianthoides');
INSERT INTO Plants(ID, familyID, name) VALUES(3688, 725, 'belizense');
INSERT INTO Plants(ID, familyID, name) VALUES(3689, 725, 'bungei');
INSERT INTO Plants(ID, familyID, name) VALUES(3690, 725, 'coreanum');
INSERT INTO Plants(ID, familyID, name) VALUES(3691, 725, 'ochroxylum');
INSERT INTO Plants(ID, familyID, name) VALUES(3692, 725, 'panamense');
INSERT INTO Plants(ID, familyID, name) VALUES(3693, 725, 'piperitum');
INSERT INTO Plants(ID, familyID, name) VALUES(3694, 725, 'planispinum');
INSERT INTO Plants(ID, familyID, name) VALUES(3695, 725, 'pterota');
INSERT INTO Plants(ID, familyID, name) VALUES(3696, 725, 'schinifolium');
INSERT INTO Plants(ID, familyID, name) VALUES(3697, 725, 'setulosum');
INSERT INTO Families(ID, typeID, name) VALUES(726, 4, 'Ahernia');
INSERT INTO Plants(ID, familyID, name) VALUES(3698, 726, 'glandulosa');
INSERT INTO Families(ID, typeID, name) VALUES(727, 1, 'Banara');
INSERT INTO Plants(ID, familyID, name) VALUES(3699, 727, 'guianensis');
INSERT INTO Plants(ID, familyID, name) VALUES(3700, 727, 'ibamguensia');
INSERT INTO Plants(ID, familyID, name) VALUES(3701, 727, 'mexicana');
INSERT INTO Plants(ID, familyID, name) VALUES(3702, 727, 'mollis');
INSERT INTO Families(ID, typeID, name) VALUES(728, 1, 'Dovyalis');
INSERT INTO Plants(ID, familyID, name) VALUES(3703, 728, 'floribunda');
INSERT INTO Families(ID, typeID, name) VALUES(729, 1, 'Flacourtia');
INSERT INTO Plants(ID, familyID, name) VALUES(3704, 729, 'prunifolia');
INSERT INTO Families(ID, typeID, name) VALUES(730, 4, 'Hasseltia');
INSERT INTO Plants(ID, familyID, name) VALUES(3705, 730, 'floribunda');
INSERT INTO Families(ID, typeID, name) VALUES(731, 4, 'Hemiscolopia');
INSERT INTO Plants(ID, familyID, name) VALUES(3706, 731, 'trimera');
INSERT INTO Families(ID, typeID, name) VALUES(732, 1, 'Homalium');
INSERT INTO Plants(ID, familyID, name) VALUES(3707, 732, 'caryophyllaceum');
INSERT INTO Plants(ID, familyID, name) VALUES(3708, 732, 'ceylanicum');
INSERT INTO Plants(ID, familyID, name) VALUES(3709, 732, 'dictyoneurum');
INSERT INTO Plants(ID, familyID, name) VALUES(3710, 732, 'longifolium');
INSERT INTO Families(ID, typeID, name) VALUES(733, 1, 'Idesia');
INSERT INTO Plants(ID, familyID, name) VALUES(3711, 733, 'polycarpa');
INSERT INTO Families(ID, typeID, name) VALUES(734, 1, 'Populus');
INSERT INTO Plants(ID, familyID, name) VALUES(3712, 734, 'alba');
INSERT INTO Plants(ID, familyID, name) VALUES(3713, 734, 'angulata');
INSERT INTO Plants(ID, familyID, name) VALUES(3714, 734, 'angustifolia');
INSERT INTO Plants(ID, familyID, name) VALUES(3715, 734, 'balsaminifera');
INSERT INTO Plants(ID, familyID, name) VALUES(3716, 734, 'canadensis');
INSERT INTO Plants(ID, familyID, name) VALUES(3717, 734, 'candicans');
INSERT INTO Plants(ID, familyID, name) VALUES(3718, 734, 'ciliata');
INSERT INTO Plants(ID, familyID, name) VALUES(3719, 734, 'davidiana');
INSERT INTO Plants(ID, familyID, name) VALUES(3720, 734, 'deltoides');
INSERT INTO Plants(ID, familyID, name) VALUES(3721, 734, 'euamericana');
INSERT INTO Plants(ID, familyID, name) VALUES(3722, 734, 'euphratica');
INSERT INTO Plants(ID, familyID, name) VALUES(3723, 734, 'fremontii');
INSERT INTO Plants(ID, familyID, name) VALUES(3724, 734, 'glandulosa');
INSERT INTO Plants(ID, familyID, name) VALUES(3725, 734, 'grandidentata');
INSERT INTO Plants(ID, familyID, name) VALUES(3726, 734, 'heterophylla');
INSERT INTO Plants(ID, familyID, name) VALUES(3727, 734, 'maximowiczii');
INSERT INTO Plants(ID, familyID, name) VALUES(3728, 734, 'monilifera');
INSERT INTO Plants(ID, familyID, name) VALUES(3729, 734, 'nigra');
INSERT INTO Plants(ID, familyID, name) VALUES(3730, 734, 'pruinosa');
INSERT INTO Plants(ID, familyID, name) VALUES(3731, 734, 'sieboldii');
INSERT INTO Plants(ID, familyID, name) VALUES(3732, 734, 'simonii');
INSERT INTO Plants(ID, familyID, name) VALUES(3733, 734, 'suaveolens');
INSERT INTO Plants(ID, familyID, name) VALUES(3734, 734, 'tomentiglandulosa');
INSERT INTO Plants(ID, familyID, name) VALUES(3735, 734, 'tremula');
INSERT INTO Plants(ID, familyID, name) VALUES(3736, 734, 'tremula x tremuloides');
INSERT INTO Plants(ID, familyID, name) VALUES(3737, 734, 'tremuloides');
INSERT INTO Plants(ID, familyID, name) VALUES(3738, 734, 'trichocarpa');
INSERT INTO Families(ID, typeID, name) VALUES(735, 3, 'Prockia');
INSERT INTO Plants(ID, familyID, name) VALUES(3739, 735, 'crucis');
INSERT INTO Families(ID, typeID, name) VALUES(736, 1, 'Salix');
INSERT INTO Plants(ID, familyID, name) VALUES(3740, 736, 'alba');
INSERT INTO Plants(ID, familyID, name) VALUES(3741, 736, 'amygdaloides');
INSERT INTO Plants(ID, familyID, name) VALUES(3742, 736, 'caroliniana');
INSERT INTO Plants(ID, familyID, name) VALUES(3743, 736, 'eleagnos');
INSERT INTO Plants(ID, familyID, name) VALUES(3744, 736, 'exigua');
INSERT INTO Plants(ID, familyID, name) VALUES(3745, 736, 'fragilis');
INSERT INTO Plants(ID, familyID, name) VALUES(3746, 736, 'lucida');
INSERT INTO Plants(ID, familyID, name) VALUES(3747, 736, 'petiolaris');
INSERT INTO Plants(ID, familyID, name) VALUES(3748, 736, 'rigida');
INSERT INTO Plants(ID, familyID, name) VALUES(3749, 736, 'sp.');
INSERT INTO Families(ID, typeID, name) VALUES(737, 1, 'Scolopia');
INSERT INTO Plants(ID, familyID, name) VALUES(3750, 737, 'macrophylla');
INSERT INTO Plants(ID, familyID, name) VALUES(3751, 737, 'spinosa');
INSERT INTO Plants(ID, familyID, name) VALUES(3752, 737, 'spp.');
INSERT INTO Families(ID, typeID, name) VALUES(738, 1, 'Xylosoma');
INSERT INTO Plants(ID, familyID, name) VALUES(3753, 738, 'suluense');
INSERT INTO Families(ID, typeID, name) VALUES(739, 1, 'Chimborazoa');
INSERT INTO Plants(ID, familyID, name) VALUES(3754, 739, 'lachnocarpa');
INSERT INTO Plants(ID, name) VALUES(3755, 'Elias 1983');
INSERT INTO Families(ID, typeID, name) VALUES(740, 6, 'Paullinia');
INSERT INTO Plants(ID, familyID, name) VALUES(3756, 740, 'pterocarpa');
INSERT INTO Plants(ID, familyID, name) VALUES(3757, 740, 'turbacensis');
INSERT INTO Families(ID, typeID, name) VALUES(741, 4, 'Pometia');
INSERT INTO Plants(ID, familyID, name) VALUES(3758, 741, 'pinnata');
INSERT INTO Plants(ID, familyID, name) VALUES(3759, 741, 'tomentosa');
INSERT INTO Families(ID, typeID, name) VALUES(742, 6, 'Serjania');
INSERT INTO Plants(ID, familyID, name) VALUES(3760, 742, 'decapleuria');
INSERT INTO Families(ID, typeID, name) VALUES(743, 4, 'Xerospermum');
INSERT INTO Plants(ID, familyID, name) VALUES(3761, 743, 'laevigatum');
INSERT INTO Plants(ID, familyID, name) VALUES(3762, 743, 'noronhianum');
INSERT INTO Families(ID, typeID, name) VALUES(744, 1, 'Darlingtonia');
INSERT INTO Plants(ID, familyID, name) VALUES(3763, 744, 'californica');
INSERT INTO Plants(ID, familyID, name) VALUES(3764, 744, 'sp.');
INSERT INTO Families(ID, typeID, name) VALUES(745, 1, 'Heliamphora');
INSERT INTO Plants(ID, familyID, name) VALUES(3765, 745, 'folliculata');
INSERT INTO Plants(ID, familyID, name) VALUES(3766, 745, 'heterodoxa');
INSERT INTO Plants(ID, familyID, name) VALUES(3767, 745, 'nutans');
INSERT INTO Plants(ID, familyID, name) VALUES(3768, 745, 'sp.');
INSERT INTO Families(ID, typeID, name) VALUES(746, 1, 'Sarracenia ');
INSERT INTO Plants(ID, familyID, name) VALUES(3769, 746, 'sp.');
INSERT INTO Families(ID, typeID, name) VALUES(747, 1, 'Ribes');
INSERT INTO Plants(ID, familyID, name) VALUES(3770, 747, 'rubrum');
INSERT INTO Families(ID, typeID, name) VALUES(748, 1, 'Melampyrum');
INSERT INTO Plants(ID, familyID, name) VALUES(3771, 748, 'americanum ');
INSERT INTO Plants(ID, familyID, name) VALUES(3772, 748, 'arvense');
INSERT INTO Plants(ID, familyID, name) VALUES(3773, 748, 'barbatum');
INSERT INTO Plants(ID, familyID, name) VALUES(3774, 748, 'nemorosum');
INSERT INTO Plants(ID, familyID, name) VALUES(3775, 748, 'silvaticum');
INSERT INTO Families(ID, typeID, name) VALUES(749, 1, 'Paulownia');
INSERT INTO Plants(ID, familyID, name) VALUES(3776, 749, 'coreana');
INSERT INTO Plants(ID, familyID, name) VALUES(3777, 749, 'tomentosa');
INSERT INTO Families(ID, typeID, name) VALUES(750, 1, 'Penstemon');
INSERT INTO Plants(ID, familyID, name) VALUES(3778, 750, 'angustifolius');
INSERT INTO Families(ID, typeID, name) VALUES(751, 1, 'Uroskinnera');
INSERT INTO Plants(ID, familyID, name) VALUES(3779, 751, 'spectabilis');
INSERT INTO Families(ID, typeID, name) VALUES(752, 4, 'Ailanthus');
INSERT INTO Plants(ID, familyID, name) VALUES(3780, 752, 'altissima');
INSERT INTO Plants(ID, familyID, name) VALUES(3781, 752, 'arvense');
INSERT INTO Plants(ID, familyID, name) VALUES(3782, 752, 'barbatum');
INSERT INTO Plants(ID, familyID, name) VALUES(3783, 752, 'glandulosa');
INSERT INTO Families(ID, typeID, name) VALUES(753, 1, 'Brucea');
INSERT INTO Plants(ID, familyID, name) VALUES(3784, 753, 'spp. ');
INSERT INTO Families(ID, typeID, name) VALUES(754, 1, 'Eurycoma');
INSERT INTO Plants(ID, familyID, name) VALUES(3785, 754, 'sp.');
INSERT INTO Families(ID, typeID, name) VALUES(755, 1, 'Hannoa');
INSERT INTO Plants(ID, familyID, name) VALUES(3786, 755, 'sp.');
INSERT INTO Families(ID, typeID, name) VALUES(756, 1, 'Mannia');
INSERT INTO Plants(ID, familyID, name) VALUES(3787, 756, 'sp.');
INSERT INTO Families(ID, typeID, name) VALUES(757, 1, 'Odyendea');
INSERT INTO Plants(ID, familyID, name) VALUES(3788, 757, 'sp.');
INSERT INTO Families(ID, typeID, name) VALUES(758, 1, 'Picrasma');
INSERT INTO Plants(ID, familyID, name) VALUES(3789, 758, 'sp.');
INSERT INTO Families(ID, typeID, name) VALUES(759, 4, 'Pierreodendron');
INSERT INTO Plants(ID, familyID, name) VALUES(3790, 759, 'sp. ');
INSERT INTO Families(ID, typeID, name) VALUES(760, 1, 'Quassia');
INSERT INTO Plants(ID, familyID, name) VALUES(3791, 760, 'amara');
INSERT INTO Families(ID, typeID, name) VALUES(761, 1, 'Samadera');
INSERT INTO Plants(ID, familyID, name) VALUES(3792, 761, 'indica');
INSERT INTO Plants(ID, familyID, name) VALUES(3793, 761, 'mekongensis');
INSERT INTO Families(ID, typeID, name) VALUES(762, 1, 'Simaba');
INSERT INTO Plants(ID, familyID, name) VALUES(3794, 762, 'spp.');
INSERT INTO Families(ID, typeID, name) VALUES(763, 4, 'Simarouba');
INSERT INTO Plants(ID, familyID, name) VALUES(3795, 763, 'amara');
INSERT INTO Families(ID, typeID, name) VALUES(764, 6, 'Smilax');
INSERT INTO Plants(ID, familyID, name) VALUES(3796, 764, 'bracteata');
INSERT INTO Plants(ID, familyID, name) VALUES(3797, 764, 'cf. australis');
INSERT INTO Plants(ID, familyID, name) VALUES(3798, 764, 'lunglingensis');
INSERT INTO Plants(ID, familyID, name) VALUES(3799, 764, 'perfoliata');
INSERT INTO Plants(ID, familyID, name) VALUES(3800, 764, 'sp.');
INSERT INTO Families(ID, typeID, name) VALUES(765, 1, 'Grabowskia');
INSERT INTO Plants(ID, familyID, name) VALUES(3801, 765, 'duplicata');
INSERT INTO Families(ID, typeID, name) VALUES(766, 1, 'Lycium');
INSERT INTO Plants(ID, familyID, name) VALUES(3802, 766, 'nodosus');
INSERT INTO Families(ID, typeID, name) VALUES(767, 1, 'Markea');
INSERT INTO Plants(ID, familyID, name) VALUES(3803, 767, 'sp.');
INSERT INTO Families(ID, typeID, name) VALUES(768, 1, 'Phrodus');
INSERT INTO Plants(ID, familyID, name) VALUES(3804, 768, 'microphyllus');
INSERT INTO Families(ID, typeID, name) VALUES(769, 1, 'Solanum');
INSERT INTO Plants(ID, familyID, name) VALUES(3805, 769, 'adherens');
INSERT INTO Plants(ID, familyID, name) VALUES(3806, 769, 'another sp.');
INSERT INTO Plants(ID, familyID, name) VALUES(3807, 769, 'cunninghamii');
INSERT INTO Plants(ID, familyID, name) VALUES(3808, 769, 'dioicum');
INSERT INTO Plants(ID, familyID, name) VALUES(3809, 769, 'nigrum');
INSERT INTO Plants(ID, familyID, name) VALUES(3810, 769, 'quitoense');
INSERT INTO Plants(ID, familyID, name) VALUES(3811, 769, 'rudepandum');
INSERT INTO Plants(ID, familyID, name) VALUES(3812, 769, 'schlechtendaliamum');
INSERT INTO Plants(ID, familyID, name) VALUES(3813, 769, 'sp.');
INSERT INTO Plants(ID, familyID, name) VALUES(3814, 769, 'sp. 2');
INSERT INTO Plants(ID, familyID, name) VALUES(3815, 769, 'stramonifolium');
INSERT INTO Plants(ID, familyID, name) VALUES(3816, 769, 'tudununggae');
INSERT INTO Plants(ID, name) VALUES(3817, 'Metcalfe and Chalk 1979');
INSERT INTO Families(ID, typeID, name) VALUES(770, 1, 'Staphylea');
INSERT INTO Plants(ID, familyID, name) VALUES(3818, 770, 'ovalifolia');
INSERT INTO Families(ID, typeID, name) VALUES(771, 1, 'Stylidium');
INSERT INTO Plants(ID, familyID, name) VALUES(3819, 771, 'breviscapum');
INSERT INTO Plants(ID, name) VALUES(3820, 'Vesque 1885');
INSERT INTO Families(ID, typeID, name) VALUES(772, 1, 'Cadellia*');
INSERT INTO Plants(ID, familyID, name) VALUES(3821, 772, 'pentastylis');
INSERT INTO Families(ID, typeID, name) VALUES(773, 1, 'Thomandersia');
INSERT INTO Plants(ID, familyID, name) VALUES(3822, 773, 'anachoreta');
INSERT INTO Plants(ID, familyID, name) VALUES(3823, 773, 'butayei');
INSERT INTO Plants(ID, familyID, name) VALUES(3824, 773, 'congolana');
INSERT INTO Plants(ID, familyID, name) VALUES(3825, 773, 'hensii');
INSERT INTO Plants(ID, familyID, name) VALUES(3826, 773, 'laurentii');
INSERT INTO Plants(ID, familyID, name) VALUES(3827, 773, 'laurifolia');
INSERT INTO Families(ID, typeID, name) VALUES(774, 1, 'Phaleria');
INSERT INTO Plants(ID, familyID, name) VALUES(3828, 774, 'grandiflora oroctandra');
INSERT INTO Families(ID, typeID, name) VALUES(775, 1, 'Baillonia');
INSERT INTO Plants(ID, familyID, name) VALUES(3829, 775, 'spp.');
INSERT INTO Families(ID, typeID, name) VALUES(776, 1, 'Casselia');
INSERT INTO Plants(ID, familyID, name) VALUES(3830, 776, 'spp.');
INSERT INTO Families(ID, typeID, name) VALUES(777, 2, 'Citharexylum');
INSERT INTO Plants(ID, familyID, name) VALUES(3831, 777, 'molle');
INSERT INTO Plants(ID, familyID, name) VALUES(3832, 777, 'pentandrum');
INSERT INTO Plants(ID, familyID, name) VALUES(3833, 777, 'quadrangulare');
INSERT INTO Plants(ID, familyID, name) VALUES(3834, 777, 'solanaceum');
INSERT INTO Families(ID, typeID, name) VALUES(778, 1, 'Dipyrena');
INSERT INTO Plants(ID, familyID, name) VALUES(3835, 778, 'spp.');
INSERT INTO Families(ID, typeID, name) VALUES(779, 1, 'Duranta');
INSERT INTO Plants(ID, familyID, name) VALUES(3836, 779, 'plumieri');
INSERT INTO Families(ID, typeID, name) VALUES(780, 1, 'Lampayo');
INSERT INTO Plants(ID, familyID, name) VALUES(3837, 780, 'spp.');
INSERT INTO Families(ID, typeID, name) VALUES(781, 1, 'Lippia');
INSERT INTO Plants(ID, familyID, name) VALUES(3838, 781, 'serotina');
INSERT INTO Families(ID, typeID, name) VALUES(782, 1, 'Petrea');
INSERT INTO Plants(ID, familyID, name) VALUES(3839, 782, 'sp.');
INSERT INTO Plants(ID, familyID, name) VALUES(3840, 782, 'volubilis');
INSERT INTO Families(ID, typeID, name) VALUES(783, 2, 'Priva');
INSERT INTO Plants(ID, familyID, name) VALUES(3841, 783, 'aspera');
INSERT INTO Families(ID, typeID, name) VALUES(784, 1, 'Stachytarpheta');
INSERT INTO Plants(ID, familyID, name) VALUES(3842, 784, 'mutabilis');
INSERT INTO Plants(ID, familyID, name) VALUES(3843, 784, 'orubica');
INSERT INTO Plants(ID, familyID, name) VALUES(3844, 451, 'lhotskyana');
INSERT INTO Families(ID, typeID, name) VALUES(785, 7, 'Cissus');
INSERT INTO Plants(ID, familyID, name) VALUES(3845, 785, 'microcarpa');
INSERT INTO Plants(ID, familyID, name) VALUES(3846, 785, 'pseudosicyoides');
INSERT INTO Plants(ID, familyID, name) VALUES(3847, 785, 'rhombifolia');
INSERT INTO Plants(ID, familyID, name) VALUES(3848, 785, 'sicyoides');
INSERT INTO Families(ID, typeID, name) VALUES(786, 3, 'Leea');
INSERT INTO Plants(ID, familyID, name) VALUES(3849, 786, 'compactiflora');
INSERT INTO Plants(ID, familyID, name) VALUES(3850, 786, 'indica');
INSERT INTO Families(ID, typeID, name) VALUES(787, 7, 'Vitis');
INSERT INTO Plants(ID, familyID, name) VALUES(3851, 787, 'sp.');
INSERT INTO Plants(ID, familyID, name) VALUES(3852, 787, 'sycoides');
INSERT INTO Families(ID, typeID, name) VALUES(788, 1, 'Callisthene');
INSERT INTO Plants(ID, familyID, name) VALUES(3853, 788, 'fasciculata');
INSERT INTO Families(ID, typeID, name) VALUES(789, 1, 'Erisma');
INSERT INTO Plants(ID, familyID, name) VALUES(3854, 789, 'laurifolium');
INSERT INTO Families(ID, typeID, name) VALUES(790, 1, 'Qualea');
INSERT INTO Plants(ID, familyID, name) VALUES(3855, 790, 'dichotoma');
INSERT INTO Plants(ID, familyID, name) VALUES(3856, 790, 'gestasiana');
INSERT INTO Plants(ID, familyID, name) VALUES(3857, 790, 'glaziovii');
INSERT INTO Plants(ID, familyID, name) VALUES(3858, 790, 'grandiflora');
INSERT INTO Plants(ID, familyID, name) VALUES(3859, 790, 'laurifolia');
INSERT INTO Plants(ID, familyID, name) VALUES(3860, 790, 'multiflora');
INSERT INTO Plants(ID, familyID, name) VALUES(3861, 790, 'parviflora');
INSERT INTO Plants(ID, familyID, name) VALUES(3862, 790, 'tricanthera');
INSERT INTO Families(ID, typeID, name) VALUES(791, 1, 'Vochysia');
INSERT INTO Plants(ID, familyID, name) VALUES(3863, 791, 'oppugnata');
INSERT INTO Families(ID, typeID, name) VALUES(792, 1, 'Hemerocallis');
INSERT INTO Plants(ID, familyID, name) VALUES(3864, 792, 'dumortieri');
INSERT INTO Plants(ID, familyID, name) VALUES(3865, 792, 'middendorfii');
INSERT INTO Parks (ID, name) VALUES (1, 'Kongens Have');
INSERT INTO Parks (ID, name) VALUES (2, 'Botanisk Have');
INSERT INTO Parks (ID, name) VALUES (3, 'Frederiksberg Have');
INSERT INTO FlowerBeds (ID, parkID, size, description) VALUES (1, 3, 30, 'southeast');
INSERT INTO FlowerBeds (ID, parkID, size, description) VALUES (2, 3, 31, 'southeast');
INSERT INTO FlowerBeds (ID, parkID, size, description) VALUES (3, 1, 58, 'northwest');
INSERT INTO FlowerBeds (ID, parkID, size, description) VALUES (4, 1, 17, 'south');
INSERT INTO FlowerBeds (ID, parkID, size, description) VALUES (5, 1, 93, 'north');
INSERT INTO FlowerBeds (ID, parkID, size, description) VALUES (6, 1, 18, 'southeast');
INSERT INTO FlowerBeds (ID, parkID, size, description) VALUES (7, 2, 40, 'northwest');
INSERT INTO FlowerBeds (ID, parkID, size, description) VALUES (8, 1, 30, 'southeast');
INSERT INTO FlowerBeds (ID, parkID, size, description) VALUES (9, 2, 67, 'northeast');
INSERT INTO FlowerBeds (ID, parkID, size, description) VALUES (10, 3, 71, 'north');
INSERT INTO FlowerBeds (ID, parkID, size, description) VALUES (11, 1, 18, 'south');
INSERT INTO FlowerBeds (ID, parkID, size, description) VALUES (12, 1, 21, 'northeast');
INSERT INTO FlowerBeds (ID, parkID, size, description) VALUES (13, 2, 43, 'west');
INSERT INTO FlowerBeds (ID, parkID, size, description) VALUES (14, 2, 22, 'northwest');
INSERT INTO FlowerBeds (ID, parkID, size, description) VALUES (15, 2, 17, 'north');
INSERT INTO FlowerBeds (ID, parkID, size, description) VALUES (16, 3, 61, 'northwest');
INSERT INTO FlowerBeds (ID, parkID, size, description) VALUES (17, 2, 22, 'east');
INSERT INTO FlowerBeds (ID, parkID, size, description) VALUES (18, 1, 47, 'northeast');
INSERT INTO FlowerBeds (ID, parkID, size, description) VALUES (19, 2, 14, 'northwest');
INSERT INTO FlowerBeds (ID, parkID, size, description) VALUES (20, 3, 13, 'south');
INSERT INTO FlowerBeds (ID, parkID, size, description) VALUES (21, 2, 40, 'northeast');
INSERT INTO FlowerBeds (ID, parkID, size, description) VALUES (22, 2, 27, 'south');
INSERT INTO FlowerBeds (ID, parkID, size, description) VALUES (23, 1, 37, 'south');
INSERT INTO FlowerBeds (ID, parkID, size, description) VALUES (24, 3, 30, 'east');
INSERT INTO FlowerBeds (ID, parkID, size, description) VALUES (25, 3, 12, 'south');
INSERT INTO FlowerBeds (ID, parkID, size, description) VALUES (26, 2, 21, 'northwest');
INSERT INTO FlowerBeds (ID, parkID, size, description) VALUES (27, 3, 30, 'west');
INSERT INTO FlowerBeds (ID, parkID, size, description) VALUES (28, 2, 33, 'southwest');
INSERT INTO FlowerBeds (ID, parkID, size, description) VALUES (29, 2, 25, 'southwest');
INSERT INTO FlowerBeds (ID, parkID, size, description) VALUES (30, 3, 52, 'northeast');
INSERT INTO FlowerBeds (ID, parkID, size, description) VALUES (31, 2, 35, 'northeast');
INSERT INTO FlowerBeds (ID, parkID, size, description) VALUES (32, 1, 25, 'north');
INSERT INTO FlowerBeds (ID, parkID, size, description) VALUES (33, 1, 30, 'north');
INSERT INTO FlowerBeds (ID, parkID, size, description) VALUES (34, 1, 28, 'east');
INSERT INTO FlowerBeds (ID, parkID, size, description) VALUES (35, 2, 67, 'south');
INSERT INTO FlowerBeds (ID, parkID, size, description) VALUES (36, 1, 12, 'northwest');
INSERT INTO FlowerBeds (ID, parkID, size, description) VALUES (37, 1, 10, 'northwest');
INSERT INTO FlowerBeds (ID, parkID, size, description) VALUES (38, 2, 21, 'east');
INSERT INTO FlowerBeds (ID, parkID, size, description) VALUES (39, 1, 42, 'east');
INSERT INTO FlowerBeds (ID, parkID, size, description) VALUES (40, 1, 45, 'southeast');
INSERT INTO FlowerBeds (ID, parkID, size, description) VALUES (41, 2, 12, 'south');
INSERT INTO FlowerBeds (ID, parkID, size, description) VALUES (42, 1, 23, 'west');
INSERT INTO FlowerBeds (ID, parkID, size, description) VALUES (43, 3, 40, 'southwest');
INSERT INTO FlowerBeds (ID, parkID, size, description) VALUES (44, 2, 30, 'northeast');
INSERT INTO FlowerBeds (ID, parkID, size, description) VALUES (45, 2, 23, 'east');
INSERT INTO FlowerBeds (ID, parkID, size, description) VALUES (46, 2, 34, 'northeast');
INSERT INTO FlowerBeds (ID, parkID, size, description) VALUES (47, 1, 11, 'west');
INSERT INTO FlowerBeds (ID, parkID, size, description) VALUES (48, 2, 45, 'north');
INSERT INTO FlowerBeds (ID, parkID, size, description) VALUES (49, 3, 11, 'east');
INSERT INTO FlowerBeds (ID, parkID, size, description) VALUES (50, 3, 51, 'east');
INSERT INTO FlowerBeds (ID, parkID, size, description) VALUES (51, 2, 73, 'northeast');
INSERT INTO FlowerBeds (ID, parkID, size, description) VALUES (52, 3, 21, 'east');
INSERT INTO FlowerBeds (ID, parkID, size, description) VALUES (53, 3, 36, 'south');
INSERT INTO FlowerBeds (ID, parkID, size, description) VALUES (54, 1, 40, 'southeast');
INSERT INTO FlowerBeds (ID, parkID, size, description) VALUES (55, 2, 54, 'southwest');
INSERT INTO FlowerBeds (ID, parkID, size, description) VALUES (56, 3, 55, 'northeast');
INSERT INTO FlowerBeds (ID, parkID, size, description) VALUES (57, 3, 95, 'southeast');
INSERT INTO FlowerBeds (ID, parkID, size, description) VALUES (58, 3, 54, 'northeast');
INSERT INTO FlowerBeds (ID, parkID, size, description) VALUES (59, 2, 22, 'south');
INSERT INTO FlowerBeds (ID, parkID, size, description) VALUES (60, 1, 24, 'west');
INSERT INTO FlowerBeds (ID, parkID, size, description) VALUES (61, 2, 42, 'west');
INSERT INTO FlowerBeds (ID, parkID, size, description) VALUES (62, 1, 27, 'southeast');
INSERT INTO FlowerBeds (ID, parkID, size, description) VALUES (63, 3, 45, 'southeast');
INSERT INTO FlowerBeds (ID, parkID, size, description) VALUES (64, 1, 57, 'north');
INSERT INTO FlowerBeds (ID, parkID, size, description) VALUES (65, 3, 41, 'southwest');
INSERT INTO FlowerBeds (ID, parkID, size, description) VALUES (66, 1, 12, 'northwest');
INSERT INTO FlowerBeds (ID, parkID, size, description) VALUES (67, 3, 15, 'east');
INSERT INTO FlowerBeds (ID, parkID, size, description) VALUES (68, 3, 65, 'west');
INSERT INTO FlowerBeds (ID, parkID, size, description) VALUES (69, 3, 27, 'northeast');
INSERT INTO FlowerBeds (ID, parkID, size, description) VALUES (70, 3, 59, 'southeast');
INSERT INTO FlowerBeds (ID, parkID, size, description) VALUES (71, 3, 21, 'west');
INSERT INTO FlowerBeds (ID, parkID, size, description) VALUES (72, 1, 31, 'north');
INSERT INTO FlowerBeds (ID, parkID, size, description) VALUES (73, 3, 92, 'southwest');
INSERT INTO FlowerBeds (ID, parkID, size, description) VALUES (74, 2, 82, 'west');
INSERT INTO FlowerBeds (ID, parkID, size, description) VALUES (75, 1, 21, 'southwest');
INSERT INTO FlowerBeds (ID, parkID, size, description) VALUES (76, 2, 64, 'southwest');
INSERT INTO FlowerBeds (ID, parkID, size, description) VALUES (77, 2, 75, 'northwest');
INSERT INTO FlowerBeds (ID, parkID, size, description) VALUES (78, 1, 93, 'west');
INSERT INTO FlowerBeds (ID, parkID, size, description) VALUES (79, 2, 24, 'east');
INSERT INTO FlowerBeds (ID, parkID, size, description) VALUES (80, 1, 82, 'south');
INSERT INTO FlowerBeds (ID, parkID, size, description) VALUES (81, 1, 31, 'northeast');
INSERT INTO FlowerBeds (ID, parkID, size, description) VALUES (82, 2, 30, 'southwest');
INSERT INTO FlowerBeds (ID, parkID, size, description) VALUES (83, 3, 46, 'northeast');
INSERT INTO FlowerBeds (ID, parkID, size, description) VALUES (84, 3, 25, 'southwest');
INSERT INTO FlowerBeds (ID, parkID, size, description) VALUES (85, 1, 18, 'north');
INSERT INTO FlowerBeds (ID, parkID, size, description) VALUES (86, 1, 29, 'south');
INSERT INTO FlowerBeds (ID, parkID, size, description) VALUES (87, 3, 37, 'west');
INSERT INTO FlowerBeds (ID, parkID, size, description) VALUES (88, 1, 71, 'west');
INSERT INTO FlowerBeds (ID, parkID, size, description) VALUES (89, 3, 15, 'west');
INSERT INTO FlowerBeds (ID, parkID, size, description) VALUES (90, 2, 30, 'northwest');
INSERT INTO FlowerBeds (ID, parkID, size, description) VALUES (91, 2, 76, 'northwest');
INSERT INTO FlowerBeds (ID, parkID, size, description) VALUES (92, 2, 14, 'southwest');
INSERT INTO FlowerBeds (ID, parkID, size, description) VALUES (93, 3, 54, 'southwest');
INSERT INTO FlowerBeds (ID, parkID, size, description) VALUES (94, 2, 25, 'south');
INSERT INTO FlowerBeds (ID, parkID, size, description) VALUES (95, 3, 10, 'southwest');
INSERT INTO FlowerBeds (ID, parkID, size, description) VALUES (96, 2, 59, 'north');
INSERT INTO FlowerBeds (ID, parkID, size, description) VALUES (97, 1, 29, 'southwest');
INSERT INTO FlowerBeds (ID, parkID, size, description) VALUES (98, 2, 27, 'northwest');
INSERT INTO FlowerBeds (ID, parkID, size, description) VALUES (99, 3, 86, 'west');
INSERT INTO FlowerBeds (ID, parkID, size, description) VALUES (100, 1, 80, 'north');
INSERT INTO FlowerBeds (ID, parkID, size, description) VALUES (101, 2, 18, 'east');
INSERT INTO FlowerBeds (ID, parkID, size, description) VALUES (102, 2, 32, 'northeast');
INSERT INTO FlowerBeds (ID, parkID, size, description) VALUES (103, 2, 68, 'northwest');
INSERT INTO FlowerBeds (ID, parkID, size, description) VALUES (104, 1, 13, 'northeast');
INSERT INTO FlowerBeds (ID, parkID, size, description) VALUES (105, 2, 44, 'west');
INSERT INTO FlowerBeds (ID, parkID, size, description) VALUES (106, 2, 46, 'east');
INSERT INTO FlowerBeds (ID, parkID, size, description) VALUES (107, 3, 37, 'southwest');
INSERT INTO FlowerBeds (ID, parkID, size, description) VALUES (108, 1, 15, 'east');
INSERT INTO FlowerBeds (ID, parkID, size, description) VALUES (109, 1, 86, 'southwest');
INSERT INTO FlowerBeds (ID, parkID, size, description) VALUES (110, 3, 10, 'northwest');
INSERT INTO FlowerBeds (ID, parkID, size, description) VALUES (111, 3, 10, 'northwest');
INSERT INTO FlowerBeds (ID, parkID, size, description) VALUES (112, 3, 13, 'northeast');
INSERT INTO FlowerBeds (ID, parkID, size, description) VALUES (113, 3, 22, 'north');
INSERT INTO FlowerBeds (ID, parkID, size, description) VALUES (114, 2, 21, 'northeast');
INSERT INTO FlowerBeds (ID, parkID, size, description) VALUES (115, 3, 32, 'southeast');
INSERT INTO FlowerBeds (ID, parkID, size, description) VALUES (116, 1, 37, 'southwest');
INSERT INTO FlowerBeds (ID, parkID, size, description) VALUES (117, 1, 54, 'east');
INSERT INTO FlowerBeds (ID, parkID, size, description) VALUES (118, 1, 10, 'south');
INSERT INTO FlowerBeds (ID, parkID, size, description) VALUES (119, 2, 22, 'southwest');
INSERT INTO FlowerBeds (ID, parkID, size, description) VALUES (120, 2, 15, 'south');
INSERT INTO FlowerBeds (ID, parkID, size, description) VALUES (121, 2, 11, 'southwest');
INSERT INTO FlowerBeds (ID, parkID, size, description) VALUES (122, 2, 28, 'north');
INSERT INTO FlowerBeds (ID, parkID, size, description) VALUES (123, 2, 32, 'southwest');
INSERT INTO FlowerBeds (ID, parkID, size, description) VALUES (124, 2, 83, 'southeast');
INSERT INTO FlowerBeds (ID, parkID, size, description) VALUES (125, 2, 11, 'southeast');
INSERT INTO FlowerBeds (ID, parkID, size, description) VALUES (126, 1, 13, 'south');
INSERT INTO FlowerBeds (ID, parkID, size, description) VALUES (127, 3, 29, 'west');
INSERT INTO FlowerBeds (ID, parkID, size, description) VALUES (128, 1, 53, 'south');
INSERT INTO FlowerBeds (ID, parkID, size, description) VALUES (129, 2, 13, 'east');
INSERT INTO FlowerBeds (ID, parkID, size, description) VALUES (130, 2, 61, 'east');
INSERT INTO FlowerBeds (ID, parkID, size, description) VALUES (131, 3, 86, 'northwest');
INSERT INTO FlowerBeds (ID, parkID, size, description) VALUES (132, 1, 59, 'northwest');
INSERT INTO FlowerBeds (ID, parkID, size, description) VALUES (133, 3, 50, 'north');
INSERT INTO FlowerBeds (ID, parkID, size, description) VALUES (134, 2, 15, 'north');
INSERT INTO FlowerBeds (ID, parkID, size, description) VALUES (135, 2, 59, 'northeast');
INSERT INTO FlowerBeds (ID, parkID, size, description) VALUES (136, 2, 18, 'south');
INSERT INTO FlowerBeds (ID, parkID, size, description) VALUES (137, 1, 43, 'north');
INSERT INTO FlowerBeds (ID, parkID, size, description) VALUES (138, 3, 23, 'west');
INSERT INTO FlowerBeds (ID, parkID, size, description) VALUES (139, 2, 26, 'west');
INSERT INTO FlowerBeds (ID, parkID, size, description) VALUES (140, 2, 51, 'south');
INSERT INTO FlowerBeds (ID, parkID, size, description) VALUES (141, 3, 38, 'northwest');
INSERT INTO FlowerBeds (ID, parkID, size, description) VALUES (142, 1, 18, 'southwest');
INSERT INTO FlowerBeds (ID, parkID, size, description) VALUES (143, 3, 18, 'north');
INSERT INTO FlowerBeds (ID, parkID, size, description) VALUES (144, 1, 10, 'southeast');
INSERT INTO FlowerBeds (ID, parkID, size, description) VALUES (145, 2, 30, 'south');
INSERT INTO FlowerBeds (ID, parkID, size, description) VALUES (146, 1, 51, 'northeast');
INSERT INTO FlowerBeds (ID, parkID, size, description) VALUES (147, 2, 22, 'north');
INSERT INTO FlowerBeds (ID, parkID, size, description) VALUES (148, 2, 26, 'southeast');
INSERT INTO FlowerBeds (ID, parkID, size, description) VALUES (149, 3, 32, 'west');
INSERT INTO FlowerBeds (ID, parkID, size, description) VALUES (150, 3, 38, 'west');
INSERT INTO FlowerBeds (ID, parkID, size, description) VALUES (151, 1, 10, 'northwest');
INSERT INTO FlowerBeds (ID, parkID, size, description) VALUES (152, 1, 94, 'northwest');
INSERT INTO FlowerBeds (ID, parkID, size, description) VALUES (153, 2, 46, 'north');
INSERT INTO FlowerBeds (ID, parkID, size, description) VALUES (154, 3, 56, 'west');
INSERT INTO FlowerBeds (ID, parkID, size, description) VALUES (155, 1, 33, 'southeast');
INSERT INTO FlowerBeds (ID, parkID, size, description) VALUES (156, 1, 22, 'northwest');
INSERT INTO FlowerBeds (ID, parkID, size, description) VALUES (157, 2, 94, 'northwest');
INSERT INTO FlowerBeds (ID, parkID, size, description) VALUES (158, 1, 80, 'north');
INSERT INTO FlowerBeds (ID, parkID, size, description) VALUES (159, 1, 22, 'south');
INSERT INTO FlowerBeds (ID, parkID, size, description) VALUES (160, 3, 11, 'southeast');
INSERT INTO FlowerBeds (ID, parkID, size, description) VALUES (161, 2, 81, 'south');
INSERT INTO FlowerBeds (ID, parkID, size, description) VALUES (162, 2, 15, 'northwest');
INSERT INTO FlowerBeds (ID, parkID, size, description) VALUES (163, 1, 12, 'north');
INSERT INTO FlowerBeds (ID, parkID, size, description) VALUES (164, 3, 10, 'northeast');
INSERT INTO FlowerBeds (ID, parkID, size, description) VALUES (165, 3, 80, 'southwest');
INSERT INTO FlowerBeds (ID, parkID, size, description) VALUES (166, 2, 13, 'southeast');
INSERT INTO FlowerBeds (ID, parkID, size, description) VALUES (167, 2, 14, 'east');
INSERT INTO FlowerBeds (ID, parkID, size, description) VALUES (168, 3, 68, 'north');
INSERT INTO FlowerBeds (ID, parkID, size, description) VALUES (169, 3, 16, 'north');
INSERT INTO FlowerBeds (ID, parkID, size, description) VALUES (170, 3, 33, 'southwest');
INSERT INTO FlowerBeds (ID, parkID, size, description) VALUES (171, 2, 27, 'east');
INSERT INTO FlowerBeds (ID, parkID, size, description) VALUES (172, 1, 44, 'east');
INSERT INTO FlowerBeds (ID, parkID, size, description) VALUES (173, 3, 67, 'north');
INSERT INTO FlowerBeds (ID, parkID, size, description) VALUES (174, 1, 96, 'southeast');
INSERT INTO FlowerBeds (ID, parkID, size, description) VALUES (175, 2, 67, 'west');
INSERT INTO FlowerBeds (ID, parkID, size, description) VALUES (176, 1, 24, 'east');
INSERT INTO FlowerBeds (ID, parkID, size, description) VALUES (177, 3, 78, 'south');
INSERT INTO FlowerBeds (ID, parkID, size, description) VALUES (178, 2, 44, 'southwest');
INSERT INTO FlowerBeds (ID, parkID, size, description) VALUES (179, 2, 38, 'east');
INSERT INTO FlowerBeds (ID, parkID, size, description) VALUES (180, 2, 29, 'west');
INSERT INTO FlowerBeds (ID, parkID, size, description) VALUES (181, 2, 16, 'west');
INSERT INTO FlowerBeds (ID, parkID, size, description) VALUES (182, 1, 57, 'southeast');
INSERT INTO FlowerBeds (ID, parkID, size, description) VALUES (183, 1, 49, 'southwest');
INSERT INTO FlowerBeds (ID, parkID, size, description) VALUES (184, 3, 14, 'southeast');
INSERT INTO FlowerBeds (ID, parkID, size, description) VALUES (185, 3, 13, 'north');
INSERT INTO FlowerBeds (ID, parkID, size, description) VALUES (186, 3, 63, 'northeast');
INSERT INTO FlowerBeds (ID, parkID, size, description) VALUES (187, 3, 10, 'northeast');
INSERT INTO FlowerBeds (ID, parkID, size, description) VALUES (188, 3, 14, 'southeast');
INSERT INTO FlowerBeds (ID, parkID, size, description) VALUES (189, 3, 10, 'northeast');
INSERT INTO FlowerBeds (ID, parkID, size, description) VALUES (190, 3, 11, 'northwest');
INSERT INTO FlowerBeds (ID, parkID, size, description) VALUES (191, 2, 31, 'northeast');
INSERT INTO FlowerBeds (ID, parkID, size, description) VALUES (192, 3, 21, 'northwest');
INSERT INTO FlowerBeds (ID, parkID, size, description) VALUES (193, 2, 78, 'northeast');
INSERT INTO FlowerBeds (ID, parkID, size, description) VALUES (194, 2, 41, 'northeast');
INSERT INTO FlowerBeds (ID, parkID, size, description) VALUES (195, 2, 42, 'east');
INSERT INTO FlowerBeds (ID, parkID, size, description) VALUES (196, 1, 15, 'east');
INSERT INTO FlowerBeds (ID, parkID, size, description) VALUES (197, 2, 44, 'north');
INSERT INTO FlowerBeds (ID, parkID, size, description) VALUES (198, 1, 83, 'east');
INSERT INTO FlowerBeds (ID, parkID, size, description) VALUES (199, 3, 45, 'southeast');
INSERT INTO FlowerBeds (ID, parkID, size, description) VALUES (200, 3, 22, 'northeast');
INSERT INTO FlowerBeds (ID, parkID, size, description) VALUES (201, 2, 34, 'east');
INSERT INTO FlowerBeds (ID, parkID, size, description) VALUES (202, 2, 33, 'northwest');
INSERT INTO FlowerBeds (ID, parkID, size, description) VALUES (203, 2, 36, 'northwest');
INSERT INTO FlowerBeds (ID, parkID, size, description) VALUES (204, 3, 57, 'northeast');
INSERT INTO FlowerBeds (ID, parkID, size, description) VALUES (205, 1, 12, 'northwest');
INSERT INTO FlowerBeds (ID, parkID, size, description) VALUES (206, 2, 18, 'north');
INSERT INTO FlowerBeds (ID, parkID, size, description) VALUES (207, 3, 12, 'south');
INSERT INTO FlowerBeds (ID, parkID, size, description) VALUES (208, 2, 35, 'northwest');
INSERT INTO FlowerBeds (ID, parkID, size, description) VALUES (209, 1, 33, 'northwest');
INSERT INTO FlowerBeds (ID, parkID, size, description) VALUES (210, 2, 14, 'southwest');
INSERT INTO FlowerBeds (ID, parkID, size, description) VALUES (211, 2, 23, 'west');
INSERT INTO FlowerBeds (ID, parkID, size, description) VALUES (212, 2, 46, 'northwest');
INSERT INTO FlowerBeds (ID, parkID, size, description) VALUES (213, 2, 54, 'northeast');
INSERT INTO FlowerBeds (ID, parkID, size, description) VALUES (214, 2, 56, 'southwest');
INSERT INTO FlowerBeds (ID, parkID, size, description) VALUES (215, 3, 10, 'southwest');
INSERT INTO FlowerBeds (ID, parkID, size, description) VALUES (216, 1, 31, 'south');
INSERT INTO FlowerBeds (ID, parkID, size, description) VALUES (217, 3, 42, 'west');
INSERT INTO FlowerBeds (ID, parkID, size, description) VALUES (218, 2, 102, 'southwest');
INSERT INTO FlowerBeds (ID, parkID, size, description) VALUES (219, 3, 31, 'west');
INSERT INTO FlowerBeds (ID, parkID, size, description) VALUES (220, 2, 94, 'southwest');
INSERT INTO FlowerBeds (ID, parkID, size, description) VALUES (221, 2, 25, 'northeast');
INSERT INTO FlowerBeds (ID, parkID, size, description) VALUES (222, 1, 22, 'northwest');
INSERT INTO FlowerBeds (ID, parkID, size, description) VALUES (223, 2, 36, 'north');
INSERT INTO FlowerBeds (ID, parkID, size, description) VALUES (224, 2, 68, 'west');
INSERT INTO FlowerBeds (ID, parkID, size, description) VALUES (225, 3, 10, 'south');
INSERT INTO FlowerBeds (ID, parkID, size, description) VALUES (226, 3, 63, 'northwest');
INSERT INTO FlowerBeds (ID, parkID, size, description) VALUES (227, 3, 31, 'southwest');
INSERT INTO FlowerBeds (ID, parkID, size, description) VALUES (228, 2, 14, 'northeast');
INSERT INTO FlowerBeds (ID, parkID, size, description) VALUES (229, 2, 11, 'north');
INSERT INTO FlowerBeds (ID, parkID, size, description) VALUES (230, 2, 47, 'east');
INSERT INTO FlowerBeds (ID, parkID, size, description) VALUES (231, 1, 13, 'east');
INSERT INTO FlowerBeds (ID, parkID, size, description) VALUES (232, 1, 10, 'northwest');
INSERT INTO FlowerBeds (ID, parkID, size, description) VALUES (233, 3, 35, 'south');
INSERT INTO FlowerBeds (ID, parkID, size, description) VALUES (234, 2, 45, 'north');
INSERT INTO FlowerBeds (ID, parkID, size, description) VALUES (235, 2, 22, 'northwest');
INSERT INTO FlowerBeds (ID, parkID, size, description) VALUES (236, 1, 14, 'southwest');
INSERT INTO FlowerBeds (ID, parkID, size, description) VALUES (237, 1, 30, 'west');
INSERT INTO FlowerBeds (ID, parkID, size, description) VALUES (238, 1, 54, 'north');
INSERT INTO FlowerBeds (ID, parkID, size, description) VALUES (239, 3, 86, 'east');
INSERT INTO FlowerBeds (ID, parkID, size, description) VALUES (240, 2, 52, 'north');
INSERT INTO FlowerBeds (ID, parkID, size, description) VALUES (241, 3, 35, 'southwest');
INSERT INTO FlowerBeds (ID, parkID, size, description) VALUES (242, 1, 21, 'west');
INSERT INTO FlowerBeds (ID, parkID, size, description) VALUES (243, 1, 38, 'northwest');
INSERT INTO FlowerBeds (ID, parkID, size, description) VALUES (244, 1, 65, 'southwest');
INSERT INTO FlowerBeds (ID, parkID, size, description) VALUES (245, 3, 69, 'southwest');
INSERT INTO FlowerBeds (ID, parkID, size, description) VALUES (246, 3, 44, 'west');
INSERT INTO FlowerBeds (ID, parkID, size, description) VALUES (247, 2, 10, 'north');
INSERT INTO FlowerBeds (ID, parkID, size, description) VALUES (248, 2, 17, 'southwest');
INSERT INTO FlowerBeds (ID, parkID, size, description) VALUES (249, 2, 12, 'southwest');
INSERT INTO FlowerBeds (ID, parkID, size, description) VALUES (250, 1, 14, 'southwest');
INSERT INTO FlowerBeds (ID, parkID, size, description) VALUES (251, 3, 69, 'southeast');
INSERT INTO FlowerBeds (ID, parkID, size, description) VALUES (252, 3, 27, 'west');
INSERT INTO FlowerBeds (ID, parkID, size, description) VALUES (253, 3, 22, 'southwest');
INSERT INTO FlowerBeds (ID, parkID, size, description) VALUES (254, 1, 18, 'west');
INSERT INTO FlowerBeds (ID, parkID, size, description) VALUES (255, 3, 43, 'south');
INSERT INTO FlowerBeds (ID, parkID, size, description) VALUES (256, 1, 11, 'south');
INSERT INTO FlowerBeds (ID, parkID, size, description) VALUES (257, 3, 13, 'southeast');
INSERT INTO FlowerBeds (ID, parkID, size, description) VALUES (258, 1, 24, 'west');
INSERT INTO FlowerBeds (ID, parkID, size, description) VALUES (259, 2, 31, 'northeast');
INSERT INTO FlowerBeds (ID, parkID, size, description) VALUES (260, 3, 46, 'north');
INSERT INTO FlowerBeds (ID, parkID, size, description) VALUES (261, 3, 10, 'north');
INSERT INTO FlowerBeds (ID, parkID, size, description) VALUES (262, 1, 36, 'south');
INSERT INTO FlowerBeds (ID, parkID, size, description) VALUES (263, 1, 23, 'east');
INSERT INTO FlowerBeds (ID, parkID, size, description) VALUES (264, 2, 16, 'north');
INSERT INTO FlowerBeds (ID, parkID, size, description) VALUES (265, 3, 13, 'southeast');
INSERT INTO FlowerBeds (ID, parkID, size, description) VALUES (266, 1, 43, 'northwest');
INSERT INTO FlowerBeds (ID, parkID, size, description) VALUES (267, 3, 44, 'north');
INSERT INTO FlowerBeds (ID, parkID, size, description) VALUES (268, 3, 11, 'west');
INSERT INTO FlowerBeds (ID, parkID, size, description) VALUES (269, 3, 42, 'west');
INSERT INTO FlowerBeds (ID, parkID, size, description) VALUES (270, 2, 11, 'southeast');
INSERT INTO FlowerBeds (ID, parkID, size, description) VALUES (271, 3, 44, 'north');
INSERT INTO FlowerBeds (ID, parkID, size, description) VALUES (272, 2, 39, 'south');
INSERT INTO FlowerBeds (ID, parkID, size, description) VALUES (273, 2, 17, 'southwest');
INSERT INTO FlowerBeds (ID, parkID, size, description) VALUES (274, 2, 44, 'west');
INSERT INTO FlowerBeds (ID, parkID, size, description) VALUES (275, 3, 23, 'northeast');
INSERT INTO FlowerBeds (ID, parkID, size, description) VALUES (276, 2, 13, 'southeast');
INSERT INTO FlowerBeds (ID, parkID, size, description) VALUES (277, 3, 29, 'west');
INSERT INTO FlowerBeds (ID, parkID, size, description) VALUES (278, 2, 15, 'west');
INSERT INTO FlowerBeds (ID, parkID, size, description) VALUES (279, 1, 33, 'southwest');
INSERT INTO FlowerBeds (ID, parkID, size, description) VALUES (280, 2, 31, 'southwest');
INSERT INTO FlowerBeds (ID, parkID, size, description) VALUES (281, 3, 16, 'west');
INSERT INTO FlowerBeds (ID, parkID, size, description) VALUES (282, 3, 57, 'west');
INSERT INTO FlowerBeds (ID, parkID, size, description) VALUES (283, 1, 16, 'northeast');
INSERT INTO FlowerBeds (ID, parkID, size, description) VALUES (284, 3, 17, 'north');
INSERT INTO FlowerBeds (ID, parkID, size, description) VALUES (285, 3, 17, 'south');
INSERT INTO FlowerBeds (ID, parkID, size, description) VALUES (286, 1, 47, 'southeast');
INSERT INTO FlowerBeds (ID, parkID, size, description) VALUES (287, 2, 26, 'northeast');
INSERT INTO FlowerBeds (ID, parkID, size, description) VALUES (288, 3, 35, 'east');
INSERT INTO FlowerBeds (ID, parkID, size, description) VALUES (289, 2, 60, 'northwest');
INSERT INTO FlowerBeds (ID, parkID, size, description) VALUES (290, 2, 19, 'east');
INSERT INTO FlowerBeds (ID, parkID, size, description) VALUES (291, 2, 23, 'southwest');
INSERT INTO FlowerBeds (ID, parkID, size, description) VALUES (292, 1, 17, 'northwest');
INSERT INTO FlowerBeds (ID, parkID, size, description) VALUES (293, 2, 14, 'northwest');
INSERT INTO FlowerBeds (ID, parkID, size, description) VALUES (294, 1, 22, 'southwest');
INSERT INTO FlowerBeds (ID, parkID, size, description) VALUES (295, 3, 30, 'northwest');
INSERT INTO FlowerBeds (ID, parkID, size, description) VALUES (296, 2, 55, 'southeast');
INSERT INTO FlowerBeds (ID, parkID, size, description) VALUES (297, 2, 39, 'northeast');
INSERT INTO FlowerBeds (ID, parkID, size, description) VALUES (298, 1, 36, 'north');
INSERT INTO FlowerBeds (ID, parkID, size, description) VALUES (299, 1, 52, 'east');
INSERT INTO PlantedIn (flowerbedID, plantID, percentage, planterID) VALUES (95, 2801, 4, 54);
INSERT INTO PlantedIn (flowerbedID, plantID, percentage, planterID) VALUES (274, 895, 4, 159);
INSERT INTO PlantedIn (flowerbedID, plantID, percentage, planterID) VALUES (195, 1612, 4, 116);
INSERT INTO PlantedIn (flowerbedID, plantID, percentage, planterID) VALUES (280, 700, 3, 123);
INSERT INTO PlantedIn (flowerbedID, plantID, percentage, planterID) VALUES (297, 1224, 4, 155);
INSERT INTO PlantedIn (flowerbedID, plantID, percentage, planterID) VALUES (263, 695, 3, 28);
INSERT INTO PlantedIn (flowerbedID, plantID, percentage, planterID) VALUES (163, 993, 3, 24);
INSERT INTO PlantedIn (flowerbedID, plantID, percentage, planterID) VALUES (229, 3740, 1, 155);
INSERT INTO PlantedIn (flowerbedID, plantID, percentage, planterID) VALUES (207, 790, 3, 7);
INSERT INTO PlantedIn (flowerbedID, plantID, percentage, planterID) VALUES (131, 3720, 1, 72);
INSERT INTO PlantedIn (flowerbedID, plantID, percentage, planterID) VALUES (114, 343, 2, 158);
INSERT INTO PlantedIn (flowerbedID, plantID, percentage, planterID) VALUES (81, 2421, 2, 156);
INSERT INTO PlantedIn (flowerbedID, plantID, percentage, planterID) VALUES (282, 3095, 4, 35);
INSERT INTO PlantedIn (flowerbedID, plantID, percentage, planterID) VALUES (294, 1402, 3, 74);
INSERT INTO PlantedIn (flowerbedID, plantID, percentage, planterID) VALUES (186, 2191, 2, 29);
INSERT INTO PlantedIn (flowerbedID, plantID, percentage, planterID) VALUES (160, 243, 1, 81);
INSERT INTO PlantedIn (flowerbedID, plantID, percentage, planterID) VALUES (80, 1949, 3, 144);
INSERT INTO PlantedIn (flowerbedID, plantID, percentage, planterID) VALUES (140, 961, 4, 136);
INSERT INTO PlantedIn (flowerbedID, plantID, percentage, planterID) VALUES (101, 2716, 3, 28);
INSERT INTO PlantedIn (flowerbedID, plantID, percentage, planterID) VALUES (99, 256, 2, 150);
INSERT INTO PlantedIn (flowerbedID, plantID, percentage, planterID) VALUES (260, 265, 4, 16);
INSERT INTO PlantedIn (flowerbedID, plantID, percentage, planterID) VALUES (129, 2013, 1, 64);
INSERT INTO PlantedIn (flowerbedID, plantID, percentage, planterID) VALUES (27, 2080, 3, 75);
INSERT INTO PlantedIn (flowerbedID, plantID, percentage, planterID) VALUES (180, 3481, 4, 146);
INSERT INTO PlantedIn (flowerbedID, plantID, percentage, planterID) VALUES (121, 2630, 4, 99);
INSERT INTO PlantedIn (flowerbedID, plantID, percentage, planterID) VALUES (278, 1389, 2, 124);
INSERT INTO PlantedIn (flowerbedID, plantID, percentage, planterID) VALUES (19, 3395, 2, 151);
INSERT INTO PlantedIn (flowerbedID, plantID, percentage, planterID) VALUES (283, 2858, 4, 114);
INSERT INTO PlantedIn (flowerbedID, plantID, percentage, planterID) VALUES (242, 2912, 1, 114);
INSERT INTO PlantedIn (flowerbedID, plantID, percentage, planterID) VALUES (82, 114, 2, 50);
INSERT INTO PlantedIn (flowerbedID, plantID, percentage, planterID) VALUES (187, 3214, 1, 7);
INSERT INTO PlantedIn (flowerbedID, plantID, percentage, planterID) VALUES (153, 2342, 2, 155);
INSERT INTO PlantedIn (flowerbedID, plantID, percentage, planterID) VALUES (289, 2382, 1, 122);
INSERT INTO PlantedIn (flowerbedID, plantID, percentage, planterID) VALUES (148, 2237, 2, 72);
INSERT INTO PlantedIn (flowerbedID, plantID, percentage, planterID) VALUES (96, 309, 1, 43);
INSERT INTO PlantedIn (flowerbedID, plantID, percentage, planterID) VALUES (250, 3510, 1, 63);
INSERT INTO PlantedIn (flowerbedID, plantID, percentage, planterID) VALUES (281, 2523, 3, 81);
INSERT INTO PlantedIn (flowerbedID, plantID, percentage, planterID) VALUES (113, 1747, 4, 116);
INSERT INTO PlantedIn (flowerbedID, plantID, percentage, planterID) VALUES (85, 2738, 4, 5);
INSERT INTO PlantedIn (flowerbedID, plantID, percentage, planterID) VALUES (94, 3583, 2, 41);
INSERT INTO PlantedIn (flowerbedID, plantID, percentage, planterID) VALUES (163, 3640, 1, 53);
INSERT INTO PlantedIn (flowerbedID, plantID, percentage, planterID) VALUES (156, 2796, 4, 82);
INSERT INTO PlantedIn (flowerbedID, plantID, percentage, planterID) VALUES (190, 1267, 3, 128);
INSERT INTO PlantedIn (flowerbedID, plantID, percentage, planterID) VALUES (294, 820, 2, 14);
INSERT INTO PlantedIn (flowerbedID, plantID, percentage, planterID) VALUES (199, 2896, 4, 62);
INSERT INTO PlantedIn (flowerbedID, plantID, percentage, planterID) VALUES (137, 1483, 4, 128);
INSERT INTO PlantedIn (flowerbedID, plantID, percentage, planterID) VALUES (93, 3777, 4, 9);
INSERT INTO PlantedIn (flowerbedID, plantID, percentage, planterID) VALUES (275, 1377, 2, 154);
INSERT INTO PlantedIn (flowerbedID, plantID, percentage, planterID) VALUES (24, 1421, 4, 48);
INSERT INTO PlantedIn (flowerbedID, plantID, percentage, planterID) VALUES (29, 934, 3, 90);
INSERT INTO PlantedIn (flowerbedID, plantID, percentage, planterID) VALUES (171, 1014, 3, 52);
INSERT INTO PlantedIn (flowerbedID, plantID, percentage, planterID) VALUES (142, 1455, 1, 156);
INSERT INTO PlantedIn (flowerbedID, plantID, percentage, planterID) VALUES (38, 1011, 3, 15);
INSERT INTO PlantedIn (flowerbedID, plantID, percentage, planterID) VALUES (193, 3195, 4, 61);
INSERT INTO PlantedIn (flowerbedID, plantID, percentage, planterID) VALUES (241, 1564, 3, 140);
INSERT INTO PlantedIn (flowerbedID, plantID, percentage, planterID) VALUES (228, 2708, 4, 28);
INSERT INTO PlantedIn (flowerbedID, plantID, percentage, planterID) VALUES (21, 1698, 1, 125);
INSERT INTO PlantedIn (flowerbedID, plantID, percentage, planterID) VALUES (204, 933, 1, 154);
INSERT INTO PlantedIn (flowerbedID, plantID, percentage, planterID) VALUES (151, 736, 4, 138);
INSERT INTO PlantedIn (flowerbedID, plantID, percentage, planterID) VALUES (170, 2727, 3, 20);
INSERT INTO PlantedIn (flowerbedID, plantID, percentage, planterID) VALUES (290, 775, 3, 48);
INSERT INTO PlantedIn (flowerbedID, plantID, percentage, planterID) VALUES (9, 2432, 4, 98);
INSERT INTO PlantedIn (flowerbedID, plantID, percentage, planterID) VALUES (11, 1457, 4, 96);
INSERT INTO PlantedIn (flowerbedID, plantID, percentage, planterID) VALUES (24, 2761, 1, 110);
INSERT INTO PlantedIn (flowerbedID, plantID, percentage, planterID) VALUES (46, 1381, 4, 53);
INSERT INTO PlantedIn (flowerbedID, plantID, percentage, planterID) VALUES (179, 764, 1, 15);
INSERT INTO PlantedIn (flowerbedID, plantID, percentage, planterID) VALUES (116, 3416, 4, 14);
INSERT INTO PlantedIn (flowerbedID, plantID, percentage, planterID) VALUES (177, 756, 3, 112);
INSERT INTO PlantedIn (flowerbedID, plantID, percentage, planterID) VALUES (119, 3561, 2, 29);
INSERT INTO PlantedIn (flowerbedID, plantID, percentage, planterID) VALUES (165, 2844, 3, 44);
INSERT INTO PlantedIn (flowerbedID, plantID, percentage, planterID) VALUES (34, 3115, 1, 66);
INSERT INTO PlantedIn (flowerbedID, plantID, percentage, planterID) VALUES (156, 52, 3, 58);
INSERT INTO PlantedIn (flowerbedID, plantID, percentage, planterID) VALUES (111, 2484, 4, 88);
INSERT INTO PlantedIn (flowerbedID, plantID, percentage, planterID) VALUES (252, 2286, 1, 13);
INSERT INTO PlantedIn (flowerbedID, plantID, percentage, planterID) VALUES (143, 585, 1, 32);
INSERT INTO PlantedIn (flowerbedID, plantID, percentage, planterID) VALUES (104, 3202, 3, 107);
INSERT INTO PlantedIn (flowerbedID, plantID, percentage, planterID) VALUES (225, 3047, 2, 29);
INSERT INTO PlantedIn (flowerbedID, plantID, percentage, planterID) VALUES (157, 1617, 3, 153);
INSERT INTO PlantedIn (flowerbedID, plantID, percentage, planterID) VALUES (68, 1015, 3, 143);
INSERT INTO PlantedIn (flowerbedID, plantID, percentage, planterID) VALUES (83, 626, 3, 72);
INSERT INTO PlantedIn (flowerbedID, plantID, percentage, planterID) VALUES (241, 3577, 3, 106);
INSERT INTO PlantedIn (flowerbedID, plantID, percentage, planterID) VALUES (155, 2657, 4, 150);
INSERT INTO PlantedIn (flowerbedID, plantID, percentage, planterID) VALUES (251, 208, 1, 10);
INSERT INTO PlantedIn (flowerbedID, plantID, percentage, planterID) VALUES (264, 2613, 3, 160);
INSERT INTO PlantedIn (flowerbedID, plantID, percentage, planterID) VALUES (139, 359, 4, 161);
INSERT INTO PlantedIn (flowerbedID, plantID, percentage, planterID) VALUES (153, 3150, 3, 108);
INSERT INTO PlantedIn (flowerbedID, plantID, percentage, planterID) VALUES (24, 1746, 2, 83);
INSERT INTO PlantedIn (flowerbedID, plantID, percentage, planterID) VALUES (184, 3469, 2, 1);
INSERT INTO PlantedIn (flowerbedID, plantID, percentage, planterID) VALUES (246, 2381, 2, 11);
INSERT INTO PlantedIn (flowerbedID, plantID, percentage, planterID) VALUES (91, 3609, 1, 57);
INSERT INTO PlantedIn (flowerbedID, plantID, percentage, planterID) VALUES (296, 1495, 4, 57);
INSERT INTO PlantedIn (flowerbedID, plantID, percentage, planterID) VALUES (19, 983, 3, 87);
INSERT INTO PlantedIn (flowerbedID, plantID, percentage, planterID) VALUES (104, 1670, 4, 89);
INSERT INTO PlantedIn (flowerbedID, plantID, percentage, planterID) VALUES (74, 543, 2, 103);
INSERT INTO PlantedIn (flowerbedID, plantID, percentage, planterID) VALUES (177, 281, 1, 117);
INSERT INTO PlantedIn (flowerbedID, plantID, percentage, planterID) VALUES (291, 2621, 4, 108);
INSERT INTO PlantedIn (flowerbedID, plantID, percentage, planterID) VALUES (88, 2647, 3, 23);
INSERT INTO PlantedIn (flowerbedID, plantID, percentage, planterID) VALUES (185, 1789, 3, 128);
INSERT INTO PlantedIn (flowerbedID, plantID, percentage, planterID) VALUES (255, 252, 4, 82);
INSERT INTO PlantedIn (flowerbedID, plantID, percentage, planterID) VALUES (96, 3773, 3, 76);
INSERT INTO PlantedIn (flowerbedID, plantID, percentage, planterID) VALUES (123, 3691, 3, 91);
INSERT INTO PlantedIn (flowerbedID, plantID, percentage, planterID) VALUES (57, 2543, 1, 154);
INSERT INTO PlantedIn (flowerbedID, plantID, percentage, planterID) VALUES (60, 326, 4, 39);
INSERT INTO PlantedIn (flowerbedID, plantID, percentage, planterID) VALUES (164, 3731, 2, 73);
INSERT INTO PlantedIn (flowerbedID, plantID, percentage, planterID) VALUES (10, 3475, 2, 54);
INSERT INTO PlantedIn (flowerbedID, plantID, percentage, planterID) VALUES (262, 2894, 2, 3);
INSERT INTO PlantedIn (flowerbedID, plantID, percentage, planterID) VALUES (211, 2087, 4, 162);
INSERT INTO PlantedIn (flowerbedID, plantID, percentage, planterID) VALUES (197, 3551, 4, 84);
INSERT INTO PlantedIn (flowerbedID, plantID, percentage, planterID) VALUES (173, 1461, 4, 2);
INSERT INTO PlantedIn (flowerbedID, plantID, percentage, planterID) VALUES (267, 3706, 1, 94);
INSERT INTO PlantedIn (flowerbedID, plantID, percentage, planterID) VALUES (13, 2971, 3, 157);
INSERT INTO PlantedIn (flowerbedID, plantID, percentage, planterID) VALUES (70, 1142, 1, 20);
INSERT INTO PlantedIn (flowerbedID, plantID, percentage, planterID) VALUES (14, 502, 3, 68);
INSERT INTO PlantedIn (flowerbedID, plantID, percentage, planterID) VALUES (201, 1279, 2, 94);
INSERT INTO PlantedIn (flowerbedID, plantID, percentage, planterID) VALUES (75, 122, 4, 30);
INSERT INTO PlantedIn (flowerbedID, plantID, percentage, planterID) VALUES (123, 695, 2, 127);
INSERT INTO PlantedIn (flowerbedID, plantID, percentage, planterID) VALUES (42, 1081, 1, 68);
INSERT INTO PlantedIn (flowerbedID, plantID, percentage, planterID) VALUES (15, 1181, 4, 133);
INSERT INTO PlantedIn (flowerbedID, plantID, percentage, planterID) VALUES (192, 2927, 4, 94);
INSERT INTO PlantedIn (flowerbedID, plantID, percentage, planterID) VALUES (236, 1445, 2, 146);
INSERT INTO PlantedIn (flowerbedID, plantID, percentage, planterID) VALUES (211, 1507, 4, 136);
INSERT INTO PlantedIn (flowerbedID, plantID, percentage, planterID) VALUES (127, 3706, 4, 135);
INSERT INTO PlantedIn (flowerbedID, plantID, percentage, planterID) VALUES (42, 1999, 2, 23);
INSERT INTO PlantedIn (flowerbedID, plantID, percentage, planterID) VALUES (239, 2040, 4, 79);
INSERT INTO PlantedIn (flowerbedID, plantID, percentage, planterID) VALUES (250, 886, 2, 108);
INSERT INTO PlantedIn (flowerbedID, plantID, percentage, planterID) VALUES (295, 665, 1, 60);
INSERT INTO PlantedIn (flowerbedID, plantID, percentage, planterID) VALUES (249, 1265, 3, 24);
INSERT INTO PlantedIn (flowerbedID, plantID, percentage, planterID) VALUES (210, 3786, 2, 14);
INSERT INTO PlantedIn (flowerbedID, plantID, percentage, planterID) VALUES (111, 3343, 4, 62);
INSERT INTO PlantedIn (flowerbedID, plantID, percentage, planterID) VALUES (247, 535, 4, 107);
INSERT INTO PlantedIn (flowerbedID, plantID, percentage, planterID) VALUES (196, 2917, 2, 42);
INSERT INTO PlantedIn (flowerbedID, plantID, percentage, planterID) VALUES (85, 2696, 1, 51);
INSERT INTO PlantedIn (flowerbedID, plantID, percentage, planterID) VALUES (277, 3567, 4, 102);
INSERT INTO PlantedIn (flowerbedID, plantID, percentage, planterID) VALUES (78, 337, 4, 95);
INSERT INTO PlantedIn (flowerbedID, plantID, percentage, planterID) VALUES (20, 2422, 2, 64);
INSERT INTO PlantedIn (flowerbedID, plantID, percentage, planterID) VALUES (147, 2807, 2, 40);
INSERT INTO PlantedIn (flowerbedID, plantID, percentage, planterID) VALUES (259, 3280, 3, 48);
INSERT INTO PlantedIn (flowerbedID, plantID, percentage, planterID) VALUES (64, 1037, 1, 1);
INSERT INTO PlantedIn (flowerbedID, plantID, percentage, planterID) VALUES (58, 2274, 2, 10);
INSERT INTO PlantedIn (flowerbedID, plantID, percentage, planterID) VALUES (157, 18, 4, 37);
INSERT INTO PlantedIn (flowerbedID, plantID, percentage, planterID) VALUES (28, 2934, 1, 129);
INSERT INTO PlantedIn (flowerbedID, plantID, percentage, planterID) VALUES (116, 431, 4, 103);
INSERT INTO PlantedIn (flowerbedID, plantID, percentage, planterID) VALUES (251, 3175, 3, 34);
INSERT INTO PlantedIn (flowerbedID, plantID, percentage, planterID) VALUES (201, 1815, 2, 39);
INSERT INTO PlantedIn (flowerbedID, plantID, percentage, planterID) VALUES (295, 747, 1, 28);
INSERT INTO PlantedIn (flowerbedID, plantID, percentage, planterID) VALUES (138, 613, 3, 59);
INSERT INTO PlantedIn (flowerbedID, plantID, percentage, planterID) VALUES (224, 1522, 2, 162);
INSERT INTO PlantedIn (flowerbedID, plantID, percentage, planterID) VALUES (120, 581, 2, 9);
INSERT INTO PlantedIn (flowerbedID, plantID, percentage, planterID) VALUES (272, 3076, 2, 112);
INSERT INTO PlantedIn (flowerbedID, plantID, percentage, planterID) VALUES (272, 939, 3, 30);
INSERT INTO PlantedIn (flowerbedID, plantID, percentage, planterID) VALUES (20, 1408, 3, 77);
INSERT INTO PlantedIn (flowerbedID, plantID, percentage, planterID) VALUES (250, 2581, 4, 2);
INSERT INTO PlantedIn (flowerbedID, plantID, percentage, planterID) VALUES (258, 639, 2, 4);
INSERT INTO PlantedIn (flowerbedID, plantID, percentage, planterID) VALUES (226, 3530, 1, 59);
INSERT INTO PlantedIn (flowerbedID, plantID, percentage, planterID) VALUES (19, 1512, 4, 111);
INSERT INTO PlantedIn (flowerbedID, plantID, percentage, planterID) VALUES (56, 1125, 1, 47);
INSERT INTO PlantedIn (flowerbedID, plantID, percentage, planterID) VALUES (160, 1701, 3, 145);
INSERT INTO PlantedIn (flowerbedID, plantID, percentage, planterID) VALUES (241, 1100, 3, 58);
INSERT INTO PlantedIn (flowerbedID, plantID, percentage, planterID) VALUES (285, 1312, 4, 79);
INSERT INTO PlantedIn (flowerbedID, plantID, percentage, planterID) VALUES (151, 1848, 4, 24);
INSERT INTO PlantedIn (flowerbedID, plantID, percentage, planterID) VALUES (251, 429, 3, 155);
INSERT INTO PlantedIn (flowerbedID, plantID, percentage, planterID) VALUES (8, 923, 1, 129);
INSERT INTO PlantedIn (flowerbedID, plantID, percentage, planterID) VALUES (189, 1501, 4, 11);
INSERT INTO PlantedIn (flowerbedID, plantID, percentage, planterID) VALUES (204, 1270, 1, 157);
INSERT INTO PlantedIn (flowerbedID, plantID, percentage, planterID) VALUES (230, 2893, 3, 140);
INSERT INTO PlantedIn (flowerbedID, plantID, percentage, planterID) VALUES (10, 556, 4, 37);
INSERT INTO PlantedIn (flowerbedID, plantID, percentage, planterID) VALUES (145, 2583, 4, 138);
INSERT INTO PlantedIn (flowerbedID, plantID, percentage, planterID) VALUES (44, 3614, 4, 141);
INSERT INTO PlantedIn (flowerbedID, plantID, percentage, planterID) VALUES (14, 2764, 1, 100);
INSERT INTO PlantedIn (flowerbedID, plantID, percentage, planterID) VALUES (286, 1252, 3, 28);
INSERT INTO PlantedIn (flowerbedID, plantID, percentage, planterID) VALUES (213, 844, 2, 69);
INSERT INTO PlantedIn (flowerbedID, plantID, percentage, planterID) VALUES (164, 1197, 2, 105);
INSERT INTO PlantedIn (flowerbedID, plantID, percentage, planterID) VALUES (18, 1609, 1, 153);
INSERT INTO PlantedIn (flowerbedID, plantID, percentage, planterID) VALUES (168, 377, 1, 14);
INSERT INTO PlantedIn (flowerbedID, plantID, percentage, planterID) VALUES (229, 3385, 4, 6);
INSERT INTO PlantedIn (flowerbedID, plantID, percentage, planterID) VALUES (243, 3272, 4, 155);
INSERT INTO PlantedIn (flowerbedID, plantID, percentage, planterID) VALUES (168, 1836, 3, 160);
INSERT INTO PlantedIn (flowerbedID, plantID, percentage, planterID) VALUES (239, 324, 3, 17);
INSERT INTO PlantedIn (flowerbedID, plantID, percentage, planterID) VALUES (91, 1926, 4, 156);
INSERT INTO PlantedIn (flowerbedID, plantID, percentage, planterID) VALUES (242, 1961, 4, 29);
INSERT INTO PlantedIn (flowerbedID, plantID, percentage, planterID) VALUES (45, 132, 4, 91);
INSERT INTO PlantedIn (flowerbedID, plantID, percentage, planterID) VALUES (272, 2150, 3, 142);
INSERT INTO PlantedIn (flowerbedID, plantID, percentage, planterID) VALUES (121, 2790, 4, 100);
INSERT INTO PlantedIn (flowerbedID, plantID, percentage, planterID) VALUES (59, 1941, 4, 83);
INSERT INTO PlantedIn (flowerbedID, plantID, percentage, planterID) VALUES (176, 2236, 4, 88);
INSERT INTO PlantedIn (flowerbedID, plantID, percentage, planterID) VALUES (23, 1581, 4, 127);
INSERT INTO PlantedIn (flowerbedID, plantID, percentage, planterID) VALUES (274, 3475, 4, 130);
INSERT INTO PlantedIn (flowerbedID, plantID, percentage, planterID) VALUES (284, 2736, 1, 56);
INSERT INTO PlantedIn (flowerbedID, plantID, percentage, planterID) VALUES (222, 3279, 3, 2);
INSERT INTO PlantedIn (flowerbedID, plantID, percentage, planterID) VALUES (121, 3227, 4, 64);
INSERT INTO PlantedIn (flowerbedID, plantID, percentage, planterID) VALUES (167, 3662, 4, 133);
INSERT INTO PlantedIn (flowerbedID, plantID, percentage, planterID) VALUES (135, 972, 1, 129);
INSERT INTO PlantedIn (flowerbedID, plantID, percentage, planterID) VALUES (249, 985, 4, 159);
INSERT INTO PlantedIn (flowerbedID, plantID, percentage, planterID) VALUES (199, 2546, 3, 136);
INSERT INTO PlantedIn (flowerbedID, plantID, percentage, planterID) VALUES (167, 2092, 3, 73);
INSERT INTO PlantedIn (flowerbedID, plantID, percentage, planterID) VALUES (75, 2866, 4, 104);
INSERT INTO PlantedIn (flowerbedID, plantID, percentage, planterID) VALUES (177, 2371, 4, 111);
INSERT INTO PlantedIn (flowerbedID, plantID, percentage, planterID) VALUES (134, 51, 1, 138);
INSERT INTO PlantedIn (flowerbedID, plantID, percentage, planterID) VALUES (288, 2215, 2, 131);
INSERT INTO PlantedIn (flowerbedID, plantID, percentage, planterID) VALUES (247, 1954, 3, 77);
INSERT INTO PlantedIn (flowerbedID, plantID, percentage, planterID) VALUES (228, 1422, 2, 97);
INSERT INTO PlantedIn (flowerbedID, plantID, percentage, planterID) VALUES (8, 1357, 3, 1);
INSERT INTO PlantedIn (flowerbedID, plantID, percentage, planterID) VALUES (267, 1633, 1, 16);
INSERT INTO PlantedIn (flowerbedID, plantID, percentage, planterID) VALUES (50, 2684, 4, 23);
INSERT INTO PlantedIn (flowerbedID, plantID, percentage, planterID) VALUES (93, 2989, 4, 129);
INSERT INTO PlantedIn (flowerbedID, plantID, percentage, planterID) VALUES (236, 2122, 3, 131);
INSERT INTO PlantedIn (flowerbedID, plantID, percentage, planterID) VALUES (37, 2000, 4, 27);
INSERT INTO PlantedIn (flowerbedID, plantID, percentage, planterID) VALUES (7, 2325, 4, 104);
INSERT INTO PlantedIn (flowerbedID, plantID, percentage, planterID) VALUES (290, 621, 4, 36);
INSERT INTO PlantedIn (flowerbedID, plantID, percentage, planterID) VALUES (153, 813, 2, 100);
INSERT INTO PlantedIn (flowerbedID, plantID, percentage, planterID) VALUES (190, 2592, 4, 94);
INSERT INTO PlantedIn (flowerbedID, plantID, percentage, planterID) VALUES (110, 2613, 3, 95);
INSERT INTO PlantedIn (flowerbedID, plantID, percentage, planterID) VALUES (135, 1151, 1, 74);
INSERT INTO PlantedIn (flowerbedID, plantID, percentage, planterID) VALUES (212, 535, 3, 158);
INSERT INTO PlantedIn (flowerbedID, plantID, percentage, planterID) VALUES (222, 1991, 3, 89);
INSERT INTO PlantedIn (flowerbedID, plantID, percentage, planterID) VALUES (203, 2777, 1, 122);
INSERT INTO PlantedIn (flowerbedID, plantID, percentage, planterID) VALUES (278, 1097, 3, 102);
INSERT INTO PlantedIn (flowerbedID, plantID, percentage, planterID) VALUES (286, 524, 2, 62);
INSERT INTO PlantedIn (flowerbedID, plantID, percentage, planterID) VALUES (62, 1623, 1, 86);
INSERT INTO PlantedIn (flowerbedID, plantID, percentage, planterID) VALUES (182, 1846, 2, 4);
INSERT INTO PlantedIn (flowerbedID, plantID, percentage, planterID) VALUES (185, 3616, 2, 8);
INSERT INTO PlantedIn (flowerbedID, plantID, percentage, planterID) VALUES (135, 2142, 1, 12);
INSERT INTO PlantedIn (flowerbedID, plantID, percentage, planterID) VALUES (82, 2970, 1, 54);
INSERT INTO PlantedIn (flowerbedID, plantID, percentage, planterID) VALUES (16, 3496, 1, 132);
INSERT INTO PlantedIn (flowerbedID, plantID, percentage, planterID) VALUES (12, 467, 4, 56);
INSERT INTO PlantedIn (flowerbedID, plantID, percentage, planterID) VALUES (9, 1223, 1, 20);
INSERT INTO PlantedIn (flowerbedID, plantID, percentage, planterID) VALUES (221, 2347, 2, 50);
INSERT INTO PlantedIn (flowerbedID, plantID, percentage, planterID) VALUES (26, 1189, 3, 114);
INSERT INTO PlantedIn (flowerbedID, plantID, percentage, planterID) VALUES (73, 2708, 3, 10);
INSERT INTO PlantedIn (flowerbedID, plantID, percentage, planterID) VALUES (77, 463, 3, 141);
INSERT INTO PlantedIn (flowerbedID, plantID, percentage, planterID) VALUES (266, 513, 4, 126);
INSERT INTO PlantedIn (flowerbedID, plantID, percentage, planterID) VALUES (184, 1046, 3, 160);
INSERT INTO PlantedIn (flowerbedID, plantID, percentage, planterID) VALUES (176, 152, 2, 151);
INSERT INTO PlantedIn (flowerbedID, plantID, percentage, planterID) VALUES (194, 625, 3, 115);
INSERT INTO PlantedIn (flowerbedID, plantID, percentage, planterID) VALUES (141, 1256, 3, 75);
INSERT INTO PlantedIn (flowerbedID, plantID, percentage, planterID) VALUES (8, 1881, 2, 70);
INSERT INTO PlantedIn (flowerbedID, plantID, percentage, planterID) VALUES (182, 868, 2, 139);
INSERT INTO PlantedIn (flowerbedID, plantID, percentage, planterID) VALUES (107, 2073, 2, 75);
INSERT INTO PlantedIn (flowerbedID, plantID, percentage, planterID) VALUES (9, 1465, 3, 81);
INSERT INTO PlantedIn (flowerbedID, plantID, percentage, planterID) VALUES (195, 1541, 1, 49);
INSERT INTO PlantedIn (flowerbedID, plantID, percentage, planterID) VALUES (131, 601, 1, 97);
INSERT INTO PlantedIn (flowerbedID, plantID, percentage, planterID) VALUES (95, 872, 4, 141);
INSERT INTO PlantedIn (flowerbedID, plantID, percentage, planterID) VALUES (165, 951, 3, 86);
INSERT INTO PlantedIn (flowerbedID, plantID, percentage, planterID) VALUES (220, 3491, 2, 148);
INSERT INTO PlantedIn (flowerbedID, plantID, percentage, planterID) VALUES (39, 2566, 2, 144);
INSERT INTO PlantedIn (flowerbedID, plantID, percentage, planterID) VALUES (60, 1028, 1, 152);
INSERT INTO PlantedIn (flowerbedID, plantID, percentage, planterID) VALUES (193, 1351, 2, 150);
INSERT INTO PlantedIn (flowerbedID, plantID, percentage, planterID) VALUES (224, 573, 1, 92);
INSERT INTO PlantedIn (flowerbedID, plantID, percentage, planterID) VALUES (91, 344, 3, 47);
INSERT INTO PlantedIn (flowerbedID, plantID, percentage, planterID) VALUES (95, 328, 4, 70);
INSERT INTO PlantedIn (flowerbedID, plantID, percentage, planterID) VALUES (99, 3497, 1, 76);
INSERT INTO PlantedIn (flowerbedID, plantID, percentage, planterID) VALUES (242, 1149, 4, 70);
INSERT INTO PlantedIn (flowerbedID, plantID, percentage, planterID) VALUES (288, 906, 1, 73);
INSERT INTO PlantedIn (flowerbedID, plantID, percentage, planterID) VALUES (150, 1154, 1, 67);
INSERT INTO PlantedIn (flowerbedID, plantID, percentage, planterID) VALUES (194, 993, 2, 76);
INSERT INTO PlantedIn (flowerbedID, plantID, percentage, planterID) VALUES (122, 3746, 3, 100);
INSERT INTO PlantedIn (flowerbedID, plantID, percentage, planterID) VALUES (18, 3289, 2, 57);
INSERT INTO PlantedIn (flowerbedID, plantID, percentage, planterID) VALUES (280, 2844, 2, 41);
INSERT INTO PlantedIn (flowerbedID, plantID, percentage, planterID) VALUES (192, 2623, 2, 57);
INSERT INTO PlantedIn (flowerbedID, plantID, percentage, planterID) VALUES (292, 2829, 4, 66);
INSERT INTO PlantedIn (flowerbedID, plantID, percentage, planterID) VALUES (289, 3104, 2, 17);
INSERT INTO PlantedIn (flowerbedID, plantID, percentage, planterID) VALUES (31, 1883, 3, 106);
INSERT INTO PlantedIn (flowerbedID, plantID, percentage, planterID) VALUES (223, 194, 1, 25);
INSERT INTO PlantedIn (flowerbedID, plantID, percentage, planterID) VALUES (6, 2805, 1, 148);
INSERT INTO PlantedIn (flowerbedID, plantID, percentage, planterID) VALUES (173, 719, 3, 78);
INSERT INTO PlantedIn (flowerbedID, plantID, percentage, planterID) VALUES (276, 2657, 3, 134);
INSERT INTO PlantedIn (flowerbedID, plantID, percentage, planterID) VALUES (110, 420, 2, 2);
INSERT INTO PlantedIn (flowerbedID, plantID, percentage, planterID) VALUES (252, 1520, 4, 48);
INSERT INTO PlantedIn (flowerbedID, plantID, percentage, planterID) VALUES (59, 1457, 2, 47);
INSERT INTO PlantedIn (flowerbedID, plantID, percentage, planterID) VALUES (259, 3416, 3, 8);
INSERT INTO PlantedIn (flowerbedID, plantID, percentage, planterID) VALUES (280, 739, 4, 131);
INSERT INTO PlantedIn (flowerbedID, plantID, percentage, planterID) VALUES (275, 2372, 2, 6);
INSERT INTO PlantedIn (flowerbedID, plantID, percentage, planterID) VALUES (240, 1855, 3, 1);
INSERT INTO PlantedIn (flowerbedID, plantID, percentage, planterID) VALUES (50, 3032, 3, 49);
INSERT INTO PlantedIn (flowerbedID, plantID, percentage, planterID) VALUES (268, 1134, 3, 151);
INSERT INTO PlantedIn (flowerbedID, plantID, percentage, planterID) VALUES (206, 593, 4, 93);
INSERT INTO PlantedIn (flowerbedID, plantID, percentage, planterID) VALUES (159, 3141, 2, 31);
INSERT INTO PlantedIn (flowerbedID, plantID, percentage, planterID) VALUES (209, 876, 3, 1);
INSERT INTO PlantedIn (flowerbedID, plantID, percentage, planterID) VALUES (125, 2931, 2, 101);
INSERT INTO PlantedIn (flowerbedID, plantID, percentage, planterID) VALUES (112, 2369, 1, 143);
INSERT INTO PlantedIn (flowerbedID, plantID, percentage, planterID) VALUES (28, 3220, 2, 154);
INSERT INTO PlantedIn (flowerbedID, plantID, percentage, planterID) VALUES (185, 679, 3, 137);
INSERT INTO PlantedIn (flowerbedID, plantID, percentage, planterID) VALUES (141, 2578, 1, 42);
INSERT INTO PlantedIn (flowerbedID, plantID, percentage, planterID) VALUES (246, 3030, 2, 7);
INSERT INTO PlantedIn (flowerbedID, plantID, percentage, planterID) VALUES (179, 842, 2, 128);
INSERT INTO PlantedIn (flowerbedID, plantID, percentage, planterID) VALUES (133, 2884, 4, 159);
INSERT INTO PlantedIn (flowerbedID, plantID, percentage, planterID) VALUES (151, 1951, 4, 34);
INSERT INTO PlantedIn (flowerbedID, plantID, percentage, planterID) VALUES (36, 90, 1, 9);
INSERT INTO PlantedIn (flowerbedID, plantID, percentage, planterID) VALUES (257, 3632, 2, 81);
INSERT INTO PlantedIn (flowerbedID, plantID, percentage, planterID) VALUES (278, 883, 3, 128);
INSERT INTO PlantedIn (flowerbedID, plantID, percentage, planterID) VALUES (4, 3002, 3, 18);
INSERT INTO PlantedIn (flowerbedID, plantID, percentage, planterID) VALUES (298, 3260, 2, 155);
INSERT INTO PlantedIn (flowerbedID, plantID, percentage, planterID) VALUES (177, 3181, 1, 52);
INSERT INTO PlantedIn (flowerbedID, plantID, percentage, planterID) VALUES (156, 64, 2, 113);
INSERT INTO PlantedIn (flowerbedID, plantID, percentage, planterID) VALUES (286, 481, 1, 147);
INSERT INTO PlantedIn (flowerbedID, plantID, percentage, planterID) VALUES (116, 3222, 2, 113);
INSERT INTO PlantedIn (flowerbedID, plantID, percentage, planterID) VALUES (19, 1522, 1, 12);
INSERT INTO PlantedIn (flowerbedID, plantID, percentage, planterID) VALUES (51, 631, 1, 118);
INSERT INTO PlantedIn (flowerbedID, plantID, percentage, planterID) VALUES (2, 2254, 3, 104);
INSERT INTO PlantedIn (flowerbedID, plantID, percentage, planterID) VALUES (122, 3492, 3, 119);
INSERT INTO PlantedIn (flowerbedID, plantID, percentage, planterID) VALUES (120, 2547, 4, 31);
INSERT INTO PlantedIn (flowerbedID, plantID, percentage, planterID) VALUES (202, 3223, 3, 51);
INSERT INTO PlantedIn (flowerbedID, plantID, percentage, planterID) VALUES (287, 558, 2, 121);
INSERT INTO PlantedIn (flowerbedID, plantID, percentage, planterID) VALUES (293, 1379, 1, 114);
INSERT INTO PlantedIn (flowerbedID, plantID, percentage, planterID) VALUES (225, 2796, 4, 20);
INSERT INTO PlantedIn (flowerbedID, plantID, percentage, planterID) VALUES (266, 3076, 4, 15);
INSERT INTO PlantedIn (flowerbedID, plantID, percentage, planterID) VALUES (114, 2661, 4, 85);
INSERT INTO PlantedIn (flowerbedID, plantID, percentage, planterID) VALUES (177, 690, 4, 90);
INSERT INTO PlantedIn (flowerbedID, plantID, percentage, planterID) VALUES (251, 2695, 3, 157);
INSERT INTO PlantedIn (flowerbedID, plantID, percentage, planterID) VALUES (159, 794, 2, 25);
INSERT INTO PlantedIn (flowerbedID, plantID, percentage, planterID) VALUES (105, 3268, 2, 144);
INSERT INTO PlantedIn (flowerbedID, plantID, percentage, planterID) VALUES (61, 1904, 4, 64);
INSERT INTO PlantedIn (flowerbedID, plantID, percentage, planterID) VALUES (65, 1857, 1, 151);
INSERT INTO PlantedIn (flowerbedID, plantID, percentage, planterID) VALUES (194, 1873, 1, 76);
INSERT INTO PlantedIn (flowerbedID, plantID, percentage, planterID) VALUES (199, 3705, 3, 40);
INSERT INTO PlantedIn (flowerbedID, plantID, percentage, planterID) VALUES (197, 545, 1, 3);
INSERT INTO PlantedIn (flowerbedID, plantID, percentage, planterID) VALUES (104, 603, 3, 117);
INSERT INTO PlantedIn (flowerbedID, plantID, percentage, planterID) VALUES (1, 1966, 1, 4);
INSERT INTO PlantedIn (flowerbedID, plantID, percentage, planterID) VALUES (1, 1507, 1, 27);
INSERT INTO PlantedIn (flowerbedID, plantID, percentage, planterID) VALUES (261, 111, 1, 55);
INSERT INTO PlantedIn (flowerbedID, plantID, percentage, planterID) VALUES (296, 1215, 3, 138);
INSERT INTO PlantedIn (flowerbedID, plantID, percentage, planterID) VALUES (239, 933, 2, 151);
INSERT INTO PlantedIn (flowerbedID, plantID, percentage, planterID) VALUES (73, 3765, 3, 8);
INSERT INTO PlantedIn (flowerbedID, plantID, percentage, planterID) VALUES (39, 2771, 1, 50);
INSERT INTO PlantedIn (flowerbedID, plantID, percentage, planterID) VALUES (68, 1191, 1, 58);
INSERT INTO PlantedIn (flowerbedID, plantID, percentage, planterID) VALUES (209, 1893, 3, 77);
INSERT INTO PlantedIn (flowerbedID, plantID, percentage, planterID) VALUES (155, 2946, 3, 123);
INSERT INTO PlantedIn (flowerbedID, plantID, percentage, planterID) VALUES (23, 1993, 4, 24);
INSERT INTO PlantedIn (flowerbedID, plantID, percentage, planterID) VALUES (227, 43, 4, 58);
INSERT INTO PlantedIn (flowerbedID, plantID, percentage, planterID) VALUES (34, 1152, 2, 140);
INSERT INTO PlantedIn (flowerbedID, plantID, percentage, planterID) VALUES (171, 893, 4, 92);
INSERT INTO PlantedIn (flowerbedID, plantID, percentage, planterID) VALUES (162, 3350, 1, 4);
INSERT INTO PlantedIn (flowerbedID, plantID, percentage, planterID) VALUES (107, 1798, 4, 139);
INSERT INTO PlantedIn (flowerbedID, plantID, percentage, planterID) VALUES (68, 2005, 2, 66);
INSERT INTO PlantedIn (flowerbedID, plantID, percentage, planterID) VALUES (11, 2005, 4, 31);
INSERT INTO PlantedIn (flowerbedID, plantID, percentage, planterID) VALUES (159, 1991, 3, 129);
INSERT INTO PlantedIn (flowerbedID, plantID, percentage, planterID) VALUES (124, 3655, 4, 84);
INSERT INTO PlantedIn (flowerbedID, plantID, percentage, planterID) VALUES (53, 73, 3, 134);
INSERT INTO PlantedIn (flowerbedID, plantID, percentage, planterID) VALUES (80, 2925, 2, 21);
INSERT INTO PlantedIn (flowerbedID, plantID, percentage, planterID) VALUES (83, 1918, 2, 137);
INSERT INTO PlantedIn (flowerbedID, plantID, percentage, planterID) VALUES (5, 3767, 3, 18);
INSERT INTO PlantedIn (flowerbedID, plantID, percentage, planterID) VALUES (122, 726, 4, 67);
INSERT INTO PlantedIn (flowerbedID, plantID, percentage, planterID) VALUES (40, 3376, 2, 139);
INSERT INTO PlantedIn (flowerbedID, plantID, percentage, planterID) VALUES (267, 2247, 4, 5);
INSERT INTO PlantedIn (flowerbedID, plantID, percentage, planterID) VALUES (115, 3778, 3, 4);
INSERT INTO PlantedIn (flowerbedID, plantID, percentage, planterID) VALUES (220, 524, 1, 25);
INSERT INTO PlantedIn (flowerbedID, plantID, percentage, planterID) VALUES (189, 3618, 3, 55);
INSERT INTO PlantedIn (flowerbedID, plantID, percentage, planterID) VALUES (80, 1466, 3, 121);
INSERT INTO PlantedIn (flowerbedID, plantID, percentage, planterID) VALUES (170, 346, 3, 86);
INSERT INTO PlantedIn (flowerbedID, plantID, percentage, planterID) VALUES (288, 1151, 4, 2);
INSERT INTO PlantedIn (flowerbedID, plantID, percentage, planterID) VALUES (263, 136, 2, 109);
INSERT INTO PlantedIn (flowerbedID, plantID, percentage, planterID) VALUES (4, 2519, 3, 157);
INSERT INTO PlantedIn (flowerbedID, plantID, percentage, planterID) VALUES (236, 185, 2, 130);
INSERT INTO PlantedIn (flowerbedID, plantID, percentage, planterID) VALUES (295, 287, 4, 12);
INSERT INTO PlantedIn (flowerbedID, plantID, percentage, planterID) VALUES (148, 993, 4, 51);
INSERT INTO PlantedIn (flowerbedID, plantID, percentage, planterID) VALUES (191, 3852, 1, 75);
INSERT INTO PlantedIn (flowerbedID, plantID, percentage, planterID) VALUES (26, 3598, 1, 156);
INSERT INTO PlantedIn (flowerbedID, plantID, percentage, planterID) VALUES (69, 3529, 1, 156);
INSERT INTO PlantedIn (flowerbedID, plantID, percentage, planterID) VALUES (284, 2071, 4, 64);
INSERT INTO PlantedIn (flowerbedID, plantID, percentage, planterID) VALUES (56, 1067, 4, 122);
INSERT INTO PlantedIn (flowerbedID, plantID, percentage, planterID) VALUES (97, 1788, 2, 68);
INSERT INTO PlantedIn (flowerbedID, plantID, percentage, planterID) VALUES (161, 1772, 1, 35);
INSERT INTO PlantedIn (flowerbedID, plantID, percentage, planterID) VALUES (214, 1916, 2, 137);
INSERT INTO PlantedIn (flowerbedID, plantID, percentage, planterID) VALUES (148, 877, 3, 96);
INSERT INTO PlantedIn (flowerbedID, plantID, percentage, planterID) VALUES (48, 1767, 2, 108);
INSERT INTO PlantedIn (flowerbedID, plantID, percentage, planterID) VALUES (111, 2049, 2, 85);
INSERT INTO PlantedIn (flowerbedID, plantID, percentage, planterID) VALUES (20, 3329, 2, 48);
INSERT INTO PlantedIn (flowerbedID, plantID, percentage, planterID) VALUES (41, 3810, 2, 40);
INSERT INTO PlantedIn (flowerbedID, plantID, percentage, planterID) VALUES (134, 2398, 4, 133);
INSERT INTO PlantedIn (flowerbedID, plantID, percentage, planterID) VALUES (24, 3747, 4, 3);
INSERT INTO PlantedIn (flowerbedID, plantID, percentage, planterID) VALUES (140, 3114, 4, 25);
INSERT INTO PlantedIn (flowerbedID, plantID, percentage, planterID) VALUES (10, 2702, 1, 93);
INSERT INTO PlantedIn (flowerbedID, plantID, percentage, planterID) VALUES (47, 627, 3, 99);
INSERT INTO PlantedIn (flowerbedID, plantID, percentage, planterID) VALUES (207, 266, 4, 146);
INSERT INTO PlantedIn (flowerbedID, plantID, percentage, planterID) VALUES (279, 475, 1, 2);
INSERT INTO PlantedIn (flowerbedID, plantID, percentage, planterID) VALUES (257, 1142, 4, 94);
INSERT INTO PlantedIn (flowerbedID, plantID, percentage, planterID) VALUES (80, 2148, 3, 126);
INSERT INTO PlantedIn (flowerbedID, plantID, percentage, planterID) VALUES (108, 3384, 2, 119);
INSERT INTO PlantedIn (flowerbedID, plantID, percentage, planterID) VALUES (172, 860, 3, 101);
INSERT INTO PlantedIn (flowerbedID, plantID, percentage, planterID) VALUES (115, 612, 1, 45);
INSERT INTO PlantedIn (flowerbedID, plantID, percentage, planterID) VALUES (68, 387, 1, 144);
INSERT INTO PlantedIn (flowerbedID, plantID, percentage, planterID) VALUES (67, 3268, 2, 39);
INSERT INTO PlantedIn (flowerbedID, plantID, percentage, planterID) VALUES (14, 1658, 2, 152);
INSERT INTO PlantedIn (flowerbedID, plantID, percentage, planterID) VALUES (295, 2354, 2, 7);
INSERT INTO PlantedIn (flowerbedID, plantID, percentage, planterID) VALUES (145, 2813, 1, 128);
INSERT INTO PlantedIn (flowerbedID, plantID, percentage, planterID) VALUES (285, 1244, 2, 136);
INSERT INTO PlantedIn (flowerbedID, plantID, percentage, planterID) VALUES (144, 175, 3, 71);
INSERT INTO PlantedIn (flowerbedID, plantID, percentage, planterID) VALUES (44, 951, 2, 149);
INSERT INTO PlantedIn (flowerbedID, plantID, percentage, planterID) VALUES (28, 338, 1, 121);
INSERT INTO PlantedIn (flowerbedID, plantID, percentage, planterID) VALUES (251, 2269, 4, 20);
INSERT INTO PlantedIn (flowerbedID, plantID, percentage, planterID) VALUES (5, 3844, 1, 34);
INSERT INTO PlantedIn (flowerbedID, plantID, percentage, planterID) VALUES (181, 913, 1, 60);
INSERT INTO PlantedIn (flowerbedID, plantID, percentage, planterID) VALUES (289, 327, 4, 26);
INSERT INTO PlantedIn (flowerbedID, plantID, percentage, planterID) VALUES (122, 3618, 4, 43);
INSERT INTO PlantedIn (flowerbedID, plantID, percentage, planterID) VALUES (294, 2550, 1, 103);
INSERT INTO PlantedIn (flowerbedID, plantID, percentage, planterID) VALUES (271, 1766, 4, 86);
INSERT INTO PlantedIn (flowerbedID, plantID, percentage, planterID) VALUES (163, 750, 2, 30);
INSERT INTO PlantedIn (flowerbedID, plantID, percentage, planterID) VALUES (234, 1110, 4, 46);
INSERT INTO PlantedIn (flowerbedID, plantID, percentage, planterID) VALUES (85, 1788, 4, 138);
INSERT INTO PlantedIn (flowerbedID, plantID, percentage, planterID) VALUES (68, 463, 3, 100);
INSERT INTO PlantedIn (flowerbedID, plantID, percentage, planterID) VALUES (17, 3188, 1, 90);
INSERT INTO PlantedIn (flowerbedID, plantID, percentage, planterID) VALUES (145, 435, 2, 29);
INSERT INTO PlantedIn (flowerbedID, plantID, percentage, planterID) VALUES (171, 2543, 1, 67);
INSERT INTO PlantedIn (flowerbedID, plantID, percentage, planterID) VALUES (255, 2156, 3, 86);
INSERT INTO PlantedIn (flowerbedID, plantID, percentage, planterID) VALUES (253, 2949, 1, 74);
INSERT INTO PlantedIn (flowerbedID, plantID, percentage, planterID) VALUES (68, 875, 4, 2);
INSERT INTO PlantedIn (flowerbedID, plantID, percentage, planterID) VALUES (111, 3802, 3, 101);
INSERT INTO PlantedIn (flowerbedID, plantID, percentage, planterID) VALUES (31, 631, 1, 40);
INSERT INTO PlantedIn (flowerbedID, plantID, percentage, planterID) VALUES (296, 2893, 2, 34);
INSERT INTO PlantedIn (flowerbedID, plantID, percentage, planterID) VALUES (258, 1388, 2, 149);
INSERT INTO PlantedIn (flowerbedID, plantID, percentage, planterID) VALUES (6, 962, 4, 94);
INSERT INTO PlantedIn (flowerbedID, plantID, percentage, planterID) VALUES (242, 151, 3, 87);
INSERT INTO PlantedIn (flowerbedID, plantID, percentage, planterID) VALUES (240, 3598, 1, 134);
INSERT INTO PlantedIn (flowerbedID, plantID, percentage, planterID) VALUES (231, 2082, 4, 21);
INSERT INTO PlantedIn (flowerbedID, plantID, percentage, planterID) VALUES (210, 1357, 3, 6);
INSERT INTO PlantedIn (flowerbedID, plantID, percentage, planterID) VALUES (30, 888, 4, 28);
INSERT INTO PlantedIn (flowerbedID, plantID, percentage, planterID) VALUES (177, 92, 3, 68);
INSERT INTO PlantedIn (flowerbedID, plantID, percentage, planterID) VALUES (82, 3606, 1, 82);
INSERT INTO PlantedIn (flowerbedID, plantID, percentage, planterID) VALUES (291, 3772, 4, 126);
INSERT INTO PlantedIn (flowerbedID, plantID, percentage, planterID) VALUES (272, 1963, 1, 138);
INSERT INTO PlantedIn (flowerbedID, plantID, percentage, planterID) VALUES (89, 2911, 1, 102);
INSERT INTO PlantedIn (flowerbedID, plantID, percentage, planterID) VALUES (19, 3778, 1, 118);
INSERT INTO PlantedIn (flowerbedID, plantID, percentage, planterID) VALUES (62, 3261, 4, 21);
INSERT INTO PlantedIn (flowerbedID, plantID, percentage, planterID) VALUES (260, 1978, 1, 70);
INSERT INTO PlantedIn (flowerbedID, plantID, percentage, planterID) VALUES (133, 3386, 2, 38);
INSERT INTO PlantedIn (flowerbedID, plantID, percentage, planterID) VALUES (137, 3833, 4, 142);
INSERT INTO PlantedIn (flowerbedID, plantID, percentage, planterID) VALUES (223, 1596, 1, 142);
INSERT INTO PlantedIn (flowerbedID, plantID, percentage, planterID) VALUES (38, 2953, 1, 5);
INSERT INTO PlantedIn (flowerbedID, plantID, percentage, planterID) VALUES (222, 2749, 4, 61);
INSERT INTO PlantedIn (flowerbedID, plantID, percentage, planterID) VALUES (166, 1824, 2, 128);
INSERT INTO PlantedIn (flowerbedID, plantID, percentage, planterID) VALUES (295, 563, 2, 97);
INSERT INTO PlantedIn (flowerbedID, plantID, percentage, planterID) VALUES (7, 3014, 4, 146);
INSERT INTO PlantedIn (flowerbedID, plantID, percentage, planterID) VALUES (218, 134, 1, 109);
INSERT INTO PlantedIn (flowerbedID, plantID, percentage, planterID) VALUES (8, 1757, 4, 162);
INSERT INTO PlantedIn (flowerbedID, plantID, percentage, planterID) VALUES (260, 2928, 4, 139);
INSERT INTO PlantedIn (flowerbedID, plantID, percentage, planterID) VALUES (156, 3229, 2, 31);
INSERT INTO PlantedIn (flowerbedID, plantID, percentage, planterID) VALUES (164, 2046, 1, 37);
INSERT INTO PlantedIn (flowerbedID, plantID, percentage, planterID) VALUES (1, 3691, 4, 90);
INSERT INTO PlantedIn (flowerbedID, plantID, percentage, planterID) VALUES (31, 324, 1, 71);
INSERT INTO PlantedIn (flowerbedID, plantID, percentage, planterID) VALUES (88, 2423, 2, 134);
INSERT INTO PlantedIn (flowerbedID, plantID, percentage, planterID) VALUES (141, 3455, 4, 162);
INSERT INTO PlantedIn (flowerbedID, plantID, percentage, planterID) VALUES (219, 462, 2, 44);
INSERT INTO PlantedIn (flowerbedID, plantID, percentage, planterID) VALUES (194, 1799, 3, 65);
INSERT INTO PlantedIn (flowerbedID, plantID, percentage, planterID) VALUES (126, 3474, 3, 110);
INSERT INTO PlantedIn (flowerbedID, plantID, percentage, planterID) VALUES (294, 182, 4, 111);
INSERT INTO PlantedIn (flowerbedID, plantID, percentage, planterID) VALUES (91, 2465, 3, 76);
INSERT INTO PlantedIn (flowerbedID, plantID, percentage, planterID) VALUES (80, 828, 2, 157);
INSERT INTO PlantedIn (flowerbedID, plantID, percentage, planterID) VALUES (278, 3861, 2, 51);
INSERT INTO PlantedIn (flowerbedID, plantID, percentage, planterID) VALUES (267, 903, 3, 68);
INSERT INTO PlantedIn (flowerbedID, plantID, percentage, planterID) VALUES (106, 2493, 1, 155);
INSERT INTO PlantedIn (flowerbedID, plantID, percentage, planterID) VALUES (34, 1058, 3, 113);
INSERT INTO PlantedIn (flowerbedID, plantID, percentage, planterID) VALUES (52, 1106, 1, 9);
INSERT INTO PlantedIn (flowerbedID, plantID, percentage, planterID) VALUES (100, 2683, 3, 1);
INSERT INTO PlantedIn (flowerbedID, plantID, percentage, planterID) VALUES (100, 1695, 3, 40);
INSERT INTO PlantedIn (flowerbedID, plantID, percentage, planterID) VALUES (196, 551, 3, 162);
INSERT INTO PlantedIn (flowerbedID, plantID, percentage, planterID) VALUES (141, 1424, 4, 113);
INSERT INTO PlantedIn (flowerbedID, plantID, percentage, planterID) VALUES (4, 2139, 1, 142);
INSERT INTO PlantedIn (flowerbedID, plantID, percentage, planterID) VALUES (248, 1834, 4, 113);
INSERT INTO PlantedIn (flowerbedID, plantID, percentage, planterID) VALUES (228, 2729, 1, 27);
INSERT INTO PlantedIn (flowerbedID, plantID, percentage, planterID) VALUES (120, 600, 3, 126);
INSERT INTO PlantedIn (flowerbedID, plantID, percentage, planterID) VALUES (178, 3715, 1, 57);
INSERT INTO PlantedIn (flowerbedID, plantID, percentage, planterID) VALUES (31, 1041, 1, 143);
INSERT INTO PlantedIn (flowerbedID, plantID, percentage, planterID) VALUES (151, 3107, 4, 48);
INSERT INTO PlantedIn (flowerbedID, plantID, percentage, planterID) VALUES (52, 3613, 1, 137);
INSERT INTO PlantedIn (flowerbedID, plantID, percentage, planterID) VALUES (146, 2382, 2, 54);
INSERT INTO PlantedIn (flowerbedID, plantID, percentage, planterID) VALUES (28, 3723, 4, 54);
INSERT INTO PlantedIn (flowerbedID, plantID, percentage, planterID) VALUES (187, 2610, 1, 138);
INSERT INTO PlantedIn (flowerbedID, plantID, percentage, planterID) VALUES (191, 499, 3, 80);
INSERT INTO PlantedIn (flowerbedID, plantID, percentage, planterID) VALUES (28, 1018, 2, 151);
INSERT INTO PlantedIn (flowerbedID, plantID, percentage, planterID) VALUES (60, 2582, 3, 78);
INSERT INTO PlantedIn (flowerbedID, plantID, percentage, planterID) VALUES (85, 2929, 2, 1);
INSERT INTO PlantedIn (flowerbedID, plantID, percentage, planterID) VALUES (216, 1216, 2, 39);
INSERT INTO PlantedIn (flowerbedID, plantID, percentage, planterID) VALUES (234, 663, 2, 79);
INSERT INTO PlantedIn (flowerbedID, plantID, percentage, planterID) VALUES (254, 1006, 2, 107);
INSERT INTO PlantedIn (flowerbedID, plantID, percentage, planterID) VALUES (117, 327, 4, 39);
INSERT INTO PlantedIn (flowerbedID, plantID, percentage, planterID) VALUES (112, 799, 2, 119);
INSERT INTO PlantedIn (flowerbedID, plantID, percentage, planterID) VALUES (141, 2180, 3, 126);
INSERT INTO PlantedIn (flowerbedID, plantID, percentage, planterID) VALUES (70, 685, 3, 61);
INSERT INTO PlantedIn (flowerbedID, plantID, percentage, planterID) VALUES (280, 1370, 3, 154);
INSERT INTO PlantedIn (flowerbedID, plantID, percentage, planterID) VALUES (201, 452, 2, 8);
INSERT INTO PlantedIn (flowerbedID, plantID, percentage, planterID) VALUES (87, 1953, 1, 148);
INSERT INTO PlantedIn (flowerbedID, plantID, percentage, planterID) VALUES (229, 1852, 1, 107);
INSERT INTO PlantedIn (flowerbedID, plantID, percentage, planterID) VALUES (169, 3244, 4, 162);
INSERT INTO PlantedIn (flowerbedID, plantID, percentage, planterID) VALUES (14, 2440, 3, 69);
INSERT INTO PlantedIn (flowerbedID, plantID, percentage, planterID) VALUES (59, 496, 2, 32);
INSERT INTO PlantedIn (flowerbedID, plantID, percentage, planterID) VALUES (267, 3220, 3, 155);
INSERT INTO PlantedIn (flowerbedID, plantID, percentage, planterID) VALUES (284, 3640, 1, 3);
INSERT INTO PlantedIn (flowerbedID, plantID, percentage, planterID) VALUES (134, 3359, 1, 65);
INSERT INTO PlantedIn (flowerbedID, plantID, percentage, planterID) VALUES (105, 3825, 4, 64);
INSERT INTO PlantedIn (flowerbedID, plantID, percentage, planterID) VALUES (248, 1194, 4, 146);
INSERT INTO PlantedIn (flowerbedID, plantID, percentage, planterID) VALUES (282, 955, 1, 68);
INSERT INTO PlantedIn (flowerbedID, plantID, percentage, planterID) VALUES (113, 2219, 3, 97);
INSERT INTO PlantedIn (flowerbedID, plantID, percentage, planterID) VALUES (34, 1949, 1, 159);
INSERT INTO PlantedIn (flowerbedID, plantID, percentage, planterID) VALUES (101, 3156, 2, 97);
INSERT INTO PlantedIn (flowerbedID, plantID, percentage, planterID) VALUES (227, 2226, 1, 91);
INSERT INTO PlantedIn (flowerbedID, plantID, percentage, planterID) VALUES (133, 3468, 4, 72);
INSERT INTO PlantedIn (flowerbedID, plantID, percentage, planterID) VALUES (266, 3031, 3, 122);
INSERT INTO PlantedIn (flowerbedID, plantID, percentage, planterID) VALUES (28, 2130, 1, 102);
INSERT INTO PlantedIn (flowerbedID, plantID, percentage, planterID) VALUES (239, 3789, 1, 29);
INSERT INTO PlantedIn (flowerbedID, plantID, percentage, planterID) VALUES (166, 2820, 3, 147);
INSERT INTO PlantedIn (flowerbedID, plantID, percentage, planterID) VALUES (70, 2992, 3, 115);
INSERT INTO PlantedIn (flowerbedID, plantID, percentage, planterID) VALUES (177, 898, 2, 148);
INSERT INTO PlantedIn (flowerbedID, plantID, percentage, planterID) VALUES (242, 1479, 2, 96);
INSERT INTO PlantedIn (flowerbedID, plantID, percentage, planterID) VALUES (84, 3753, 1, 8);
INSERT INTO PlantedIn (flowerbedID, plantID, percentage, planterID) VALUES (226, 2896, 4, 152);
INSERT INTO PlantedIn (flowerbedID, plantID, percentage, planterID) VALUES (90, 1823, 1, 152);
INSERT INTO PlantedIn (flowerbedID, plantID, percentage, planterID) VALUES (136, 188, 1, 47);
INSERT INTO PlantedIn (flowerbedID, plantID, percentage, planterID) VALUES (233, 483, 1, 116);
INSERT INTO PlantedIn (flowerbedID, plantID, percentage, planterID) VALUES (269, 1313, 2, 101);
INSERT INTO PlantedIn (flowerbedID, plantID, percentage, planterID) VALUES (171, 1701, 2, 145);
INSERT INTO PlantedIn (flowerbedID, plantID, percentage, planterID) VALUES (246, 1514, 1, 109);
INSERT INTO PlantedIn (flowerbedID, plantID, percentage, planterID) VALUES (109, 2619, 1, 47);
INSERT INTO PlantedIn (flowerbedID, plantID, percentage, planterID) VALUES (186, 3271, 1, 142);
INSERT INTO PlantedIn (flowerbedID, plantID, percentage, planterID) VALUES (268, 371, 3, 14);
INSERT INTO PlantedIn (flowerbedID, plantID, percentage, planterID) VALUES (66, 2899, 1, 118);
INSERT INTO PlantedIn (flowerbedID, plantID, percentage, planterID) VALUES (27, 1029, 3, 105);
INSERT INTO PlantedIn (flowerbedID, plantID, percentage, planterID) VALUES (212, 1727, 3, 8);
INSERT INTO PlantedIn (flowerbedID, plantID, percentage, planterID) VALUES (251, 2603, 1, 109);
INSERT INTO PlantedIn (flowerbedID, plantID, percentage, planterID) VALUES (105, 3474, 4, 55);
INSERT INTO PlantedIn (flowerbedID, plantID, percentage, planterID) VALUES (15, 1098, 3, 87);
INSERT INTO PlantedIn (flowerbedID, plantID, percentage, planterID) VALUES (39, 1273, 1, 128);
INSERT INTO PlantedIn (flowerbedID, plantID, percentage, planterID) VALUES (128, 3176, 3, 120);
INSERT INTO PlantedIn (flowerbedID, plantID, percentage, planterID) VALUES (171, 1473, 3, 132);
INSERT INTO PlantedIn (flowerbedID, plantID, percentage, planterID) VALUES (194, 1446, 2, 56);
INSERT INTO PlantedIn (flowerbedID, plantID, percentage, planterID) VALUES (246, 1406, 3, 152);
INSERT INTO PlantedIn (flowerbedID, plantID, percentage, planterID) VALUES (12, 1978, 2, 148);
INSERT INTO PlantedIn (flowerbedID, plantID, percentage, planterID) VALUES (123, 689, 2, 29);
INSERT INTO PlantedIn (flowerbedID, plantID, percentage, planterID) VALUES (139, 2590, 3, 23);
INSERT INTO PlantedIn (flowerbedID, plantID, percentage, planterID) VALUES (299, 3368, 2, 107);
INSERT INTO PlantedIn (flowerbedID, plantID, percentage, planterID) VALUES (208, 1212, 2, 13);
INSERT INTO PlantedIn (flowerbedID, plantID, percentage, planterID) VALUES (208, 3229, 2, 160);
INSERT INTO PlantedIn (flowerbedID, plantID, percentage, planterID) VALUES (63, 960, 1, 120);
INSERT INTO PlantedIn (flowerbedID, plantID, percentage, planterID) VALUES (184, 2225, 3, 119);
INSERT INTO PlantedIn (flowerbedID, plantID, percentage, planterID) VALUES (27, 2121, 2, 7);
INSERT INTO PlantedIn (flowerbedID, plantID, percentage, planterID) VALUES (261, 328, 4, 135);
INSERT INTO PlantedIn (flowerbedID, plantID, percentage, planterID) VALUES (286, 1535, 3, 51);
INSERT INTO PlantedIn (flowerbedID, plantID, percentage, planterID) VALUES (213, 1415, 2, 158);
INSERT INTO PlantedIn (flowerbedID, plantID, percentage, planterID) VALUES (61, 3242, 2, 129);
INSERT INTO PlantedIn (flowerbedID, plantID, percentage, planterID) VALUES (27, 1703, 3, 76);
INSERT INTO PlantedIn (flowerbedID, plantID, percentage, planterID) VALUES (5, 500, 1, 60);
INSERT INTO PlantedIn (flowerbedID, plantID, percentage, planterID) VALUES (203, 1490, 2, 104);
INSERT INTO PlantedIn (flowerbedID, plantID, percentage, planterID) VALUES (176, 2154, 2, 103);
INSERT INTO PlantedIn (flowerbedID, plantID, percentage, planterID) VALUES (192, 1445, 3, 58);
INSERT INTO PlantedIn (flowerbedID, plantID, percentage, planterID) VALUES (231, 2428, 2, 43);
INSERT INTO PlantedIn (flowerbedID, plantID, percentage, planterID) VALUES (298, 617, 1, 153);
INSERT INTO PlantedIn (flowerbedID, plantID, percentage, planterID) VALUES (299, 2445, 1, 105);
INSERT INTO PlantedIn (flowerbedID, plantID, percentage, planterID) VALUES (22, 179, 1, 135);
INSERT INTO PlantedIn (flowerbedID, plantID, percentage, planterID) VALUES (53, 514, 4, 34);
INSERT INTO PlantedIn (flowerbedID, plantID, percentage, planterID) VALUES (155, 3067, 1, 45);
INSERT INTO PlantedIn (flowerbedID, plantID, percentage, planterID) VALUES (105, 3289, 4, 98);
INSERT INTO PlantedIn (flowerbedID, plantID, percentage, planterID) VALUES (68, 3474, 4, 102);
INSERT INTO PlantedIn (flowerbedID, plantID, percentage, planterID) VALUES (158, 3236, 3, 82);
INSERT INTO PlantedIn (flowerbedID, plantID, percentage, planterID) VALUES (298, 1402, 4, 124);
INSERT INTO PlantedIn (flowerbedID, plantID, percentage, planterID) VALUES (298, 1245, 1, 14);
INSERT INTO PlantedIn (flowerbedID, plantID, percentage, planterID) VALUES (111, 3344, 3, 28);
INSERT INTO PlantedIn (flowerbedID, plantID, percentage, planterID) VALUES (299, 1351, 3, 69);
INSERT INTO PlantedIn (flowerbedID, plantID, percentage, planterID) VALUES (43, 2531, 2, 108);
INSERT INTO PlantedIn (flowerbedID, plantID, percentage, planterID) VALUES (152, 731, 3, 84);
INSERT INTO PlantedIn (flowerbedID, plantID, percentage, planterID) VALUES (27, 298, 3, 125);
INSERT INTO PlantedIn (flowerbedID, plantID, percentage, planterID) VALUES (274, 781, 4, 24);
INSERT INTO PlantedIn (flowerbedID, plantID, percentage, planterID) VALUES (169, 3293, 3, 156);
INSERT INTO PlantedIn (flowerbedID, plantID, percentage, planterID) VALUES (52, 3811, 3, 108);
INSERT INTO PlantedIn (flowerbedID, plantID, percentage, planterID) VALUES (255, 3032, 4, 15);
INSERT INTO PlantedIn (flowerbedID, plantID, percentage, planterID) VALUES (41, 1866, 2, 63);
INSERT INTO PlantedIn (flowerbedID, plantID, percentage, planterID) VALUES (42, 3817, 3, 133);
INSERT INTO PlantedIn (flowerbedID, plantID, percentage, planterID) VALUES (53, 995, 2, 65);
INSERT INTO PlantedIn (flowerbedID, plantID, percentage, planterID) VALUES (100, 382, 1, 152);
INSERT INTO PlantedIn (flowerbedID, plantID, percentage, planterID) VALUES (90, 58, 4, 28);
INSERT INTO PlantedIn (flowerbedID, plantID, percentage, planterID) VALUES (260, 249, 1, 74);
INSERT INTO PlantedIn (flowerbedID, plantID, percentage, planterID) VALUES (16, 202, 4, 101);
INSERT INTO PlantedIn (flowerbedID, plantID, percentage, planterID) VALUES (251, 2583, 4, 130);
INSERT INTO PlantedIn (flowerbedID, plantID, percentage, planterID) VALUES (46, 447, 2, 43);
INSERT INTO PlantedIn (flowerbedID, plantID, percentage, planterID) VALUES (31, 71, 2, 161);
INSERT INTO PlantedIn (flowerbedID, plantID, percentage, planterID) VALUES (83, 1179, 3, 94);
INSERT INTO PlantedIn (flowerbedID, plantID, percentage, planterID) VALUES (121, 1636, 3, 148);
INSERT INTO PlantedIn (flowerbedID, plantID, percentage, planterID) VALUES (131, 64, 2, 98);
INSERT INTO PlantedIn (flowerbedID, plantID, percentage, planterID) VALUES (14, 3586, 4, 6);
INSERT INTO PlantedIn (flowerbedID, plantID, percentage, planterID) VALUES (179, 3026, 3, 147);
INSERT INTO PlantedIn (flowerbedID, plantID, percentage, planterID) VALUES (269, 391, 1, 7);
INSERT INTO PlantedIn (flowerbedID, plantID, percentage, planterID) VALUES (36, 3736, 2, 49);
INSERT INTO PlantedIn (flowerbedID, plantID, percentage, planterID) VALUES (82, 3188, 3, 1);
INSERT INTO PlantedIn (flowerbedID, plantID, percentage, planterID) VALUES (75, 3333, 3, 66);
INSERT INTO PlantedIn (flowerbedID, plantID, percentage, planterID) VALUES (282, 1299, 4, 16);
INSERT INTO PlantedIn (flowerbedID, plantID, percentage, planterID) VALUES (79, 476, 4, 151);
INSERT INTO PlantedIn (flowerbedID, plantID, percentage, planterID) VALUES (271, 2805, 4, 105);
INSERT INTO PlantedIn (flowerbedID, plantID, percentage, planterID) VALUES (248, 2480, 4, 139);
INSERT INTO PlantedIn (flowerbedID, plantID, percentage, planterID) VALUES (182, 331, 4, 59);
INSERT INTO PlantedIn (flowerbedID, plantID, percentage, planterID) VALUES (273, 1335, 1, 96);
INSERT INTO PlantedIn (flowerbedID, plantID, percentage, planterID) VALUES (63, 3609, 1, 146);
INSERT INTO PlantedIn (flowerbedID, plantID, percentage, planterID) VALUES (264, 3227, 4, 8);
INSERT INTO PlantedIn (flowerbedID, plantID, percentage, planterID) VALUES (52, 526, 2, 141);
INSERT INTO PlantedIn (flowerbedID, plantID, percentage, planterID) VALUES (78, 2655, 1, 51);
INSERT INTO PlantedIn (flowerbedID, plantID, percentage, planterID) VALUES (163, 2990, 1, 32);
INSERT INTO PlantedIn (flowerbedID, plantID, percentage, planterID) VALUES (257, 2034, 4, 6);
INSERT INTO PlantedIn (flowerbedID, plantID, percentage, planterID) VALUES (261, 2257, 1, 160);
INSERT INTO PlantedIn (flowerbedID, plantID, percentage, planterID) VALUES (155, 2981, 2, 29);
INSERT INTO PlantedIn (flowerbedID, plantID, percentage, planterID) VALUES (182, 813, 4, 39);
INSERT INTO PlantedIn (flowerbedID, plantID, percentage, planterID) VALUES (104, 154, 3, 37);
INSERT INTO PlantedIn (flowerbedID, plantID, percentage, planterID) VALUES (218, 1953, 1, 133);
INSERT INTO PlantedIn (flowerbedID, plantID, percentage, planterID) VALUES (122, 2855, 4, 66);
INSERT INTO PlantedIn (flowerbedID, plantID, percentage, planterID) VALUES (154, 2180, 2, 17);
INSERT INTO PlantedIn (flowerbedID, plantID, percentage, planterID) VALUES (27, 490, 4, 25);
INSERT INTO PlantedIn (flowerbedID, plantID, percentage, planterID) VALUES (213, 259, 1, 7);
INSERT INTO PlantedIn (flowerbedID, plantID, percentage, planterID) VALUES (251, 792, 2, 108);
INSERT INTO PlantedIn (flowerbedID, plantID, percentage, planterID) VALUES (125, 3296, 4, 38);
INSERT INTO PlantedIn (flowerbedID, plantID, percentage, planterID) VALUES (267, 1668, 3, 64);
INSERT INTO PlantedIn (flowerbedID, plantID, percentage, planterID) VALUES (281, 529, 2, 131);
INSERT INTO PlantedIn (flowerbedID, plantID, percentage, planterID) VALUES (262, 528, 2, 50);
INSERT INTO PlantedIn (flowerbedID, plantID, percentage, planterID) VALUES (210, 1497, 4, 131);
INSERT INTO PlantedIn (flowerbedID, plantID, percentage, planterID) VALUES (154, 3468, 1, 130);
INSERT INTO PlantedIn (flowerbedID, plantID, percentage, planterID) VALUES (289, 3061, 4, 78);
INSERT INTO PlantedIn (flowerbedID, plantID, percentage, planterID) VALUES (299, 307, 2, 43);
INSERT INTO PlantedIn (flowerbedID, plantID, percentage, planterID) VALUES (279, 1802, 4, 30);
INSERT INTO PlantedIn (flowerbedID, plantID, percentage, planterID) VALUES (269, 2087, 4, 77);
INSERT INTO PlantedIn (flowerbedID, plantID, percentage, planterID) VALUES (203, 779, 3, 31);
INSERT INTO PlantedIn (flowerbedID, plantID, percentage, planterID) VALUES (102, 1804, 1, 162);
INSERT INTO PlantedIn (flowerbedID, plantID, percentage, planterID) VALUES (256, 2691, 2, 143);
INSERT INTO PlantedIn (flowerbedID, plantID, percentage, planterID) VALUES (178, 2244, 3, 102);
INSERT INTO PlantedIn (flowerbedID, plantID, percentage, planterID) VALUES (112, 168, 2, 62);
INSERT INTO PlantedIn (flowerbedID, plantID, percentage, planterID) VALUES (37, 2339, 1, 135);
INSERT INTO PlantedIn (flowerbedID, plantID, percentage, planterID) VALUES (22, 3688, 4, 152);
INSERT INTO PlantedIn (flowerbedID, plantID, percentage, planterID) VALUES (148, 1246, 1, 139);
INSERT INTO PlantedIn (flowerbedID, plantID, percentage, planterID) VALUES (157, 3788, 4, 125);
INSERT INTO PlantedIn (flowerbedID, plantID, percentage, planterID) VALUES (134, 2554, 2, 155);
INSERT INTO PlantedIn (flowerbedID, plantID, percentage, planterID) VALUES (107, 2816, 4, 115);
INSERT INTO PlantedIn (flowerbedID, plantID, percentage, planterID) VALUES (93, 1003, 3, 88);
INSERT INTO PlantedIn (flowerbedID, plantID, percentage, planterID) VALUES (91, 3351, 2, 9);
INSERT INTO PlantedIn (flowerbedID, plantID, percentage, planterID) VALUES (142, 3211, 3, 83);
INSERT INTO PlantedIn (flowerbedID, plantID, percentage, planterID) VALUES (235, 1389, 2, 89);
INSERT INTO PlantedIn (flowerbedID, plantID, percentage, planterID) VALUES (204, 1218, 1, 78);
INSERT INTO PlantedIn (flowerbedID, plantID, percentage, planterID) VALUES (89, 661, 3, 12);
INSERT INTO PlantedIn (flowerbedID, plantID, percentage, planterID) VALUES (249, 3736, 1, 8);
INSERT INTO PlantedIn (flowerbedID, plantID, percentage, planterID) VALUES (208, 2743, 1, 24);
INSERT INTO PlantedIn (flowerbedID, plantID, percentage, planterID) VALUES (290, 2497, 2, 118);
INSERT INTO PlantedIn (flowerbedID, plantID, percentage, planterID) VALUES (154, 2840, 4, 120);
INSERT INTO PlantedIn (flowerbedID, plantID, percentage, planterID) VALUES (169, 685, 2, 91);
INSERT INTO PlantedIn (flowerbedID, plantID, percentage, planterID) VALUES (161, 151, 1, 109);
INSERT INTO PlantedIn (flowerbedID, plantID, percentage, planterID) VALUES (106, 298, 3, 73);
INSERT INTO PlantedIn (flowerbedID, plantID, percentage, planterID) VALUES (75, 1891, 1, 68);
INSERT INTO PlantedIn (flowerbedID, plantID, percentage, planterID) VALUES (137, 1670, 1, 47);
INSERT INTO PlantedIn (flowerbedID, plantID, percentage, planterID) VALUES (43, 1571, 1, 27);
INSERT INTO PlantedIn (flowerbedID, plantID, percentage, planterID) VALUES (16, 3242, 3, 66);
INSERT INTO PlantedIn (flowerbedID, plantID, percentage, planterID) VALUES (172, 305, 1, 95);
INSERT INTO PlantedIn (flowerbedID, plantID, percentage, planterID) VALUES (77, 297, 4, 84);
INSERT INTO PlantedIn (flowerbedID, plantID, percentage, planterID) VALUES (35, 450, 2, 2);
INSERT INTO PlantedIn (flowerbedID, plantID, percentage, planterID) VALUES (58, 1671, 2, 21);
INSERT INTO PlantedIn (flowerbedID, plantID, percentage, planterID) VALUES (276, 1967, 2, 90);
INSERT INTO PlantedIn (flowerbedID, plantID, percentage, planterID) VALUES (282, 3048, 1, 91);
INSERT INTO PlantedIn (flowerbedID, plantID, percentage, planterID) VALUES (59, 2634, 1, 34);
INSERT INTO PlantedIn (flowerbedID, plantID, percentage, planterID) VALUES (156, 2221, 1, 140);
INSERT INTO PlantedIn (flowerbedID, plantID, percentage, planterID) VALUES (196, 1397, 4, 40);
INSERT INTO PlantedIn (flowerbedID, plantID, percentage, planterID) VALUES (132, 2784, 3, 121);
INSERT INTO PlantedIn (flowerbedID, plantID, percentage, planterID) VALUES (251, 2746, 1, 5);
INSERT INTO PlantedIn (flowerbedID, plantID, percentage, planterID) VALUES (43, 550, 1, 82);
INSERT INTO PlantedIn (flowerbedID, plantID, percentage, planterID) VALUES (195, 3833, 3, 76);
INSERT INTO PlantedIn (flowerbedID, plantID, percentage, planterID) VALUES (234, 3742, 4, 116);
INSERT INTO PlantedIn (flowerbedID, plantID, percentage, planterID) VALUES (195, 3351, 1, 39);
INSERT INTO PlantedIn (flowerbedID, plantID, percentage, planterID) VALUES (132, 132, 1, 46);
INSERT INTO PlantedIn (flowerbedID, plantID, percentage, planterID) VALUES (119, 1915, 4, 1);
INSERT INTO PlantedIn (flowerbedID, plantID, percentage, planterID) VALUES (65, 2721, 1, 67);
INSERT INTO PlantedIn (flowerbedID, plantID, percentage, planterID) VALUES (124, 1590, 3, 15);
INSERT INTO PlantedIn (flowerbedID, plantID, percentage, planterID) VALUES (166, 2137, 1, 107);
INSERT INTO PlantedIn (flowerbedID, plantID, percentage, planterID) VALUES (163, 236, 2, 137);
INSERT INTO PlantedIn (flowerbedID, plantID, percentage, planterID) VALUES (9, 1818, 3, 52);
INSERT INTO PlantedIn (flowerbedID, plantID, percentage, planterID) VALUES (101, 2018, 4, 146);
INSERT INTO PlantedIn (flowerbedID, plantID, percentage, planterID) VALUES (167, 432, 4, 151);
INSERT INTO PlantedIn (flowerbedID, plantID, percentage, planterID) VALUES (182, 3386, 4, 135);
INSERT INTO PlantedIn (flowerbedID, plantID, percentage, planterID) VALUES (174, 667, 4, 151);
INSERT INTO PlantedIn (flowerbedID, plantID, percentage, planterID) VALUES (175, 3698, 1, 95);
INSERT INTO PlantedIn (flowerbedID, plantID, percentage, planterID) VALUES (153, 661, 1, 59);
INSERT INTO PlantedIn (flowerbedID, plantID, percentage, planterID) VALUES (70, 531, 2, 66);
INSERT INTO PlantedIn (flowerbedID, plantID, percentage, planterID) VALUES (182, 2624, 4, 162);
INSERT INTO PlantedIn (flowerbedID, plantID, percentage, planterID) VALUES (61, 3046, 4, 125);
INSERT INTO PlantedIn (flowerbedID, plantID, percentage, planterID) VALUES (270, 2303, 3, 122);
INSERT INTO PlantedIn (flowerbedID, plantID, percentage, planterID) VALUES (142, 1905, 1, 57);
INSERT INTO PlantedIn (flowerbedID, plantID, percentage, planterID) VALUES (199, 790, 1, 8);
INSERT INTO PlantedIn (flowerbedID, plantID, percentage, planterID) VALUES (49, 2305, 3, 67);
INSERT INTO PlantedIn (flowerbedID, plantID, percentage, planterID) VALUES (230, 2808, 4, 125);
INSERT INTO PlantedIn (flowerbedID, plantID, percentage, planterID) VALUES (259, 401, 2, 45);
INSERT INTO PlantedIn (flowerbedID, plantID, percentage, planterID) VALUES (234, 772, 4, 72);
INSERT INTO PlantedIn (flowerbedID, plantID, percentage, planterID) VALUES (296, 538, 4, 128);
INSERT INTO PlantedIn (flowerbedID, plantID, percentage, planterID) VALUES (220, 1730, 1, 68);
INSERT INTO PlantedIn (flowerbedID, plantID, percentage, planterID) VALUES (282, 2798, 3, 45);
INSERT INTO PlantedIn (flowerbedID, plantID, percentage, planterID) VALUES (278, 1175, 1, 147);
INSERT INTO PlantedIn (flowerbedID, plantID, percentage, planterID) VALUES (270, 925, 3, 131);
INSERT INTO PlantedIn (flowerbedID, plantID, percentage, planterID) VALUES (289, 1871, 4, 115);
INSERT INTO PlantedIn (flowerbedID, plantID, percentage, planterID) VALUES (176, 3579, 2, 52);
INSERT INTO PlantedIn (flowerbedID, plantID, percentage, planterID) VALUES (38, 2771, 1, 61);
INSERT INTO PlantedIn (flowerbedID, plantID, percentage, planterID) VALUES (256, 358, 3, 1);
INSERT INTO PlantedIn (flowerbedID, plantID, percentage, planterID) VALUES (162, 1525, 2, 138);
INSERT INTO PlantedIn (flowerbedID, plantID, percentage, planterID) VALUES (36, 217, 1, 15);
INSERT INTO PlantedIn (flowerbedID, plantID, percentage, planterID) VALUES (108, 3631, 2, 24);
INSERT INTO PlantedIn (flowerbedID, plantID, percentage, planterID) VALUES (54, 3458, 1, 160);
INSERT INTO PlantedIn (flowerbedID, plantID, percentage, planterID) VALUES (156, 1062, 3, 58);
INSERT INTO PlantedIn (flowerbedID, plantID, percentage, planterID) VALUES (297, 2664, 4, 131);
INSERT INTO PlantedIn (flowerbedID, plantID, percentage, planterID) VALUES (234, 2930, 2, 76);
INSERT INTO PlantedIn (flowerbedID, plantID, percentage, planterID) VALUES (46, 914, 2, 138);
INSERT INTO PlantedIn (flowerbedID, plantID, percentage, planterID) VALUES (88, 3428, 3, 55);
INSERT INTO PlantedIn (flowerbedID, plantID, percentage, planterID) VALUES (248, 1746, 1, 157);
INSERT INTO PlantedIn (flowerbedID, plantID, percentage, planterID) VALUES (104, 3248, 3, 26);
INSERT INTO PlantedIn (flowerbedID, plantID, percentage, planterID) VALUES (130, 476, 4, 119);
INSERT INTO PlantedIn (flowerbedID, plantID, percentage, planterID) VALUES (119, 107, 2, 103);
INSERT INTO PlantedIn (flowerbedID, plantID, percentage, planterID) VALUES (215, 1375, 2, 41);
INSERT INTO PlantedIn (flowerbedID, plantID, percentage, planterID) VALUES (34, 2610, 2, 141);
INSERT INTO PlantedIn (flowerbedID, plantID, percentage, planterID) VALUES (273, 2401, 1, 93);
INSERT INTO PlantedIn (flowerbedID, plantID, percentage, planterID) VALUES (152, 3296, 2, 148);
INSERT INTO PlantedIn (flowerbedID, plantID, percentage, planterID) VALUES (92, 2973, 3, 59);
INSERT INTO PlantedIn (flowerbedID, plantID, percentage, planterID) VALUES (183, 1887, 1, 65);
INSERT INTO PlantedIn (flowerbedID, plantID, percentage, planterID) VALUES (29, 2295, 4, 69);
INSERT INTO PlantedIn (flowerbedID, plantID, percentage, planterID) VALUES (284, 2453, 1, 54);
INSERT INTO PlantedIn (flowerbedID, plantID, percentage, planterID) VALUES (93, 499, 1, 57);
INSERT INTO PlantedIn (flowerbedID, plantID, percentage, planterID) VALUES (225, 3343, 2, 74);
INSERT INTO PlantedIn (flowerbedID, plantID, percentage, planterID) VALUES (215, 1089, 1, 102);
INSERT INTO PlantedIn (flowerbedID, plantID, percentage, planterID) VALUES (16, 3599, 3, 116);
INSERT INTO PlantedIn (flowerbedID, plantID, percentage, planterID) VALUES (126, 187, 1, 121);
INSERT INTO PlantedIn (flowerbedID, plantID, percentage, planterID) VALUES (35, 2701, 1, 7);
INSERT INTO PlantedIn (flowerbedID, plantID, percentage, planterID) VALUES (88, 1688, 1, 4);
INSERT INTO PlantedIn (flowerbedID, plantID, percentage, planterID) VALUES (22, 1278, 2, 53);
INSERT INTO PlantedIn (flowerbedID, plantID, percentage, planterID) VALUES (138, 2446, 1, 104);
INSERT INTO PlantedIn (flowerbedID, plantID, percentage, planterID) VALUES (149, 107, 1, 81);
INSERT INTO PlantedIn (flowerbedID, plantID, percentage, planterID) VALUES (93, 231, 2, 41);
INSERT INTO PlantedIn (flowerbedID, plantID, percentage, planterID) VALUES (297, 3515, 2, 4);
INSERT INTO PlantedIn (flowerbedID, plantID, percentage, planterID) VALUES (287, 2795, 1, 76);
INSERT INTO PlantedIn (flowerbedID, plantID, percentage, planterID) VALUES (127, 1853, 3, 49);
INSERT INTO PlantedIn (flowerbedID, plantID, percentage, planterID) VALUES (190, 1006, 1, 64);
INSERT INTO PlantedIn (flowerbedID, plantID, percentage, planterID) VALUES (267, 3751, 2, 53);
INSERT INTO PlantedIn (flowerbedID, plantID, percentage, planterID) VALUES (299, 2982, 2, 105);
INSERT INTO PlantedIn (flowerbedID, plantID, percentage, planterID) VALUES (249, 3254, 4, 115);
INSERT INTO PlantedIn (flowerbedID, plantID, percentage, planterID) VALUES (225, 2656, 3, 40);
INSERT INTO PlantedIn (flowerbedID, plantID, percentage, planterID) VALUES (123, 2600, 4, 135);
INSERT INTO PlantedIn (flowerbedID, plantID, percentage, planterID) VALUES (46, 252, 1, 94);
INSERT INTO PlantedIn (flowerbedID, plantID, percentage, planterID) VALUES (111, 1941, 1, 10);
INSERT INTO PlantedIn (flowerbedID, plantID, percentage, planterID) VALUES (228, 1637, 3, 17);
INSERT INTO PlantedIn (flowerbedID, plantID, percentage, planterID) VALUES (118, 1557, 2, 8);
INSERT INTO PlantedIn (flowerbedID, plantID, percentage, planterID) VALUES (53, 2514, 1, 121);
INSERT INTO PlantedIn (flowerbedID, plantID, percentage, planterID) VALUES (148, 1414, 1, 143);
INSERT INTO PlantedIn (flowerbedID, plantID, percentage, planterID) VALUES (220, 2838, 4, 51);
INSERT INTO PlantedIn (flowerbedID, plantID, percentage, planterID) VALUES (103, 30, 1, 30);
INSERT INTO PlantedIn (flowerbedID, plantID, percentage, planterID) VALUES (129, 1051, 4, 131);
INSERT INTO PlantedIn (flowerbedID, plantID, percentage, planterID) VALUES (202, 3112, 4, 38);
INSERT INTO PlantedIn (flowerbedID, plantID, percentage, planterID) VALUES (137, 3538, 4, 147);
INSERT INTO PlantedIn (flowerbedID, plantID, percentage, planterID) VALUES (222, 553, 2, 137);
INSERT INTO PlantedIn (flowerbedID, plantID, percentage, planterID) VALUES (263, 351, 3, 62);
INSERT INTO PlantedIn (flowerbedID, plantID, percentage, planterID) VALUES (279, 1204, 2, 146);
INSERT INTO PlantedIn (flowerbedID, plantID, percentage, planterID) VALUES (96, 70, 3, 66);
INSERT INTO PlantedIn (flowerbedID, plantID, percentage, planterID) VALUES (87, 537, 4, 99);
INSERT INTO PlantedIn (flowerbedID, plantID, percentage, planterID) VALUES (283, 3058, 2, 140);
INSERT INTO PlantedIn (flowerbedID, plantID, percentage, planterID) VALUES (212, 2579, 4, 60);
INSERT INTO PlantedIn (flowerbedID, plantID, percentage, planterID) VALUES (105, 2077, 1, 56);
INSERT INTO PlantedIn (flowerbedID, plantID, percentage, planterID) VALUES (204, 452, 3, 98);
INSERT INTO PlantedIn (flowerbedID, plantID, percentage, planterID) VALUES (63, 3572, 1, 41);
INSERT INTO PlantedIn (flowerbedID, plantID, percentage, planterID) VALUES (71, 305, 3, 72);
INSERT INTO PlantedIn (flowerbedID, plantID, percentage, planterID) VALUES (29, 3062, 2, 53);
INSERT INTO PlantedIn (flowerbedID, plantID, percentage, planterID) VALUES (279, 3398, 4, 61);
INSERT INTO PlantedIn (flowerbedID, plantID, percentage, planterID) VALUES (201, 634, 2, 48);
INSERT INTO PlantedIn (flowerbedID, plantID, percentage, planterID) VALUES (249, 2396, 1, 63);
INSERT INTO PlantedIn (flowerbedID, plantID, percentage, planterID) VALUES (47, 2644, 4, 47);
INSERT INTO PlantedIn (flowerbedID, plantID, percentage, planterID) VALUES (240, 3232, 1, 68);
INSERT INTO PlantedIn (flowerbedID, plantID, percentage, planterID) VALUES (228, 2430, 4, 26);
INSERT INTO PlantedIn (flowerbedID, plantID, percentage, planterID) VALUES (212, 2169, 4, 95);
INSERT INTO PlantedIn (flowerbedID, plantID, percentage, planterID) VALUES (220, 2095, 2, 28);
INSERT INTO PlantedIn (flowerbedID, plantID, percentage, planterID) VALUES (212, 1671, 3, 135);
INSERT INTO PlantedIn (flowerbedID, plantID, percentage, planterID) VALUES (16, 553, 1, 124);
INSERT INTO PlantedIn (flowerbedID, plantID, percentage, planterID) VALUES (248, 3819, 3, 8);
INSERT INTO PlantedIn (flowerbedID, plantID, percentage, planterID) VALUES (247, 1705, 3, 110);
INSERT INTO PlantedIn (flowerbedID, plantID, percentage, planterID) VALUES (21, 3031, 4, 100);
INSERT INTO PlantedIn (flowerbedID, plantID, percentage, planterID) VALUES (104, 499, 3, 100);
INSERT INTO PlantedIn (flowerbedID, plantID, percentage, planterID) VALUES (94, 546, 1, 21);
INSERT INTO PlantedIn (flowerbedID, plantID, percentage, planterID) VALUES (172, 3475, 3, 96);
INSERT INTO PlantedIn (flowerbedID, plantID, percentage, planterID) VALUES (13, 1060, 4, 144);
INSERT INTO PlantedIn (flowerbedID, plantID, percentage, planterID) VALUES (79, 3405, 1, 86);
INSERT INTO PlantedIn (flowerbedID, plantID, percentage, planterID) VALUES (97, 516, 2, 116);
INSERT INTO PlantedIn (flowerbedID, plantID, percentage, planterID) VALUES (275, 965, 2, 29);
INSERT INTO PlantedIn (flowerbedID, plantID, percentage, planterID) VALUES (157, 3647, 4, 14);
INSERT INTO PlantedIn (flowerbedID, plantID, percentage, planterID) VALUES (26, 764, 3, 148);
INSERT INTO PlantedIn (flowerbedID, plantID, percentage, planterID) VALUES (29, 1596, 1, 49);
INSERT INTO PlantedIn (flowerbedID, plantID, percentage, planterID) VALUES (206, 456, 4, 2);
INSERT INTO PlantedIn (flowerbedID, plantID, percentage, planterID) VALUES (299, 1950, 2, 7);
INSERT INTO PlantedIn (flowerbedID, plantID, percentage, planterID) VALUES (191, 2728, 3, 123);
INSERT INTO PlantedIn (flowerbedID, plantID, percentage, planterID) VALUES (286, 3404, 2, 141);
INSERT INTO PlantedIn (flowerbedID, plantID, percentage, planterID) VALUES (189, 3010, 1, 120);
INSERT INTO PlantedIn (flowerbedID, plantID, percentage, planterID) VALUES (291, 3263, 1, 80);
INSERT INTO PlantedIn (flowerbedID, plantID, percentage, planterID) VALUES (77, 2892, 4, 36);
INSERT INTO PlantedIn (flowerbedID, plantID, percentage, planterID) VALUES (259, 830, 4, 154);
INSERT INTO PlantedIn (flowerbedID, plantID, percentage, planterID) VALUES (216, 3589, 2, 32);
INSERT INTO PlantedIn (flowerbedID, plantID, percentage, planterID) VALUES (190, 3471, 3, 157);
INSERT INTO PlantedIn (flowerbedID, plantID, percentage, planterID) VALUES (233, 2821, 2, 159);
INSERT INTO PlantedIn (flowerbedID, plantID, percentage, planterID) VALUES (153, 2393, 1, 97);
INSERT INTO PlantedIn (flowerbedID, plantID, percentage, planterID) VALUES (118, 2124, 2, 7);
INSERT INTO PlantedIn (flowerbedID, plantID, percentage, planterID) VALUES (118, 1941, 3, 75);
INSERT INTO PlantedIn (flowerbedID, plantID, percentage, planterID) VALUES (75, 2475, 1, 103);
INSERT INTO PlantedIn (flowerbedID, plantID, percentage, planterID) VALUES (125, 645, 1, 161);
INSERT INTO PlantedIn (flowerbedID, plantID, percentage, planterID) VALUES (20, 3258, 4, 111);
INSERT INTO PlantedIn (flowerbedID, plantID, percentage, planterID) VALUES (172, 2176, 1, 44);
INSERT INTO PlantedIn (flowerbedID, plantID, percentage, planterID) VALUES (55, 3144, 3, 54);
INSERT INTO PlantedIn (flowerbedID, plantID, percentage, planterID) VALUES (109, 1349, 4, 162);
INSERT INTO PlantedIn (flowerbedID, plantID, percentage, planterID) VALUES (255, 1441, 1, 71);
INSERT INTO PlantedIn (flowerbedID, plantID, percentage, planterID) VALUES (4, 8, 4, 38);
INSERT INTO PlantedIn (flowerbedID, plantID, percentage, planterID) VALUES (147, 770, 4, 76);
INSERT INTO PlantedIn (flowerbedID, plantID, percentage, planterID) VALUES (65, 2307, 4, 48);
INSERT INTO PlantedIn (flowerbedID, plantID, percentage, planterID) VALUES (48, 2033, 2, 150);
INSERT INTO PlantedIn (flowerbedID, plantID, percentage, planterID) VALUES (102, 696, 3, 158);
INSERT INTO PlantedIn (flowerbedID, plantID, percentage, planterID) VALUES (159, 3309, 2, 79);
INSERT INTO PlantedIn (flowerbedID, plantID, percentage, planterID) VALUES (69, 3346, 1, 83);
INSERT INTO PlantedIn (flowerbedID, plantID, percentage, planterID) VALUES (260, 2704, 2, 19);
INSERT INTO PlantedIn (flowerbedID, plantID, percentage, planterID) VALUES (269, 2129, 2, 46);
INSERT INTO PlantedIn (flowerbedID, plantID, percentage, planterID) VALUES (276, 854, 1, 120);
INSERT INTO PlantedIn (flowerbedID, plantID, percentage, planterID) VALUES (245, 3746, 4, 160);
INSERT INTO PlantedIn (flowerbedID, plantID, percentage, planterID) VALUES (149, 3069, 4, 55);
INSERT INTO PlantedIn (flowerbedID, plantID, percentage, planterID) VALUES (292, 910, 3, 93);
INSERT INTO PlantedIn (flowerbedID, plantID, percentage, planterID) VALUES (28, 3844, 2, 152);
INSERT INTO PlantedIn (flowerbedID, plantID, percentage, planterID) VALUES (258, 1410, 3, 97);
INSERT INTO PlantedIn (flowerbedID, plantID, percentage, planterID) VALUES (20, 2596, 4, 15);
INSERT INTO PlantedIn (flowerbedID, plantID, percentage, planterID) VALUES (67, 1350, 1, 40);
INSERT INTO PlantedIn (flowerbedID, plantID, percentage, planterID) VALUES (171, 3567, 2, 49);
INSERT INTO PlantedIn (flowerbedID, plantID, percentage, planterID) VALUES (267, 808, 2, 63);
INSERT INTO PlantedIn (flowerbedID, plantID, percentage, planterID) VALUES (1, 2643, 4, 39);
INSERT INTO PlantedIn (flowerbedID, plantID, percentage, planterID) VALUES (275, 2927, 1, 83);
INSERT INTO PlantedIn (flowerbedID, plantID, percentage, planterID) VALUES (225, 1403, 3, 57);
INSERT INTO PlantedIn (flowerbedID, plantID, percentage, planterID) VALUES (218, 3452, 4, 59);
INSERT INTO PlantedIn (flowerbedID, plantID, percentage, planterID) VALUES (169, 1640, 4, 130);
INSERT INTO PlantedIn (flowerbedID, plantID, percentage, planterID) VALUES (232, 3795, 2, 161);
INSERT INTO PlantedIn (flowerbedID, plantID, percentage, planterID) VALUES (271, 833, 4, 126);
INSERT INTO PlantedIn (flowerbedID, plantID, percentage, planterID) VALUES (127, 371, 2, 32);
INSERT INTO PlantedIn (flowerbedID, plantID, percentage, planterID) VALUES (234, 1564, 3, 70);
INSERT INTO PlantedIn (flowerbedID, plantID, percentage, planterID) VALUES (49, 3415, 4, 123);
INSERT INTO PlantedIn (flowerbedID, plantID, percentage, planterID) VALUES (74, 157, 4, 91);
INSERT INTO PlantedIn (flowerbedID, plantID, percentage, planterID) VALUES (280, 3341, 2, 132);
INSERT INTO PlantedIn (flowerbedID, plantID, percentage, planterID) VALUES (87, 2009, 1, 50);
INSERT INTO PlantedIn (flowerbedID, plantID, percentage, planterID) VALUES (150, 839, 2, 70);
INSERT INTO PlantedIn (flowerbedID, plantID, percentage, planterID) VALUES (130, 525, 4, 35);
INSERT INTO PlantedIn (flowerbedID, plantID, percentage, planterID) VALUES (70, 1492, 1, 49);
INSERT INTO PlantedIn (flowerbedID, plantID, percentage, planterID) VALUES (237, 2658, 4, 123);
INSERT INTO PlantedIn (flowerbedID, plantID, percentage, planterID) VALUES (171, 1621, 4, 149);
INSERT INTO PlantedIn (flowerbedID, plantID, percentage, planterID) VALUES (138, 1512, 2, 137);
INSERT INTO PlantedIn (flowerbedID, plantID, percentage, planterID) VALUES (77, 2149, 3, 154);
INSERT INTO PlantedIn (flowerbedID, plantID, percentage, planterID) VALUES (23, 682, 3, 105);
INSERT INTO PlantedIn (flowerbedID, plantID, percentage, planterID) VALUES (44, 718, 2, 118);
INSERT INTO PlantedIn (flowerbedID, plantID, percentage, planterID) VALUES (171, 3737, 2, 67);
INSERT INTO PlantedIn (flowerbedID, plantID, percentage, planterID) VALUES (196, 383, 1, 55);
INSERT INTO PlantedIn (flowerbedID, plantID, percentage, planterID) VALUES (155, 697, 4, 8);
INSERT INTO PlantedIn (flowerbedID, plantID, percentage, planterID) VALUES (171, 3220, 4, 64);
INSERT INTO PlantedIn (flowerbedID, plantID, percentage, planterID) VALUES (117, 1017, 2, 64);
INSERT INTO PlantedIn (flowerbedID, plantID, percentage, planterID) VALUES (132, 3776, 4, 8);
INSERT INTO PlantedIn (flowerbedID, plantID, percentage, planterID) VALUES (296, 96, 1, 114);
INSERT INTO PlantedIn (flowerbedID, plantID, percentage, planterID) VALUES (63, 1320, 4, 89);
INSERT INTO PlantedIn (flowerbedID, plantID, percentage, planterID) VALUES (93, 3482, 4, 25);
INSERT INTO PlantedIn (flowerbedID, plantID, percentage, planterID) VALUES (191, 888, 1, 86);
INSERT INTO PlantedIn (flowerbedID, plantID, percentage, planterID) VALUES (19, 3354, 2, 7);
INSERT INTO PlantedIn (flowerbedID, plantID, percentage, planterID) VALUES (40, 1577, 3, 158);
INSERT INTO PlantedIn (flowerbedID, plantID, percentage, planterID) VALUES (115, 3704, 2, 70);
INSERT INTO PlantedIn (flowerbedID, plantID, percentage, planterID) VALUES (294, 236, 1, 87);
INSERT INTO PlantedIn (flowerbedID, plantID, percentage, planterID) VALUES (275, 460, 4, 116);
INSERT INTO PlantedIn (flowerbedID, plantID, percentage, planterID) VALUES (173, 3326, 1, 75);
INSERT INTO PlantedIn (flowerbedID, plantID, percentage, planterID) VALUES (27, 3602, 1, 74);
INSERT INTO PlantedIn (flowerbedID, plantID, percentage, planterID) VALUES (240, 1785, 4, 105);
INSERT INTO PlantedIn (flowerbedID, plantID, percentage, planterID) VALUES (260, 2015, 2, 86);
INSERT INTO PlantedIn (flowerbedID, plantID, percentage, planterID) VALUES (144, 3487, 2, 108);
INSERT INTO PlantedIn (flowerbedID, plantID, percentage, planterID) VALUES (288, 510, 2, 113);
INSERT INTO PlantedIn (flowerbedID, plantID, percentage, planterID) VALUES (45, 2438, 1, 14);
INSERT INTO PlantedIn (flowerbedID, plantID, percentage, planterID) VALUES (183, 1627, 3, 94);
INSERT INTO PlantedIn (flowerbedID, plantID, percentage, planterID) VALUES (106, 3738, 1, 147);
INSERT INTO PlantedIn (flowerbedID, plantID, percentage, planterID) VALUES (129, 1766, 2, 15);
INSERT INTO PlantedIn (flowerbedID, plantID, percentage, planterID) VALUES (293, 2249, 2, 96);
INSERT INTO PlantedIn (flowerbedID, plantID, percentage, planterID) VALUES (145, 690, 2, 159);
INSERT INTO PlantedIn (flowerbedID, plantID, percentage, planterID) VALUES (93, 2223, 2, 140);
INSERT INTO PlantedIn (flowerbedID, plantID, percentage, planterID) VALUES (62, 3435, 4, 91);
INSERT INTO PlantedIn (flowerbedID, plantID, percentage, planterID) VALUES (191, 1980, 1, 49);
INSERT INTO PlantedIn (flowerbedID, plantID, percentage, planterID) VALUES (237, 3086, 1, 76);
INSERT INTO PlantedIn (flowerbedID, plantID, percentage, planterID) VALUES (77, 2012, 1, 90);
INSERT INTO PlantedIn (flowerbedID, plantID, percentage, planterID) VALUES (31, 272, 3, 119);
INSERT INTO PlantedIn (flowerbedID, plantID, percentage, planterID) VALUES (75, 2357, 3, 6);
INSERT INTO PlantedIn (flowerbedID, plantID, percentage, planterID) VALUES (56, 3267, 2, 4);
INSERT INTO PlantedIn (flowerbedID, plantID, percentage, planterID) VALUES (220, 2108, 2, 60);
INSERT INTO PlantedIn (flowerbedID, plantID, percentage, planterID) VALUES (18, 2429, 4, 107);
INSERT INTO PlantedIn (flowerbedID, plantID, percentage, planterID) VALUES (136, 2180, 1, 48);
INSERT INTO PlantedIn (flowerbedID, plantID, percentage, planterID) VALUES (109, 2762, 3, 80);
INSERT INTO PlantedIn (flowerbedID, plantID, percentage, planterID) VALUES (71, 3792, 2, 147);
INSERT INTO PlantedIn (flowerbedID, plantID, percentage, planterID) VALUES (16, 2090, 2, 159);
INSERT INTO PlantedIn (flowerbedID, plantID, percentage, planterID) VALUES (45, 3694, 2, 148);
INSERT INTO PlantedIn (flowerbedID, plantID, percentage, planterID) VALUES (240, 3391, 3, 125);
INSERT INTO PlantedIn (flowerbedID, plantID, percentage, planterID) VALUES (127, 280, 2, 156);
INSERT INTO PlantedIn (flowerbedID, plantID, percentage, planterID) VALUES (210, 2024, 1, 81);
INSERT INTO PlantedIn (flowerbedID, plantID, percentage, planterID) VALUES (27, 2887, 2, 69);
INSERT INTO PlantedIn (flowerbedID, plantID, percentage, planterID) VALUES (138, 3324, 3, 12);
INSERT INTO PlantedIn (flowerbedID, plantID, percentage, planterID) VALUES (252, 3547, 4, 6);
INSERT INTO PlantedIn (flowerbedID, plantID, percentage, planterID) VALUES (138, 3693, 3, 34);
INSERT INTO PlantedIn (flowerbedID, plantID, percentage, planterID) VALUES (278, 2590, 2, 43);
INSERT INTO PlantedIn (flowerbedID, plantID, percentage, planterID) VALUES (222, 588, 2, 143);
INSERT INTO PlantedIn (flowerbedID, plantID, percentage, planterID) VALUES (202, 1165, 4, 103);
INSERT INTO PlantedIn (flowerbedID, plantID, percentage, planterID) VALUES (15, 3838, 3, 37);
INSERT INTO PlantedIn (flowerbedID, plantID, percentage, planterID) VALUES (255, 1082, 3, 36);
INSERT INTO PlantedIn (flowerbedID, plantID, percentage, planterID) VALUES (60, 919, 3, 101);
INSERT INTO PlantedIn (flowerbedID, plantID, percentage, planterID) VALUES (58, 3006, 1, 46);
INSERT INTO PlantedIn (flowerbedID, plantID, percentage, planterID) VALUES (248, 807, 4, 141);
INSERT INTO PlantedIn (flowerbedID, plantID, percentage, planterID) VALUES (263, 241, 3, 19);
INSERT INTO PlantedIn (flowerbedID, plantID, percentage, planterID) VALUES (65, 3626, 4, 12);
INSERT INTO PlantedIn (flowerbedID, plantID, percentage, planterID) VALUES (72, 2553, 2, 113);
INSERT INTO PlantedIn (flowerbedID, plantID, percentage, planterID) VALUES (196, 3345, 3, 138);
INSERT INTO PlantedIn (flowerbedID, plantID, percentage, planterID) VALUES (44, 7, 2, 35);
INSERT INTO PlantedIn (flowerbedID, plantID, percentage, planterID) VALUES (169, 1018, 2, 93);
INSERT INTO PlantedIn (flowerbedID, plantID, percentage, planterID) VALUES (142, 1364, 2, 26);
INSERT INTO PlantedIn (flowerbedID, plantID, percentage, planterID) VALUES (58, 138, 2, 90);
INSERT INTO PlantedIn (flowerbedID, plantID, percentage, planterID) VALUES (209, 662, 2, 124);
INSERT INTO PlantedIn (flowerbedID, plantID, percentage, planterID) VALUES (11, 1996, 1, 148);
INSERT INTO PlantedIn (flowerbedID, plantID, percentage, planterID) VALUES (155, 216, 4, 91);
INSERT INTO PlantedIn (flowerbedID, plantID, percentage, planterID) VALUES (236, 2811, 2, 137);
INSERT INTO PlantedIn (flowerbedID, plantID, percentage, planterID) VALUES (24, 3648, 2, 105);
INSERT INTO PlantedIn (flowerbedID, plantID, percentage, planterID) VALUES (60, 2243, 2, 22);
INSERT INTO PlantedIn (flowerbedID, plantID, percentage, planterID) VALUES (185, 2486, 2, 142);
INSERT INTO PlantedIn (flowerbedID, plantID, percentage, planterID) VALUES (244, 2101, 4, 114);
INSERT INTO PlantedIn (flowerbedID, plantID, percentage, planterID) VALUES (18, 2000, 3, 6);
INSERT INTO PlantedIn (flowerbedID, plantID, percentage, planterID) VALUES (172, 2154, 2, 58);
INSERT INTO PlantedIn (flowerbedID, plantID, percentage, planterID) VALUES (76, 2376, 2, 22);
INSERT INTO PlantedIn (flowerbedID, plantID, percentage, planterID) VALUES (167, 2836, 4, 143);
INSERT INTO PlantedIn (flowerbedID, plantID, percentage, planterID) VALUES (94, 3681, 4, 26);
INSERT INTO PlantedIn (flowerbedID, plantID, percentage, planterID) VALUES (179, 3759, 2, 42);
INSERT INTO PlantedIn (flowerbedID, plantID, percentage, planterID) VALUES (155, 3492, 3, 45);
INSERT INTO PlantedIn (flowerbedID, plantID, percentage, planterID) VALUES (126, 1134, 4, 27);
INSERT INTO PlantedIn (flowerbedID, plantID, percentage, planterID) VALUES (255, 1890, 4, 71);
INSERT INTO PlantedIn (flowerbedID, plantID, percentage, planterID) VALUES (5, 879, 2, 138);
INSERT INTO PlantedIn (flowerbedID, plantID, percentage, planterID) VALUES (252, 3567, 2, 104);
INSERT INTO PlantedIn (flowerbedID, plantID, percentage, planterID) VALUES (197, 1655, 4, 28);
INSERT INTO PlantedIn (flowerbedID, plantID, percentage, planterID) VALUES (114, 1181, 4, 155);
INSERT INTO PlantedIn (flowerbedID, plantID, percentage, planterID) VALUES (84, 548, 4, 67);
INSERT INTO PlantedIn (flowerbedID, plantID, percentage, planterID) VALUES (14, 2497, 2, 64);
INSERT INTO PlantedIn (flowerbedID, plantID, percentage, planterID) VALUES (281, 2021, 4, 80);
INSERT INTO PlantedIn (flowerbedID, plantID, percentage, planterID) VALUES (4, 3358, 1, 124);
INSERT INTO PlantedIn (flowerbedID, plantID, percentage, planterID) VALUES (29, 2003, 4, 51);
INSERT INTO PlantedIn (flowerbedID, plantID, percentage, planterID) VALUES (132, 3453, 1, 59);
INSERT INTO PlantedIn (flowerbedID, plantID, percentage, planterID) VALUES (97, 1913, 3, 12);
INSERT INTO PlantedIn (flowerbedID, plantID, percentage, planterID) VALUES (240, 3740, 1, 117);
INSERT INTO PlantedIn (flowerbedID, plantID, percentage, planterID) VALUES (213, 933, 3, 107);
INSERT INTO PlantedIn (flowerbedID, plantID, percentage, planterID) VALUES (229, 312, 4, 76);
INSERT INTO PlantedIn (flowerbedID, plantID, percentage, planterID) VALUES (284, 613, 1, 138);
INSERT INTO PlantedIn (flowerbedID, plantID, percentage, planterID) VALUES (296, 1239, 2, 37);
INSERT INTO PlantedIn (flowerbedID, plantID, percentage, planterID) VALUES (244, 1092, 3, 3);
INSERT INTO PlantedIn (flowerbedID, plantID, percentage, planterID) VALUES (75, 2667, 2, 120);
INSERT INTO PlantedIn (flowerbedID, plantID, percentage, planterID) VALUES (226, 2187, 2, 89);
INSERT INTO PlantedIn (flowerbedID, plantID, percentage, planterID) VALUES (242, 518, 3, 20);
INSERT INTO PlantedIn (flowerbedID, plantID, percentage, planterID) VALUES (65, 2123, 1, 60);
INSERT INTO PlantedIn (flowerbedID, plantID, percentage, planterID) VALUES (212, 575, 2, 36);
INSERT INTO PlantedIn (flowerbedID, plantID, percentage, planterID) VALUES (73, 741, 1, 87);
INSERT INTO PlantedIn (flowerbedID, plantID, percentage, planterID) VALUES (154, 2773, 2, 94);
INSERT INTO PlantedIn (flowerbedID, plantID, percentage, planterID) VALUES (74, 2460, 4, 105);
INSERT INTO PlantedIn (flowerbedID, plantID, percentage, planterID) VALUES (61, 472, 1, 80);
INSERT INTO PlantedIn (flowerbedID, plantID, percentage, planterID) VALUES (77, 2208, 2, 100);
INSERT INTO PlantedIn (flowerbedID, plantID, percentage, planterID) VALUES (37, 3583, 4, 110);
INSERT INTO PlantedIn (flowerbedID, plantID, percentage, planterID) VALUES (23, 3257, 2, 37);
INSERT INTO PlantedIn (flowerbedID, plantID, percentage, planterID) VALUES (11, 2764, 3, 95);
INSERT INTO PlantedIn (flowerbedID, plantID, percentage, planterID) VALUES (130, 365, 2, 151);
INSERT INTO PlantedIn (flowerbedID, plantID, percentage, planterID) VALUES (195, 3155, 4, 118);
INSERT INTO PlantedIn (flowerbedID, plantID, percentage, planterID) VALUES (136, 1121, 3, 154);
INSERT INTO PlantedIn (flowerbedID, plantID, percentage, planterID) VALUES (124, 1357, 3, 115);
INSERT INTO PlantedIn (flowerbedID, plantID, percentage, planterID) VALUES (276, 941, 1, 24);
INSERT INTO PlantedIn (flowerbedID, plantID, percentage, planterID) VALUES (51, 2984, 1, 150);
INSERT INTO PlantedIn (flowerbedID, plantID, percentage, planterID) VALUES (184, 324, 3, 98);
INSERT INTO PlantedIn (flowerbedID, plantID, percentage, planterID) VALUES (239, 455, 1, 34);
INSERT INTO PlantedIn (flowerbedID, plantID, percentage, planterID) VALUES (64, 265, 4, 115);
INSERT INTO PlantedIn (flowerbedID, plantID, percentage, planterID) VALUES (265, 1331, 2, 130);
INSERT INTO PlantedIn (flowerbedID, plantID, percentage, planterID) VALUES (298, 2530, 4, 123);
INSERT INTO PlantedIn (flowerbedID, plantID, percentage, planterID) VALUES (187, 3216, 1, 54);
INSERT INTO PlantedIn (flowerbedID, plantID, percentage, planterID) VALUES (274, 3399, 3, 153);
INSERT INTO PlantedIn (flowerbedID, plantID, percentage, planterID) VALUES (46, 2351, 1, 12);
INSERT INTO PlantedIn (flowerbedID, plantID, percentage, planterID) VALUES (285, 3182, 3, 65);
INSERT INTO PlantedIn (flowerbedID, plantID, percentage, planterID) VALUES (140, 1407, 2, 109);
INSERT INTO PlantedIn (flowerbedID, plantID, percentage, planterID) VALUES (6, 1343, 4, 66);
INSERT INTO PlantedIn (flowerbedID, plantID, percentage, planterID) VALUES (53, 1149, 1, 11);
INSERT INTO PlantedIn (flowerbedID, plantID, percentage, planterID) VALUES (53, 3676, 1, 139);
INSERT INTO PlantedIn (flowerbedID, plantID, percentage, planterID) VALUES (11, 2898, 1, 66);
INSERT INTO PlantedIn (flowerbedID, plantID, percentage, planterID) VALUES (107, 1744, 2, 39);
INSERT INTO PlantedIn (flowerbedID, plantID, percentage, planterID) VALUES (82, 2296, 3, 155);
INSERT INTO PlantedIn (flowerbedID, plantID, percentage, planterID) VALUES (287, 2049, 4, 36);
INSERT INTO PlantedIn (flowerbedID, plantID, percentage, planterID) VALUES (263, 2273, 1, 154);
INSERT INTO PlantedIn (flowerbedID, plantID, percentage, planterID) VALUES (279, 3383, 1, 156);
INSERT INTO PlantedIn (flowerbedID, plantID, percentage, planterID) VALUES (52, 3728, 2, 34);
INSERT INTO PlantedIn (flowerbedID, plantID, percentage, planterID) VALUES (274, 3865, 4, 90);
INSERT INTO PlantedIn (flowerbedID, plantID, percentage, planterID) VALUES (225, 3493, 1, 24);
INSERT INTO PlantedIn (flowerbedID, plantID, percentage, planterID) VALUES (107, 1377, 3, 72);
INSERT INTO PlantedIn (flowerbedID, plantID, percentage, planterID) VALUES (285, 1215, 4, 64);
INSERT INTO PlantedIn (flowerbedID, plantID, percentage, planterID) VALUES (253, 2231, 3, 153);
INSERT INTO PlantedIn (flowerbedID, plantID, percentage, planterID) VALUES (50, 2997, 1, 138);
INSERT INTO PlantedIn (flowerbedID, plantID, percentage, planterID) VALUES (195, 2708, 4, 35);
INSERT INTO PlantedIn (flowerbedID, plantID, percentage, planterID) VALUES (199, 1533, 3, 30);
INSERT INTO PlantedIn (flowerbedID, plantID, percentage, planterID) VALUES (119, 2682, 1, 92);
INSERT INTO PlantedIn (flowerbedID, plantID, percentage, planterID) VALUES (179, 2571, 4, 44);
INSERT INTO PlantedIn (flowerbedID, plantID, percentage, planterID) VALUES (7, 2592, 4, 100);
INSERT INTO PlantedIn (flowerbedID, plantID, percentage, planterID) VALUES (295, 3682, 4, 152);
INSERT INTO PlantedIn (flowerbedID, plantID, percentage, planterID) VALUES (159, 2949, 3, 95);
INSERT INTO PlantedIn (flowerbedID, plantID, percentage, planterID) VALUES (161, 1354, 1, 136);
INSERT INTO PlantedIn (flowerbedID, plantID, percentage, planterID) VALUES (16, 3831, 3, 3);
INSERT INTO PlantedIn (flowerbedID, plantID, percentage, planterID) VALUES (116, 710, 4, 51);
INSERT INTO PlantedIn (flowerbedID, plantID, percentage, planterID) VALUES (263, 3194, 2, 160);
INSERT INTO PlantedIn (flowerbedID, plantID, percentage, planterID) VALUES (147, 708, 3, 74);
INSERT INTO PlantedIn (flowerbedID, plantID, percentage, planterID) VALUES (256, 34, 4, 84);
INSERT INTO PlantedIn (flowerbedID, plantID, percentage, planterID) VALUES (288, 1402, 2, 115);
INSERT INTO PlantedIn (flowerbedID, plantID, percentage, planterID) VALUES (38, 844, 3, 32);
INSERT INTO PlantedIn (flowerbedID, plantID, percentage, planterID) VALUES (170, 3771, 3, 147);
INSERT INTO PlantedIn (flowerbedID, plantID, percentage, planterID) VALUES (290, 3342, 2, 58);
INSERT INTO PlantedIn (flowerbedID, plantID, percentage, planterID) VALUES (15, 2438, 4, 24);
INSERT INTO PlantedIn (flowerbedID, plantID, percentage, planterID) VALUES (137, 264, 4, 69);
INSERT INTO PlantedIn (flowerbedID, plantID, percentage, planterID) VALUES (76, 3201, 1, 80);
INSERT INTO PlantedIn (flowerbedID, plantID, percentage, planterID) VALUES (92, 2359, 2, 50);
INSERT INTO PlantedIn (flowerbedID, plantID, percentage, planterID) VALUES (248, 1833, 2, 17);
INSERT INTO PlantedIn (flowerbedID, plantID, percentage, planterID) VALUES (135, 3667, 2, 3);
INSERT INTO PlantedIn (flowerbedID, plantID, percentage, planterID) VALUES (244, 1353, 4, 133);
INSERT INTO PlantedIn (flowerbedID, plantID, percentage, planterID) VALUES (294, 3512, 2, 136);
INSERT INTO PlantedIn (flowerbedID, plantID, percentage, planterID) VALUES (293, 725, 1, 67);
INSERT INTO PlantedIn (flowerbedID, plantID, percentage, planterID) VALUES (5, 3269, 4, 58);
INSERT INTO PlantedIn (flowerbedID, plantID, percentage, planterID) VALUES (237, 1068, 1, 112);
INSERT INTO PlantedIn (flowerbedID, plantID, percentage, planterID) VALUES (266, 3630, 3, 91);
INSERT INTO PlantedIn (flowerbedID, plantID, percentage, planterID) VALUES (124, 2411, 4, 20);
INSERT INTO PlantedIn (flowerbedID, plantID, percentage, planterID) VALUES (172, 491, 2, 48);
INSERT INTO PlantedIn (flowerbedID, plantID, percentage, planterID) VALUES (143, 190, 2, 43);
INSERT INTO PlantedIn (flowerbedID, plantID, percentage, planterID) VALUES (287, 128, 4, 154);
INSERT INTO PlantedIn (flowerbedID, plantID, percentage, planterID) VALUES (66, 1085, 1, 28);
INSERT INTO PlantedIn (flowerbedID, plantID, percentage, planterID) VALUES (38, 1917, 4, 16);
INSERT INTO PlantedIn (flowerbedID, plantID, percentage, planterID) VALUES (231, 2854, 3, 2);
INSERT INTO PlantedIn (flowerbedID, plantID, percentage, planterID) VALUES (203, 2085, 1, 65);
INSERT INTO PlantedIn (flowerbedID, plantID, percentage, planterID) VALUES (183, 896, 1, 21);
INSERT INTO PlantedIn (flowerbedID, plantID, percentage, planterID) VALUES (84, 1420, 1, 94);
INSERT INTO PlantedIn (flowerbedID, plantID, percentage, planterID) VALUES (120, 1705, 3, 30);
INSERT INTO PlantedIn (flowerbedID, plantID, percentage, planterID) VALUES (216, 1298, 4, 148);
INSERT INTO PlantedIn (flowerbedID, plantID, percentage, planterID) VALUES (249, 3652, 3, 132);
INSERT INTO PlantedIn (flowerbedID, plantID, percentage, planterID) VALUES (205, 2994, 2, 46);
INSERT INTO PlantedIn (flowerbedID, plantID, percentage, planterID) VALUES (94, 2454, 2, 78);
INSERT INTO PlantedIn (flowerbedID, plantID, percentage, planterID) VALUES (36, 1563, 3, 37);
INSERT INTO PlantedIn (flowerbedID, plantID, percentage, planterID) VALUES (191, 1289, 4, 141);
INSERT INTO PlantedIn (flowerbedID, plantID, percentage, planterID) VALUES (210, 1408, 1, 27);
INSERT INTO PlantedIn (flowerbedID, plantID, percentage, planterID) VALUES (241, 1269, 3, 125);
INSERT INTO PlantedIn (flowerbedID, plantID, percentage, planterID) VALUES (199, 2235, 2, 65);
INSERT INTO PlantedIn (flowerbedID, plantID, percentage, planterID) VALUES (157, 531, 1, 18);
INSERT INTO PlantedIn (flowerbedID, plantID, percentage, planterID) VALUES (273, 1395, 1, 98);
INSERT INTO PlantedIn (flowerbedID, plantID, percentage, planterID) VALUES (298, 70, 1, 121);
INSERT INTO PlantedIn (flowerbedID, plantID, percentage, planterID) VALUES (127, 3539, 1, 146);
INSERT INTO PlantedIn (flowerbedID, plantID, percentage, planterID) VALUES (9, 503, 4, 9);
INSERT INTO PlantedIn (flowerbedID, plantID, percentage, planterID) VALUES (137, 2984, 1, 62);
INSERT INTO PlantedIn (flowerbedID, plantID, percentage, planterID) VALUES (105, 2834, 4, 107);
INSERT INTO PlantedIn (flowerbedID, plantID, percentage, planterID) VALUES (261, 2771, 4, 14);
INSERT INTO PlantedIn (flowerbedID, plantID, percentage, planterID) VALUES (24, 2497, 1, 2);
INSERT INTO PlantedIn (flowerbedID, plantID, percentage, planterID) VALUES (188, 124, 4, 25);
INSERT INTO PlantedIn (flowerbedID, plantID, percentage, planterID) VALUES (208, 459, 3, 142);
INSERT INTO PlantedIn (flowerbedID, plantID, percentage, planterID) VALUES (75, 3384, 3, 96);
INSERT INTO PlantedIn (flowerbedID, plantID, percentage, planterID) VALUES (194, 3534, 4, 143);
INSERT INTO PlantedIn (flowerbedID, plantID, percentage, planterID) VALUES (194, 1726, 3, 150);
INSERT INTO PlantedIn (flowerbedID, plantID, percentage, planterID) VALUES (49, 3670, 1, 52);
INSERT INTO PlantedIn (flowerbedID, plantID, percentage, planterID) VALUES (179, 1191, 2, 54);
INSERT INTO PlantedIn (flowerbedID, plantID, percentage, planterID) VALUES (6, 1937, 3, 60);
INSERT INTO PlantedIn (flowerbedID, plantID, percentage, planterID) VALUES (160, 1892, 1, 90);
INSERT INTO PlantedIn (flowerbedID, plantID, percentage, planterID) VALUES (67, 1956, 4, 97);
INSERT INTO PlantedIn (flowerbedID, plantID, percentage, planterID) VALUES (126, 1517, 1, 150);
INSERT INTO PlantedIn (flowerbedID, plantID, percentage, planterID) VALUES (251, 2849, 1, 101);
INSERT INTO PlantedIn (flowerbedID, plantID, percentage, planterID) VALUES (206, 3421, 2, 42);
INSERT INTO PlantedIn (flowerbedID, plantID, percentage, planterID) VALUES (58, 2151, 1, 94);
INSERT INTO PlantedIn (flowerbedID, plantID, percentage, planterID) VALUES (18, 3427, 3, 148);
INSERT INTO PlantedIn (flowerbedID, plantID, percentage, planterID) VALUES (113, 1467, 4, 141);
INSERT INTO PlantedIn (flowerbedID, plantID, percentage, planterID) VALUES (218, 2974, 4, 145);
INSERT INTO PlantedIn (flowerbedID, plantID, percentage, planterID) VALUES (83, 1563, 3, 141);
INSERT INTO PlantedIn (flowerbedID, plantID, percentage, planterID) VALUES (239, 2644, 3, 132);
INSERT INTO PlantedIn (flowerbedID, plantID, percentage, planterID) VALUES (126, 1343, 1, 110);
INSERT INTO PlantedIn (flowerbedID, plantID, percentage, planterID) VALUES (70, 3404, 2, 67);
INSERT INTO PlantedIn (flowerbedID, plantID, percentage, planterID) VALUES (131, 3597, 2, 110);
INSERT INTO PlantedIn (flowerbedID, plantID, percentage, planterID) VALUES (245, 1915, 1, 15);
INSERT INTO PlantedIn (flowerbedID, plantID, percentage, planterID) VALUES (262, 3492, 3, 31);
INSERT INTO PlantedIn (flowerbedID, plantID, percentage, planterID) VALUES (202, 70, 4, 95);
INSERT INTO PlantedIn (flowerbedID, plantID, percentage, planterID) VALUES (127, 1415, 1, 111);
INSERT INTO PlantedIn (flowerbedID, plantID, percentage, planterID) VALUES (15, 1569, 2, 148);
INSERT INTO PlantedIn (flowerbedID, plantID, percentage, planterID) VALUES (226, 1904, 4, 100);
INSERT INTO PlantedIn (flowerbedID, plantID, percentage, planterID) VALUES (112, 3739, 4, 71);
INSERT INTO PlantedIn (flowerbedID, plantID, percentage, planterID) VALUES (269, 186, 3, 53);
INSERT INTO PlantedIn (flowerbedID, plantID, percentage, planterID) VALUES (163, 1507, 2, 157);
INSERT INTO PlantedIn (flowerbedID, plantID, percentage, planterID) VALUES (88, 329, 4, 4);
INSERT INTO PlantedIn (flowerbedID, plantID, percentage, planterID) VALUES (31, 2193, 3, 158);
INSERT INTO PlantedIn (flowerbedID, plantID, percentage, planterID) VALUES (280, 2155, 4, 129);
INSERT INTO PlantedIn (flowerbedID, plantID, percentage, planterID) VALUES (289, 2318, 3, 79);
INSERT INTO PlantedIn (flowerbedID, plantID, percentage, planterID) VALUES (28, 124, 2, 121);
INSERT INTO PlantedIn (flowerbedID, plantID, percentage, planterID) VALUES (299, 435, 4, 48);
INSERT INTO PlantedIn (flowerbedID, plantID, percentage, planterID) VALUES (49, 2245, 3, 106);
INSERT INTO PlantedIn (flowerbedID, plantID, percentage, planterID) VALUES (291, 2010, 2, 21);
INSERT INTO PlantedIn (flowerbedID, plantID, percentage, planterID) VALUES (181, 544, 3, 40);
INSERT INTO PlantedIn (flowerbedID, plantID, percentage, planterID) VALUES (212, 557, 3, 41);
INSERT INTO PlantedIn (flowerbedID, plantID, percentage, planterID) VALUES (210, 3781, 3, 108);
INSERT INTO PlantedIn (flowerbedID, plantID, percentage, planterID) VALUES (173, 302, 3, 66);
INSERT INTO PlantedIn (flowerbedID, plantID, percentage, planterID) VALUES (59, 1590, 2, 2);
INSERT INTO PlantedIn (flowerbedID, plantID, percentage, planterID) VALUES (297, 2391, 4, 11);
INSERT INTO PlantedIn (flowerbedID, plantID, percentage, planterID) VALUES (42, 703, 3, 39);
INSERT INTO PlantedIn (flowerbedID, plantID, percentage, planterID) VALUES (97, 1762, 1, 78);
INSERT INTO PlantedIn (flowerbedID, plantID, percentage, planterID) VALUES (180, 2647, 2, 116);
INSERT INTO PlantedIn (flowerbedID, plantID, percentage, planterID) VALUES (112, 1340, 2, 157);
INSERT INTO PlantedIn (flowerbedID, plantID, percentage, planterID) VALUES (129, 179, 3, 103);
INSERT INTO PlantedIn (flowerbedID, plantID, percentage, planterID) VALUES (66, 155, 2, 71);
INSERT INTO PlantedIn (flowerbedID, plantID, percentage, planterID) VALUES (67, 2464, 3, 18);
INSERT INTO PlantedIn (flowerbedID, plantID, percentage, planterID) VALUES (28, 2132, 3, 99);
INSERT INTO PlantedIn (flowerbedID, plantID, percentage, planterID) VALUES (163, 3708, 4, 25);
INSERT INTO PlantedIn (flowerbedID, plantID, percentage, planterID) VALUES (92, 197, 3, 69);
INSERT INTO PlantedIn (flowerbedID, plantID, percentage, planterID) VALUES (29, 3843, 3, 62);
INSERT INTO PlantedIn (flowerbedID, plantID, percentage, planterID) VALUES (178, 1313, 4, 1);
INSERT INTO PlantedIn (flowerbedID, plantID, percentage, planterID) VALUES (114, 1605, 3, 30);
INSERT INTO PlantedIn (flowerbedID, plantID, percentage, planterID) VALUES (16, 1044, 1, 26);
INSERT INTO PlantedIn (flowerbedID, plantID, percentage, planterID) VALUES (246, 2786, 1, 145);
INSERT INTO PlantedIn (flowerbedID, plantID, percentage, planterID) VALUES (237, 375, 1, 74);
INSERT INTO PlantedIn (flowerbedID, plantID, percentage, planterID) VALUES (45, 3197, 1, 144);
INSERT INTO PlantedIn (flowerbedID, plantID, percentage, planterID) VALUES (246, 739, 2, 138);
INSERT INTO PlantedIn (flowerbedID, plantID, percentage, planterID) VALUES (159, 3102, 4, 40);
INSERT INTO PlantedIn (flowerbedID, plantID, percentage, planterID) VALUES (66, 1538, 2, 89);
INSERT INTO PlantedIn (flowerbedID, plantID, percentage, planterID) VALUES (200, 2543, 2, 72);
INSERT INTO PlantedIn (flowerbedID, plantID, percentage, planterID) VALUES (114, 980, 2, 95);
INSERT INTO PlantedIn (flowerbedID, plantID, percentage, planterID) VALUES (26, 1948, 4, 148);
INSERT INTO PlantedIn (flowerbedID, plantID, percentage, planterID) VALUES (298, 3062, 3, 60);
INSERT INTO PlantedIn (flowerbedID, plantID, percentage, planterID) VALUES (178, 2216, 4, 76);
INSERT INTO PlantedIn (flowerbedID, plantID, percentage, planterID) VALUES (291, 3666, 3, 15);
INSERT INTO PlantedIn (flowerbedID, plantID, percentage, planterID) VALUES (182, 1922, 4, 23);
INSERT INTO PlantedIn (flowerbedID, plantID, percentage, planterID) VALUES (225, 2610, 4, 57);
INSERT INTO PlantedIn (flowerbedID, plantID, percentage, planterID) VALUES (54, 718, 4, 123);
INSERT INTO PlantedIn (flowerbedID, plantID, percentage, planterID) VALUES (140, 2644, 3, 91);
INSERT INTO PlantedIn (flowerbedID, plantID, percentage, planterID) VALUES (146, 2016, 2, 88);
INSERT INTO PlantedIn (flowerbedID, plantID, percentage, planterID) VALUES (94, 3292, 4, 2);
INSERT INTO PlantedIn (flowerbedID, plantID, percentage, planterID) VALUES (128, 1722, 2, 124);
INSERT INTO PlantedIn (flowerbedID, plantID, percentage, planterID) VALUES (118, 3100, 4, 7);
INSERT INTO PlantedIn (flowerbedID, plantID, percentage, planterID) VALUES (251, 1216, 1, 153);
INSERT INTO PlantedIn (flowerbedID, plantID, percentage, planterID) VALUES (150, 2307, 4, 138);
INSERT INTO PlantedIn (flowerbedID, plantID, percentage, planterID) VALUES (84, 1261, 4, 94);
INSERT INTO PlantedIn (flowerbedID, plantID, percentage, planterID) VALUES (254, 195, 1, 44);
INSERT INTO PlantedIn (flowerbedID, plantID, percentage, planterID) VALUES (270, 1010, 2, 12);
INSERT INTO PlantedIn (flowerbedID, plantID, percentage, planterID) VALUES (212, 3052, 1, 125);
INSERT INTO PlantedIn (flowerbedID, plantID, percentage, planterID) VALUES (177, 2930, 4, 18);
INSERT INTO PlantedIn (flowerbedID, plantID, percentage, planterID) VALUES (276, 327, 4, 162);
INSERT INTO PlantedIn (flowerbedID, plantID, percentage, planterID) VALUES (120, 3191, 4, 134);
INSERT INTO PlantedIn (flowerbedID, plantID, percentage, planterID) VALUES (127, 2224, 3, 150);
INSERT INTO PlantedIn (flowerbedID, plantID, percentage, planterID) VALUES (270, 1587, 3, 82);
INSERT INTO PlantedIn (flowerbedID, plantID, percentage, planterID) VALUES (138, 2798, 2, 157);
INSERT INTO PlantedIn (flowerbedID, plantID, percentage, planterID) VALUES (295, 3787, 3, 119);
INSERT INTO PlantedIn (flowerbedID, plantID, percentage, planterID) VALUES (231, 1595, 2, 137);
INSERT INTO PlantedIn (flowerbedID, plantID, percentage, planterID) VALUES (51, 3450, 1, 44);
INSERT INTO PlantedIn (flowerbedID, plantID, percentage, planterID) VALUES (293, 740, 2, 147);
INSERT INTO PlantedIn (flowerbedID, plantID, percentage, planterID) VALUES (6, 2432, 2, 48);
INSERT INTO PlantedIn (flowerbedID, plantID, percentage, planterID) VALUES (62, 548, 1, 25);
INSERT INTO PlantedIn (flowerbedID, plantID, percentage, planterID) VALUES (166, 2374, 1, 148);
INSERT INTO PlantedIn (flowerbedID, plantID, percentage, planterID) VALUES (102, 2958, 2, 65);
INSERT INTO PlantedIn (flowerbedID, plantID, percentage, planterID) VALUES (223, 254, 3, 3);
INSERT INTO PlantedIn (flowerbedID, plantID, percentage, planterID) VALUES (143, 3119, 3, 151);
INSERT INTO PlantedIn (flowerbedID, plantID, percentage, planterID) VALUES (210, 489, 3, 128);
INSERT INTO PlantedIn (flowerbedID, plantID, percentage, planterID) VALUES (95, 2288, 2, 10);
INSERT INTO PlantedIn (flowerbedID, plantID, percentage, planterID) VALUES (67, 1268, 2, 134);
INSERT INTO PlantedIn (flowerbedID, plantID, percentage, planterID) VALUES (141, 3541, 1, 92);
INSERT INTO PlantedIn (flowerbedID, plantID, percentage, planterID) VALUES (159, 1493, 4, 7);
INSERT INTO PlantedIn (flowerbedID, plantID, percentage, planterID) VALUES (143, 796, 4, 71);
INSERT INTO PlantedIn (flowerbedID, plantID, percentage, planterID) VALUES (4, 1106, 3, 104);
INSERT INTO PlantedIn (flowerbedID, plantID, percentage, planterID) VALUES (124, 1326, 3, 67);
INSERT INTO PlantedIn (flowerbedID, plantID, percentage, planterID) VALUES (280, 1707, 1, 12);
INSERT INTO PlantedIn (flowerbedID, plantID, percentage, planterID) VALUES (231, 3241, 1, 100);
INSERT INTO PlantedIn (flowerbedID, plantID, percentage, planterID) VALUES (226, 434, 2, 45);
INSERT INTO PlantedIn (flowerbedID, plantID, percentage, planterID) VALUES (149, 1144, 3, 27);
INSERT INTO PlantedIn (flowerbedID, plantID, percentage, planterID) VALUES (212, 1328, 1, 94);
INSERT INTO PlantedIn (flowerbedID, plantID, percentage, planterID) VALUES (165, 3700, 3, 24);
INSERT INTO PlantedIn (flowerbedID, plantID, percentage, planterID) VALUES (73, 2861, 3, 48);
INSERT INTO PlantedIn (flowerbedID, plantID, percentage, planterID) VALUES (32, 1739, 4, 30);
INSERT INTO PlantedIn (flowerbedID, plantID, percentage, planterID) VALUES (87, 2915, 1, 20);
INSERT INTO PlantedIn (flowerbedID, plantID, percentage, planterID) VALUES (260, 1445, 2, 57);
INSERT INTO PlantedIn (flowerbedID, plantID, percentage, planterID) VALUES (201, 1853, 2, 3);
INSERT INTO PlantedIn (flowerbedID, plantID, percentage, planterID) VALUES (247, 2167, 2, 97);
INSERT INTO PlantedIn (flowerbedID, plantID, percentage, planterID) VALUES (155, 2692, 4, 161);
INSERT INTO PlantedIn (flowerbedID, plantID, percentage, planterID) VALUES (131, 806, 3, 72);
INSERT INTO PlantedIn (flowerbedID, plantID, percentage, planterID) VALUES (261, 3098, 4, 93);
INSERT INTO PlantedIn (flowerbedID, plantID, percentage, planterID) VALUES (76, 2747, 3, 147);
INSERT INTO PlantedIn (flowerbedID, plantID, percentage, planterID) VALUES (139, 3723, 2, 101);
INSERT INTO PlantedIn (flowerbedID, plantID, percentage, planterID) VALUES (101, 3512, 1, 120);
INSERT INTO PlantedIn (flowerbedID, plantID, percentage, planterID) VALUES (116, 2744, 1, 66);
INSERT INTO PlantedIn (flowerbedID, plantID, percentage, planterID) VALUES (81, 3640, 4, 101);
INSERT INTO PlantedIn (flowerbedID, plantID, percentage, planterID) VALUES (191, 1999, 1, 95);
INSERT INTO PlantedIn (flowerbedID, plantID, percentage, planterID) VALUES (217, 3731, 3, 103);
INSERT INTO PlantedIn (flowerbedID, plantID, percentage, planterID) VALUES (230, 509, 1, 99);
INSERT INTO PlantedIn (flowerbedID, plantID, percentage, planterID) VALUES (252, 1636, 2, 96);
INSERT INTO PlantedIn (flowerbedID, plantID, percentage, planterID) VALUES (116, 539, 3, 110);
INSERT INTO PlantedIn (flowerbedID, plantID, percentage, planterID) VALUES (15, 1289, 2, 126);
INSERT INTO PlantedIn (flowerbedID, plantID, percentage, planterID) VALUES (13, 434, 2, 112);
INSERT INTO PlantedIn (flowerbedID, plantID, percentage, planterID) VALUES (17, 887, 3, 18);
INSERT INTO PlantedIn (flowerbedID, plantID, percentage, planterID) VALUES (224, 2516, 2, 132);
INSERT INTO PlantedIn (flowerbedID, plantID, percentage, planterID) VALUES (185, 1395, 2, 12);
INSERT INTO PlantedIn (flowerbedID, plantID, percentage, planterID) VALUES (148, 2480, 2, 69);
INSERT INTO PlantedIn (flowerbedID, plantID, percentage, planterID) VALUES (20, 3704, 2, 111);
INSERT INTO PlantedIn (flowerbedID, plantID, percentage, planterID) VALUES (30, 1079, 1, 30);
INSERT INTO PlantedIn (flowerbedID, plantID, percentage, planterID) VALUES (184, 3494, 3, 100);
INSERT INTO PlantedIn (flowerbedID, plantID, percentage, planterID) VALUES (137, 276, 1, 131);
INSERT INTO PlantedIn (flowerbedID, plantID, percentage, planterID) VALUES (216, 2041, 2, 117);
INSERT INTO PlantedIn (flowerbedID, plantID, percentage, planterID) VALUES (266, 2876, 2, 125);
INSERT INTO PlantedIn (flowerbedID, plantID, percentage, planterID) VALUES (116, 473, 2, 124);
INSERT INTO PlantedIn (flowerbedID, plantID, percentage, planterID) VALUES (191, 291, 1, 56);
INSERT INTO PlantedIn (flowerbedID, plantID, percentage, planterID) VALUES (293, 3497, 4, 156);
INSERT INTO PlantedIn (flowerbedID, plantID, percentage, planterID) VALUES (40, 3374, 3, 12);
INSERT INTO PlantedIn (flowerbedID, plantID, percentage, planterID) VALUES (283, 3193, 3, 137);
INSERT INTO PlantedIn (flowerbedID, plantID, percentage, planterID) VALUES (106, 1811, 1, 1);
INSERT INTO PlantedIn (flowerbedID, plantID, percentage, planterID) VALUES (64, 2805, 3, 108);
INSERT INTO PlantedIn (flowerbedID, plantID, percentage, planterID) VALUES (254, 1312, 4, 9);
INSERT INTO PlantedIn (flowerbedID, plantID, percentage, planterID) VALUES (209, 3668, 2, 19);
INSERT INTO PlantedIn (flowerbedID, plantID, percentage, planterID) VALUES (8, 1661, 1, 100);
INSERT INTO PlantedIn (flowerbedID, plantID, percentage, planterID) VALUES (107, 242, 2, 10);
INSERT INTO PlantedIn (flowerbedID, plantID, percentage, planterID) VALUES (96, 3752, 3, 84);
INSERT INTO PlantedIn (flowerbedID, plantID, percentage, planterID) VALUES (209, 424, 3, 22);
INSERT INTO PlantedIn (flowerbedID, plantID, percentage, planterID) VALUES (135, 678, 1, 82);
INSERT INTO PlantedIn (flowerbedID, plantID, percentage, planterID) VALUES (38, 2238, 1, 82);
INSERT INTO PlantedIn (flowerbedID, plantID, percentage, planterID) VALUES (3, 217, 2, 27);
INSERT INTO PlantedIn (flowerbedID, plantID, percentage, planterID) VALUES (162, 578, 4, 140);
INSERT INTO PlantedIn (flowerbedID, plantID, percentage, planterID) VALUES (64, 3348, 1, 34);
INSERT INTO PlantedIn (flowerbedID, plantID, percentage, planterID) VALUES (214, 623, 1, 60);
INSERT INTO PlantedIn (flowerbedID, plantID, percentage, planterID) VALUES (40, 3205, 4, 97);
INSERT INTO PlantedIn (flowerbedID, plantID, percentage, planterID) VALUES (281, 2671, 2, 65);
INSERT INTO PlantedIn (flowerbedID, plantID, percentage, planterID) VALUES (260, 3266, 4, 92);
INSERT INTO PlantedIn (flowerbedID, plantID, percentage, planterID) VALUES (127, 33, 2, 24);
INSERT INTO PlantedIn (flowerbedID, plantID, percentage, planterID) VALUES (20, 1121, 3, 134);
INSERT INTO PlantedIn (flowerbedID, plantID, percentage, planterID) VALUES (132, 2262, 3, 86);
INSERT INTO PlantedIn (flowerbedID, plantID, percentage, planterID) VALUES (135, 2681, 1, 130);
INSERT INTO PlantedIn (flowerbedID, plantID, percentage, planterID) VALUES (256, 368, 4, 35);
INSERT INTO PlantedIn (flowerbedID, plantID, percentage, planterID) VALUES (277, 2950, 4, 141);
INSERT INTO PlantedIn (flowerbedID, plantID, percentage, planterID) VALUES (136, 723, 2, 43);
INSERT INTO PlantedIn (flowerbedID, plantID, percentage, planterID) VALUES (10, 3023, 2, 54);
INSERT INTO PlantedIn (flowerbedID, plantID, percentage, planterID) VALUES (237, 1738, 4, 153);
INSERT INTO PlantedIn (flowerbedID, plantID, percentage, planterID) VALUES (222, 2563, 1, 79);
INSERT INTO PlantedIn (flowerbedID, plantID, percentage, planterID) VALUES (75, 3699, 3, 143);
INSERT INTO PlantedIn (flowerbedID, plantID, percentage, planterID) VALUES (195, 2249, 3, 149);
INSERT INTO PlantedIn (flowerbedID, plantID, percentage, planterID) VALUES (203, 255, 3, 85);
INSERT INTO PlantedIn (flowerbedID, plantID, percentage, planterID) VALUES (248, 1185, 2, 80);
INSERT INTO PlantedIn (flowerbedID, plantID, percentage, planterID) VALUES (148, 2759, 3, 104);
INSERT INTO PlantedIn (flowerbedID, plantID, percentage, planterID) VALUES (109, 3356, 1, 25);
INSERT INTO PlantedIn (flowerbedID, plantID, percentage, planterID) VALUES (159, 2318, 4, 49);
INSERT INTO PlantedIn (flowerbedID, plantID, percentage, planterID) VALUES (167, 433, 1, 83);
INSERT INTO PlantedIn (flowerbedID, plantID, percentage, planterID) VALUES (208, 1332, 2, 123);
INSERT INTO PlantedIn (flowerbedID, plantID, percentage, planterID) VALUES (153, 1683, 1, 90);
INSERT INTO PlantedIn (flowerbedID, plantID, percentage, planterID) VALUES (45, 489, 3, 92);
INSERT INTO PlantedIn (flowerbedID, plantID, percentage, planterID) VALUES (13, 1972, 2, 161);
INSERT INTO PlantedIn (flowerbedID, plantID, percentage, planterID) VALUES (114, 280, 4, 88);
INSERT INTO PlantedIn (flowerbedID, plantID, percentage, planterID) VALUES (201, 3053, 1, 119);
INSERT INTO PlantedIn (flowerbedID, plantID, percentage, planterID) VALUES (270, 647, 3, 76);
INSERT INTO PlantedIn (flowerbedID, plantID, percentage, planterID) VALUES (106, 3624, 4, 28);
INSERT INTO PlantedIn (flowerbedID, plantID, percentage, planterID) VALUES (112, 2648, 3, 150);
INSERT INTO PlantedIn (flowerbedID, plantID, percentage, planterID) VALUES (243, 1541, 4, 29);
INSERT INTO PlantedIn (flowerbedID, plantID, percentage, planterID) VALUES (272, 379, 2, 45);
INSERT INTO PlantedIn (flowerbedID, plantID, percentage, planterID) VALUES (51, 2954, 4, 34);
INSERT INTO PlantedIn (flowerbedID, plantID, percentage, planterID) VALUES (166, 3421, 2, 13);
INSERT INTO PlantedIn (flowerbedID, plantID, percentage, planterID) VALUES (16, 1961, 3, 9);
INSERT INTO PlantedIn (flowerbedID, plantID, percentage, planterID) VALUES (197, 67, 1, 84);
INSERT INTO PlantedIn (flowerbedID, plantID, percentage, planterID) VALUES (286, 2505, 2, 151);
INSERT INTO PlantedIn (flowerbedID, plantID, percentage, planterID) VALUES (100, 2871, 1, 147);
INSERT INTO PlantedIn (flowerbedID, plantID, percentage, planterID) VALUES (35, 978, 2, 58);
INSERT INTO PlantedIn (flowerbedID, plantID, percentage, planterID) VALUES (6, 2062, 3, 22);
INSERT INTO PlantedIn (flowerbedID, plantID, percentage, planterID) VALUES (126, 767, 2, 5);
INSERT INTO PlantedIn (flowerbedID, plantID, percentage, planterID) VALUES (211, 301, 2, 6);
INSERT INTO PlantedIn (flowerbedID, plantID, percentage, planterID) VALUES (29, 2011, 1, 64);
INSERT INTO PlantedIn (flowerbedID, plantID, percentage, planterID) VALUES (51, 946, 3, 65);
INSERT INTO PlantedIn (flowerbedID, plantID, percentage, planterID) VALUES (296, 878, 1, 112);
INSERT INTO PlantedIn (flowerbedID, plantID, percentage, planterID) VALUES (73, 2481, 2, 31);
INSERT INTO PlantedIn (flowerbedID, plantID, percentage, planterID) VALUES (268, 1994, 4, 111);
INSERT INTO PlantedIn (flowerbedID, plantID, percentage, planterID) VALUES (15, 2979, 2, 84);
INSERT INTO PlantedIn (flowerbedID, plantID, percentage, planterID) VALUES (290, 1970, 3, 162);
INSERT INTO PlantedIn (flowerbedID, plantID, percentage, planterID) VALUES (176, 3756, 3, 7);
INSERT INTO PlantedIn (flowerbedID, plantID, percentage, planterID) VALUES (148, 1574, 3, 126);
INSERT INTO PlantedIn (flowerbedID, plantID, percentage, planterID) VALUES (195, 423, 3, 28);
INSERT INTO PlantedIn (flowerbedID, plantID, percentage, planterID) VALUES (101, 3120, 3, 133);
INSERT INTO PlantedIn (flowerbedID, plantID, percentage, planterID) VALUES (135, 3658, 2, 162);
INSERT INTO PlantedIn (flowerbedID, plantID, percentage, planterID) VALUES (139, 2250, 3, 44);
INSERT INTO PlantedIn (flowerbedID, plantID, percentage, planterID) VALUES (266, 127, 2, 90);
INSERT INTO PlantedIn (flowerbedID, plantID, percentage, planterID) VALUES (132, 965, 1, 7);
INSERT INTO PlantedIn (flowerbedID, plantID, percentage, planterID) VALUES (108, 781, 3, 126);
INSERT INTO PlantedIn (flowerbedID, plantID, percentage, planterID) VALUES (3, 1924, 2, 48);
INSERT INTO PlantedIn (flowerbedID, plantID, percentage, planterID) VALUES (133, 827, 4, 138);
INSERT INTO PlantedIn (flowerbedID, plantID, percentage, planterID) VALUES (238, 220, 1, 72);
INSERT INTO PlantedIn (flowerbedID, plantID, percentage, planterID) VALUES (238, 1534, 1, 81);
INSERT INTO PlantedIn (flowerbedID, plantID, percentage, planterID) VALUES (94, 1804, 1, 152);
INSERT INTO PlantedIn (flowerbedID, plantID, percentage, planterID) VALUES (150, 1530, 4, 101);
INSERT INTO PlantedIn (flowerbedID, plantID, percentage, planterID) VALUES (193, 2406, 1, 6);
INSERT INTO PlantedIn (flowerbedID, plantID, percentage, planterID) VALUES (247, 2940, 4, 121);
INSERT INTO PlantedIn (flowerbedID, plantID, percentage, planterID) VALUES (78, 3767, 3, 51);
INSERT INTO PlantedIn (flowerbedID, plantID, percentage, planterID) VALUES (57, 359, 4, 105);
INSERT INTO PlantedIn (flowerbedID, plantID, percentage, planterID) VALUES (45, 102, 4, 23);
INSERT INTO PlantedIn (flowerbedID, plantID, percentage, planterID) VALUES (21, 3347, 3, 162);
INSERT INTO PlantedIn (flowerbedID, plantID, percentage, planterID) VALUES (79, 2010, 4, 88);
INSERT INTO PlantedIn (flowerbedID, plantID, percentage, planterID) VALUES (43, 2083, 4, 157);
INSERT INTO PlantedIn (flowerbedID, plantID, percentage, planterID) VALUES (90, 2360, 3, 138);
INSERT INTO PlantedIn (flowerbedID, plantID, percentage, planterID) VALUES (175, 354, 4, 45);
INSERT INTO PlantedIn (flowerbedID, plantID, percentage, planterID) VALUES (56, 3355, 2, 131);
INSERT INTO PlantedIn (flowerbedID, plantID, percentage, planterID) VALUES (268, 3443, 2, 48);
INSERT INTO PlantedIn (flowerbedID, plantID, percentage, planterID) VALUES (148, 1029, 3, 10);
INSERT INTO PlantedIn (flowerbedID, plantID, percentage, planterID) VALUES (40, 3830, 2, 23);
INSERT INTO PlantedIn (flowerbedID, plantID, percentage, planterID) VALUES (153, 2476, 3, 52);
INSERT INTO PlantedIn (flowerbedID, plantID, percentage, planterID) VALUES (54, 821, 2, 107);
INSERT INTO PlantedIn (flowerbedID, plantID, percentage, planterID) VALUES (247, 1623, 2, 7);
INSERT INTO PlantedIn (flowerbedID, plantID, percentage, planterID) VALUES (153, 1142, 3, 32);
INSERT INTO PlantedIn (flowerbedID, plantID, percentage, planterID) VALUES (49, 3632, 1, 5);
INSERT INTO PlantedIn (flowerbedID, plantID, percentage, planterID) VALUES (249, 1188, 2, 65);
INSERT INTO PlantedIn (flowerbedID, plantID, percentage, planterID) VALUES (172, 1650, 3, 153);
INSERT INTO PlantedIn (flowerbedID, plantID, percentage, planterID) VALUES (125, 75, 4, 18);
INSERT INTO PlantedIn (flowerbedID, plantID, percentage, planterID) VALUES (198, 1548, 4, 100);
INSERT INTO PlantedIn (flowerbedID, plantID, percentage, planterID) VALUES (184, 776, 2, 55);
INSERT INTO PlantedIn (flowerbedID, plantID, percentage, planterID) VALUES (186, 1367, 1, 146);
INSERT INTO PlantedIn (flowerbedID, plantID, percentage, planterID) VALUES (195, 97, 4, 143);
INSERT INTO PlantedIn (flowerbedID, plantID, percentage, planterID) VALUES (289, 3307, 4, 150);
INSERT INTO PlantedIn (flowerbedID, plantID, percentage, planterID) VALUES (49, 940, 3, 21);
INSERT INTO PlantedIn (flowerbedID, plantID, percentage, planterID) VALUES (201, 21, 1, 76);
INSERT INTO PlantedIn (flowerbedID, plantID, percentage, planterID) VALUES (8, 2092, 3, 3);
INSERT INTO PlantedIn (flowerbedID, plantID, percentage, planterID) VALUES (282, 2308, 3, 91);
INSERT INTO PlantedIn (flowerbedID, plantID, percentage, planterID) VALUES (59, 3222, 4, 95);
INSERT INTO PlantedIn (flowerbedID, plantID, percentage, planterID) VALUES (257, 1454, 4, 113);
INSERT INTO PlantedIn (flowerbedID, plantID, percentage, planterID) VALUES (70, 2032, 2, 107);
INSERT INTO PlantedIn (flowerbedID, plantID, percentage, planterID) VALUES (230, 2844, 2, 23);
INSERT INTO PlantedIn (flowerbedID, plantID, percentage, planterID) VALUES (222, 2214, 4, 91);
INSERT INTO PlantedIn (flowerbedID, plantID, percentage, planterID) VALUES (35, 2096, 1, 78);
INSERT INTO PlantedIn (flowerbedID, plantID, percentage, planterID) VALUES (42, 3764, 4, 105);
INSERT INTO PlantedIn (flowerbedID, plantID, percentage, planterID) VALUES (244, 2320, 1, 61);
INSERT INTO PlantedIn (flowerbedID, plantID, percentage, planterID) VALUES (130, 3494, 2, 147);
INSERT INTO PlantedIn (flowerbedID, plantID, percentage, planterID) VALUES (84, 1974, 3, 20);
INSERT INTO PlantedIn (flowerbedID, plantID, percentage, planterID) VALUES (11, 2832, 4, 156);
INSERT INTO PlantedIn (flowerbedID, plantID, percentage, planterID) VALUES (141, 143, 1, 42);
INSERT INTO PlantedIn (flowerbedID, plantID, percentage, planterID) VALUES (94, 1644, 2, 135);
INSERT INTO PlantedIn (flowerbedID, plantID, percentage, planterID) VALUES (120, 1506, 1, 67);
INSERT INTO PlantedIn (flowerbedID, plantID, percentage, planterID) VALUES (296, 2867, 2, 39);
INSERT INTO PlantedIn (flowerbedID, plantID, percentage, planterID) VALUES (194, 306, 4, 124);
INSERT INTO PlantedIn (flowerbedID, plantID, percentage, planterID) VALUES (177, 3210, 3, 76);
INSERT INTO PlantedIn (flowerbedID, plantID, percentage, planterID) VALUES (169, 1326, 1, 75);
INSERT INTO PlantedIn (flowerbedID, plantID, percentage, planterID) VALUES (114, 2605, 4, 42);
INSERT INTO PlantedIn (flowerbedID, plantID, percentage, planterID) VALUES (133, 835, 4, 123);
INSERT INTO PlantedIn (flowerbedID, plantID, percentage, planterID) VALUES (192, 1903, 1, 36);
INSERT INTO PlantedIn (flowerbedID, plantID, percentage, planterID) VALUES (264, 2293, 4, 44);
INSERT INTO PlantedIn (flowerbedID, plantID, percentage, planterID) VALUES (101, 1853, 4, 51);
INSERT INTO PlantedIn (flowerbedID, plantID, percentage, planterID) VALUES (167, 39, 1, 156);
INSERT INTO PlantedIn (flowerbedID, plantID, percentage, planterID) VALUES (252, 1325, 2, 134);
INSERT INTO PlantedIn (flowerbedID, plantID, percentage, planterID) VALUES (206, 789, 1, 75);
INSERT INTO PlantedIn (flowerbedID, plantID, percentage, planterID) VALUES (263, 2613, 2, 10);
INSERT INTO PlantedIn (flowerbedID, plantID, percentage, planterID) VALUES (267, 2969, 3, 14);
INSERT INTO PlantedIn (flowerbedID, plantID, percentage, planterID) VALUES (78, 1094, 1, 99);
INSERT INTO PlantedIn (flowerbedID, plantID, percentage, planterID) VALUES (262, 3202, 1, 3);
INSERT INTO PlantedIn (flowerbedID, plantID, percentage, planterID) VALUES (96, 376, 1, 3);
INSERT INTO PlantedIn (flowerbedID, plantID, percentage, planterID) VALUES (132, 3042, 1, 97);
INSERT INTO PlantedIn (flowerbedID, plantID, percentage, planterID) VALUES (5, 1035, 2, 17);
INSERT INTO PlantedIn (flowerbedID, plantID, percentage, planterID) VALUES (165, 2597, 2, 72);
INSERT INTO PlantedIn (flowerbedID, plantID, percentage, planterID) VALUES (150, 1660, 4, 110);
INSERT INTO PlantedIn (flowerbedID, plantID, percentage, planterID) VALUES (221, 3205, 1, 116);
INSERT INTO PlantedIn (flowerbedID, plantID, percentage, planterID) VALUES (277, 2654, 2, 37);
INSERT INTO PlantedIn (flowerbedID, plantID, percentage, planterID) VALUES (142, 2997, 2, 85);
INSERT INTO PlantedIn (flowerbedID, plantID, percentage, planterID) VALUES (231, 2640, 2, 58);
INSERT INTO PlantedIn (flowerbedID, plantID, percentage, planterID) VALUES (278, 2028, 4, 2);
INSERT INTO PlantedIn (flowerbedID, plantID, percentage, planterID) VALUES (237, 418, 2, 38);
INSERT INTO PlantedIn (flowerbedID, plantID, percentage, planterID) VALUES (234, 2448, 2, 133);
INSERT INTO PlantedIn (flowerbedID, plantID, percentage, planterID) VALUES (19, 1575, 4, 16);
INSERT INTO PlantedIn (flowerbedID, plantID, percentage, planterID) VALUES (71, 2939, 1, 147);
INSERT INTO PlantedIn (flowerbedID, plantID, percentage, planterID) VALUES (134, 263, 4, 91);
INSERT INTO PlantedIn (flowerbedID, plantID, percentage, planterID) VALUES (253, 81, 3, 67);
INSERT INTO PlantedIn (flowerbedID, plantID, percentage, planterID) VALUES (211, 2779, 3, 11);
INSERT INTO PlantedIn (flowerbedID, plantID, percentage, planterID) VALUES (73, 273, 1, 100);
INSERT INTO PlantedIn (flowerbedID, plantID, percentage, planterID) VALUES (54, 3065, 4, 66);
INSERT INTO PlantedIn (flowerbedID, plantID, percentage, planterID) VALUES (128, 573, 2, 41);
INSERT INTO PlantedIn (flowerbedID, plantID, percentage, planterID) VALUES (167, 1258, 4, 50);
INSERT INTO PlantedIn (flowerbedID, plantID, percentage, planterID) VALUES (63, 1869, 1, 78);
INSERT INTO PlantedIn (flowerbedID, plantID, percentage, planterID) VALUES (151, 3240, 1, 116);
INSERT INTO PlantedIn (flowerbedID, plantID, percentage, planterID) VALUES (167, 2820, 4, 145);
INSERT INTO PlantedIn (flowerbedID, plantID, percentage, planterID) VALUES (240, 1611, 4, 144);
INSERT INTO PlantedIn (flowerbedID, plantID, percentage, planterID) VALUES (63, 833, 3, 162);
INSERT INTO PlantedIn (flowerbedID, plantID, percentage, planterID) VALUES (109, 676, 4, 22);
INSERT INTO PlantedIn (flowerbedID, plantID, percentage, planterID) VALUES (150, 1595, 3, 123);
INSERT INTO PlantedIn (flowerbedID, plantID, percentage, planterID) VALUES (167, 2572, 4, 21);
INSERT INTO PlantedIn (flowerbedID, plantID, percentage, planterID) VALUES (45, 2210, 3, 142);
INSERT INTO PlantedIn (flowerbedID, plantID, percentage, planterID) VALUES (123, 1890, 4, 149);
INSERT INTO PlantedIn (flowerbedID, plantID, percentage, planterID) VALUES (66, 2715, 1, 133);
INSERT INTO PlantedIn (flowerbedID, plantID, percentage, planterID) VALUES (150, 3146, 1, 34);
INSERT INTO PlantedIn (flowerbedID, plantID, percentage, planterID) VALUES (144, 1209, 3, 142);
INSERT INTO PlantedIn (flowerbedID, plantID, percentage, planterID) VALUES (265, 2484, 2, 49);
INSERT INTO PlantedIn (flowerbedID, plantID, percentage, planterID) VALUES (40, 552, 2, 45);
INSERT INTO PlantedIn (flowerbedID, plantID, percentage, planterID) VALUES (253, 115, 4, 64);
INSERT INTO PlantedIn (flowerbedID, plantID, percentage, planterID) VALUES (190, 1406, 2, 51);
INSERT INTO PlantedIn (flowerbedID, plantID, percentage, planterID) VALUES (89, 991, 2, 110);
INSERT INTO PlantedIn (flowerbedID, plantID, percentage, planterID) VALUES (104, 2865, 4, 3);
INSERT INTO PlantedIn (flowerbedID, plantID, percentage, planterID) VALUES (166, 800, 1, 156);
INSERT INTO PlantedIn (flowerbedID, plantID, percentage, planterID) VALUES (156, 2802, 2, 114);
INSERT INTO PlantedIn (flowerbedID, plantID, percentage, planterID) VALUES (110, 3647, 2, 121);
INSERT INTO PlantedIn (flowerbedID, plantID, percentage, planterID) VALUES (26, 3711, 4, 146);
INSERT INTO PlantedIn (flowerbedID, plantID, percentage, planterID) VALUES (296, 833, 3, 154);
INSERT INTO PlantedIn (flowerbedID, plantID, percentage, planterID) VALUES (174, 725, 4, 14);
INSERT INTO PlantedIn (flowerbedID, plantID, percentage, planterID) VALUES (133, 2771, 4, 49);
INSERT INTO PlantedIn (flowerbedID, plantID, percentage, planterID) VALUES (137, 1134, 1, 110);
INSERT INTO PlantedIn (flowerbedID, plantID, percentage, planterID) VALUES (150, 2072, 1, 9);
INSERT INTO PlantedIn (flowerbedID, plantID, percentage, planterID) VALUES (78, 2740, 3, 73);
INSERT INTO PlantedIn (flowerbedID, plantID, percentage, planterID) VALUES (196, 474, 3, 22);
INSERT INTO PlantedIn (flowerbedID, plantID, percentage, planterID) VALUES (57, 2185, 4, 120);
INSERT INTO PlantedIn (flowerbedID, plantID, percentage, planterID) VALUES (225, 2996, 1, 111);
INSERT INTO PlantedIn (flowerbedID, plantID, percentage, planterID) VALUES (47, 35, 2, 128);
INSERT INTO PlantedIn (flowerbedID, plantID, percentage, planterID) VALUES (215, 628, 2, 8);
INSERT INTO PlantedIn (flowerbedID, plantID, percentage, planterID) VALUES (86, 656, 2, 19);
INSERT INTO PlantedIn (flowerbedID, plantID, percentage, planterID) VALUES (44, 3011, 2, 76);
INSERT INTO PlantedIn (flowerbedID, plantID, percentage, planterID) VALUES (103, 527, 1, 18);
INSERT INTO PlantedIn (flowerbedID, plantID, percentage, planterID) VALUES (273, 2893, 2, 51);
INSERT INTO PlantedIn (flowerbedID, plantID, percentage, planterID) VALUES (202, 1069, 4, 61);
INSERT INTO PlantedIn (flowerbedID, plantID, percentage, planterID) VALUES (268, 1217, 1, 106);
INSERT INTO PlantedIn (flowerbedID, plantID, percentage, planterID) VALUES (97, 1351, 1, 80);
INSERT INTO PlantedIn (flowerbedID, plantID, percentage, planterID) VALUES (154, 1957, 4, 71);
INSERT INTO PlantedIn (flowerbedID, plantID, percentage, planterID) VALUES (203, 2013, 4, 29);
INSERT INTO PlantedIn (flowerbedID, plantID, percentage, planterID) VALUES (90, 2336, 3, 27);
INSERT INTO PlantedIn (flowerbedID, plantID, percentage, planterID) VALUES (222, 995, 3, 128);
INSERT INTO PlantedIn (flowerbedID, plantID, percentage, planterID) VALUES (2, 125, 3, 10);
INSERT INTO PlantedIn (flowerbedID, plantID, percentage, planterID) VALUES (93, 1573, 1, 99);
INSERT INTO PlantedIn (flowerbedID, plantID, percentage, planterID) VALUES (216, 706, 1, 44);
INSERT INTO PlantedIn (flowerbedID, plantID, percentage, planterID) VALUES (160, 2763, 1, 16);
INSERT INTO PlantedIn (flowerbedID, plantID, percentage, planterID) VALUES (67, 1930, 4, 145);
INSERT INTO PlantedIn (flowerbedID, plantID, percentage, planterID) VALUES (6, 19, 2, 124);
INSERT INTO PlantedIn (flowerbedID, plantID, percentage, planterID) VALUES (39, 2717, 1, 1);
INSERT INTO PlantedIn (flowerbedID, plantID, percentage, planterID) VALUES (220, 214, 1, 140);
INSERT INTO PlantedIn (flowerbedID, plantID, percentage, planterID) VALUES (139, 1486, 1, 43);
INSERT INTO PlantedIn (flowerbedID, plantID, percentage, planterID) VALUES (170, 1925, 1, 40);
INSERT INTO PlantedIn (flowerbedID, plantID, percentage, planterID) VALUES (64, 1224, 2, 25);
INSERT INTO PlantedIn (flowerbedID, plantID, percentage, planterID) VALUES (244, 3799, 4, 57);
INSERT INTO PlantedIn (flowerbedID, plantID, percentage, planterID) VALUES (296, 178, 3, 27);
INSERT INTO PlantedIn (flowerbedID, plantID, percentage, planterID) VALUES (246, 3660, 3, 31);
INSERT INTO PlantedIn (flowerbedID, plantID, percentage, planterID) VALUES (1, 3826, 2, 104);
INSERT INTO PlantedIn (flowerbedID, plantID, percentage, planterID) VALUES (112, 3270, 4, 112);
INSERT INTO PlantedIn (flowerbedID, plantID, percentage, planterID) VALUES (103, 3391, 3, 7);
INSERT INTO PlantedIn (flowerbedID, plantID, percentage, planterID) VALUES (50, 1236, 1, 146);
INSERT INTO PlantedIn (flowerbedID, plantID, percentage, planterID) VALUES (110, 3, 2, 129);
INSERT INTO PlantedIn (flowerbedID, plantID, percentage, planterID) VALUES (36, 2685, 4, 56);
INSERT INTO PlantedIn (flowerbedID, plantID, percentage, planterID) VALUES (192, 1943, 3, 86);
INSERT INTO PlantedIn (flowerbedID, plantID, percentage, planterID) VALUES (148, 369, 4, 19);
INSERT INTO PlantedIn (flowerbedID, plantID, percentage, planterID) VALUES (282, 2920, 2, 139);
INSERT INTO PlantedIn (flowerbedID, plantID, percentage, planterID) VALUES (190, 3272, 4, 145);
INSERT INTO PlantedIn (flowerbedID, plantID, percentage, planterID) VALUES (9, 3215, 1, 144);
INSERT INTO PlantedIn (flowerbedID, plantID, percentage, planterID) VALUES (46, 2634, 3, 60);
INSERT INTO PlantedIn (flowerbedID, plantID, percentage, planterID) VALUES (204, 360, 4, 138);
INSERT INTO PlantedIn (flowerbedID, plantID, percentage, planterID) VALUES (236, 481, 2, 128);
INSERT INTO PlantedIn (flowerbedID, plantID, percentage, planterID) VALUES (188, 916, 1, 13);
INSERT INTO PlantedIn (flowerbedID, plantID, percentage, planterID) VALUES (280, 3065, 3, 97);
INSERT INTO PlantedIn (flowerbedID, plantID, percentage, planterID) VALUES (192, 1549, 3, 68);
INSERT INTO PlantedIn (flowerbedID, plantID, percentage, planterID) VALUES (70, 893, 2, 148);
INSERT INTO PlantedIn (flowerbedID, plantID, percentage, planterID) VALUES (273, 791, 3, 155);
INSERT INTO PlantedIn (flowerbedID, plantID, percentage, planterID) VALUES (90, 2703, 1, 68);
INSERT INTO PlantedIn (flowerbedID, plantID, percentage, planterID) VALUES (247, 527, 2, 89);
INSERT INTO PlantedIn (flowerbedID, plantID, percentage, planterID) VALUES (112, 2268, 3, 98);
INSERT INTO PlantedIn (flowerbedID, plantID, percentage, planterID) VALUES (281, 2569, 1, 113);
INSERT INTO PlantedIn (flowerbedID, plantID, percentage, planterID) VALUES (268, 1991, 4, 96);
INSERT INTO PlantedIn (flowerbedID, plantID, percentage, planterID) VALUES (216, 1755, 1, 70);
INSERT INTO PlantedIn (flowerbedID, plantID, percentage, planterID) VALUES (46, 3082, 4, 18);
INSERT INTO PlantedIn (flowerbedID, plantID, percentage, planterID) VALUES (280, 2385, 2, 74);
INSERT INTO PlantedIn (flowerbedID, plantID, percentage, planterID) VALUES (61, 3851, 4, 2);
INSERT INTO PlantedIn (flowerbedID, plantID, percentage, planterID) VALUES (165, 3827, 4, 116);
INSERT INTO PlantedIn (flowerbedID, plantID, percentage, planterID) VALUES (158, 3640, 2, 153);
INSERT INTO PlantedIn (flowerbedID, plantID, percentage, planterID) VALUES (182, 2095, 3, 110);
INSERT INTO PlantedIn (flowerbedID, plantID, percentage, planterID) VALUES (18, 732, 4, 54);
INSERT INTO PlantedIn (flowerbedID, plantID, percentage, planterID) VALUES (193, 2750, 4, 137);
INSERT INTO PlantedIn (flowerbedID, plantID, percentage, planterID) VALUES (153, 3465, 2, 133);
INSERT INTO PlantedIn (flowerbedID, plantID, percentage, planterID) VALUES (154, 772, 3, 129);
INSERT INTO PlantedIn (flowerbedID, plantID, percentage, planterID) VALUES (59, 2938, 3, 119);
INSERT INTO PlantedIn (flowerbedID, plantID, percentage, planterID) VALUES (225, 1386, 2, 112);
INSERT INTO PlantedIn (flowerbedID, plantID, percentage, planterID) VALUES (90, 2063, 4, 128);
INSERT INTO PlantedIn (flowerbedID, plantID, percentage, planterID) VALUES (23, 1465, 1, 71);
INSERT INTO PlantedIn (flowerbedID, plantID, percentage, planterID) VALUES (170, 2774, 1, 157);
INSERT INTO PlantedIn (flowerbedID, plantID, percentage, planterID) VALUES (129, 2717, 4, 2);
INSERT INTO PlantedIn (flowerbedID, plantID, percentage, planterID) VALUES (180, 3017, 1, 66);
INSERT INTO PlantedIn (flowerbedID, plantID, percentage, planterID) VALUES (294, 498, 1, 143);
INSERT INTO PlantedIn (flowerbedID, plantID, percentage, planterID) VALUES (266, 1993, 3, 159);
INSERT INTO PlantedIn (flowerbedID, plantID, percentage, planterID) VALUES (262, 2202, 1, 158);
INSERT INTO PlantedIn (flowerbedID, plantID, percentage, planterID) VALUES (31, 2552, 1, 14);
INSERT INTO PlantedIn (flowerbedID, plantID, percentage, planterID) VALUES (12, 1890, 3, 54);
INSERT INTO PlantedIn (flowerbedID, plantID, percentage, planterID) VALUES (62, 853, 3, 141);
INSERT INTO PlantedIn (flowerbedID, plantID, percentage, planterID) VALUES (277, 3192, 3, 99);
INSERT INTO PlantedIn (flowerbedID, plantID, percentage, planterID) VALUES (182, 3687, 3, 110);
INSERT INTO PlantedIn (flowerbedID, plantID, percentage, planterID) VALUES (293, 2648, 4, 106);
INSERT INTO PlantedIn (flowerbedID, plantID, percentage, planterID) VALUES (77, 2039, 2, 5);
INSERT INTO PlantedIn (flowerbedID, plantID, percentage, planterID) VALUES (57, 419, 1, 93);
INSERT INTO PlantedIn (flowerbedID, plantID, percentage, planterID) VALUES (179, 3279, 4, 144);
INSERT INTO PlantedIn (flowerbedID, plantID, percentage, planterID) VALUES (21, 2521, 4, 76);
INSERT INTO PlantedIn (flowerbedID, plantID, percentage, planterID) VALUES (143, 50, 1, 89);
INSERT INTO PlantedIn (flowerbedID, plantID, percentage, planterID) VALUES (289, 581, 1, 116);
INSERT INTO PlantedIn (flowerbedID, plantID, percentage, planterID) VALUES (184, 1673, 3, 4);
INSERT INTO PlantedIn (flowerbedID, plantID, percentage, planterID) VALUES (36, 2438, 2, 77);
INSERT INTO PlantedIn (flowerbedID, plantID, percentage, planterID) VALUES (48, 1836, 2, 126);
INSERT INTO PlantedIn (flowerbedID, plantID, percentage, planterID) VALUES (175, 1031, 1, 99);
INSERT INTO PlantedIn (flowerbedID, plantID, percentage, planterID) VALUES (18, 1634, 3, 31);
INSERT INTO PlantedIn (flowerbedID, plantID, percentage, planterID) VALUES (131, 2673, 2, 107);
INSERT INTO PlantedIn (flowerbedID, plantID, percentage, planterID) VALUES (252, 1129, 2, 78);
INSERT INTO PlantedIn (flowerbedID, plantID, percentage, planterID) VALUES (217, 1822, 4, 9);
INSERT INTO PlantedIn (flowerbedID, plantID, percentage, planterID) VALUES (31, 1920, 2, 37);
INSERT INTO PlantedIn (flowerbedID, plantID, percentage, planterID) VALUES (291, 3649, 3, 105);
INSERT INTO PlantedIn (flowerbedID, plantID, percentage, planterID) VALUES (64, 692, 2, 127);
INSERT INTO PlantedIn (flowerbedID, plantID, percentage, planterID) VALUES (176, 2775, 3, 88);
INSERT INTO PlantedIn (flowerbedID, plantID, percentage, planterID) VALUES (43, 2652, 3, 32);
INSERT INTO PlantedIn (flowerbedID, plantID, percentage, planterID) VALUES (29, 1659, 4, 117);
INSERT INTO PlantedIn (flowerbedID, plantID, percentage, planterID) VALUES (270, 2801, 1, 114);
INSERT INTO PlantedIn (flowerbedID, plantID, percentage, planterID) VALUES (67, 3385, 1, 46);
INSERT INTO PlantedIn (flowerbedID, plantID, percentage, planterID) VALUES (246, 3357, 1, 129);
INSERT INTO PlantedIn (flowerbedID, plantID, percentage, planterID) VALUES (15, 1862, 3, 62);
INSERT INTO PlantedIn (flowerbedID, plantID, percentage, planterID) VALUES (60, 3348, 2, 48);
INSERT INTO PlantedIn (flowerbedID, plantID, percentage, planterID) VALUES (166, 1774, 4, 158);
INSERT INTO PlantedIn (flowerbedID, plantID, percentage, planterID) VALUES (79, 3458, 2, 26);
INSERT INTO PlantedIn (flowerbedID, plantID, percentage, planterID) VALUES (97, 3185, 1, 31);
INSERT INTO PlantedIn (flowerbedID, plantID, percentage, planterID) VALUES (164, 3238, 4, 39);
INSERT INTO PlantedIn (flowerbedID, plantID, percentage, planterID) VALUES (107, 2742, 2, 97);
INSERT INTO PlantedIn (flowerbedID, plantID, percentage, planterID) VALUES (58, 3555, 2, 7);
INSERT INTO PlantedIn (flowerbedID, plantID, percentage, planterID) VALUES (235, 1218, 2, 126);
INSERT INTO PlantedIn (flowerbedID, plantID, percentage, planterID) VALUES (232, 2501, 1, 47);
INSERT INTO PlantedIn (flowerbedID, plantID, percentage, planterID) VALUES (162, 1611, 4, 68);
INSERT INTO PlantedIn (flowerbedID, plantID, percentage, planterID) VALUES (73, 2198, 4, 16);
INSERT INTO PlantedIn (flowerbedID, plantID, percentage, planterID) VALUES (122, 1222, 1, 97);
INSERT INTO PlantedIn (flowerbedID, plantID, percentage, planterID) VALUES (241, 2015, 1, 113);
INSERT INTO PlantedIn (flowerbedID, plantID, percentage, planterID) VALUES (69, 835, 2, 98);
INSERT INTO PlantedIn (flowerbedID, plantID, percentage, planterID) VALUES (41, 2337, 4, 140);
INSERT INTO PlantedIn (flowerbedID, plantID, percentage, planterID) VALUES (275, 2098, 3, 45);
INSERT INTO PlantedIn (flowerbedID, plantID, percentage, planterID) VALUES (57, 2038, 3, 126);
INSERT INTO PlantedIn (flowerbedID, plantID, percentage, planterID) VALUES (283, 472, 1, 103);
INSERT INTO PlantedIn (flowerbedID, plantID, percentage, planterID) VALUES (1, 2061, 4, 38);
INSERT INTO PlantedIn (flowerbedID, plantID, percentage, planterID) VALUES (26, 2072, 1, 122);
INSERT INTO PlantedIn (flowerbedID, plantID, percentage, planterID) VALUES (42, 2006, 1, 25);
INSERT INTO PlantedIn (flowerbedID, plantID, percentage, planterID) VALUES (19, 1551, 2, 130);
INSERT INTO PlantedIn (flowerbedID, plantID, percentage, planterID) VALUES (181, 2239, 2, 10);
INSERT INTO PlantedIn (flowerbedID, plantID, percentage, planterID) VALUES (80, 121, 2, 68);
INSERT INTO PlantedIn (flowerbedID, plantID, percentage, planterID) VALUES (169, 2352, 3, 13);
INSERT INTO PlantedIn (flowerbedID, plantID, percentage, planterID) VALUES (143, 168, 3, 156);
INSERT INTO PlantedIn (flowerbedID, plantID, percentage, planterID) VALUES (174, 2360, 3, 135);
INSERT INTO PlantedIn (flowerbedID, plantID, percentage, planterID) VALUES (39, 3570, 1, 135);
INSERT INTO PlantedIn (flowerbedID, plantID, percentage, planterID) VALUES (98, 2060, 2, 77);
INSERT INTO PlantedIn (flowerbedID, plantID, percentage, planterID) VALUES (5, 1642, 3, 22);
INSERT INTO PlantedIn (flowerbedID, plantID, percentage, planterID) VALUES (2, 705, 2, 158);
INSERT INTO PlantedIn (flowerbedID, plantID, percentage, planterID) VALUES (64, 1195, 4, 93);
INSERT INTO PlantedIn (flowerbedID, plantID, percentage, planterID) VALUES (275, 2361, 2, 69);
INSERT INTO PlantedIn (flowerbedID, plantID, percentage, planterID) VALUES (198, 2829, 4, 40);
INSERT INTO PlantedIn (flowerbedID, plantID, percentage, planterID) VALUES (80, 2601, 2, 42);
INSERT INTO PlantedIn (flowerbedID, plantID, percentage, planterID) VALUES (30, 1406, 1, 156);
INSERT INTO PlantedIn (flowerbedID, plantID, percentage, planterID) VALUES (164, 3165, 4, 64);
INSERT INTO PlantedIn (flowerbedID, plantID, percentage, planterID) VALUES (39, 3507, 1, 93);
INSERT INTO PlantedIn (flowerbedID, plantID, percentage, planterID) VALUES (155, 3611, 1, 76);
INSERT INTO PlantedIn (flowerbedID, plantID, percentage, planterID) VALUES (71, 1529, 1, 70);
INSERT INTO PlantedIn (flowerbedID, plantID, percentage, planterID) VALUES (40, 1383, 4, 32);
INSERT INTO PlantedIn (flowerbedID, plantID, percentage, planterID) VALUES (27, 1608, 2, 135);
INSERT INTO PlantedIn (flowerbedID, plantID, percentage, planterID) VALUES (27, 71, 1, 110);
INSERT INTO PlantedIn (flowerbedID, plantID, percentage, planterID) VALUES (115, 2078, 4, 50);
INSERT INTO PlantedIn (flowerbedID, plantID, percentage, planterID) VALUES (107, 2546, 2, 119);
INSERT INTO PlantedIn (flowerbedID, plantID, percentage, planterID) VALUES (170, 871, 1, 92);
INSERT INTO PlantedIn (flowerbedID, plantID, percentage, planterID) VALUES (48, 3747, 2, 45);
INSERT INTO PlantedIn (flowerbedID, plantID, percentage, planterID) VALUES (110, 2555, 2, 93);
INSERT INTO PlantedIn (flowerbedID, plantID, percentage, planterID) VALUES (6, 2801, 1, 51);
INSERT INTO PlantedIn (flowerbedID, plantID, percentage, planterID) VALUES (43, 278, 1, 80);
INSERT INTO PlantedIn (flowerbedID, plantID, percentage, planterID) VALUES (27, 379, 2, 72);
INSERT INTO PlantedIn (flowerbedID, plantID, percentage, planterID) VALUES (191, 2719, 4, 69);
INSERT INTO PlantedIn (flowerbedID, plantID, percentage, planterID) VALUES (109, 339, 4, 82);
INSERT INTO PlantedIn (flowerbedID, plantID, percentage, planterID) VALUES (94, 22, 2, 3);
INSERT INTO PlantedIn (flowerbedID, plantID, percentage, planterID) VALUES (292, 1035, 2, 149);
INSERT INTO PlantedIn (flowerbedID, plantID, percentage, planterID) VALUES (278, 1568, 4, 145);
INSERT INTO PlantedIn (flowerbedID, plantID, percentage, planterID) VALUES (39, 502, 2, 10);
INSERT INTO PlantedIn (flowerbedID, plantID, percentage, planterID) VALUES (61, 2003, 2, 86);
INSERT INTO PlantedIn (flowerbedID, plantID, percentage, planterID) VALUES (185, 3539, 2, 132);
INSERT INTO PlantedIn (flowerbedID, plantID, percentage, planterID) VALUES (186, 633, 4, 42);
INSERT INTO PlantedIn (flowerbedID, plantID, percentage, planterID) VALUES (76, 2782, 3, 157);
INSERT INTO PlantedIn (flowerbedID, plantID, percentage, planterID) VALUES (217, 3559, 3, 7);
INSERT INTO PlantedIn (flowerbedID, plantID, percentage, planterID) VALUES (57, 3487, 1, 7);
INSERT INTO PlantedIn (flowerbedID, plantID, percentage, planterID) VALUES (93, 3393, 2, 12);
INSERT INTO PlantedIn (flowerbedID, plantID, percentage, planterID) VALUES (3, 464, 1, 122);
INSERT INTO PlantedIn (flowerbedID, plantID, percentage, planterID) VALUES (191, 807, 2, 87);
INSERT INTO PlantedIn (flowerbedID, plantID, percentage, planterID) VALUES (38, 1024, 3, 88);
INSERT INTO PlantedIn (flowerbedID, plantID, percentage, planterID) VALUES (129, 2897, 3, 125);
INSERT INTO PlantedIn (flowerbedID, plantID, percentage, planterID) VALUES (141, 2449, 1, 42);
INSERT INTO PlantedIn (flowerbedID, plantID, percentage, planterID) VALUES (166, 1079, 3, 154);
INSERT INTO PlantedIn (flowerbedID, plantID, percentage, planterID) VALUES (55, 3613, 2, 148);
INSERT INTO PlantedIn (flowerbedID, plantID, percentage, planterID) VALUES (243, 3571, 4, 160);
INSERT INTO PlantedIn (flowerbedID, plantID, percentage, planterID) VALUES (14, 2456, 3, 6);
INSERT INTO PlantedIn (flowerbedID, plantID, percentage, planterID) VALUES (253, 2050, 4, 161);
INSERT INTO PlantedIn (flowerbedID, plantID, percentage, planterID) VALUES (238, 1707, 1, 123);
INSERT INTO PlantedIn (flowerbedID, plantID, percentage, planterID) VALUES (58, 1685, 3, 156);
INSERT INTO PlantedIn (flowerbedID, plantID, percentage, planterID) VALUES (21, 565, 3, 147);
INSERT INTO PlantedIn (flowerbedID, plantID, percentage, planterID) VALUES (128, 2897, 3, 63);
INSERT INTO PlantedIn (flowerbedID, plantID, percentage, planterID) VALUES (205, 871, 2, 17);
INSERT INTO PlantedIn (flowerbedID, plantID, percentage, planterID) VALUES (45, 85, 1, 55);
INSERT INTO PlantedIn (flowerbedID, plantID, percentage, planterID) VALUES (197, 1335, 3, 151);
INSERT INTO PlantedIn (flowerbedID, plantID, percentage, planterID) VALUES (262, 3130, 3, 81);
INSERT INTO PlantedIn (flowerbedID, plantID, percentage, planterID) VALUES (76, 700, 2, 154);
INSERT INTO PlantedIn (flowerbedID, plantID, percentage, planterID) VALUES (185, 3080, 3, 18);
INSERT INTO PlantedIn (flowerbedID, plantID, percentage, planterID) VALUES (282, 3699, 2, 54);
INSERT INTO PlantedIn (flowerbedID, plantID, percentage, planterID) VALUES (270, 268, 1, 153);
INSERT INTO PlantedIn (flowerbedID, plantID, percentage, planterID) VALUES (28, 784, 3, 42);
INSERT INTO PlantedIn (flowerbedID, plantID, percentage, planterID) VALUES (164, 450, 2, 43);
INSERT INTO PlantedIn (flowerbedID, plantID, percentage, planterID) VALUES (277, 2781, 1, 17);
INSERT INTO PlantedIn (flowerbedID, plantID, percentage, planterID) VALUES (270, 3820, 3, 107);
INSERT INTO PlantedIn (flowerbedID, plantID, percentage, planterID) VALUES (235, 2790, 3, 36);
INSERT INTO PlantedIn (flowerbedID, plantID, percentage, planterID) VALUES (203, 1984, 2, 17);
INSERT INTO PlantedIn (flowerbedID, plantID, percentage, planterID) VALUES (57, 270, 1, 134);
INSERT INTO PlantedIn (flowerbedID, plantID, percentage, planterID) VALUES (42, 2557, 1, 24);
INSERT INTO PlantedIn (flowerbedID, plantID, percentage, planterID) VALUES (149, 883, 2, 144);
INSERT INTO PlantedIn (flowerbedID, plantID, percentage, planterID) VALUES (284, 3595, 4, 104);
INSERT INTO PlantedIn (flowerbedID, plantID, percentage, planterID) VALUES (275, 851, 3, 63);
INSERT INTO PlantedIn (flowerbedID, plantID, percentage, planterID) VALUES (282, 2200, 3, 75);
INSERT INTO PlantedIn (flowerbedID, plantID, percentage, planterID) VALUES (179, 3016, 3, 62);
INSERT INTO PlantedIn (flowerbedID, plantID, percentage, planterID) VALUES (264, 3648, 2, 124);
INSERT INTO PlantedIn (flowerbedID, plantID, percentage, planterID) VALUES (52, 2139, 1, 138);
INSERT INTO PlantedIn (flowerbedID, plantID, percentage, planterID) VALUES (187, 1289, 3, 18);
INSERT INTO PlantedIn (flowerbedID, plantID, percentage, planterID) VALUES (270, 2071, 4, 32);
INSERT INTO PlantedIn (flowerbedID, plantID, percentage, planterID) VALUES (19, 737, 3, 44);
INSERT INTO PlantedIn (flowerbedID, plantID, percentage, planterID) VALUES (291, 2381, 2, 68);
INSERT INTO PlantedIn (flowerbedID, plantID, percentage, planterID) VALUES (35, 1390, 4, 124);
INSERT INTO PlantedIn (flowerbedID, plantID, percentage, planterID) VALUES (91, 1682, 2, 65);
INSERT INTO PlantedIn (flowerbedID, plantID, percentage, planterID) VALUES (296, 683, 2, 103);
INSERT INTO PlantedIn (flowerbedID, plantID, percentage, planterID) VALUES (174, 2177, 1, 151);
INSERT INTO PlantedIn (flowerbedID, plantID, percentage, planterID) VALUES (269, 3777, 4, 132);
INSERT INTO PlantedIn (flowerbedID, plantID, percentage, planterID) VALUES (154, 3681, 3, 135);
INSERT INTO PlantedIn (flowerbedID, plantID, percentage, planterID) VALUES (43, 154, 1, 41);
INSERT INTO PlantedIn (flowerbedID, plantID, percentage, planterID) VALUES (197, 2428, 4, 91);
INSERT INTO PlantedIn (flowerbedID, plantID, percentage, planterID) VALUES (296, 939, 2, 132);
INSERT INTO PlantedIn (flowerbedID, plantID, percentage, planterID) VALUES (203, 548, 3, 132);
INSERT INTO PlantedIn (flowerbedID, plantID, percentage, planterID) VALUES (96, 1397, 4, 24);
INSERT INTO PlantedIn (flowerbedID, plantID, percentage, planterID) VALUES (277, 40, 4, 18);
INSERT INTO PlantedIn (flowerbedID, plantID, percentage, planterID) VALUES (296, 3351, 3, 107);
INSERT INTO PlantedIn (flowerbedID, plantID, percentage, planterID) VALUES (245, 1562, 4, 13);
INSERT INTO PlantedIn (flowerbedID, plantID, percentage, planterID) VALUES (133, 1196, 1, 13);
INSERT INTO PlantedIn (flowerbedID, plantID, percentage, planterID) VALUES (281, 2322, 4, 150);
INSERT INTO PlantedIn (flowerbedID, plantID, percentage, planterID) VALUES (253, 2463, 3, 38);
INSERT INTO PlantedIn (flowerbedID, plantID, percentage, planterID) VALUES (101, 366, 2, 16);
INSERT INTO PlantedIn (flowerbedID, plantID, percentage, planterID) VALUES (288, 2739, 4, 142);
INSERT INTO PlantedIn (flowerbedID, plantID, percentage, planterID) VALUES (34, 3472, 3, 128);
INSERT INTO PlantedIn (flowerbedID, plantID, percentage, planterID) VALUES (63, 3162, 1, 113);
INSERT INTO PlantedIn (flowerbedID, plantID, percentage, planterID) VALUES (126, 2030, 2, 13);
INSERT INTO PlantedIn (flowerbedID, plantID, percentage, planterID) VALUES (49, 1106, 4, 135);
INSERT INTO PlantedIn (flowerbedID, plantID, percentage, planterID) VALUES (81, 3753, 3, 7);
INSERT INTO PlantedIn (flowerbedID, plantID, percentage, planterID) VALUES (89, 129, 3, 152);
INSERT INTO PlantedIn (flowerbedID, plantID, percentage, planterID) VALUES (203, 3003, 4, 150);
INSERT INTO PlantedIn (flowerbedID, plantID, percentage, planterID) VALUES (202, 2368, 4, 60);
INSERT INTO PlantedIn (flowerbedID, plantID, percentage, planterID) VALUES (129, 3862, 4, 5);
INSERT INTO PlantedIn (flowerbedID, plantID, percentage, planterID) VALUES (157, 379, 3, 20);
INSERT INTO PlantedIn (flowerbedID, plantID, percentage, planterID) VALUES (115, 3456, 3, 108);
INSERT INTO PlantedIn (flowerbedID, plantID, percentage, planterID) VALUES (259, 2575, 1, 46);
INSERT INTO PlantedIn (flowerbedID, plantID, percentage, planterID) VALUES (210, 552, 4, 137);
INSERT INTO PlantedIn (flowerbedID, plantID, percentage, planterID) VALUES (157, 3039, 1, 99);
INSERT INTO PlantedIn (flowerbedID, plantID, percentage, planterID) VALUES (120, 3549, 4, 14);
INSERT INTO PlantedIn (flowerbedID, plantID, percentage, planterID) VALUES (275, 421, 2, 117);
INSERT INTO PlantedIn (flowerbedID, plantID, percentage, planterID) VALUES (62, 3049, 3, 22);
INSERT INTO PlantedIn (flowerbedID, plantID, percentage, planterID) VALUES (205, 2920, 3, 42);
INSERT INTO PlantedIn (flowerbedID, plantID, percentage, planterID) VALUES (127, 1960, 1, 122);
INSERT INTO PlantedIn (flowerbedID, plantID, percentage, planterID) VALUES (74, 3342, 4, 94);
INSERT INTO PlantedIn (flowerbedID, plantID, percentage, planterID) VALUES (12, 193, 4, 152);
INSERT INTO PlantedIn (flowerbedID, plantID, percentage, planterID) VALUES (48, 2152, 2, 69);
INSERT INTO PlantedIn (flowerbedID, plantID, percentage, planterID) VALUES (84, 773, 3, 100);
INSERT INTO PlantedIn (flowerbedID, plantID, percentage, planterID) VALUES (212, 1102, 2, 142);
INSERT INTO PlantedIn (flowerbedID, plantID, percentage, planterID) VALUES (236, 2976, 1, 20);
INSERT INTO PlantedIn (flowerbedID, plantID, percentage, planterID) VALUES (190, 2557, 2, 139);
INSERT INTO PlantedIn (flowerbedID, plantID, percentage, planterID) VALUES (234, 2989, 4, 58);
INSERT INTO PlantedIn (flowerbedID, plantID, percentage, planterID) VALUES (247, 826, 4, 133);
INSERT INTO PlantedIn (flowerbedID, plantID, percentage, planterID) VALUES (231, 651, 1, 60);
INSERT INTO PlantedIn (flowerbedID, plantID, percentage, planterID) VALUES (207, 1174, 4, 25);
INSERT INTO PlantedIn (flowerbedID, plantID, percentage, planterID) VALUES (151, 2784, 1, 116);
INSERT INTO PlantedIn (flowerbedID, plantID, percentage, planterID) VALUES (2, 1906, 4, 98);
INSERT INTO PlantedIn (flowerbedID, plantID, percentage, planterID) VALUES (79, 2641, 4, 142);
INSERT INTO PlantedIn (flowerbedID, plantID, percentage, planterID) VALUES (104, 2433, 1, 32);
INSERT INTO PlantedIn (flowerbedID, plantID, percentage, planterID) VALUES (219, 2768, 3, 36);
INSERT INTO PlantedIn (flowerbedID, plantID, percentage, planterID) VALUES (265, 2143, 3, 107);
INSERT INTO PlantedIn (flowerbedID, plantID, percentage, planterID) VALUES (257, 2941, 2, 95);
INSERT INTO PlantedIn (flowerbedID, plantID, percentage, planterID) VALUES (144, 844, 2, 99);
INSERT INTO PlantedIn (flowerbedID, plantID, percentage, planterID) VALUES (213, 539, 4, 48);
INSERT INTO PlantedIn (flowerbedID, plantID, percentage, planterID) VALUES (246, 399, 1, 150);
INSERT INTO PlantedIn (flowerbedID, plantID, percentage, planterID) VALUES (220, 207, 1, 51);
INSERT INTO PlantedIn (flowerbedID, plantID, percentage, planterID) VALUES (171, 913, 2, 63);
INSERT INTO PlantedIn (flowerbedID, plantID, percentage, planterID) VALUES (285, 2195, 4, 139);
INSERT INTO PlantedIn (flowerbedID, plantID, percentage, planterID) VALUES (37, 1622, 4, 71);
INSERT INTO PlantedIn (flowerbedID, plantID, percentage, planterID) VALUES (54, 3709, 3, 59);
INSERT INTO PlantedIn (flowerbedID, plantID, percentage, planterID) VALUES (54, 3532, 4, 26);
INSERT INTO PlantedIn (flowerbedID, plantID, percentage, planterID) VALUES (16, 1647, 4, 149);
INSERT INTO PlantedIn (flowerbedID, plantID, percentage, planterID) VALUES (159, 2838, 2, 8);
INSERT INTO PlantedIn (flowerbedID, plantID, percentage, planterID) VALUES (236, 1296, 2, 69);
INSERT INTO PlantedIn (flowerbedID, plantID, percentage, planterID) VALUES (171, 2929, 3, 114);
INSERT INTO PlantedIn (flowerbedID, plantID, percentage, planterID) VALUES (98, 1788, 2, 62);
INSERT INTO PlantedIn (flowerbedID, plantID, percentage, planterID) VALUES (264, 2987, 1, 74);
INSERT INTO PlantedIn (flowerbedID, plantID, percentage, planterID) VALUES (219, 2974, 4, 125);
INSERT INTO PlantedIn (flowerbedID, plantID, percentage, planterID) VALUES (205, 3372, 3, 138);
INSERT INTO PlantedIn (flowerbedID, plantID, percentage, planterID) VALUES (90, 2560, 4, 106);
INSERT INTO PlantedIn (flowerbedID, plantID, percentage, planterID) VALUES (119, 2529, 1, 16);
INSERT INTO PlantedIn (flowerbedID, plantID, percentage, planterID) VALUES (296, 1878, 3, 94);
INSERT INTO PlantedIn (flowerbedID, plantID, percentage, planterID) VALUES (73, 780, 3, 15);
INSERT INTO PlantedIn (flowerbedID, plantID, percentage, planterID) VALUES (199, 1716, 3, 3);
INSERT INTO PlantedIn (flowerbedID, plantID, percentage, planterID) VALUES (65, 1717, 4, 105);
INSERT INTO PlantedIn (flowerbedID, plantID, percentage, planterID) VALUES (64, 1289, 4, 148);
INSERT INTO PlantedIn (flowerbedID, plantID, percentage, planterID) VALUES (62, 2543, 3, 109);
INSERT INTO PlantedIn (flowerbedID, plantID, percentage, planterID) VALUES (96, 944, 3, 57);
INSERT INTO PlantedIn (flowerbedID, plantID, percentage, planterID) VALUES (269, 1623, 4, 155);
INSERT INTO PlantedIn (flowerbedID, plantID, percentage, planterID) VALUES (271, 1708, 1, 78);
INSERT INTO PlantedIn (flowerbedID, plantID, percentage, planterID) VALUES (193, 2057, 2, 124);
INSERT INTO PlantedIn (flowerbedID, plantID, percentage, planterID) VALUES (292, 2837, 1, 147);
INSERT INTO PlantedIn (flowerbedID, plantID, percentage, planterID) VALUES (54, 1793, 2, 25);
INSERT INTO PlantedIn (flowerbedID, plantID, percentage, planterID) VALUES (239, 3864, 1, 50);
INSERT INTO PlantedIn (flowerbedID, plantID, percentage, planterID) VALUES (197, 3560, 4, 88);
INSERT INTO PlantedIn (flowerbedID, plantID, percentage, planterID) VALUES (50, 3237, 1, 120);
INSERT INTO PlantedIn (flowerbedID, plantID, percentage, planterID) VALUES (11, 1543, 3, 54);
INSERT INTO PlantedIn (flowerbedID, plantID, percentage, planterID) VALUES (228, 3252, 4, 18);
INSERT INTO PlantedIn (flowerbedID, plantID, percentage, planterID) VALUES (92, 928, 1, 58);
INSERT INTO PlantedIn (flowerbedID, plantID, percentage, planterID) VALUES (72, 2398, 4, 19);
INSERT INTO PlantedIn (flowerbedID, plantID, percentage, planterID) VALUES (162, 2363, 3, 151);
INSERT INTO PlantedIn (flowerbedID, plantID, percentage, planterID) VALUES (135, 2196, 3, 133);
INSERT INTO PlantedIn (flowerbedID, plantID, percentage, planterID) VALUES (49, 2786, 1, 150);
INSERT INTO PlantedIn (flowerbedID, plantID, percentage, planterID) VALUES (36, 692, 1, 151);
INSERT INTO PlantedIn (flowerbedID, plantID, percentage, planterID) VALUES (211, 222, 1, 157);
INSERT INTO PlantedIn (flowerbedID, plantID, percentage, planterID) VALUES (89, 936, 3, 19);
INSERT INTO PlantedIn (flowerbedID, plantID, percentage, planterID) VALUES (258, 832, 2, 75);
INSERT INTO PlantedIn (flowerbedID, plantID, percentage, planterID) VALUES (248, 1191, 2, 19);
INSERT INTO PlantedIn (flowerbedID, plantID, percentage, planterID) VALUES (180, 3278, 3, 41);
INSERT INTO PlantedIn (flowerbedID, plantID, percentage, planterID) VALUES (9, 426, 1, 133);
INSERT INTO PlantedIn (flowerbedID, plantID, percentage, planterID) VALUES (291, 2818, 3, 36);
INSERT INTO PlantedIn (flowerbedID, plantID, percentage, planterID) VALUES (236, 442, 1, 118);
INSERT INTO PlantedIn (flowerbedID, plantID, percentage, planterID) VALUES (107, 3072, 1, 107);
INSERT INTO PlantedIn (flowerbedID, plantID, percentage, planterID) VALUES (3, 209, 4, 107);
INSERT INTO PlantedIn (flowerbedID, plantID, percentage, planterID) VALUES (109, 2828, 1, 20);
INSERT INTO PlantedIn (flowerbedID, plantID, percentage, planterID) VALUES (183, 353, 1, 48);
INSERT INTO PlantedIn (flowerbedID, plantID, percentage, planterID) VALUES (281, 1972, 4, 161);
INSERT INTO PlantedIn (flowerbedID, plantID, percentage, planterID) VALUES (186, 2712, 3, 35);
INSERT INTO PlantedIn (flowerbedID, plantID, percentage, planterID) VALUES (129, 1564, 1, 47);
INSERT INTO PlantedIn (flowerbedID, plantID, percentage, planterID) VALUES (156, 3684, 4, 52);
INSERT INTO PlantedIn (flowerbedID, plantID, percentage, planterID) VALUES (224, 3558, 4, 17);
INSERT INTO PlantedIn (flowerbedID, plantID, percentage, planterID) VALUES (292, 2766, 2, 103);
INSERT INTO PlantedIn (flowerbedID, plantID, percentage, planterID) VALUES (134, 2724, 1, 99);
INSERT INTO PlantedIn (flowerbedID, plantID, percentage, planterID) VALUES (238, 3289, 3, 47);
INSERT INTO PlantedIn (flowerbedID, plantID, percentage, planterID) VALUES (108, 773, 4, 121);
INSERT INTO PlantedIn (flowerbedID, plantID, percentage, planterID) VALUES (270, 3486, 2, 99);
INSERT INTO PlantedIn (flowerbedID, plantID, percentage, planterID) VALUES (92, 3256, 4, 95);
INSERT INTO PlantedIn (flowerbedID, plantID, percentage, planterID) VALUES (238, 3282, 3, 121);
INSERT INTO PlantedIn (flowerbedID, plantID, percentage, planterID) VALUES (231, 3066, 3, 52);
INSERT INTO PlantedIn (flowerbedID, plantID, percentage, planterID) VALUES (153, 3458, 4, 14);
INSERT INTO PlantedIn (flowerbedID, plantID, percentage, planterID) VALUES (180, 2536, 2, 3);
INSERT INTO PlantedIn (flowerbedID, plantID, percentage, planterID) VALUES (152, 1096, 4, 23);
INSERT INTO PlantedIn (flowerbedID, plantID, percentage, planterID) VALUES (145, 3214, 2, 147);
INSERT INTO PlantedIn (flowerbedID, plantID, percentage, planterID) VALUES (220, 1636, 1, 124);
INSERT INTO PlantedIn (flowerbedID, plantID, percentage, planterID) VALUES (80, 1028, 1, 149);
INSERT INTO PlantedIn (flowerbedID, plantID, percentage, planterID) VALUES (35, 2179, 4, 104);
INSERT INTO PlantedIn (flowerbedID, plantID, percentage, planterID) VALUES (107, 3497, 4, 109);
INSERT INTO PlantedIn (flowerbedID, plantID, percentage, planterID) VALUES (239, 2744, 2, 142);
INSERT INTO PlantedIn (flowerbedID, plantID, percentage, planterID) VALUES (110, 3232, 4, 137);
INSERT INTO PlantedIn (flowerbedID, plantID, percentage, planterID) VALUES (36, 3571, 3, 128);
INSERT INTO PlantedIn (flowerbedID, plantID, percentage, planterID) VALUES (4, 2725, 2, 91);
INSERT INTO PlantedIn (flowerbedID, plantID, percentage, planterID) VALUES (291, 1515, 1, 59);
INSERT INTO PlantedIn (flowerbedID, plantID, percentage, planterID) VALUES (254, 2316, 3, 31);
INSERT INTO PlantedIn (flowerbedID, plantID, percentage, planterID) VALUES (93, 3865, 3, 8);
INSERT INTO PlantedIn (flowerbedID, plantID, percentage, planterID) VALUES (250, 3243, 4, 95);
INSERT INTO PlantedIn (flowerbedID, plantID, percentage, planterID) VALUES (228, 1114, 3, 97);
INSERT INTO PlantedIn (flowerbedID, plantID, percentage, planterID) VALUES (263, 2113, 4, 2);
INSERT INTO PlantedIn (flowerbedID, plantID, percentage, planterID) VALUES (76, 2064, 1, 30);
INSERT INTO PlantedIn (flowerbedID, plantID, percentage, planterID) VALUES (277, 1969, 4, 53);
INSERT INTO PlantedIn (flowerbedID, plantID, percentage, planterID) VALUES (136, 1075, 2, 34);
INSERT INTO PlantedIn (flowerbedID, plantID, percentage, planterID) VALUES (112, 3839, 1, 149);
INSERT INTO PlantedIn (flowerbedID, plantID, percentage, planterID) VALUES (249, 1578, 3, 29);
INSERT INTO PlantedIn (flowerbedID, plantID, percentage, planterID) VALUES (209, 2790, 3, 20);
INSERT INTO PlantedIn (flowerbedID, plantID, percentage, planterID) VALUES (81, 458, 3, 81);
INSERT INTO PlantedIn (flowerbedID, plantID, percentage, planterID) VALUES (196, 2458, 3, 128);
INSERT INTO PlantedIn (flowerbedID, plantID, percentage, planterID) VALUES (44, 191, 3, 79);
INSERT INTO PlantedIn (flowerbedID, plantID, percentage, planterID) VALUES (98, 2523, 1, 155);
INSERT INTO PlantedIn (flowerbedID, plantID, percentage, planterID) VALUES (8, 3272, 2, 68);
INSERT INTO PlantedIn (flowerbedID, plantID, percentage, planterID) VALUES (252, 969, 3, 104);
INSERT INTO PlantedIn (flowerbedID, plantID, percentage, planterID) VALUES (197, 2963, 2, 46);
INSERT INTO PlantedIn (flowerbedID, plantID, percentage, planterID) VALUES (146, 1462, 4, 160);
INSERT INTO PlantedIn (flowerbedID, plantID, percentage, planterID) VALUES (149, 1529, 1, 48);
INSERT INTO PlantedIn (flowerbedID, plantID, percentage, planterID) VALUES (10, 68, 1, 125);
INSERT INTO PlantedIn (flowerbedID, plantID, percentage, planterID) VALUES (20, 718, 2, 134);
INSERT INTO PlantedIn (flowerbedID, plantID, percentage, planterID) VALUES (251, 2602, 4, 103);
INSERT INTO PlantedIn (flowerbedID, plantID, percentage, planterID) VALUES (156, 3819, 2, 45);
INSERT INTO PlantedIn (flowerbedID, plantID, percentage, planterID) VALUES (72, 3332, 4, 6);
INSERT INTO PlantedIn (flowerbedID, plantID, percentage, planterID) VALUES (188, 1145, 1, 44);
INSERT INTO PlantedIn (flowerbedID, plantID, percentage, planterID) VALUES (202, 703, 1, 151);
INSERT INTO PlantedIn (flowerbedID, plantID, percentage, planterID) VALUES (173, 577, 3, 55);
INSERT INTO PlantedIn (flowerbedID, plantID, percentage, planterID) VALUES (50, 178, 1, 135);
INSERT INTO PlantedIn (flowerbedID, plantID, percentage, planterID) VALUES (70, 2161, 1, 108);
INSERT INTO PlantedIn (flowerbedID, plantID, percentage, planterID) VALUES (70, 872, 4, 161);
INSERT INTO PlantedIn (flowerbedID, plantID, percentage, planterID) VALUES (64, 741, 2, 19);
INSERT INTO PlantedIn (flowerbedID, plantID, percentage, planterID) VALUES (17, 543, 3, 61);
INSERT INTO PlantedIn (flowerbedID, plantID, percentage, planterID) VALUES (131, 2327, 1, 138);
INSERT INTO PlantedIn (flowerbedID, plantID, percentage, planterID) VALUES (235, 2598, 2, 49);
INSERT INTO PlantedIn (flowerbedID, plantID, percentage, planterID) VALUES (194, 2915, 4, 39);
INSERT INTO PlantedIn (flowerbedID, plantID, percentage, planterID) VALUES (23, 3408, 2, 51);
INSERT INTO PlantedIn (flowerbedID, plantID, percentage, planterID) VALUES (22, 1572, 1, 128);
INSERT INTO PlantedIn (flowerbedID, plantID, percentage, planterID) VALUES (164, 348, 4, 140);
INSERT INTO PlantedIn (flowerbedID, plantID, percentage, planterID) VALUES (207, 2352, 2, 17);
INSERT INTO PlantedIn (flowerbedID, plantID, percentage, planterID) VALUES (84, 1454, 1, 144);
INSERT INTO PlantedIn (flowerbedID, plantID, percentage, planterID) VALUES (293, 3116, 3, 16);
INSERT INTO PlantedIn (flowerbedID, plantID, percentage, planterID) VALUES (168, 1202, 4, 87);
INSERT INTO PlantedIn (flowerbedID, plantID, percentage, planterID) VALUES (48, 1742, 1, 72);
INSERT INTO PlantedIn (flowerbedID, plantID, percentage, planterID) VALUES (100, 2762, 2, 90);
INSERT INTO PlantedIn (flowerbedID, plantID, percentage, planterID) VALUES (37, 1014, 3, 92);
INSERT INTO PlantedIn (flowerbedID, plantID, percentage, planterID) VALUES (106, 1321, 1, 113);
INSERT INTO PlantedIn (flowerbedID, plantID, percentage, planterID) VALUES (285, 2884, 1, 90);
INSERT INTO PlantedIn (flowerbedID, plantID, percentage, planterID) VALUES (37, 1379, 1, 58);
INSERT INTO PlantedIn (flowerbedID, plantID, percentage, planterID) VALUES (49, 1630, 3, 125);
INSERT INTO PlantedIn (flowerbedID, plantID, percentage, planterID) VALUES (219, 869, 4, 103);
INSERT INTO PlantedIn (flowerbedID, plantID, percentage, planterID) VALUES (202, 55, 1, 22);
INSERT INTO PlantedIn (flowerbedID, plantID, percentage, planterID) VALUES (218, 2505, 4, 72);
INSERT INTO PlantedIn (flowerbedID, plantID, percentage, planterID) VALUES (273, 3654, 2, 90);
INSERT INTO PlantedIn (flowerbedID, plantID, percentage, planterID) VALUES (86, 655, 1, 53);
INSERT INTO PlantedIn (flowerbedID, plantID, percentage, planterID) VALUES (274, 3196, 1, 81);
INSERT INTO PlantedIn (flowerbedID, plantID, percentage, planterID) VALUES (55, 3090, 2, 24);
INSERT INTO PlantedIn (flowerbedID, plantID, percentage, planterID) VALUES (67, 3320, 4, 12);
INSERT INTO PlantedIn (flowerbedID, plantID, percentage, planterID) VALUES (204, 3756, 2, 132);
INSERT INTO PlantedIn (flowerbedID, plantID, percentage, planterID) VALUES (186, 693, 3, 45);
INSERT INTO PlantedIn (flowerbedID, plantID, percentage, planterID) VALUES (38, 2997, 2, 137);
INSERT INTO PlantedIn (flowerbedID, plantID, percentage, planterID) VALUES (283, 387, 4, 112);
INSERT INTO PlantedIn (flowerbedID, plantID, percentage, planterID) VALUES (278, 448, 1, 155);
INSERT INTO PlantedIn (flowerbedID, plantID, percentage, planterID) VALUES (274, 132, 1, 79);
INSERT INTO PlantedIn (flowerbedID, plantID, percentage, planterID) VALUES (267, 2033, 4, 16);
INSERT INTO PlantedIn (flowerbedID, plantID, percentage, planterID) VALUES (58, 3616, 4, 127);
INSERT INTO PlantedIn (flowerbedID, plantID, percentage, planterID) VALUES (272, 1939, 3, 48);
INSERT INTO PlantedIn (flowerbedID, plantID, percentage, planterID) VALUES (204, 2072, 4, 10);
INSERT INTO PlantedIn (flowerbedID, plantID, percentage, planterID) VALUES (94, 3286, 2, 38);
INSERT INTO PlantedIn (flowerbedID, plantID, percentage, planterID) VALUES (285, 3342, 4, 20);
INSERT INTO PlantedIn (flowerbedID, plantID, percentage, planterID) VALUES (15, 1717, 4, 6);
INSERT INTO PlantedIn (flowerbedID, plantID, percentage, planterID) VALUES (291, 469, 1, 158);
INSERT INTO PlantedIn (flowerbedID, plantID, percentage, planterID) VALUES (17, 2521, 4, 6);
INSERT INTO PlantedIn (flowerbedID, plantID, percentage, planterID) VALUES (46, 1197, 4, 85);
INSERT INTO PlantedIn (flowerbedID, plantID, percentage, planterID) VALUES (253, 2116, 1, 110);
INSERT INTO PlantedIn (flowerbedID, plantID, percentage, planterID) VALUES (119, 3306, 2, 72);
INSERT INTO PlantedIn (flowerbedID, plantID, percentage, planterID) VALUES (216, 2045, 3, 39);
INSERT INTO PlantedIn (flowerbedID, plantID, percentage, planterID) VALUES (163, 820, 3, 103);
INSERT INTO PlantedIn (flowerbedID, plantID, percentage, planterID) VALUES (197, 2423, 3, 92);
INSERT INTO PlantedIn (flowerbedID, plantID, percentage, planterID) VALUES (224, 1729, 4, 136);
INSERT INTO PlantedIn (flowerbedID, plantID, percentage, planterID) VALUES (30, 3164, 2, 133);
INSERT INTO PlantedIn (flowerbedID, plantID, percentage, planterID) VALUES (39, 999, 4, 15);
INSERT INTO PlantedIn (flowerbedID, plantID, percentage, planterID) VALUES (241, 2807, 1, 23);
INSERT INTO PlantedIn (flowerbedID, plantID, percentage, planterID) VALUES (174, 2099, 2, 95);
INSERT INTO PlantedIn (flowerbedID, plantID, percentage, planterID) VALUES (22, 2997, 3, 1);
INSERT INTO PlantedIn (flowerbedID, plantID, percentage, planterID) VALUES (296, 2306, 3, 36);
INSERT INTO PlantedIn (flowerbedID, plantID, percentage, planterID) VALUES (67, 2841, 4, 47);
INSERT INTO PlantedIn (flowerbedID, plantID, percentage, planterID) VALUES (55, 220, 2, 134);
INSERT INTO PlantedIn (flowerbedID, plantID, percentage, planterID) VALUES (262, 2101, 1, 92);
INSERT INTO PlantedIn (flowerbedID, plantID, percentage, planterID) VALUES (105, 413, 4, 140);
INSERT INTO PlantedIn (flowerbedID, plantID, percentage, planterID) VALUES (195, 1397, 3, 40);
INSERT INTO PlantedIn (flowerbedID, plantID, percentage, planterID) VALUES (41, 897, 1, 58);
INSERT INTO PlantedIn (flowerbedID, plantID, percentage, planterID) VALUES (248, 2090, 1, 132);
INSERT INTO PlantedIn (flowerbedID, plantID, percentage, planterID) VALUES (83, 143, 2, 4);
INSERT INTO PlantedIn (flowerbedID, plantID, percentage, planterID) VALUES (28, 3085, 4, 128);
INSERT INTO PlantedIn (flowerbedID, plantID, percentage, planterID) VALUES (269, 3666, 1, 130);
INSERT INTO PlantedIn (flowerbedID, plantID, percentage, planterID) VALUES (17, 2170, 3, 30);
INSERT INTO PlantedIn (flowerbedID, plantID, percentage, planterID) VALUES (276, 1565, 1, 74);
INSERT INTO PlantedIn (flowerbedID, plantID, percentage, planterID) VALUES (191, 2948, 2, 32);
INSERT INTO PlantedIn (flowerbedID, plantID, percentage, planterID) VALUES (91, 3672, 3, 89);
INSERT INTO PlantedIn (flowerbedID, plantID, percentage, planterID) VALUES (296, 2086, 1, 7);
INSERT INTO PlantedIn (flowerbedID, plantID, percentage, planterID) VALUES (101, 3003, 3, 9);
INSERT INTO PlantedIn (flowerbedID, plantID, percentage, planterID) VALUES (16, 81, 4, 142);
INSERT INTO PlantedIn (flowerbedID, plantID, percentage, planterID) VALUES (290, 2216, 1, 34);
INSERT INTO PlantedIn (flowerbedID, plantID, percentage, planterID) VALUES (41, 1416, 1, 126);
INSERT INTO PlantedIn (flowerbedID, plantID, percentage, planterID) VALUES (231, 602, 2, 20);
INSERT INTO PlantedIn (flowerbedID, plantID, percentage, planterID) VALUES (275, 1156, 1, 151);
INSERT INTO PlantedIn (flowerbedID, plantID, percentage, planterID) VALUES (75, 1510, 1, 138);
INSERT INTO PlantedIn (flowerbedID, plantID, percentage, planterID) VALUES (279, 3239, 2, 55);
INSERT INTO PlantedIn (flowerbedID, plantID, percentage, planterID) VALUES (116, 2975, 2, 106);
INSERT INTO PlantedIn (flowerbedID, plantID, percentage, planterID) VALUES (103, 3116, 2, 66);
INSERT INTO PlantedIn (flowerbedID, plantID, percentage, planterID) VALUES (52, 422, 4, 92);
INSERT INTO PlantedIn (flowerbedID, plantID, percentage, planterID) VALUES (80, 2514, 1, 61);
INSERT INTO PlantedIn (flowerbedID, plantID, percentage, planterID) VALUES (284, 871, 1, 70);
INSERT INTO PlantedIn (flowerbedID, plantID, percentage, planterID) VALUES (185, 797, 3, 75);
INSERT INTO PlantedIn (flowerbedID, plantID, percentage, planterID) VALUES (14, 2899, 3, 140);
INSERT INTO PlantedIn (flowerbedID, plantID, percentage, planterID) VALUES (35, 2941, 3, 56);
INSERT INTO PlantedIn (flowerbedID, plantID, percentage, planterID) VALUES (159, 3630, 4, 148);
INSERT INTO PlantedIn (flowerbedID, plantID, percentage, planterID) VALUES (223, 915, 4, 61);
INSERT INTO PlantedIn (flowerbedID, plantID, percentage, planterID) VALUES (104, 3420, 3, 149);
INSERT INTO PlantedIn (flowerbedID, plantID, percentage, planterID) VALUES (160, 823, 2, 137);
INSERT INTO PlantedIn (flowerbedID, plantID, percentage, planterID) VALUES (131, 769, 1, 118);
INSERT INTO PlantedIn (flowerbedID, plantID, percentage, planterID) VALUES (122, 448, 2, 104);
INSERT INTO PlantedIn (flowerbedID, plantID, percentage, planterID) VALUES (259, 1597, 4, 19);
INSERT INTO PlantedIn (flowerbedID, plantID, percentage, planterID) VALUES (53, 1674, 3, 83);
INSERT INTO PlantedIn (flowerbedID, plantID, percentage, planterID) VALUES (112, 1311, 1, 100);
INSERT INTO PlantedIn (flowerbedID, plantID, percentage, planterID) VALUES (173, 3590, 4, 7);
INSERT INTO PlantedIn (flowerbedID, plantID, percentage, planterID) VALUES (244, 3464, 2, 92);
INSERT INTO PlantedIn (flowerbedID, plantID, percentage, planterID) VALUES (157, 1990, 4, 104);
INSERT INTO PlantedIn (flowerbedID, plantID, percentage, planterID) VALUES (189, 771, 2, 66);
INSERT INTO PlantedIn (flowerbedID, plantID, percentage, planterID) VALUES (184, 1882, 4, 83);
INSERT INTO PlantedIn (flowerbedID, plantID, percentage, planterID) VALUES (276, 3709, 2, 85);
INSERT INTO PlantedIn (flowerbedID, plantID, percentage, planterID) VALUES (90, 267, 4, 71);
INSERT INTO PlantedIn (flowerbedID, plantID, percentage, planterID) VALUES (299, 1717, 4, 137);
INSERT INTO PlantedIn (flowerbedID, plantID, percentage, planterID) VALUES (102, 1268, 2, 28);
INSERT INTO PlantedIn (flowerbedID, plantID, percentage, planterID) VALUES (152, 2304, 1, 19);
INSERT INTO PlantedIn (flowerbedID, plantID, percentage, planterID) VALUES (238, 1885, 2, 110);
INSERT INTO PlantedIn (flowerbedID, plantID, percentage, planterID) VALUES (292, 432, 4, 34);
INSERT INTO PlantedIn (flowerbedID, plantID, percentage, planterID) VALUES (22, 2650, 2, 32);
INSERT INTO PlantedIn (flowerbedID, plantID, percentage, planterID) VALUES (226, 2301, 4, 43);
INSERT INTO PlantedIn (flowerbedID, plantID, percentage, planterID) VALUES (12, 157, 2, 97);
INSERT INTO PlantedIn (flowerbedID, plantID, percentage, planterID) VALUES (111, 2795, 1, 143);
INSERT INTO PlantedIn (flowerbedID, plantID, percentage, planterID) VALUES (214, 3188, 1, 35);
INSERT INTO PlantedIn (flowerbedID, plantID, percentage, planterID) VALUES (126, 1199, 1, 62);
INSERT INTO PlantedIn (flowerbedID, plantID, percentage, planterID) VALUES (239, 3844, 4, 108);
INSERT INTO PlantedIn (flowerbedID, plantID, percentage, planterID) VALUES (32, 3164, 1, 115);
INSERT INTO PlantedIn (flowerbedID, plantID, percentage, planterID) VALUES (151, 3293, 2, 95);
INSERT INTO PlantedIn (flowerbedID, plantID, percentage, planterID) VALUES (134, 3061, 2, 2);
INSERT INTO PlantedIn (flowerbedID, plantID, percentage, planterID) VALUES (249, 2220, 1, 149);
INSERT INTO PlantedIn (flowerbedID, plantID, percentage, planterID) VALUES (89, 2687, 1, 39);
INSERT INTO PlantedIn (flowerbedID, plantID, percentage, planterID) VALUES (156, 1642, 4, 41);
INSERT INTO PlantedIn (flowerbedID, plantID, percentage, planterID) VALUES (220, 2299, 3, 27);
INSERT INTO PlantedIn (flowerbedID, plantID, percentage, planterID) VALUES (177, 3018, 3, 53);
INSERT INTO PlantedIn (flowerbedID, plantID, percentage, planterID) VALUES (180, 3752, 1, 151);
INSERT INTO PlantedIn (flowerbedID, plantID, percentage, planterID) VALUES (246, 1625, 2, 63);
INSERT INTO PlantedIn (flowerbedID, plantID, percentage, planterID) VALUES (64, 1441, 1, 131);
INSERT INTO PlantedIn (flowerbedID, plantID, percentage, planterID) VALUES (284, 2406, 1, 43);
INSERT INTO PlantedIn (flowerbedID, plantID, percentage, planterID) VALUES (95, 1813, 4, 45);
INSERT INTO PlantedIn (flowerbedID, plantID, percentage, planterID) VALUES (268, 1897, 3, 134);
INSERT INTO PlantedIn (flowerbedID, plantID, percentage, planterID) VALUES (26, 3613, 3, 28);
INSERT INTO PlantedIn (flowerbedID, plantID, percentage, planterID) VALUES (214, 1800, 2, 64);
INSERT INTO PlantedIn (flowerbedID, plantID, percentage, planterID) VALUES (131, 938, 2, 72);
INSERT INTO PlantedIn (flowerbedID, plantID, percentage, planterID) VALUES (199, 3014, 4, 91);
INSERT INTO PlantedIn (flowerbedID, plantID, percentage, planterID) VALUES (46, 1100, 1, 159);
INSERT INTO PlantedIn (flowerbedID, plantID, percentage, planterID) VALUES (272, 639, 1, 59);
INSERT INTO PlantedIn (flowerbedID, plantID, percentage, planterID) VALUES (190, 2316, 3, 11);
INSERT INTO PlantedIn (flowerbedID, plantID, percentage, planterID) VALUES (27, 3247, 1, 27);
INSERT INTO PlantedIn (flowerbedID, plantID, percentage, planterID) VALUES (232, 1227, 2, 147);
INSERT INTO PlantedIn (flowerbedID, plantID, percentage, planterID) VALUES (235, 850, 1, 139);
INSERT INTO PlantedIn (flowerbedID, plantID, percentage, planterID) VALUES (139, 861, 1, 83);
INSERT INTO PlantedIn (flowerbedID, plantID, percentage, planterID) VALUES (1, 25, 1, 1);
INSERT INTO PlantedIn (flowerbedID, plantID, percentage, planterID) VALUES (87, 3557, 1, 44);
INSERT INTO PlantedIn (flowerbedID, plantID, percentage, planterID) VALUES (26, 2307, 3, 73);
INSERT INTO PlantedIn (flowerbedID, plantID, percentage, planterID) VALUES (59, 1869, 2, 43);
INSERT INTO PlantedIn (flowerbedID, plantID, percentage, planterID) VALUES (97, 1559, 1, 80);
INSERT INTO PlantedIn (flowerbedID, plantID, percentage, planterID) VALUES (216, 1203, 3, 102);
INSERT INTO PlantedIn (flowerbedID, plantID, percentage, planterID) VALUES (159, 1518, 4, 125);
INSERT INTO PlantedIn (flowerbedID, plantID, percentage, planterID) VALUES (184, 777, 3, 21);
INSERT INTO PlantedIn (flowerbedID, plantID, percentage, planterID) VALUES (62, 461, 2, 133);
INSERT INTO PlantedIn (flowerbedID, plantID, percentage, planterID) VALUES (12, 100, 1, 120);
INSERT INTO PlantedIn (flowerbedID, plantID, percentage, planterID) VALUES (187, 452, 4, 146);
INSERT INTO PlantedIn (flowerbedID, plantID, percentage, planterID) VALUES (180, 351, 4, 18);
INSERT INTO PlantedIn (flowerbedID, plantID, percentage, planterID) VALUES (148, 2184, 1, 4);
INSERT INTO PlantedIn (flowerbedID, plantID, percentage, planterID) VALUES (262, 2358, 2, 124);
INSERT INTO PlantedIn (flowerbedID, plantID, percentage, planterID) VALUES (1, 1704, 3, 69);
INSERT INTO PlantedIn (flowerbedID, plantID, percentage, planterID) VALUES (192, 2007, 4, 41);
INSERT INTO PlantedIn (flowerbedID, plantID, percentage, planterID) VALUES (191, 28, 3, 60);
INSERT INTO PlantedIn (flowerbedID, plantID, percentage, planterID) VALUES (10, 163, 3, 138);
INSERT INTO PlantedIn (flowerbedID, plantID, percentage, planterID) VALUES (48, 2497, 4, 82);
INSERT INTO PlantedIn (flowerbedID, plantID, percentage, planterID) VALUES (221, 2233, 1, 118);
INSERT INTO PlantedIn (flowerbedID, plantID, percentage, planterID) VALUES (43, 2726, 1, 77);
INSERT INTO PlantedIn (flowerbedID, plantID, percentage, planterID) VALUES (95, 627, 2, 74);
INSERT INTO PlantedIn (flowerbedID, plantID, percentage, planterID) VALUES (181, 3193, 1, 161);
INSERT INTO PlantedIn (flowerbedID, plantID, percentage, planterID) VALUES (104, 659, 4, 17);
INSERT INTO PlantedIn (flowerbedID, plantID, percentage, planterID) VALUES (54, 1703, 1, 114);
INSERT INTO PlantedIn (flowerbedID, plantID, percentage, planterID) VALUES (145, 1790, 3, 149);
INSERT INTO PlantedIn (flowerbedID, plantID, percentage, planterID) VALUES (275, 325, 1, 13);
INSERT INTO PlantedIn (flowerbedID, plantID, percentage, planterID) VALUES (236, 2009, 1, 14);
INSERT INTO PlantedIn (flowerbedID, plantID, percentage, planterID) VALUES (204, 1950, 2, 73);
INSERT INTO PlantedIn (flowerbedID, plantID, percentage, planterID) VALUES (99, 1379, 3, 92);
INSERT INTO PlantedIn (flowerbedID, plantID, percentage, planterID) VALUES (158, 2409, 3, 114);
INSERT INTO PlantedIn (flowerbedID, plantID, percentage, planterID) VALUES (19, 1235, 3, 158);
INSERT INTO PlantedIn (flowerbedID, plantID, percentage, planterID) VALUES (37, 2273, 1, 127);
INSERT INTO PlantedIn (flowerbedID, plantID, percentage, planterID) VALUES (201, 3139, 2, 17);
INSERT INTO PlantedIn (flowerbedID, plantID, percentage, planterID) VALUES (100, 685, 1, 98);
INSERT INTO PlantedIn (flowerbedID, plantID, percentage, planterID) VALUES (204, 3813, 1, 52);
INSERT INTO PlantedIn (flowerbedID, plantID, percentage, planterID) VALUES (103, 3201, 4, 119);
INSERT INTO PlantedIn (flowerbedID, plantID, percentage, planterID) VALUES (135, 1334, 3, 99);
INSERT INTO PlantedIn (flowerbedID, plantID, percentage, planterID) VALUES (199, 1896, 2, 11);
INSERT INTO PlantedIn (flowerbedID, plantID, percentage, planterID) VALUES (82, 957, 2, 59);
INSERT INTO PlantedIn (flowerbedID, plantID, percentage, planterID) VALUES (250, 289, 3, 75);
INSERT INTO PlantedIn (flowerbedID, plantID, percentage, planterID) VALUES (212, 2063, 2, 40);
INSERT INTO PlantedIn (flowerbedID, plantID, percentage, planterID) VALUES (156, 2051, 4, 69);
INSERT INTO PlantedIn (flowerbedID, plantID, percentage, planterID) VALUES (108, 333, 4, 127);
INSERT INTO PlantedIn (flowerbedID, plantID, percentage, planterID) VALUES (129, 1193, 1, 56);
INSERT INTO PlantedIn (flowerbedID, plantID, percentage, planterID) VALUES (239, 1486, 1, 94);
INSERT INTO PlantedIn (flowerbedID, plantID, percentage, planterID) VALUES (189, 3402, 2, 80);
INSERT INTO PlantedIn (flowerbedID, plantID, percentage, planterID) VALUES (127, 3646, 1, 11);
INSERT INTO PlantedIn (flowerbedID, plantID, percentage, planterID) VALUES (143, 1128, 4, 90);
INSERT INTO PlantedIn (flowerbedID, plantID, percentage, planterID) VALUES (246, 3546, 1, 148);
INSERT INTO PlantedIn (flowerbedID, plantID, percentage, planterID) VALUES (270, 1216, 3, 92);
INSERT INTO PlantedIn (flowerbedID, plantID, percentage, planterID) VALUES (209, 279, 2, 133);
INSERT INTO PlantedIn (flowerbedID, plantID, percentage, planterID) VALUES (285, 909, 4, 138);
INSERT INTO PlantedIn (flowerbedID, plantID, percentage, planterID) VALUES (39, 2988, 3, 129);
INSERT INTO PlantedIn (flowerbedID, plantID, percentage, planterID) VALUES (215, 3123, 1, 118);
INSERT INTO PlantedIn (flowerbedID, plantID, percentage, planterID) VALUES (36, 195, 1, 18);
INSERT INTO PlantedIn (flowerbedID, plantID, percentage, planterID) VALUES (193, 359, 3, 96);
INSERT INTO PlantedIn (flowerbedID, plantID, percentage, planterID) VALUES (122, 333, 1, 43);
INSERT INTO PlantedIn (flowerbedID, plantID, percentage, planterID) VALUES (48, 77, 1, 76);
INSERT INTO PlantedIn (flowerbedID, plantID, percentage, planterID) VALUES (77, 910, 2, 4);
INSERT INTO PlantedIn (flowerbedID, plantID, percentage, planterID) VALUES (3, 2960, 3, 162);
INSERT INTO PlantedIn (flowerbedID, plantID, percentage, planterID) VALUES (172, 2402, 3, 158);
INSERT INTO PlantedIn (flowerbedID, plantID, percentage, planterID) VALUES (246, 416, 4, 103);
INSERT INTO PlantedIn (flowerbedID, plantID, percentage, planterID) VALUES (48, 2696, 4, 11);
INSERT INTO PlantedIn (flowerbedID, plantID, percentage, planterID) VALUES (237, 2396, 1, 60);
INSERT INTO PlantedIn (flowerbedID, plantID, percentage, planterID) VALUES (212, 2306, 4, 53);
INSERT INTO PlantedIn (flowerbedID, plantID, percentage, planterID) VALUES (292, 3835, 4, 44);
INSERT INTO PlantedIn (flowerbedID, plantID, percentage, planterID) VALUES (227, 747, 2, 122);
INSERT INTO PlantedIn (flowerbedID, plantID, percentage, planterID) VALUES (244, 2422, 3, 1);
INSERT INTO PlantedIn (flowerbedID, plantID, percentage, planterID) VALUES (220, 2318, 4, 100);
INSERT INTO PlantedIn (flowerbedID, plantID, percentage, planterID) VALUES (89, 2482, 1, 120);
INSERT INTO PlantedIn (flowerbedID, plantID, percentage, planterID) VALUES (79, 165, 4, 49);
INSERT INTO PlantedIn (flowerbedID, plantID, percentage, planterID) VALUES (192, 2276, 2, 144);
INSERT INTO PlantedIn (flowerbedID, plantID, percentage, planterID) VALUES (99, 3116, 2, 22);
INSERT INTO PlantedIn (flowerbedID, plantID, percentage, planterID) VALUES (239, 1475, 3, 50);
INSERT INTO PlantedIn (flowerbedID, plantID, percentage, planterID) VALUES (172, 3862, 2, 153);
INSERT INTO PlantedIn (flowerbedID, plantID, percentage, planterID) VALUES (188, 3447, 2, 5);
INSERT INTO PlantedIn (flowerbedID, plantID, percentage, planterID) VALUES (147, 2336, 4, 44);
INSERT INTO PlantedIn (flowerbedID, plantID, percentage, planterID) VALUES (74, 3656, 3, 151);
INSERT INTO PlantedIn (flowerbedID, plantID, percentage, planterID) VALUES (296, 620, 3, 82);
INSERT INTO PlantedIn (flowerbedID, plantID, percentage, planterID) VALUES (224, 1187, 1, 152);
INSERT INTO PlantedIn (flowerbedID, plantID, percentage, planterID) VALUES (34, 33, 4, 67);
INSERT INTO PlantedIn (flowerbedID, plantID, percentage, planterID) VALUES (117, 2607, 4, 81);
INSERT INTO PlantedIn (flowerbedID, plantID, percentage, planterID) VALUES (202, 1371, 2, 61);
INSERT INTO PlantedIn (flowerbedID, plantID, percentage, planterID) VALUES (74, 1465, 3, 114);
INSERT INTO PlantedIn (flowerbedID, plantID, percentage, planterID) VALUES (294, 3519, 1, 91);
INSERT INTO PlantedIn (flowerbedID, plantID, percentage, planterID) VALUES (256, 1552, 4, 127);
INSERT INTO PlantedIn (flowerbedID, plantID, percentage, planterID) VALUES (168, 823, 2, 82);
INSERT INTO PlantedIn (flowerbedID, plantID, percentage, planterID) VALUES (156, 1369, 3, 67);
INSERT INTO PlantedIn (flowerbedID, plantID, percentage, planterID) VALUES (109, 2989, 4, 94);
INSERT INTO PlantedIn (flowerbedID, plantID, percentage, planterID) VALUES (134, 47, 1, 124);
INSERT INTO PlantedIn (flowerbedID, plantID, percentage, planterID) VALUES (110, 268, 3, 73);
INSERT INTO PlantedIn (flowerbedID, plantID, percentage, planterID) VALUES (134, 305, 2, 61);
INSERT INTO PlantedIn (flowerbedID, plantID, percentage, planterID) VALUES (296, 3390, 4, 114);
INSERT INTO PlantedIn (flowerbedID, plantID, percentage, planterID) VALUES (84, 1539, 4, 119);
INSERT INTO PlantedIn (flowerbedID, plantID, percentage, planterID) VALUES (183, 624, 1, 26);
INSERT INTO PlantedIn (flowerbedID, plantID, percentage, planterID) VALUES (155, 2087, 4, 132);
INSERT INTO PlantedIn (flowerbedID, plantID, percentage, planterID) VALUES (94, 1193, 4, 109);
INSERT INTO PlantedIn (flowerbedID, plantID, percentage, planterID) VALUES (96, 1338, 3, 152);
INSERT INTO PlantedIn (flowerbedID, plantID, percentage, planterID) VALUES (125, 1167, 4, 52);
INSERT INTO PlantedIn (flowerbedID, plantID, percentage, planterID) VALUES (114, 2516, 2, 51);
INSERT INTO PlantedIn (flowerbedID, plantID, percentage, planterID) VALUES (158, 3694, 4, 37);
INSERT INTO PlantedIn (flowerbedID, plantID, percentage, planterID) VALUES (106, 3496, 4, 112);
INSERT INTO PlantedIn (flowerbedID, plantID, percentage, planterID) VALUES (20, 3081, 3, 17);
INSERT INTO PlantedIn (flowerbedID, plantID, percentage, planterID) VALUES (101, 3320, 3, 79);
INSERT INTO PlantedIn (flowerbedID, plantID, percentage, planterID) VALUES (51, 342, 2, 71);
INSERT INTO PlantedIn (flowerbedID, plantID, percentage, planterID) VALUES (130, 1131, 4, 31);
INSERT INTO PlantedIn (flowerbedID, plantID, percentage, planterID) VALUES (178, 1835, 4, 123);
INSERT INTO PlantedIn (flowerbedID, plantID, percentage, planterID) VALUES (38, 32, 3, 60);
INSERT INTO PlantedIn (flowerbedID, plantID, percentage, planterID) VALUES (289, 2161, 2, 79);
INSERT INTO PlantedIn (flowerbedID, plantID, percentage, planterID) VALUES (139, 406, 3, 49);
INSERT INTO PlantedIn (flowerbedID, plantID, percentage, planterID) VALUES (270, 1457, 1, 19);
INSERT INTO PlantedIn (flowerbedID, plantID, percentage, planterID) VALUES (71, 2200, 2, 153);
INSERT INTO PlantedIn (flowerbedID, plantID, percentage, planterID) VALUES (197, 1158, 1, 154);
INSERT INTO PlantedIn (flowerbedID, plantID, percentage, planterID) VALUES (177, 255, 1, 162);
INSERT INTO PlantedIn (flowerbedID, plantID, percentage, planterID) VALUES (162, 2533, 3, 28);
INSERT INTO PlantedIn (flowerbedID, plantID, percentage, planterID) VALUES (199, 1953, 3, 55);
INSERT INTO PlantedIn (flowerbedID, plantID, percentage, planterID) VALUES (264, 874, 4, 10);
INSERT INTO PlantedIn (flowerbedID, plantID, percentage, planterID) VALUES (181, 646, 4, 5);
INSERT INTO PlantedIn (flowerbedID, plantID, percentage, planterID) VALUES (221, 3526, 2, 42);
INSERT INTO PlantedIn (flowerbedID, plantID, percentage, planterID) VALUES (64, 513, 4, 84);
INSERT INTO PlantedIn (flowerbedID, plantID, percentage, planterID) VALUES (196, 2796, 3, 65);
INSERT INTO PlantedIn (flowerbedID, plantID, percentage, planterID) VALUES (150, 1227, 2, 43);
INSERT INTO PlantedIn (flowerbedID, plantID, percentage, planterID) VALUES (163, 1176, 1, 29);
INSERT INTO PlantedIn (flowerbedID, plantID, percentage, planterID) VALUES (31, 875, 2, 104);
INSERT INTO PlantedIn (flowerbedID, plantID, percentage, planterID) VALUES (154, 417, 3, 51);
INSERT INTO PlantedIn (flowerbedID, plantID, percentage, planterID) VALUES (78, 2709, 4, 59);
INSERT INTO PlantedIn (flowerbedID, plantID, percentage, planterID) VALUES (127, 2761, 4, 109);
INSERT INTO PlantedIn (flowerbedID, plantID, percentage, planterID) VALUES (10, 3403, 3, 53);
INSERT INTO PlantedIn (flowerbedID, plantID, percentage, planterID) VALUES (56, 1841, 3, 125);
INSERT INTO PlantedIn (flowerbedID, plantID, percentage, planterID) VALUES (200, 2729, 4, 149);
INSERT INTO PlantedIn (flowerbedID, plantID, percentage, planterID) VALUES (279, 1791, 2, 15);
INSERT INTO PlantedIn (flowerbedID, plantID, percentage, planterID) VALUES (165, 789, 1, 146);
INSERT INTO PlantedIn (flowerbedID, plantID, percentage, planterID) VALUES (94, 560, 3, 114);
INSERT INTO PlantedIn (flowerbedID, plantID, percentage, planterID) VALUES (253, 3863, 2, 84);
INSERT INTO PlantedIn (flowerbedID, plantID, percentage, planterID) VALUES (214, 453, 3, 34);
INSERT INTO PlantedIn (flowerbedID, plantID, percentage, planterID) VALUES (299, 1941, 1, 56);
INSERT INTO PlantedIn (flowerbedID, plantID, percentage, planterID) VALUES (293, 161, 3, 145);
INSERT INTO PlantedIn (flowerbedID, plantID, percentage, planterID) VALUES (224, 2706, 3, 72);
INSERT INTO PlantedIn (flowerbedID, plantID, percentage, planterID) VALUES (212, 3169, 1, 134);
INSERT INTO PlantedIn (flowerbedID, plantID, percentage, planterID) VALUES (289, 1674, 4, 102);
INSERT INTO PlantedIn (flowerbedID, plantID, percentage, planterID) VALUES (130, 280, 1, 14);
INSERT INTO PlantedIn (flowerbedID, plantID, percentage, planterID) VALUES (57, 1057, 1, 154);
INSERT INTO PlantedIn (flowerbedID, plantID, percentage, planterID) VALUES (232, 819, 4, 64);
INSERT INTO PlantedIn (flowerbedID, plantID, percentage, planterID) VALUES (76, 796, 1, 69);
INSERT INTO PlantedIn (flowerbedID, plantID, percentage, planterID) VALUES (271, 3153, 1, 118);
INSERT INTO PlantedIn (flowerbedID, plantID, percentage, planterID) VALUES (96, 2519, 1, 135);
INSERT INTO PlantedIn (flowerbedID, plantID, percentage, planterID) VALUES (141, 2151, 2, 8);
INSERT INTO PlantedIn (flowerbedID, plantID, percentage, planterID) VALUES (296, 2438, 2, 43);
INSERT INTO PlantedIn (flowerbedID, plantID, percentage, planterID) VALUES (211, 1259, 4, 98);
INSERT INTO PlantedIn (flowerbedID, plantID, percentage, planterID) VALUES (180, 1775, 2, 14);
INSERT INTO PlantedIn (flowerbedID, plantID, percentage, planterID) VALUES (201, 1730, 4, 23);
INSERT INTO PlantedIn (flowerbedID, plantID, percentage, planterID) VALUES (196, 2039, 3, 160);
INSERT INTO PlantedIn (flowerbedID, plantID, percentage, planterID) VALUES (103, 2341, 3, 109);
INSERT INTO PlantedIn (flowerbedID, plantID, percentage, planterID) VALUES (77, 1584, 3, 118);
INSERT INTO PlantedIn (flowerbedID, plantID, percentage, planterID) VALUES (289, 2811, 4, 29);
INSERT INTO PlantedIn (flowerbedID, plantID, percentage, planterID) VALUES (107, 1589, 1, 65);
INSERT INTO PlantedIn (flowerbedID, plantID, percentage, planterID) VALUES (121, 123, 1, 123);
INSERT INTO PlantedIn (flowerbedID, plantID, percentage, planterID) VALUES (110, 3571, 3, 119);
INSERT INTO PlantedIn (flowerbedID, plantID, percentage, planterID) VALUES (159, 1236, 4, 64);
INSERT INTO PlantedIn (flowerbedID, plantID, percentage, planterID) VALUES (219, 213, 3, 89);
INSERT INTO PlantedIn (flowerbedID, plantID, percentage, planterID) VALUES (234, 2630, 1, 112);
INSERT INTO PlantedIn (flowerbedID, plantID, percentage, planterID) VALUES (28, 108, 4, 35);
INSERT INTO PlantedIn (flowerbedID, plantID, percentage, planterID) VALUES (291, 592, 2, 29);
INSERT INTO PlantedIn (flowerbedID, plantID, percentage, planterID) VALUES (56, 3380, 3, 78);
INSERT INTO PlantedIn (flowerbedID, plantID, percentage, planterID) VALUES (214, 1739, 1, 138);
INSERT INTO PlantedIn (flowerbedID, plantID, percentage, planterID) VALUES (112, 1887, 4, 136);
INSERT INTO PlantedIn (flowerbedID, plantID, percentage, planterID) VALUES (242, 614, 3, 119);
INSERT INTO PlantedIn (flowerbedID, plantID, percentage, planterID) VALUES (64, 794, 4, 41);
INSERT INTO PlantedIn (flowerbedID, plantID, percentage, planterID) VALUES (265, 3415, 4, 24);
INSERT INTO PlantedIn (flowerbedID, plantID, percentage, planterID) VALUES (273, 1297, 4, 139);
INSERT INTO PlantedIn (flowerbedID, plantID, percentage, planterID) VALUES (147, 3747, 3, 45);
INSERT INTO PlantedIn (flowerbedID, plantID, percentage, planterID) VALUES (253, 2751, 3, 59);
INSERT INTO PlantedIn (flowerbedID, plantID, percentage, planterID) VALUES (49, 519, 3, 110);
INSERT INTO PlantedIn (flowerbedID, plantID, percentage, planterID) VALUES (187, 1643, 2, 76);
INSERT INTO PlantedIn (flowerbedID, plantID, percentage, planterID) VALUES (100, 774, 1, 137);
INSERT INTO PlantedIn (flowerbedID, plantID, percentage, planterID) VALUES (26, 3586, 4, 34);
INSERT INTO PlantedIn (flowerbedID, plantID, percentage, planterID) VALUES (79, 3, 4, 152);
INSERT INTO PlantedIn (flowerbedID, plantID, percentage, planterID) VALUES (291, 541, 4, 74);
INSERT INTO PlantedIn (flowerbedID, plantID, percentage, planterID) VALUES (255, 2949, 1, 64);
INSERT INTO PlantedIn (flowerbedID, plantID, percentage, planterID) VALUES (269, 28, 3, 95);
INSERT INTO PlantedIn (flowerbedID, plantID, percentage, planterID) VALUES (34, 3544, 2, 140);
INSERT INTO PlantedIn (flowerbedID, plantID, percentage, planterID) VALUES (36, 2340, 1, 114);
INSERT INTO PlantedIn (flowerbedID, plantID, percentage, planterID) VALUES (160, 3316, 4, 34);
INSERT INTO PlantedIn (flowerbedID, plantID, percentage, planterID) VALUES (257, 291, 4, 95);
INSERT INTO PlantedIn (flowerbedID, plantID, percentage, planterID) VALUES (65, 3763, 1, 111);
INSERT INTO PlantedIn (flowerbedID, plantID, percentage, planterID) VALUES (221, 50, 3, 14);
INSERT INTO PlantedIn (flowerbedID, plantID, percentage, planterID) VALUES (6, 2420, 2, 27);
INSERT INTO PlantedIn (flowerbedID, plantID, percentage, planterID) VALUES (183, 393, 3, 81);
INSERT INTO PlantedIn (flowerbedID, plantID, percentage, planterID) VALUES (6, 1084, 1, 29);
INSERT INTO PlantedIn (flowerbedID, plantID, percentage, planterID) VALUES (265, 3208, 2, 58);
INSERT INTO PlantedIn (flowerbedID, plantID, percentage, planterID) VALUES (206, 2058, 3, 37);
INSERT INTO PlantedIn (flowerbedID, plantID, percentage, planterID) VALUES (182, 2949, 4, 65);
INSERT INTO PlantedIn (flowerbedID, plantID, percentage, planterID) VALUES (221, 63, 2, 153);
INSERT INTO PlantedIn (flowerbedID, plantID, percentage, planterID) VALUES (9, 3739, 1, 19);
INSERT INTO PlantedIn (flowerbedID, plantID, percentage, planterID) VALUES (178, 997, 1, 87);
INSERT INTO PlantedIn (flowerbedID, plantID, percentage, planterID) VALUES (108, 3746, 2, 160);
INSERT INTO PlantedIn (flowerbedID, plantID, percentage, planterID) VALUES (75, 364, 1, 89);
INSERT INTO PlantedIn (flowerbedID, plantID, percentage, planterID) VALUES (277, 3284, 3, 96);
INSERT INTO PlantedIn (flowerbedID, plantID, percentage, planterID) VALUES (115, 2969, 4, 28);
INSERT INTO PlantedIn (flowerbedID, plantID, percentage, planterID) VALUES (159, 2055, 2, 140);
INSERT INTO PlantedIn (flowerbedID, plantID, percentage, planterID) VALUES (164, 2707, 3, 128);
INSERT INTO PlantedIn (flowerbedID, plantID, percentage, planterID) VALUES (200, 3269, 2, 108);
INSERT INTO PlantedIn (flowerbedID, plantID, percentage, planterID) VALUES (31, 493, 2, 80);
INSERT INTO PlantedIn (flowerbedID, plantID, percentage, planterID) VALUES (29, 1514, 2, 145);
INSERT INTO PlantedIn (flowerbedID, plantID, percentage, planterID) VALUES (146, 1368, 2, 83);
INSERT INTO PlantedIn (flowerbedID, plantID, percentage, planterID) VALUES (61, 132, 3, 4);
INSERT INTO PlantedIn (flowerbedID, plantID, percentage, planterID) VALUES (240, 690, 2, 99);
INSERT INTO PlantedIn (flowerbedID, plantID, percentage, planterID) VALUES (213, 1494, 2, 104);
INSERT INTO PlantedIn (flowerbedID, plantID, percentage, planterID) VALUES (26, 1317, 4, 144);
INSERT INTO PlantedIn (flowerbedID, plantID, percentage, planterID) VALUES (56, 1782, 2, 3);
INSERT INTO PlantedIn (flowerbedID, plantID, percentage, planterID) VALUES (176, 1855, 3, 130);
INSERT INTO PlantedIn (flowerbedID, plantID, percentage, planterID) VALUES (261, 2292, 2, 6);
INSERT INTO PlantedIn (flowerbedID, plantID, percentage, planterID) VALUES (284, 1977, 1, 132);
INSERT INTO PlantedIn (flowerbedID, plantID, percentage, planterID) VALUES (164, 3045, 2, 127);
INSERT INTO PlantedIn (flowerbedID, plantID, percentage, planterID) VALUES (289, 1199, 3, 118);
INSERT INTO PlantedIn (flowerbedID, plantID, percentage, planterID) VALUES (209, 1087, 4, 161);
INSERT INTO PlantedIn (flowerbedID, plantID, percentage, planterID) VALUES (186, 2973, 4, 93);
INSERT INTO PlantedIn (flowerbedID, plantID, percentage, planterID) VALUES (69, 2135, 4, 17);
INSERT INTO PlantedIn (flowerbedID, plantID, percentage, planterID) VALUES (10, 3284, 4, 87);
INSERT INTO PlantedIn (flowerbedID, plantID, percentage, planterID) VALUES (133, 2066, 2, 45);
INSERT INTO PlantedIn (flowerbedID, plantID, percentage, planterID) VALUES (14, 105, 3, 93);
INSERT INTO PlantedIn (flowerbedID, plantID, percentage, planterID) VALUES (244, 1062, 4, 162);
INSERT INTO PlantedIn (flowerbedID, plantID, percentage, planterID) VALUES (175, 2392, 2, 79);
INSERT INTO PlantedIn (flowerbedID, plantID, percentage, planterID) VALUES (270, 1515, 3, 12);
INSERT INTO PlantedIn (flowerbedID, plantID, percentage, planterID) VALUES (49, 2327, 2, 57);
INSERT INTO PlantedIn (flowerbedID, plantID, percentage, planterID) VALUES (47, 1648, 1, 37);
INSERT INTO PlantedIn (flowerbedID, plantID, percentage, planterID) VALUES (83, 2757, 3, 16);
INSERT INTO PlantedIn (flowerbedID, plantID, percentage, planterID) VALUES (75, 1354, 2, 19);
INSERT INTO PlantedIn (flowerbedID, plantID, percentage, planterID) VALUES (113, 2498, 1, 153);
INSERT INTO PlantedIn (flowerbedID, plantID, percentage, planterID) VALUES (132, 1667, 2, 136);
INSERT INTO PlantedIn (flowerbedID, plantID, percentage, planterID) VALUES (247, 3293, 4, 149);
INSERT INTO PlantedIn (flowerbedID, plantID, percentage, planterID) VALUES (136, 741, 3, 65);
INSERT INTO PlantedIn (flowerbedID, plantID, percentage, planterID) VALUES (185, 2258, 4, 137);
INSERT INTO PlantedIn (flowerbedID, plantID, percentage, planterID) VALUES (89, 3418, 3, 106);
INSERT INTO PlantedIn (flowerbedID, plantID, percentage, planterID) VALUES (71, 2776, 3, 145);
INSERT INTO PlantedIn (flowerbedID, plantID, percentage, planterID) VALUES (109, 2792, 2, 139);
INSERT INTO PlantedIn (flowerbedID, plantID, percentage, planterID) VALUES (163, 3004, 4, 137);
INSERT INTO PlantedIn (flowerbedID, plantID, percentage, planterID) VALUES (63, 2237, 1, 57);
INSERT INTO PlantedIn (flowerbedID, plantID, percentage, planterID) VALUES (129, 735, 4, 3);
INSERT INTO PlantedIn (flowerbedID, plantID, percentage, planterID) VALUES (115, 1507, 4, 85);
INSERT INTO PlantedIn (flowerbedID, plantID, percentage, planterID) VALUES (292, 1109, 2, 154);
INSERT INTO PlantedIn (flowerbedID, plantID, percentage, planterID) VALUES (52, 1947, 2, 141);
INSERT INTO PlantedIn (flowerbedID, plantID, percentage, planterID) VALUES (67, 2527, 3, 3);
INSERT INTO PlantedIn (flowerbedID, plantID, percentage, planterID) VALUES (113, 3172, 4, 150);
INSERT INTO PlantedIn (flowerbedID, plantID, percentage, planterID) VALUES (179, 2564, 4, 157);
INSERT INTO PlantedIn (flowerbedID, plantID, percentage, planterID) VALUES (73, 909, 3, 144);
INSERT INTO PlantedIn (flowerbedID, plantID, percentage, planterID) VALUES (128, 3294, 4, 96);
INSERT INTO PlantedIn (flowerbedID, plantID, percentage, planterID) VALUES (73, 189, 1, 139);
INSERT INTO PlantedIn (flowerbedID, plantID, percentage, planterID) VALUES (101, 2699, 3, 84);
INSERT INTO PlantedIn (flowerbedID, plantID, percentage, planterID) VALUES (61, 1170, 2, 157);
INSERT INTO PlantedIn (flowerbedID, plantID, percentage, planterID) VALUES (286, 3589, 2, 2);
INSERT INTO PlantedIn (flowerbedID, plantID, percentage, planterID) VALUES (224, 3408, 2, 44);
INSERT INTO PlantedIn (flowerbedID, plantID, percentage, planterID) VALUES (163, 622, 4, 27);
INSERT INTO PlantedIn (flowerbedID, plantID, percentage, planterID) VALUES (119, 3825, 4, 79);
INSERT INTO PlantedIn (flowerbedID, plantID, percentage, planterID) VALUES (252, 60, 1, 108);
INSERT INTO PlantedIn (flowerbedID, plantID, percentage, planterID) VALUES (20, 1676, 2, 52);
INSERT INTO PlantedIn (flowerbedID, plantID, percentage, planterID) VALUES (40, 3038, 2, 156);
INSERT INTO PlantedIn (flowerbedID, plantID, percentage, planterID) VALUES (27, 3161, 1, 131);
INSERT INTO PlantedIn (flowerbedID, plantID, percentage, planterID) VALUES (224, 2964, 2, 65);
INSERT INTO PlantedIn (flowerbedID, plantID, percentage, planterID) VALUES (194, 2437, 1, 145);
INSERT INTO PlantedIn (flowerbedID, plantID, percentage, planterID) VALUES (294, 1694, 4, 2);
INSERT INTO PlantedIn (flowerbedID, plantID, percentage, planterID) VALUES (136, 2458, 3, 157);
INSERT INTO PlantedIn (flowerbedID, plantID, percentage, planterID) VALUES (21, 802, 1, 158);
INSERT INTO PlantedIn (flowerbedID, plantID, percentage, planterID) VALUES (298, 3184, 1, 92);
INSERT INTO PlantedIn (flowerbedID, plantID, percentage, planterID) VALUES (192, 1128, 2, 22);
INSERT INTO PlantedIn (flowerbedID, plantID, percentage, planterID) VALUES (18, 1947, 3, 152);
INSERT INTO PlantedIn (flowerbedID, plantID, percentage, planterID) VALUES (41, 2799, 4, 155);
INSERT INTO PlantedIn (flowerbedID, plantID, percentage, planterID) VALUES (215, 3398, 3, 20);
INSERT INTO PlantedIn (flowerbedID, plantID, percentage, planterID) VALUES (95, 467, 4, 91);
INSERT INTO PlantedIn (flowerbedID, plantID, percentage, planterID) VALUES (227, 1679, 4, 50);
INSERT INTO PlantedIn (flowerbedID, plantID, percentage, planterID) VALUES (192, 796, 3, 5);
INSERT INTO PlantedIn (flowerbedID, plantID, percentage, planterID) VALUES (9, 2170, 3, 124);
INSERT INTO PlantedIn (flowerbedID, plantID, percentage, planterID) VALUES (256, 3261, 4, 11);
INSERT INTO PlantedIn (flowerbedID, plantID, percentage, planterID) VALUES (104, 3638, 2, 107);
INSERT INTO PlantedIn (flowerbedID, plantID, percentage, planterID) VALUES (199, 2002, 2, 70);
INSERT INTO PlantedIn (flowerbedID, plantID, percentage, planterID) VALUES (119, 2006, 3, 15);
INSERT INTO PlantedIn (flowerbedID, plantID, percentage, planterID) VALUES (192, 2359, 2, 84);
INSERT INTO PlantedIn (flowerbedID, plantID, percentage, planterID) VALUES (14, 2990, 3, 39);
INSERT INTO PlantedIn (flowerbedID, plantID, percentage, planterID) VALUES (293, 960, 1, 56);
INSERT INTO PlantedIn (flowerbedID, plantID, percentage, planterID) VALUES (243, 150, 3, 117);
INSERT INTO PlantedIn (flowerbedID, plantID, percentage, planterID) VALUES (264, 2855, 1, 99);
INSERT INTO PlantedIn (flowerbedID, plantID, percentage, planterID) VALUES (204, 743, 2, 123);
INSERT INTO PlantedIn (flowerbedID, plantID, percentage, planterID) VALUES (213, 452, 1, 126);
INSERT INTO PlantedIn (flowerbedID, plantID, percentage, planterID) VALUES (191, 3140, 2, 142);
INSERT INTO PlantedIn (flowerbedID, plantID, percentage, planterID) VALUES (127, 1184, 2, 116);
INSERT INTO PlantedIn (flowerbedID, plantID, percentage, planterID) VALUES (24, 3452, 1, 27);
INSERT INTO PlantedIn (flowerbedID, plantID, percentage, planterID) VALUES (43, 1835, 4, 12);
INSERT INTO PlantedIn (flowerbedID, plantID, percentage, planterID) VALUES (154, 2891, 2, 106);
INSERT INTO PlantedIn (flowerbedID, plantID, percentage, planterID) VALUES (146, 726, 1, 108);
INSERT INTO PlantedIn (flowerbedID, plantID, percentage, planterID) VALUES (114, 1295, 1, 88);
INSERT INTO PlantedIn (flowerbedID, plantID, percentage, planterID) VALUES (136, 925, 1, 34);
INSERT INTO PlantedIn (flowerbedID, plantID, percentage, planterID) VALUES (16, 70, 2, 63);
INSERT INTO PlantedIn (flowerbedID, plantID, percentage, planterID) VALUES (97, 133, 2, 162);
INSERT INTO PlantedIn (flowerbedID, plantID, percentage, planterID) VALUES (278, 362, 1, 80);
INSERT INTO PlantedIn (flowerbedID, plantID, percentage, planterID) VALUES (170, 2052, 1, 4);
INSERT INTO PlantedIn (flowerbedID, plantID, percentage, planterID) VALUES (84, 2447, 4, 82);
INSERT INTO PlantedIn (flowerbedID, plantID, percentage, planterID) VALUES (246, 391, 1, 161);
INSERT INTO PlantedIn (flowerbedID, plantID, percentage, planterID) VALUES (131, 1710, 4, 50);
INSERT INTO PlantedIn (flowerbedID, plantID, percentage, planterID) VALUES (151, 1306, 4, 36);
INSERT INTO PlantedIn (flowerbedID, plantID, percentage, planterID) VALUES (112, 568, 2, 41);
INSERT INTO PlantedIn (flowerbedID, plantID, percentage, planterID) VALUES (72, 2689, 4, 64);
INSERT INTO PlantedIn (flowerbedID, plantID, percentage, planterID) VALUES (68, 1495, 3, 154);
INSERT INTO PlantedIn (flowerbedID, plantID, percentage, planterID) VALUES (6, 1416, 4, 47);
INSERT INTO PlantedIn (flowerbedID, plantID, percentage, planterID) VALUES (140, 778, 4, 7);
INSERT INTO PlantedIn (flowerbedID, plantID, percentage, planterID) VALUES (193, 1279, 2, 136);
INSERT INTO PlantedIn (flowerbedID, plantID, percentage, planterID) VALUES (245, 2959, 2, 10);
INSERT INTO PlantedIn (flowerbedID, plantID, percentage, planterID) VALUES (31, 1022, 2, 27);
INSERT INTO PlantedIn (flowerbedID, plantID, percentage, planterID) VALUES (123, 1487, 3, 134);
INSERT INTO PlantedIn (flowerbedID, plantID, percentage, planterID) VALUES (158, 1354, 3, 140);
INSERT INTO PlantedIn (flowerbedID, plantID, percentage, planterID) VALUES (215, 316, 1, 67);
INSERT INTO PlantedIn (flowerbedID, plantID, percentage, planterID) VALUES (85, 1655, 4, 15);
INSERT INTO PlantedIn (flowerbedID, plantID, percentage, planterID) VALUES (227, 3391, 3, 44);
INSERT INTO PlantedIn (flowerbedID, plantID, percentage, planterID) VALUES (193, 1196, 3, 155);
INSERT INTO PlantedIn (flowerbedID, plantID, percentage, planterID) VALUES (172, 199, 4, 38);
INSERT INTO PlantedIn (flowerbedID, plantID, percentage, planterID) VALUES (131, 3845, 3, 110);
INSERT INTO PlantedIn (flowerbedID, plantID, percentage, planterID) VALUES (41, 376, 3, 142);
INSERT INTO PlantedIn (flowerbedID, plantID, percentage, planterID) VALUES (134, 2454, 1, 37);
INSERT INTO PlantedIn (flowerbedID, plantID, percentage, planterID) VALUES (215, 2316, 4, 60);
INSERT INTO PlantedIn (flowerbedID, plantID, percentage, planterID) VALUES (9, 1678, 4, 160);
INSERT INTO PlantedIn (flowerbedID, plantID, percentage, planterID) VALUES (94, 687, 4, 63);
INSERT INTO PlantedIn (flowerbedID, plantID, percentage, planterID) VALUES (146, 1015, 1, 121);
INSERT INTO PlantedIn (flowerbedID, plantID, percentage, planterID) VALUES (94, 3559, 3, 8);
INSERT INTO PlantedIn (flowerbedID, plantID, percentage, planterID) VALUES (274, 2640, 1, 46);
INSERT INTO PlantedIn (flowerbedID, plantID, percentage, planterID) VALUES (234, 346, 1, 124);
INSERT INTO PlantedIn (flowerbedID, plantID, percentage, planterID) VALUES (217, 3583, 2, 68);
INSERT INTO PlantedIn (flowerbedID, plantID, percentage, planterID) VALUES (158, 2853, 3, 76);
INSERT INTO PlantedIn (flowerbedID, plantID, percentage, planterID) VALUES (52, 1417, 2, 59);
INSERT INTO PlantedIn (flowerbedID, plantID, percentage, planterID) VALUES (163, 2715, 1, 76);
INSERT INTO PlantedIn (flowerbedID, plantID, percentage, planterID) VALUES (289, 532, 2, 16);
INSERT INTO PlantedIn (flowerbedID, plantID, percentage, planterID) VALUES (18, 533, 4, 5);
INSERT INTO PlantedIn (flowerbedID, plantID, percentage, planterID) VALUES (246, 1139, 3, 5);
INSERT INTO PlantedIn (flowerbedID, plantID, percentage, planterID) VALUES (115, 2865, 1, 143);
INSERT INTO PlantedIn (flowerbedID, plantID, percentage, planterID) VALUES (200, 845, 1, 95);
INSERT INTO PlantedIn (flowerbedID, plantID, percentage, planterID) VALUES (286, 3824, 1, 129);
INSERT INTO PlantedIn (flowerbedID, plantID, percentage, planterID) VALUES (107, 337, 4, 106);
INSERT INTO PlantedIn (flowerbedID, plantID, percentage, planterID) VALUES (237, 192, 4, 161);
INSERT INTO PlantedIn (flowerbedID, plantID, percentage, planterID) VALUES (56, 88, 1, 6);
INSERT INTO PlantedIn (flowerbedID, plantID, percentage, planterID) VALUES (49, 237, 4, 38);
INSERT INTO PlantedIn (flowerbedID, plantID, percentage, planterID) VALUES (107, 947, 3, 101);
INSERT INTO PlantedIn (flowerbedID, plantID, percentage, planterID) VALUES (295, 1584, 3, 146);
INSERT INTO PlantedIn (flowerbedID, plantID, percentage, planterID) VALUES (188, 1534, 3, 146);
INSERT INTO PlantedIn (flowerbedID, plantID, percentage, planterID) VALUES (116, 2303, 3, 123);
INSERT INTO PlantedIn (flowerbedID, plantID, percentage, planterID) VALUES (205, 1256, 2, 111);
INSERT INTO PlantedIn (flowerbedID, plantID, percentage, planterID) VALUES (112, 2213, 3, 39);
INSERT INTO PlantedIn (flowerbedID, plantID, percentage, planterID) VALUES (178, 1003, 4, 139);
INSERT INTO PlantedIn (flowerbedID, plantID, percentage, planterID) VALUES (96, 103, 3, 127);
INSERT INTO PlantedIn (flowerbedID, plantID, percentage, planterID) VALUES (82, 1234, 2, 72);
INSERT INTO PlantedIn (flowerbedID, plantID, percentage, planterID) VALUES (218, 1022, 2, 157);
INSERT INTO PlantedIn (flowerbedID, plantID, percentage, planterID) VALUES (198, 2937, 1, 162);
INSERT INTO PlantedIn (flowerbedID, plantID, percentage, planterID) VALUES (107, 2528, 1, 136);
INSERT INTO PlantedIn (flowerbedID, plantID, percentage, planterID) VALUES (293, 1666, 2, 88);
INSERT INTO PlantedIn (flowerbedID, plantID, percentage, planterID) VALUES (1, 2848, 3, 158);
INSERT INTO PlantedIn (flowerbedID, plantID, percentage, planterID) VALUES (298, 2789, 2, 61);
INSERT INTO PlantedIn (flowerbedID, plantID, percentage, planterID) VALUES (123, 1585, 1, 48);
INSERT INTO PlantedIn (flowerbedID, plantID, percentage, planterID) VALUES (202, 730, 2, 86);
INSERT INTO PlantedIn (flowerbedID, plantID, percentage, planterID) VALUES (284, 1689, 2, 66);
INSERT INTO PlantedIn (flowerbedID, plantID, percentage, planterID) VALUES (28, 664, 1, 59);
INSERT INTO PlantedIn (flowerbedID, plantID, percentage, planterID) VALUES (181, 3295, 3, 73);
INSERT INTO PlantedIn (flowerbedID, plantID, percentage, planterID) VALUES (177, 1302, 3, 36);
INSERT INTO PlantedIn (flowerbedID, plantID, percentage, planterID) VALUES (18, 2160, 4, 156);
INSERT INTO PlantedIn (flowerbedID, plantID, percentage, planterID) VALUES (195, 3464, 1, 143);
INSERT INTO PlantedIn (flowerbedID, plantID, percentage, planterID) VALUES (92, 399, 4, 35);
INSERT INTO PlantedIn (flowerbedID, plantID, percentage, planterID) VALUES (88, 2691, 1, 55);
INSERT INTO PlantedIn (flowerbedID, plantID, percentage, planterID) VALUES (40, 2697, 1, 94);
INSERT INTO PlantedIn (flowerbedID, plantID, percentage, planterID) VALUES (260, 3425, 2, 51);
INSERT INTO PlantedIn (flowerbedID, plantID, percentage, planterID) VALUES (221, 2767, 2, 14);
INSERT INTO PlantedIn (flowerbedID, plantID, percentage, planterID) VALUES (16, 1089, 1, 158);
INSERT INTO PlantedIn (flowerbedID, plantID, percentage, planterID) VALUES (252, 3152, 2, 158);
INSERT INTO PlantedIn (flowerbedID, plantID, percentage, planterID) VALUES (213, 2873, 1, 95);
INSERT INTO PlantedIn (flowerbedID, plantID, percentage, planterID) VALUES (134, 1210, 3, 66);
INSERT INTO PlantedIn (flowerbedID, plantID, percentage, planterID) VALUES (4, 3565, 4, 139);
INSERT INTO PlantedIn (flowerbedID, plantID, percentage, planterID) VALUES (242, 380, 3, 61);
INSERT INTO PlantedIn (flowerbedID, plantID, percentage, planterID) VALUES (244, 1660, 4, 151);
INSERT INTO PlantedIn (flowerbedID, plantID, percentage, planterID) VALUES (181, 3458, 2, 8);
INSERT INTO PlantedIn (flowerbedID, plantID, percentage, planterID) VALUES (191, 2295, 2, 58);
INSERT INTO PlantedIn (flowerbedID, plantID, percentage, planterID) VALUES (104, 1272, 4, 107);
INSERT INTO PlantedIn (flowerbedID, plantID, percentage, planterID) VALUES (192, 2, 3, 65);
INSERT INTO PlantedIn (flowerbedID, plantID, percentage, planterID) VALUES (276, 693, 3, 92);
INSERT INTO PlantedIn (flowerbedID, plantID, percentage, planterID) VALUES (83, 3420, 1, 48);
INSERT INTO PlantedIn (flowerbedID, plantID, percentage, planterID) VALUES (281, 3615, 3, 100);
INSERT INTO PlantedIn (flowerbedID, plantID, percentage, planterID) VALUES (249, 2392, 2, 148);
INSERT INTO PlantedIn (flowerbedID, plantID, percentage, planterID) VALUES (155, 2216, 1, 61);
INSERT INTO PlantedIn (flowerbedID, plantID, percentage, planterID) VALUES (172, 2803, 2, 140);
INSERT INTO PlantedIn (flowerbedID, plantID, percentage, planterID) VALUES (271, 1330, 1, 40);
INSERT INTO PlantedIn (flowerbedID, plantID, percentage, planterID) VALUES (69, 1954, 3, 48);
INSERT INTO PlantedIn (flowerbedID, plantID, percentage, planterID) VALUES (197, 894, 3, 98);
INSERT INTO PlantedIn (flowerbedID, plantID, percentage, planterID) VALUES (50, 560, 4, 24);
INSERT INTO PlantedIn (flowerbedID, plantID, percentage, planterID) VALUES (229, 3841, 4, 80);
INSERT INTO PlantedIn (flowerbedID, plantID, percentage, planterID) VALUES (55, 1603, 3, 92);
INSERT INTO PlantedIn (flowerbedID, plantID, percentage, planterID) VALUES (296, 3418, 3, 148);
INSERT INTO PlantedIn (flowerbedID, plantID, percentage, planterID) VALUES (183, 2577, 3, 10);
INSERT INTO PlantedIn (flowerbedID, plantID, percentage, planterID) VALUES (4, 1103, 1, 120);
INSERT INTO PlantedIn (flowerbedID, plantID, percentage, planterID) VALUES (237, 3746, 2, 135);
INSERT INTO PlantedIn (flowerbedID, plantID, percentage, planterID) VALUES (60, 1357, 2, 8);
INSERT INTO PlantedIn (flowerbedID, plantID, percentage, planterID) VALUES (149, 706, 2, 63);
INSERT INTO PlantedIn (flowerbedID, plantID, percentage, planterID) VALUES (53, 3193, 2, 41);
INSERT INTO PlantedIn (flowerbedID, plantID, percentage, planterID) VALUES (72, 2968, 1, 10);
INSERT INTO PlantedIn (flowerbedID, plantID, percentage, planterID) VALUES (195, 3518, 2, 136);
INSERT INTO PlantedIn (flowerbedID, plantID, percentage, planterID) VALUES (173, 3276, 3, 134);
INSERT INTO PlantedIn (flowerbedID, plantID, percentage, planterID) VALUES (40, 1820, 4, 143);
INSERT INTO PlantedIn (flowerbedID, plantID, percentage, planterID) VALUES (132, 2357, 3, 64);
INSERT INTO PlantedIn (flowerbedID, plantID, percentage, planterID) VALUES (288, 1608, 2, 2);
INSERT INTO PlantedIn (flowerbedID, plantID, percentage, planterID) VALUES (179, 1428, 4, 123);
INSERT INTO PlantedIn (flowerbedID, plantID, percentage, planterID) VALUES (59, 3670, 2, 23);
INSERT INTO PlantedIn (flowerbedID, plantID, percentage, planterID) VALUES (215, 721, 2, 115);
INSERT INTO PlantedIn (flowerbedID, plantID, percentage, planterID) VALUES (29, 1755, 3, 109);
INSERT INTO PlantedIn (flowerbedID, plantID, percentage, planterID) VALUES (91, 1568, 2, 45);
INSERT INTO PlantedIn (flowerbedID, plantID, percentage, planterID) VALUES (263, 339, 2, 62);
INSERT INTO PlantedIn (flowerbedID, plantID, percentage, planterID) VALUES (44, 3722, 3, 20);
INSERT INTO PlantedIn (flowerbedID, plantID, percentage, planterID) VALUES (100, 3205, 3, 90);
INSERT INTO PlantedIn (flowerbedID, plantID, percentage, planterID) VALUES (251, 2425, 4, 149);
INSERT INTO PlantedIn (flowerbedID, plantID, percentage, planterID) VALUES (270, 3353, 4, 141);
INSERT INTO PlantedIn (flowerbedID, plantID, percentage, planterID) VALUES (286, 678, 3, 16);
INSERT INTO PlantedIn (flowerbedID, plantID, percentage, planterID) VALUES (271, 190, 1, 54);
INSERT INTO PlantedIn (flowerbedID, plantID, percentage, planterID) VALUES (4, 1641, 2, 137);
INSERT INTO PlantedIn (flowerbedID, plantID, percentage, planterID) VALUES (76, 1210, 1, 150);
INSERT INTO PlantedIn (flowerbedID, plantID, percentage, planterID) VALUES (289, 3226, 4, 91);
INSERT INTO PlantedIn (flowerbedID, plantID, percentage, planterID) VALUES (139, 1518, 3, 127);
INSERT INTO PlantedIn (flowerbedID, plantID, percentage, planterID) VALUES (266, 1322, 4, 160);
INSERT INTO PlantedIn (flowerbedID, plantID, percentage, planterID) VALUES (63, 2874, 1, 98);
INSERT INTO PlantedIn (flowerbedID, plantID, percentage, planterID) VALUES (275, 2544, 4, 141);
INSERT INTO PlantedIn (flowerbedID, plantID, percentage, planterID) VALUES (212, 492, 3, 151);
INSERT INTO PlantedIn (flowerbedID, plantID, percentage, planterID) VALUES (165, 2581, 4, 11);
INSERT INTO PlantedIn (flowerbedID, plantID, percentage, planterID) VALUES (294, 3610, 4, 145);
INSERT INTO PlantedIn (flowerbedID, plantID, percentage, planterID) VALUES (230, 1412, 1, 129);
INSERT INTO PlantedIn (flowerbedID, plantID, percentage, planterID) VALUES (227, 1858, 3, 134);
INSERT INTO PlantedIn (flowerbedID, plantID, percentage, planterID) VALUES (246, 2706, 1, 75);
INSERT INTO PlantedIn (flowerbedID, plantID, percentage, planterID) VALUES (133, 3861, 2, 34);
INSERT INTO PlantedIn (flowerbedID, plantID, percentage, planterID) VALUES (197, 53, 2, 32);
INSERT INTO PlantedIn (flowerbedID, plantID, percentage, planterID) VALUES (43, 227, 3, 15);
INSERT INTO PlantedIn (flowerbedID, plantID, percentage, planterID) VALUES (218, 562, 3, 86);
INSERT INTO PlantedIn (flowerbedID, plantID, percentage, planterID) VALUES (24, 1296, 4, 113);
INSERT INTO PlantedIn (flowerbedID, plantID, percentage, planterID) VALUES (210, 1536, 2, 14);
INSERT INTO PlantedIn (flowerbedID, plantID, percentage, planterID) VALUES (263, 3294, 3, 18);
INSERT INTO PlantedIn (flowerbedID, plantID, percentage, planterID) VALUES (166, 2077, 4, 127);
INSERT INTO PlantedIn (flowerbedID, plantID, percentage, planterID) VALUES (161, 3593, 1, 62);
INSERT INTO PlantedIn (flowerbedID, plantID, percentage, planterID) VALUES (282, 2097, 1, 96);
INSERT INTO PlantedIn (flowerbedID, plantID, percentage, planterID) VALUES (180, 2471, 2, 134);
INSERT INTO PlantedIn (flowerbedID, plantID, percentage, planterID) VALUES (235, 1059, 4, 6);
INSERT INTO PlantedIn (flowerbedID, plantID, percentage, planterID) VALUES (183, 2653, 2, 123);
INSERT INTO PlantedIn (flowerbedID, plantID, percentage, planterID) VALUES (193, 3368, 1, 114);
INSERT INTO PlantedIn (flowerbedID, plantID, percentage, planterID) VALUES (97, 2115, 2, 24);
INSERT INTO PlantedIn (flowerbedID, plantID, percentage, planterID) VALUES (27, 2681, 3, 61);
INSERT INTO PlantedIn (flowerbedID, plantID, percentage, planterID) VALUES (100, 491, 1, 4);
INSERT INTO PlantedIn (flowerbedID, plantID, percentage, planterID) VALUES (222, 2678, 4, 55);
INSERT INTO PlantedIn (flowerbedID, plantID, percentage, planterID) VALUES (145, 337, 1, 135);
INSERT INTO PlantedIn (flowerbedID, plantID, percentage, planterID) VALUES (287, 1725, 2, 55);
INSERT INTO PlantedIn (flowerbedID, plantID, percentage, planterID) VALUES (252, 1968, 1, 54);
INSERT INTO PlantedIn (flowerbedID, plantID, percentage, planterID) VALUES (17, 1732, 1, 75);
INSERT INTO PlantedIn (flowerbedID, plantID, percentage, planterID) VALUES (43, 3026, 2, 144);
INSERT INTO PlantedIn (flowerbedID, plantID, percentage, planterID) VALUES (272, 3303, 2, 102);
INSERT INTO PlantedIn (flowerbedID, plantID, percentage, planterID) VALUES (272, 2212, 3, 56);
INSERT INTO PlantedIn (flowerbedID, plantID, percentage, planterID) VALUES (80, 2472, 3, 81);
INSERT INTO PlantedIn (flowerbedID, plantID, percentage, planterID) VALUES (218, 981, 3, 151);
INSERT INTO PlantedIn (flowerbedID, plantID, percentage, planterID) VALUES (210, 743, 3, 9);
INSERT INTO PlantedIn (flowerbedID, plantID, percentage, planterID) VALUES (210, 1400, 4, 122);
INSERT INTO PlantedIn (flowerbedID, plantID, percentage, planterID) VALUES (243, 534, 4, 156);
INSERT INTO PlantedIn (flowerbedID, plantID, percentage, planterID) VALUES (276, 2858, 4, 74);
INSERT INTO PlantedIn (flowerbedID, plantID, percentage, planterID) VALUES (178, 66, 3, 25);
INSERT INTO PlantedIn (flowerbedID, plantID, percentage, planterID) VALUES (177, 1783, 4, 26);
INSERT INTO PlantedIn (flowerbedID, plantID, percentage, planterID) VALUES (31, 2388, 4, 104);
INSERT INTO PlantedIn (flowerbedID, plantID, percentage, planterID) VALUES (261, 1834, 3, 88);
INSERT INTO PlantedIn (flowerbedID, plantID, percentage, planterID) VALUES (200, 2176, 2, 20);
INSERT INTO PlantedIn (flowerbedID, plantID, percentage, planterID) VALUES (277, 3162, 3, 22);
INSERT INTO PlantedIn (flowerbedID, plantID, percentage, planterID) VALUES (286, 110, 4, 119);
INSERT INTO PlantedIn (flowerbedID, plantID, percentage, planterID) VALUES (230, 434, 2, 122);
INSERT INTO PlantedIn (flowerbedID, plantID, percentage, planterID) VALUES (39, 3280, 3, 149);
INSERT INTO PlantedIn (flowerbedID, plantID, percentage, planterID) VALUES (93, 43, 2, 99);
INSERT INTO PlantedIn (flowerbedID, plantID, percentage, planterID) VALUES (188, 673, 3, 41);
INSERT INTO PlantedIn (flowerbedID, plantID, percentage, planterID) VALUES (194, 2894, 2, 13);
INSERT INTO PlantedIn (flowerbedID, plantID, percentage, planterID) VALUES (94, 710, 1, 118);
INSERT INTO PlantedIn (flowerbedID, plantID, percentage, planterID) VALUES (250, 2543, 3, 144);
INSERT INTO PlantedIn (flowerbedID, plantID, percentage, planterID) VALUES (117, 3201, 3, 107);
INSERT INTO PlantedIn (flowerbedID, plantID, percentage, planterID) VALUES (251, 734, 2, 19);
INSERT INTO PlantedIn (flowerbedID, plantID, percentage, planterID) VALUES (29, 152, 2, 57);
INSERT INTO PlantedIn (flowerbedID, plantID, percentage, planterID) VALUES (67, 38, 1, 111);
INSERT INTO PlantedIn (flowerbedID, plantID, percentage, planterID) VALUES (245, 2379, 3, 32);
INSERT INTO PlantedIn (flowerbedID, plantID, percentage, planterID) VALUES (82, 65, 1, 45);
INSERT INTO PlantedIn (flowerbedID, plantID, percentage, planterID) VALUES (16, 2165, 4, 112);
INSERT INTO PlantedIn (flowerbedID, plantID, percentage, planterID) VALUES (225, 2937, 1, 62);
INSERT INTO PlantedIn (flowerbedID, plantID, percentage, planterID) VALUES (110, 1750, 3, 106);
INSERT INTO PlantedIn (flowerbedID, plantID, percentage, planterID) VALUES (139, 985, 2, 140);
INSERT INTO PlantedIn (flowerbedID, plantID, percentage, planterID) VALUES (261, 3840, 1, 161);
INSERT INTO PlantedIn (flowerbedID, plantID, percentage, planterID) VALUES (124, 500, 2, 90);
INSERT INTO PlantedIn (flowerbedID, plantID, percentage, planterID) VALUES (207, 649, 2, 61);
INSERT INTO PlantedIn (flowerbedID, plantID, percentage, planterID) VALUES (278, 2748, 1, 96);
INSERT INTO PlantedIn (flowerbedID, plantID, percentage, planterID) VALUES (11, 2621, 2, 41);
INSERT INTO PlantedIn (flowerbedID, plantID, percentage, planterID) VALUES (31, 3093, 4, 151);
INSERT INTO PlantedIn (flowerbedID, plantID, percentage, planterID) VALUES (238, 3116, 4, 21);
INSERT INTO PlantedIn (flowerbedID, plantID, percentage, planterID) VALUES (298, 1174, 2, 65);
INSERT INTO PlantedIn (flowerbedID, plantID, percentage, planterID) VALUES (130, 3442, 1, 151);
INSERT INTO PlantedIn (flowerbedID, plantID, percentage, planterID) VALUES (18, 875, 4, 97);
INSERT INTO PlantedIn (flowerbedID, plantID, percentage, planterID) VALUES (281, 439, 4, 4);
INSERT INTO PlantedIn (flowerbedID, plantID, percentage, planterID) VALUES (237, 1000, 4, 65);
INSERT INTO PlantedIn (flowerbedID, plantID, percentage, planterID) VALUES (49, 1501, 4, 32);
INSERT INTO PlantedIn (flowerbedID, plantID, percentage, planterID) VALUES (59, 1164, 1, 131);
INSERT INTO PlantedIn (flowerbedID, plantID, percentage, planterID) VALUES (181, 512, 1, 104);
INSERT INTO PlantedIn (flowerbedID, plantID, percentage, planterID) VALUES (7, 1831, 1, 28);
INSERT INTO PlantedIn (flowerbedID, plantID, percentage, planterID) VALUES (210, 2787, 3, 12);
INSERT INTO PlantedIn (flowerbedID, plantID, percentage, planterID) VALUES (250, 339, 3, 106);
INSERT INTO PlantedIn (flowerbedID, plantID, percentage, planterID) VALUES (104, 3810, 2, 95);
INSERT INTO PlantedIn (flowerbedID, plantID, percentage, planterID) VALUES (105, 245, 3, 115);
INSERT INTO PlantedIn (flowerbedID, plantID, percentage, planterID) VALUES (135, 3280, 3, 81);
INSERT INTO PlantedIn (flowerbedID, plantID, percentage, planterID) VALUES (45, 886, 4, 144);
INSERT INTO PlantedIn (flowerbedID, plantID, percentage, planterID) VALUES (109, 1690, 2, 137);
INSERT INTO PlantedIn (flowerbedID, plantID, percentage, planterID) VALUES (273, 3680, 3, 80);
INSERT INTO PlantedIn (flowerbedID, plantID, percentage, planterID) VALUES (202, 2056, 3, 43);
INSERT INTO PlantedIn (flowerbedID, plantID, percentage, planterID) VALUES (186, 3318, 4, 23);
INSERT INTO PlantedIn (flowerbedID, plantID, percentage, planterID) VALUES (253, 2634, 1, 73);
INSERT INTO PlantedIn (flowerbedID, plantID, percentage, planterID) VALUES (223, 321, 1, 122);
INSERT INTO PlantedIn (flowerbedID, plantID, percentage, planterID) VALUES (279, 672, 1, 145);
INSERT INTO PlantedIn (flowerbedID, plantID, percentage, planterID) VALUES (121, 2623, 4, 144);
INSERT INTO PlantedIn (flowerbedID, plantID, percentage, planterID) VALUES (35, 2425, 1, 26);
INSERT INTO PlantedIn (flowerbedID, plantID, percentage, planterID) VALUES (174, 2371, 2, 110);
INSERT INTO PlantedIn (flowerbedID, plantID, percentage, planterID) VALUES (44, 3419, 4, 131);
INSERT INTO PlantedIn (flowerbedID, plantID, percentage, planterID) VALUES (223, 3450, 3, 126);
INSERT INTO PlantedIn (flowerbedID, plantID, percentage, planterID) VALUES (172, 575, 2, 135);
INSERT INTO PlantedIn (flowerbedID, plantID, percentage, planterID) VALUES (70, 1871, 1, 89);
INSERT INTO PlantedIn (flowerbedID, plantID, percentage, planterID) VALUES (197, 1379, 1, 42);
INSERT INTO PlantedIn (flowerbedID, plantID, percentage, planterID) VALUES (11, 307, 1, 142);
INSERT INTO PlantedIn (flowerbedID, plantID, percentage, planterID) VALUES (212, 3760, 2, 31);
INSERT INTO PlantedIn (flowerbedID, plantID, percentage, planterID) VALUES (176, 3149, 3, 93);
INSERT INTO PlantedIn (flowerbedID, plantID, percentage, planterID) VALUES (210, 1147, 2, 86);
INSERT INTO PlantedIn (flowerbedID, plantID, percentage, planterID) VALUES (57, 871, 4, 5);
INSERT INTO PlantedIn (flowerbedID, plantID, percentage, planterID) VALUES (112, 3121, 3, 15);
INSERT INTO PlantedIn (flowerbedID, plantID, percentage, planterID) VALUES (88, 2305, 4, 133);
INSERT INTO PlantedIn (flowerbedID, plantID, percentage, planterID) VALUES (285, 48, 4, 2);
INSERT INTO PlantedIn (flowerbedID, plantID, percentage, planterID) VALUES (28, 3224, 4, 24);
INSERT INTO PlantedIn (flowerbedID, plantID, percentage, planterID) VALUES (242, 1223, 2, 15);
INSERT INTO PlantedIn (flowerbedID, plantID, percentage, planterID) VALUES (40, 2401, 4, 22);
INSERT INTO PlantedIn (flowerbedID, plantID, percentage, planterID) VALUES (275, 2393, 1, 47);
INSERT INTO PlantedIn (flowerbedID, plantID, percentage, planterID) VALUES (253, 1161, 1, 150);
INSERT INTO PlantedIn (flowerbedID, plantID, percentage, planterID) VALUES (164, 2288, 3, 60);
INSERT INTO PlantedIn (flowerbedID, plantID, percentage, planterID) VALUES (181, 1382, 3, 85);
INSERT INTO PlantedIn (flowerbedID, plantID, percentage, planterID) VALUES (58, 2425, 4, 85);
INSERT INTO PlantedIn (flowerbedID, plantID, percentage, planterID) VALUES (283, 2233, 1, 68);
INSERT INTO PlantedIn (flowerbedID, plantID, percentage, planterID) VALUES (60, 1989, 1, 156);
INSERT INTO PlantedIn (flowerbedID, plantID, percentage, planterID) VALUES (40, 681, 4, 39);
INSERT INTO PlantedIn (flowerbedID, plantID, percentage, planterID) VALUES (143, 362, 3, 34);
INSERT INTO PlantedIn (flowerbedID, plantID, percentage, planterID) VALUES (183, 1280, 1, 17);
INSERT INTO PlantedIn (flowerbedID, plantID, percentage, planterID) VALUES (206, 2250, 4, 157);
INSERT INTO PlantedIn (flowerbedID, plantID, percentage, planterID) VALUES (63, 1569, 1, 151);
INSERT INTO PlantedIn (flowerbedID, plantID, percentage, planterID) VALUES (295, 1039, 1, 40);
INSERT INTO PlantedIn (flowerbedID, plantID, percentage, planterID) VALUES (235, 510, 4, 52);
INSERT INTO PlantedIn (flowerbedID, plantID, percentage, planterID) VALUES (93, 2017, 4, 154);
INSERT INTO PlantedIn (flowerbedID, plantID, percentage, planterID) VALUES (184, 349, 3, 64);
INSERT INTO PlantedIn (flowerbedID, plantID, percentage, planterID) VALUES (204, 1342, 2, 162);
INSERT INTO PlantedIn (flowerbedID, plantID, percentage, planterID) VALUES (278, 3280, 1, 44);
INSERT INTO PlantedIn (flowerbedID, plantID, percentage, planterID) VALUES (77, 496, 1, 51);
INSERT INTO PlantedIn (flowerbedID, plantID, percentage, planterID) VALUES (119, 2005, 1, 73);
INSERT INTO PlantedIn (flowerbedID, plantID, percentage, planterID) VALUES (195, 2776, 4, 17);
INSERT INTO PlantedIn (flowerbedID, plantID, percentage, planterID) VALUES (72, 3830, 4, 128);
INSERT INTO PlantedIn (flowerbedID, plantID, percentage, planterID) VALUES (139, 2973, 1, 157);
INSERT INTO PlantedIn (flowerbedID, plantID, percentage, planterID) VALUES (35, 3280, 1, 89);
INSERT INTO PlantedIn (flowerbedID, plantID, percentage, planterID) VALUES (209, 2958, 4, 32);
INSERT INTO PlantedIn (flowerbedID, plantID, percentage, planterID) VALUES (297, 2353, 3, 81);
INSERT INTO PlantedIn (flowerbedID, plantID, percentage, planterID) VALUES (98, 2190, 3, 104);
INSERT INTO PlantedIn (flowerbedID, plantID, percentage, planterID) VALUES (167, 1332, 3, 73);
INSERT INTO PlantedIn (flowerbedID, plantID, percentage, planterID) VALUES (137, 3623, 4, 143);
INSERT INTO PlantedIn (flowerbedID, plantID, percentage, planterID) VALUES (212, 2862, 4, 11);
INSERT INTO PlantedIn (flowerbedID, plantID, percentage, planterID) VALUES (177, 2227, 2, 150);
INSERT INTO PlantedIn (flowerbedID, plantID, percentage, planterID) VALUES (103, 196, 1, 41);
INSERT INTO PlantedIn (flowerbedID, plantID, percentage, planterID) VALUES (158, 1648, 3, 91);
INSERT INTO PlantedIn (flowerbedID, plantID, percentage, planterID) VALUES (11, 3847, 2, 28);
INSERT INTO PlantedIn (flowerbedID, plantID, percentage, planterID) VALUES (168, 2952, 1, 160);
INSERT INTO PlantedIn (flowerbedID, plantID, percentage, planterID) VALUES (86, 2267, 4, 83);
INSERT INTO PlantedIn (flowerbedID, plantID, percentage, planterID) VALUES (98, 2094, 4, 141);
INSERT INTO PlantedIn (flowerbedID, plantID, percentage, planterID) VALUES (36, 2642, 2, 35);
INSERT INTO PlantedIn (flowerbedID, plantID, percentage, planterID) VALUES (220, 1696, 2, 120);
INSERT INTO PlantedIn (flowerbedID, plantID, percentage, planterID) VALUES (259, 845, 4, 134);
INSERT INTO PlantedIn (flowerbedID, plantID, percentage, planterID) VALUES (64, 3630, 4, 46);
INSERT INTO PlantedIn (flowerbedID, plantID, percentage, planterID) VALUES (211, 735, 4, 154);
INSERT INTO PlantedIn (flowerbedID, plantID, percentage, planterID) VALUES (162, 2521, 4, 65);
INSERT INTO PlantedIn (flowerbedID, plantID, percentage, planterID) VALUES (72, 3302, 3, 142);
INSERT INTO PlantedIn (flowerbedID, plantID, percentage, planterID) VALUES (119, 2464, 3, 83);
INSERT INTO PlantedIn (flowerbedID, plantID, percentage, planterID) VALUES (37, 2575, 4, 54);
INSERT INTO PlantedIn (flowerbedID, plantID, percentage, planterID) VALUES (265, 353, 1, 153);
INSERT INTO PlantedIn (flowerbedID, plantID, percentage, planterID) VALUES (10, 571, 3, 151);
INSERT INTO PlantedIn (flowerbedID, plantID, percentage, planterID) VALUES (101, 2971, 4, 94);
INSERT INTO PlantedIn (flowerbedID, plantID, percentage, planterID) VALUES (126, 3546, 3, 122);
INSERT INTO PlantedIn (flowerbedID, plantID, percentage, planterID) VALUES (231, 2037, 1, 39);
INSERT INTO PlantedIn (flowerbedID, plantID, percentage, planterID) VALUES (50, 2726, 2, 118);
INSERT INTO PlantedIn (flowerbedID, plantID, percentage, planterID) VALUES (116, 2527, 3, 93);
INSERT INTO PlantedIn (flowerbedID, plantID, percentage, planterID) VALUES (96, 3300, 1, 86);
INSERT INTO PlantedIn (flowerbedID, plantID, percentage, planterID) VALUES (283, 1473, 4, 53);
INSERT INTO PlantedIn (flowerbedID, plantID, percentage, planterID) VALUES (159, 683, 4, 122);
INSERT INTO PlantedIn (flowerbedID, plantID, percentage, planterID) VALUES (283, 973, 2, 128);
INSERT INTO PlantedIn (flowerbedID, plantID, percentage, planterID) VALUES (51, 1738, 4, 5);
INSERT INTO PlantedIn (flowerbedID, plantID, percentage, planterID) VALUES (292, 965, 1, 19);
INSERT INTO PlantedIn (flowerbedID, plantID, percentage, planterID) VALUES (286, 3051, 2, 108);
INSERT INTO PlantedIn (flowerbedID, plantID, percentage, planterID) VALUES (133, 640, 4, 147);
INSERT INTO PlantedIn (flowerbedID, plantID, percentage, planterID) VALUES (218, 1043, 2, 162);
INSERT INTO PlantedIn (flowerbedID, plantID, percentage, planterID) VALUES (134, 2504, 2, 22);
INSERT INTO PlantedIn (flowerbedID, plantID, percentage, planterID) VALUES (269, 3350, 1, 131);
INSERT INTO PlantedIn (flowerbedID, plantID, percentage, planterID) VALUES (95, 3026, 2, 2);
INSERT INTO PlantedIn (flowerbedID, plantID, percentage, planterID) VALUES (10, 454, 4, 75);
INSERT INTO PlantedIn (flowerbedID, plantID, percentage, planterID) VALUES (272, 228, 2, 57);
INSERT INTO PlantedIn (flowerbedID, plantID, percentage, planterID) VALUES (68, 700, 1, 20);
INSERT INTO PlantedIn (flowerbedID, plantID, percentage, planterID) VALUES (158, 306, 2, 36);
INSERT INTO PlantedIn (flowerbedID, plantID, percentage, planterID) VALUES (105, 570, 4, 88);
INSERT INTO PlantedIn (flowerbedID, plantID, percentage, planterID) VALUES (150, 3650, 4, 132);
INSERT INTO PlantedIn (flowerbedID, plantID, percentage, planterID) VALUES (218, 2984, 4, 19);
INSERT INTO PlantedIn (flowerbedID, plantID, percentage, planterID) VALUES (266, 2097, 4, 129);
INSERT INTO PlantedIn (flowerbedID, plantID, percentage, planterID) VALUES (180, 294, 4, 25);
INSERT INTO PlantedIn (flowerbedID, plantID, percentage, planterID) VALUES (77, 994, 4, 12);
INSERT INTO PlantedIn (flowerbedID, plantID, percentage, planterID) VALUES (101, 1072, 3, 7);
INSERT INTO PlantedIn (flowerbedID, plantID, percentage, planterID) VALUES (127, 2130, 1, 83);
INSERT INTO PlantedIn (flowerbedID, plantID, percentage, planterID) VALUES (56, 2577, 3, 158);
INSERT INTO PlantedIn (flowerbedID, plantID, percentage, planterID) VALUES (183, 2617, 2, 87);
INSERT INTO PlantedIn (flowerbedID, plantID, percentage, planterID) VALUES (135, 2364, 2, 17);
INSERT INTO PlantedIn (flowerbedID, plantID, percentage, planterID) VALUES (47, 3259, 4, 24);
INSERT INTO PlantedIn (flowerbedID, plantID, percentage, planterID) VALUES (275, 1079, 1, 100);
INSERT INTO PlantedIn (flowerbedID, plantID, percentage, planterID) VALUES (278, 2, 2, 96);
INSERT INTO PlantedIn (flowerbedID, plantID, percentage, planterID) VALUES (165, 144, 3, 99);
INSERT INTO PlantedIn (flowerbedID, plantID, percentage, planterID) VALUES (211, 1878, 2, 73);
INSERT INTO PlantedIn (flowerbedID, plantID, percentage, planterID) VALUES (49, 3572, 3, 113);
INSERT INTO PlantedIn (flowerbedID, plantID, percentage, planterID) VALUES (178, 324, 3, 77);
INSERT INTO PlantedIn (flowerbedID, plantID, percentage, planterID) VALUES (109, 101, 4, 119);
INSERT INTO PlantedIn (flowerbedID, plantID, percentage, planterID) VALUES (203, 2504, 3, 133);
INSERT INTO PlantedIn (flowerbedID, plantID, percentage, planterID) VALUES (110, 2043, 1, 161);
INSERT INTO PlantedIn (flowerbedID, plantID, percentage, planterID) VALUES (5, 1384, 1, 66);
INSERT INTO PlantedIn (flowerbedID, plantID, percentage, planterID) VALUES (85, 138, 4, 136);
INSERT INTO PlantedIn (flowerbedID, plantID, percentage, planterID) VALUES (235, 2854, 2, 88);
INSERT INTO PlantedIn (flowerbedID, plantID, percentage, planterID) VALUES (246, 3681, 1, 153);
INSERT INTO PlantedIn (flowerbedID, plantID, percentage, planterID) VALUES (293, 2222, 3, 15);
INSERT INTO PlantedIn (flowerbedID, plantID, percentage, planterID) VALUES (67, 3305, 4, 45);
INSERT INTO PlantedIn (flowerbedID, plantID, percentage, planterID) VALUES (55, 834, 3, 13);
INSERT INTO PlantedIn (flowerbedID, plantID, percentage, planterID) VALUES (223, 24, 4, 107);
INSERT INTO PlantedIn (flowerbedID, plantID, percentage, planterID) VALUES (109, 6, 3, 161);
INSERT INTO PlantedIn (flowerbedID, plantID, percentage, planterID) VALUES (12, 2799, 4, 80);
INSERT INTO PlantedIn (flowerbedID, plantID, percentage, planterID) VALUES (139, 3752, 2, 35);
INSERT INTO PlantedIn (flowerbedID, plantID, percentage, planterID) VALUES (276, 330, 4, 81);
INSERT INTO PlantedIn (flowerbedID, plantID, percentage, planterID) VALUES (198, 2136, 4, 96);
INSERT INTO PlantedIn (flowerbedID, plantID, percentage, planterID) VALUES (122, 3151, 3, 130);
INSERT INTO PlantedIn (flowerbedID, plantID, percentage, planterID) VALUES (10, 3182, 4, 25);
INSERT INTO PlantedIn (flowerbedID, plantID, percentage, planterID) VALUES (248, 2929, 1, 92);
INSERT INTO PlantedIn (flowerbedID, plantID, percentage, planterID) VALUES (228, 1812, 4, 145);
INSERT INTO PlantedIn (flowerbedID, plantID, percentage, planterID) VALUES (58, 1171, 3, 107);
INSERT INTO PlantedIn (flowerbedID, plantID, percentage, planterID) VALUES (82, 3151, 1, 162);
INSERT INTO PlantedIn (flowerbedID, plantID, percentage, planterID) VALUES (270, 1577, 3, 17);
INSERT INTO PlantedIn (flowerbedID, plantID, percentage, planterID) VALUES (288, 2526, 2, 77);
INSERT INTO PlantedIn (flowerbedID, plantID, percentage, planterID) VALUES (6, 382, 4, 48);
INSERT INTO PlantedIn (flowerbedID, plantID, percentage, planterID) VALUES (257, 3123, 3, 8);
INSERT INTO PlantedIn (flowerbedID, plantID, percentage, planterID) VALUES (83, 3403, 2, 71);
INSERT INTO PlantedIn (flowerbedID, plantID, percentage, planterID) VALUES (55, 113, 2, 22);
INSERT INTO PlantedIn (flowerbedID, plantID, percentage, planterID) VALUES (253, 245, 3, 113);
INSERT INTO PlantedIn (flowerbedID, plantID, percentage, planterID) VALUES (141, 2901, 2, 53);
INSERT INTO PlantedIn (flowerbedID, plantID, percentage, planterID) VALUES (121, 2889, 4, 138);
INSERT INTO PlantedIn (flowerbedID, plantID, percentage, planterID) VALUES (282, 2933, 4, 65);
INSERT INTO PlantedIn (flowerbedID, plantID, percentage, planterID) VALUES (257, 2500, 3, 140);
INSERT INTO PlantedIn (flowerbedID, plantID, percentage, planterID) VALUES (136, 3287, 3, 57);
INSERT INTO PlantedIn (flowerbedID, plantID, percentage, planterID) VALUES (219, 2865, 4, 35);
INSERT INTO PlantedIn (flowerbedID, plantID, percentage, planterID) VALUES (231, 1255, 3, 64);
INSERT INTO PlantedIn (flowerbedID, plantID, percentage, planterID) VALUES (116, 91, 4, 62);
INSERT INTO PlantedIn (flowerbedID, plantID, percentage, planterID) VALUES (232, 2565, 1, 51);
INSERT INTO PlantedIn (flowerbedID, plantID, percentage, planterID) VALUES (123, 352, 2, 9);
INSERT INTO PlantedIn (flowerbedID, plantID, percentage, planterID) VALUES (255, 1636, 3, 55);
INSERT INTO PlantedIn (flowerbedID, plantID, percentage, planterID) VALUES (21, 480, 3, 73);
INSERT INTO PlantedIn (flowerbedID, plantID, percentage, planterID) VALUES (292, 2898, 3, 44);
INSERT INTO PlantedIn (flowerbedID, plantID, percentage, planterID) VALUES (147, 1763, 2, 107);
INSERT INTO PlantedIn (flowerbedID, plantID, percentage, planterID) VALUES (234, 3823, 1, 151);
INSERT INTO PlantedIn (flowerbedID, plantID, percentage, planterID) VALUES (4, 906, 4, 5);
INSERT INTO PlantedIn (flowerbedID, plantID, percentage, planterID) VALUES (123, 61, 2, 114);
INSERT INTO PlantedIn (flowerbedID, plantID, percentage, planterID) VALUES (31, 1495, 1, 6);
INSERT INTO PlantedIn (flowerbedID, plantID, percentage, planterID) VALUES (41, 1117, 3, 135);
INSERT INTO PlantedIn (flowerbedID, plantID, percentage, planterID) VALUES (223, 1544, 3, 153);
INSERT INTO PlantedIn (flowerbedID, plantID, percentage, planterID) VALUES (117, 2951, 2, 120);
INSERT INTO PlantedIn (flowerbedID, plantID, percentage, planterID) VALUES (13, 588, 2, 36);
INSERT INTO PlantedIn (flowerbedID, plantID, percentage, planterID) VALUES (51, 3349, 3, 123);
INSERT INTO PlantedIn (flowerbedID, plantID, percentage, planterID) VALUES (253, 2613, 4, 20);
INSERT INTO PlantedIn (flowerbedID, plantID, percentage, planterID) VALUES (19, 575, 1, 4);
INSERT INTO PlantedIn (flowerbedID, plantID, percentage, planterID) VALUES (131, 3099, 1, 143);
INSERT INTO PlantedIn (flowerbedID, plantID, percentage, planterID) VALUES (61, 2761, 3, 122);
INSERT INTO PlantedIn (flowerbedID, plantID, percentage, planterID) VALUES (38, 686, 1, 64);
INSERT INTO PlantedIn (flowerbedID, plantID, percentage, planterID) VALUES (99, 2222, 2, 106);
INSERT INTO PlantedIn (flowerbedID, plantID, percentage, planterID) VALUES (132, 1256, 2, 18);
INSERT INTO PlantedIn (flowerbedID, plantID, percentage, planterID) VALUES (1, 846, 1, 40);
INSERT INTO PlantedIn (flowerbedID, plantID, percentage, planterID) VALUES (110, 972, 4, 46);
INSERT INTO PlantedIn (flowerbedID, plantID, percentage, planterID) VALUES (241, 2690, 2, 146);
INSERT INTO PlantedIn (flowerbedID, plantID, percentage, planterID) VALUES (30, 3221, 1, 130);
INSERT INTO PlantedIn (flowerbedID, plantID, percentage, planterID) VALUES (4, 489, 2, 67);
INSERT INTO PlantedIn (flowerbedID, plantID, percentage, planterID) VALUES (210, 8, 1, 145);
INSERT INTO PlantedIn (flowerbedID, plantID, percentage, planterID) VALUES (98, 3637, 2, 74);
INSERT INTO PlantedIn (flowerbedID, plantID, percentage, planterID) VALUES (48, 2543, 3, 68);
INSERT INTO PlantedIn (flowerbedID, plantID, percentage, planterID) VALUES (272, 2527, 4, 58);
INSERT INTO PlantedIn (flowerbedID, plantID, percentage, planterID) VALUES (222, 1238, 3, 38);
INSERT INTO PlantedIn (flowerbedID, plantID, percentage, planterID) VALUES (5, 229, 1, 142);
INSERT INTO PlantedIn (flowerbedID, plantID, percentage, planterID) VALUES (212, 2797, 2, 42);
INSERT INTO PlantedIn (flowerbedID, plantID, percentage, planterID) VALUES (217, 311, 1, 95);
INSERT INTO PlantedIn (flowerbedID, plantID, percentage, planterID) VALUES (7, 3784, 1, 66);
INSERT INTO PlantedIn (flowerbedID, plantID, percentage, planterID) VALUES (191, 2983, 3, 122);
INSERT INTO PlantedIn (flowerbedID, plantID, percentage, planterID) VALUES (128, 158, 1, 88);
INSERT INTO PlantedIn (flowerbedID, plantID, percentage, planterID) VALUES (108, 2800, 2, 123);
INSERT INTO PlantedIn (flowerbedID, plantID, percentage, planterID) VALUES (235, 2080, 3, 85);
INSERT INTO PlantedIn (flowerbedID, plantID, percentage, planterID) VALUES (36, 3201, 4, 100);
INSERT INTO PlantedIn (flowerbedID, plantID, percentage, planterID) VALUES (165, 3178, 2, 41);
INSERT INTO PlantedIn (flowerbedID, plantID, percentage, planterID) VALUES (270, 3042, 4, 57);
INSERT INTO PlantedIn (flowerbedID, plantID, percentage, planterID) VALUES (229, 2745, 2, 19);
INSERT INTO PlantedIn (flowerbedID, plantID, percentage, planterID) VALUES (256, 1766, 1, 13);
INSERT INTO PlantedIn (flowerbedID, plantID, percentage, planterID) VALUES (55, 3042, 4, 102);
INSERT INTO PlantedIn (flowerbedID, plantID, percentage, planterID) VALUES (98, 322, 2, 111);
INSERT INTO PlantedIn (flowerbedID, plantID, percentage, planterID) VALUES (273, 849, 2, 47);
INSERT INTO PlantedIn (flowerbedID, plantID, percentage, planterID) VALUES (13, 1958, 4, 128);
INSERT INTO PlantedIn (flowerbedID, plantID, percentage, planterID) VALUES (88, 271, 1, 150);
INSERT INTO PlantedIn (flowerbedID, plantID, percentage, planterID) VALUES (234, 3762, 2, 80);
INSERT INTO PlantedIn (flowerbedID, plantID, percentage, planterID) VALUES (236, 1586, 3, 29);
INSERT INTO PlantedIn (flowerbedID, plantID, percentage, planterID) VALUES (260, 940, 1, 148);
INSERT INTO PlantedIn (flowerbedID, plantID, percentage, planterID) VALUES (9, 1728, 2, 3);
INSERT INTO PlantedIn (flowerbedID, plantID, percentage, planterID) VALUES (159, 2525, 2, 138);
INSERT INTO PlantedIn (flowerbedID, plantID, percentage, planterID) VALUES (261, 271, 4, 156);
INSERT INTO PlantedIn (flowerbedID, plantID, percentage, planterID) VALUES (173, 2492, 4, 148);
INSERT INTO PlantedIn (flowerbedID, plantID, percentage, planterID) VALUES (214, 2812, 2, 160);
INSERT INTO PlantedIn (flowerbedID, plantID, percentage, planterID) VALUES (210, 1512, 2, 131);
INSERT INTO PlantedIn (flowerbedID, plantID, percentage, planterID) VALUES (240, 3575, 3, 22);
INSERT INTO PlantedIn (flowerbedID, plantID, percentage, planterID) VALUES (51, 3799, 1, 124);
INSERT INTO PlantedIn (flowerbedID, plantID, percentage, planterID) VALUES (129, 2817, 4, 96);
INSERT INTO PlantedIn (flowerbedID, plantID, percentage, planterID) VALUES (115, 1360, 2, 69);
INSERT INTO PlantedIn (flowerbedID, plantID, percentage, planterID) VALUES (127, 1181, 4, 30);
INSERT INTO PlantedIn (flowerbedID, plantID, percentage, planterID) VALUES (285, 111, 3, 150);
INSERT INTO PlantedIn (flowerbedID, plantID, percentage, planterID) VALUES (227, 3084, 2, 28);
INSERT INTO PlantedIn (flowerbedID, plantID, percentage, planterID) VALUES (252, 279, 1, 114);
INSERT INTO PlantedIn (flowerbedID, plantID, percentage, planterID) VALUES (17, 1447, 2, 36);
INSERT INTO PlantedIn (flowerbedID, plantID, percentage, planterID) VALUES (31, 2931, 2, 77);
INSERT INTO PlantedIn (flowerbedID, plantID, percentage, planterID) VALUES (45, 3515, 1, 92);
INSERT INTO PlantedIn (flowerbedID, plantID, percentage, planterID) VALUES (281, 1542, 3, 132);
INSERT INTO PlantedIn (flowerbedID, plantID, percentage, planterID) VALUES (59, 3571, 2, 27);
INSERT INTO PlantedIn (flowerbedID, plantID, percentage, planterID) VALUES (251, 369, 3, 65);
INSERT INTO PlantedIn (flowerbedID, plantID, percentage, planterID) VALUES (51, 129, 1, 119);
INSERT INTO PlantedIn (flowerbedID, plantID, percentage, planterID) VALUES (122, 3448, 3, 122);
INSERT INTO PlantedIn (flowerbedID, plantID, percentage, planterID) VALUES (298, 2842, 1, 51);
INSERT INTO PlantedIn (flowerbedID, plantID, percentage, planterID) VALUES (193, 3178, 3, 43);
INSERT INTO PlantedIn (flowerbedID, plantID, percentage, planterID) VALUES (67, 44, 2, 48);
INSERT INTO PlantedIn (flowerbedID, plantID, percentage, planterID) VALUES (280, 1655, 4, 139);
INSERT INTO PlantedIn (flowerbedID, plantID, percentage, planterID) VALUES (157, 687, 3, 78);
INSERT INTO PlantedIn (flowerbedID, plantID, percentage, planterID) VALUES (64, 540, 3, 158);
INSERT INTO PlantedIn (flowerbedID, plantID, percentage, planterID) VALUES (10, 2396, 3, 23);
INSERT INTO PlantedIn (flowerbedID, plantID, percentage, planterID) VALUES (231, 480, 4, 76);
INSERT INTO PlantedIn (flowerbedID, plantID, percentage, planterID) VALUES (257, 2836, 3, 157);
INSERT INTO PlantedIn (flowerbedID, plantID, percentage, planterID) VALUES (167, 613, 4, 15);
INSERT INTO PlantedIn (flowerbedID, plantID, percentage, planterID) VALUES (51, 1407, 1, 34);
INSERT INTO PlantedIn (flowerbedID, plantID, percentage, planterID) VALUES (237, 3852, 2, 152);
INSERT INTO PlantedIn (flowerbedID, plantID, percentage, planterID) VALUES (53, 1285, 2, 2);
INSERT INTO PlantedIn (flowerbedID, plantID, percentage, planterID) VALUES (142, 3556, 3, 1);
INSERT INTO PlantedIn (flowerbedID, plantID, percentage, planterID) VALUES (162, 511, 2, 32);
INSERT INTO PlantedIn (flowerbedID, plantID, percentage, planterID) VALUES (77, 2424, 1, 14);
INSERT INTO PlantedIn (flowerbedID, plantID, percentage, planterID) VALUES (108, 3821, 4, 107);
INSERT INTO PlantedIn (flowerbedID, plantID, percentage, planterID) VALUES (44, 2731, 2, 120);
INSERT INTO PlantedIn (flowerbedID, plantID, percentage, planterID) VALUES (22, 3428, 4, 73);
INSERT INTO PlantedIn (flowerbedID, plantID, percentage, planterID) VALUES (265, 1164, 1, 31);
INSERT INTO PlantedIn (flowerbedID, plantID, percentage, planterID) VALUES (190, 714, 1, 77);
INSERT INTO PlantedIn (flowerbedID, plantID, percentage, planterID) VALUES (32, 1723, 3, 105);
INSERT INTO PlantedIn (flowerbedID, plantID, percentage, planterID) VALUES (6, 2200, 1, 121);
INSERT INTO PlantedIn (flowerbedID, plantID, percentage, planterID) VALUES (83, 1511, 2, 84);
INSERT INTO PlantedIn (flowerbedID, plantID, percentage, planterID) VALUES (83, 3498, 1, 36);
INSERT INTO PlantedIn (flowerbedID, plantID, percentage, planterID) VALUES (62, 1492, 4, 38);
INSERT INTO PlantedIn (flowerbedID, plantID, percentage, planterID) VALUES (32, 2140, 3, 55);
INSERT INTO PlantedIn (flowerbedID, plantID, percentage, planterID) VALUES (104, 1059, 4, 90);
INSERT INTO PlantedIn (flowerbedID, plantID, percentage, planterID) VALUES (92, 1808, 2, 95);
INSERT INTO PlantedIn (flowerbedID, plantID, percentage, planterID) VALUES (12, 959, 2, 85);
INSERT INTO PlantedIn (flowerbedID, plantID, percentage, planterID) VALUES (192, 3763, 4, 114);
INSERT INTO PlantedIn (flowerbedID, plantID, percentage, planterID) VALUES (263, 3349, 1, 14);
INSERT INTO PlantedIn (flowerbedID, plantID, percentage, planterID) VALUES (76, 1142, 4, 159);
INSERT INTO PlantedIn (flowerbedID, plantID, percentage, planterID) VALUES (286, 3358, 1, 86);
INSERT INTO PlantedIn (flowerbedID, plantID, percentage, planterID) VALUES (127, 3157, 4, 129);
INSERT INTO PlantedIn (flowerbedID, plantID, percentage, planterID) VALUES (28, 1020, 2, 93);
INSERT INTO PlantedIn (flowerbedID, plantID, percentage, planterID) VALUES (219, 344, 4, 124);
INSERT INTO PlantedIn (flowerbedID, plantID, percentage, planterID) VALUES (101, 813, 4, 14);
INSERT INTO PlantedIn (flowerbedID, plantID, percentage, planterID) VALUES (55, 2857, 1, 154);
INSERT INTO PlantedIn (flowerbedID, plantID, percentage, planterID) VALUES (182, 3749, 4, 26);
INSERT INTO PlantedIn (flowerbedID, plantID, percentage, planterID) VALUES (80, 274, 1, 117);
INSERT INTO PlantedIn (flowerbedID, plantID, percentage, planterID) VALUES (281, 687, 2, 49);
INSERT INTO PlantedIn (flowerbedID, plantID, percentage, planterID) VALUES (298, 110, 1, 23);
INSERT INTO PlantedIn (flowerbedID, plantID, percentage, planterID) VALUES (88, 2593, 1, 83);
INSERT INTO PlantedIn (flowerbedID, plantID, percentage, planterID) VALUES (228, 774, 1, 137);
INSERT INTO PlantedIn (flowerbedID, plantID, percentage, planterID) VALUES (123, 3375, 3, 13);
INSERT INTO PlantedIn (flowerbedID, plantID, percentage, planterID) VALUES (184, 3731, 1, 113);
INSERT INTO PlantedIn (flowerbedID, plantID, percentage, planterID) VALUES (280, 3105, 1, 13);
INSERT INTO PlantedIn (flowerbedID, plantID, percentage, planterID) VALUES (262, 2921, 4, 73);
INSERT INTO PlantedIn (flowerbedID, plantID, percentage, planterID) VALUES (280, 2719, 4, 31);
INSERT INTO PlantedIn (flowerbedID, plantID, percentage, planterID) VALUES (219, 1188, 1, 3);
INSERT INTO PlantedIn (flowerbedID, plantID, percentage, planterID) VALUES (293, 1905, 3, 9);
INSERT INTO PlantedIn (flowerbedID, plantID, percentage, planterID) VALUES (208, 3246, 1, 144);
INSERT INTO PlantedIn (flowerbedID, plantID, percentage, planterID) VALUES (214, 3508, 2, 121);
INSERT INTO PlantedIn (flowerbedID, plantID, percentage, planterID) VALUES (261, 1370, 4, 94);
INSERT INTO PlantedIn (flowerbedID, plantID, percentage, planterID) VALUES (48, 2388, 1, 2);
INSERT INTO PlantedIn (flowerbedID, plantID, percentage, planterID) VALUES (112, 1657, 2, 146);
INSERT INTO PlantedIn (flowerbedID, plantID, percentage, planterID) VALUES (40, 79, 4, 41);
INSERT INTO PlantedIn (flowerbedID, plantID, percentage, planterID) VALUES (98, 953, 2, 153);
INSERT INTO PlantedIn (flowerbedID, plantID, percentage, planterID) VALUES (222, 3614, 2, 8);
INSERT INTO PlantedIn (flowerbedID, plantID, percentage, planterID) VALUES (232, 3396, 2, 93);
INSERT INTO PlantedIn (flowerbedID, plantID, percentage, planterID) VALUES (235, 903, 3, 140);
INSERT INTO PlantedIn (flowerbedID, plantID, percentage, planterID) VALUES (176, 1369, 3, 81);
INSERT INTO PlantedIn (flowerbedID, plantID, percentage, planterID) VALUES (291, 1833, 2, 134);
INSERT INTO PlantedIn (flowerbedID, plantID, percentage, planterID) VALUES (270, 2405, 1, 113);
INSERT INTO PlantedIn (flowerbedID, plantID, percentage, planterID) VALUES (193, 3423, 4, 155);
INSERT INTO PlantedIn (flowerbedID, plantID, percentage, planterID) VALUES (40, 3037, 4, 48);
INSERT INTO PlantedIn (flowerbedID, plantID, percentage, planterID) VALUES (216, 1236, 2, 53);
INSERT INTO PlantedIn (flowerbedID, plantID, percentage, planterID) VALUES (22, 3068, 3, 111);
INSERT INTO PlantedIn (flowerbedID, plantID, percentage, planterID) VALUES (45, 421, 1, 70);
INSERT INTO PlantedIn (flowerbedID, plantID, percentage, planterID) VALUES (175, 711, 2, 80);
INSERT INTO PlantedIn (flowerbedID, plantID, percentage, planterID) VALUES (241, 450, 2, 90);
INSERT INTO PlantedIn (flowerbedID, plantID, percentage, planterID) VALUES (1, 1620, 1, 72);
INSERT INTO PlantedIn (flowerbedID, plantID, percentage, planterID) VALUES (62, 2684, 4, 1);
INSERT INTO PlantedIn (flowerbedID, plantID, percentage, planterID) VALUES (5, 1192, 1, 73);
INSERT INTO PlantedIn (flowerbedID, plantID, percentage, planterID) VALUES (45, 1555, 1, 34);
INSERT INTO PlantedIn (flowerbedID, plantID, percentage, planterID) VALUES (59, 3240, 2, 152);
INSERT INTO PlantedIn (flowerbedID, plantID, percentage, planterID) VALUES (284, 1111, 3, 80);
INSERT INTO PlantedIn (flowerbedID, plantID, percentage, planterID) VALUES (141, 3589, 2, 3);
INSERT INTO PlantedIn (flowerbedID, plantID, percentage, planterID) VALUES (14, 2071, 1, 125);
INSERT INTO PlantedIn (flowerbedID, plantID, percentage, planterID) VALUES (286, 557, 1, 32);
INSERT INTO PlantedIn (flowerbedID, plantID, percentage, planterID) VALUES (251, 718, 4, 15);
INSERT INTO PlantedIn (flowerbedID, plantID, percentage, planterID) VALUES (148, 1952, 3, 12);
INSERT INTO PlantedIn (flowerbedID, plantID, percentage, planterID) VALUES (272, 1005, 1, 149);
INSERT INTO PlantedIn (flowerbedID, plantID, percentage, planterID) VALUES (30, 2872, 1, 77);
INSERT INTO PlantedIn (flowerbedID, plantID, percentage, planterID) VALUES (10, 3522, 3, 99);
INSERT INTO PlantedIn (flowerbedID, plantID, percentage, planterID) VALUES (252, 2279, 4, 134);
INSERT INTO PlantedIn (flowerbedID, plantID, percentage, planterID) VALUES (38, 1949, 1, 161);
INSERT INTO PlantedIn (flowerbedID, plantID, percentage, planterID) VALUES (194, 434, 2, 42);
INSERT INTO PlantedIn (flowerbedID, plantID, percentage, planterID) VALUES (90, 1253, 4, 59);
INSERT INTO PlantedIn (flowerbedID, plantID, percentage, planterID) VALUES (248, 1557, 3, 75);
INSERT INTO PlantedIn (flowerbedID, plantID, percentage, planterID) VALUES (199, 1143, 4, 145);
INSERT INTO PlantedIn (flowerbedID, plantID, percentage, planterID) VALUES (12, 1109, 1, 139);
INSERT INTO PlantedIn (flowerbedID, plantID, percentage, planterID) VALUES (60, 1466, 1, 99);
INSERT INTO PlantedIn (flowerbedID, plantID, percentage, planterID) VALUES (290, 1349, 1, 159);
INSERT INTO PlantedIn (flowerbedID, plantID, percentage, planterID) VALUES (256, 3299, 3, 30);
INSERT INTO PlantedIn (flowerbedID, plantID, percentage, planterID) VALUES (221, 1261, 3, 10);
INSERT INTO PlantedIn (flowerbedID, plantID, percentage, planterID) VALUES (218, 1893, 2, 53);
INSERT INTO PlantedIn (flowerbedID, plantID, percentage, planterID) VALUES (235, 551, 4, 27);
INSERT INTO PlantedIn (flowerbedID, plantID, percentage, planterID) VALUES (129, 3700, 3, 154);
INSERT INTO PlantedIn (flowerbedID, plantID, percentage, planterID) VALUES (101, 1791, 2, 115);
INSERT INTO PlantedIn (flowerbedID, plantID, percentage, planterID) VALUES (243, 2268, 3, 69);
INSERT INTO PlantedIn (flowerbedID, plantID, percentage, planterID) VALUES (132, 2214, 2, 29);
INSERT INTO PlantedIn (flowerbedID, plantID, percentage, planterID) VALUES (295, 594, 3, 116);
INSERT INTO PlantedIn (flowerbedID, plantID, percentage, planterID) VALUES (144, 2805, 1, 50);
INSERT INTO PlantedIn (flowerbedID, plantID, percentage, planterID) VALUES (65, 2293, 1, 104);
INSERT INTO PlantedIn (flowerbedID, plantID, percentage, planterID) VALUES (220, 2909, 1, 142);
INSERT INTO PlantedIn (flowerbedID, plantID, percentage, planterID) VALUES (213, 2773, 1, 137);
INSERT INTO PlantedIn (flowerbedID, plantID, percentage, planterID) VALUES (54, 1763, 4, 61);
INSERT INTO PlantedIn (flowerbedID, plantID, percentage, planterID) VALUES (13, 2899, 2, 114);
INSERT INTO PlantedIn (flowerbedID, plantID, percentage, planterID) VALUES (97, 3183, 2, 153);
INSERT INTO PlantedIn (flowerbedID, plantID, percentage, planterID) VALUES (293, 2159, 2, 6);
INSERT INTO PlantedIn (flowerbedID, plantID, percentage, planterID) VALUES (85, 1248, 2, 115);
INSERT INTO PlantedIn (flowerbedID, plantID, percentage, planterID) VALUES (274, 1028, 3, 86);
INSERT INTO PlantedIn (flowerbedID, plantID, percentage, planterID) VALUES (6, 1253, 3, 141);
INSERT INTO PlantedIn (flowerbedID, plantID, percentage, planterID) VALUES (13, 2348, 1, 134);
INSERT INTO PlantedIn (flowerbedID, plantID, percentage, planterID) VALUES (19, 484, 1, 37);
INSERT INTO PlantedIn (flowerbedID, plantID, percentage, planterID) VALUES (262, 3369, 1, 102);
INSERT INTO PlantedIn (flowerbedID, plantID, percentage, planterID) VALUES (208, 1847, 3, 88);
INSERT INTO PlantedIn (flowerbedID, plantID, percentage, planterID) VALUES (11, 2083, 2, 23);
INSERT INTO PlantedIn (flowerbedID, plantID, percentage, planterID) VALUES (258, 3068, 4, 141);
INSERT INTO PlantedIn (flowerbedID, plantID, percentage, planterID) VALUES (18, 1233, 1, 74);
INSERT INTO PlantedIn (flowerbedID, plantID, percentage, planterID) VALUES (193, 944, 3, 139);
INSERT INTO PlantedIn (flowerbedID, plantID, percentage, planterID) VALUES (255, 2242, 4, 156);
INSERT INTO PlantedIn (flowerbedID, plantID, percentage, planterID) VALUES (211, 465, 3, 4);
INSERT INTO PlantedIn (flowerbedID, plantID, percentage, planterID) VALUES (297, 2357, 3, 134);
INSERT INTO PlantedIn (flowerbedID, plantID, percentage, planterID) VALUES (27, 1098, 1, 62);
INSERT INTO PlantedIn (flowerbedID, plantID, percentage, planterID) VALUES (247, 1881, 3, 77);
INSERT INTO PlantedIn (flowerbedID, plantID, percentage, planterID) VALUES (84, 1016, 2, 80);
INSERT INTO PlantedIn (flowerbedID, plantID, percentage, planterID) VALUES (174, 3441, 1, 72);
INSERT INTO PlantedIn (flowerbedID, plantID, percentage, planterID) VALUES (41, 864, 4, 157);
INSERT INTO PlantedIn (flowerbedID, plantID, percentage, planterID) VALUES (241, 3151, 3, 155);
INSERT INTO PlantedIn (flowerbedID, plantID, percentage, planterID) VALUES (280, 3563, 4, 16);
INSERT INTO PlantedIn (flowerbedID, plantID, percentage, planterID) VALUES (159, 3349, 3, 106);
INSERT INTO PlantedIn (flowerbedID, plantID, percentage, planterID) VALUES (45, 3757, 4, 128);
INSERT INTO PlantedIn (flowerbedID, plantID, percentage, planterID) VALUES (138, 719, 3, 114);
INSERT INTO PlantedIn (flowerbedID, plantID, percentage, planterID) VALUES (135, 462, 1, 14);
INSERT INTO PlantedIn (flowerbedID, plantID, percentage, planterID) VALUES (3, 1917, 1, 44);
INSERT INTO PlantedIn (flowerbedID, plantID, percentage, planterID) VALUES (216, 633, 3, 23);
INSERT INTO PlantedIn (flowerbedID, plantID, percentage, planterID) VALUES (293, 120, 4, 6);
INSERT INTO PlantedIn (flowerbedID, plantID, percentage, planterID) VALUES (285, 464, 2, 145);
INSERT INTO PlantedIn (flowerbedID, plantID, percentage, planterID) VALUES (295, 1758, 1, 18);
INSERT INTO PlantedIn (flowerbedID, plantID, percentage, planterID) VALUES (128, 3268, 4, 19);
INSERT INTO PlantedIn (flowerbedID, plantID, percentage, planterID) VALUES (10, 2966, 2, 108);
INSERT INTO PlantedIn (flowerbedID, plantID, percentage, planterID) VALUES (266, 2714, 4, 88);
INSERT INTO PlantedIn (flowerbedID, plantID, percentage, planterID) VALUES (60, 2954, 4, 7);
INSERT INTO PlantedIn (flowerbedID, plantID, percentage, planterID) VALUES (278, 659, 4, 76);
INSERT INTO PlantedIn (flowerbedID, plantID, percentage, planterID) VALUES (61, 1821, 1, 142);
INSERT INTO PlantedIn (flowerbedID, plantID, percentage, planterID) VALUES (177, 2557, 3, 110);
INSERT INTO PlantedIn (flowerbedID, plantID, percentage, planterID) VALUES (35, 2863, 3, 123);
INSERT INTO PlantedIn (flowerbedID, plantID, percentage, planterID) VALUES (176, 3185, 3, 74);
INSERT INTO PlantedIn (flowerbedID, plantID, percentage, planterID) VALUES (177, 200, 2, 17);
INSERT INTO PlantedIn (flowerbedID, plantID, percentage, planterID) VALUES (226, 2344, 4, 65);
INSERT INTO PlantedIn (flowerbedID, plantID, percentage, planterID) VALUES (111, 1603, 2, 150);
INSERT INTO PlantedIn (flowerbedID, plantID, percentage, planterID) VALUES (175, 1193, 4, 36);
INSERT INTO PlantedIn (flowerbedID, plantID, percentage, planterID) VALUES (234, 97, 2, 162);
INSERT INTO PlantedIn (flowerbedID, plantID, percentage, planterID) VALUES (96, 2559, 4, 60);
INSERT INTO PlantedIn (flowerbedID, plantID, percentage, planterID) VALUES (146, 2986, 1, 90);
INSERT INTO PlantedIn (flowerbedID, plantID, percentage, planterID) VALUES (247, 2388, 3, 96);
INSERT INTO PlantedIn (flowerbedID, plantID, percentage, planterID) VALUES (67, 3593, 3, 92);
INSERT INTO PlantedIn (flowerbedID, plantID, percentage, planterID) VALUES (103, 1540, 4, 154);
INSERT INTO PlantedIn (flowerbedID, plantID, percentage, planterID) VALUES (212, 377, 2, 123);
INSERT INTO PlantedIn (flowerbedID, plantID, percentage, planterID) VALUES (37, 2530, 4, 148);
INSERT INTO PlantedIn (flowerbedID, plantID, percentage, planterID) VALUES (70, 3112, 3, 106);
INSERT INTO PlantedIn (flowerbedID, plantID, percentage, planterID) VALUES (140, 3693, 4, 79);
INSERT INTO PlantedIn (flowerbedID, plantID, percentage, planterID) VALUES (218, 3767, 3, 6);
INSERT INTO PlantedIn (flowerbedID, plantID, percentage, planterID) VALUES (178, 2263, 4, 23);
INSERT INTO PlantedIn (flowerbedID, plantID, percentage, planterID) VALUES (154, 2547, 4, 71);
INSERT INTO PlantedIn (flowerbedID, plantID, percentage, planterID) VALUES (18, 1174, 4, 136);
INSERT INTO PlantedIn (flowerbedID, plantID, percentage, planterID) VALUES (120, 1942, 3, 44);
INSERT INTO PlantedIn (flowerbedID, plantID, percentage, planterID) VALUES (47, 416, 2, 58);
INSERT INTO PlantedIn (flowerbedID, plantID, percentage, planterID) VALUES (273, 3642, 2, 162);
INSERT INTO PlantedIn (flowerbedID, plantID, percentage, planterID) VALUES (269, 1513, 3, 58);
INSERT INTO PlantedIn (flowerbedID, plantID, percentage, planterID) VALUES (110, 1401, 4, 31);
INSERT INTO PlantedIn (flowerbedID, plantID, percentage, planterID) VALUES (284, 1186, 2, 134);
INSERT INTO PlantedIn (flowerbedID, plantID, percentage, planterID) VALUES (289, 716, 1, 56);
INSERT INTO PlantedIn (flowerbedID, plantID, percentage, planterID) VALUES (147, 420, 4, 136);
INSERT INTO PlantedIn (flowerbedID, plantID, percentage, planterID) VALUES (183, 144, 4, 71);
INSERT INTO PlantedIn (flowerbedID, plantID, percentage, planterID) VALUES (44, 2877, 1, 27);
INSERT INTO PlantedIn (flowerbedID, plantID, percentage, planterID) VALUES (206, 361, 3, 76);
INSERT INTO PlantedIn (flowerbedID, plantID, percentage, planterID) VALUES (145, 2971, 4, 36);
INSERT INTO PlantedIn (flowerbedID, plantID, percentage, planterID) VALUES (40, 1493, 1, 140);
INSERT INTO PlantedIn (flowerbedID, plantID, percentage, planterID) VALUES (208, 2254, 3, 94);
INSERT INTO PlantedIn (flowerbedID, plantID, percentage, planterID) VALUES (230, 3332, 2, 118);
INSERT INTO PlantedIn (flowerbedID, plantID, percentage, planterID) VALUES (291, 1809, 3, 26);
INSERT INTO PlantedIn (flowerbedID, plantID, percentage, planterID) VALUES (152, 2162, 3, 60);
INSERT INTO PlantedIn (flowerbedID, plantID, percentage, planterID) VALUES (91, 1947, 4, 122);
INSERT INTO PlantedIn (flowerbedID, plantID, percentage, planterID) VALUES (179, 554, 1, 99);
INSERT INTO PlantedIn (flowerbedID, plantID, percentage, planterID) VALUES (273, 3027, 1, 161);
INSERT INTO PlantedIn (flowerbedID, plantID, percentage, planterID) VALUES (51, 2864, 4, 21);
INSERT INTO PlantedIn (flowerbedID, plantID, percentage, planterID) VALUES (97, 2560, 1, 90);
INSERT INTO PlantedIn (flowerbedID, plantID, percentage, planterID) VALUES (157, 779, 2, 61);
INSERT INTO PlantedIn (flowerbedID, plantID, percentage, planterID) VALUES (201, 1916, 1, 13);
INSERT INTO PlantedIn (flowerbedID, plantID, percentage, planterID) VALUES (17, 1638, 2, 142);
INSERT INTO PlantedIn (flowerbedID, plantID, percentage, planterID) VALUES (278, 2053, 3, 60);
INSERT INTO PlantedIn (flowerbedID, plantID, percentage, planterID) VALUES (202, 3566, 3, 105);
INSERT INTO PlantedIn (flowerbedID, plantID, percentage, planterID) VALUES (211, 2082, 4, 109);
INSERT INTO PlantedIn (flowerbedID, plantID, percentage, planterID) VALUES (84, 2901, 3, 127);
INSERT INTO PlantedIn (flowerbedID, plantID, percentage, planterID) VALUES (124, 993, 4, 120);
INSERT INTO PlantedIn (flowerbedID, plantID, percentage, planterID) VALUES (137, 174, 1, 75);
INSERT INTO PlantedIn (flowerbedID, plantID, percentage, planterID) VALUES (162, 1961, 3, 52);
INSERT INTO PlantedIn (flowerbedID, plantID, percentage, planterID) VALUES (197, 1172, 2, 66);
INSERT INTO PlantedIn (flowerbedID, plantID, percentage, planterID) VALUES (68, 3822, 4, 158);
INSERT INTO PlantedIn (flowerbedID, plantID, percentage, planterID) VALUES (158, 2112, 4, 139);
INSERT INTO PlantedIn (flowerbedID, plantID, percentage, planterID) VALUES (89, 2098, 3, 71);
INSERT INTO PlantedIn (flowerbedID, plantID, percentage, planterID) VALUES (240, 410, 2, 112);
INSERT INTO PlantedIn (flowerbedID, plantID, percentage, planterID) VALUES (46, 304, 3, 67);
INSERT INTO PlantedIn (flowerbedID, plantID, percentage, planterID) VALUES (176, 2654, 3, 50);
INSERT INTO PlantedIn (flowerbedID, plantID, percentage, planterID) VALUES (243, 935, 2, 65);
INSERT INTO PlantedIn (flowerbedID, plantID, percentage, planterID) VALUES (163, 2927, 4, 138);
INSERT INTO PlantedIn (flowerbedID, plantID, percentage, planterID) VALUES (224, 2775, 2, 121);
INSERT INTO PlantedIn (flowerbedID, plantID, percentage, planterID) VALUES (80, 1965, 3, 14);
INSERT INTO PlantedIn (flowerbedID, plantID, percentage, planterID) VALUES (16, 1896, 4, 47);
INSERT INTO PlantedIn (flowerbedID, plantID, percentage, planterID) VALUES (179, 3547, 3, 19);
INSERT INTO PlantedIn (flowerbedID, plantID, percentage, planterID) VALUES (298, 1904, 3, 76);
INSERT INTO PlantedIn (flowerbedID, plantID, percentage, planterID) VALUES (54, 2807, 4, 17);
INSERT INTO PlantedIn (flowerbedID, plantID, percentage, planterID) VALUES (290, 1827, 3, 80);
INSERT INTO PlantedIn (flowerbedID, plantID, percentage, planterID) VALUES (69, 1012, 4, 49);
INSERT INTO PlantedIn (flowerbedID, plantID, percentage, planterID) VALUES (293, 3809, 1, 43);
INSERT INTO PlantedIn (flowerbedID, plantID, percentage, planterID) VALUES (148, 1272, 3, 139);
INSERT INTO PlantedIn (flowerbedID, plantID, percentage, planterID) VALUES (246, 294, 2, 68);
INSERT INTO PlantedIn (flowerbedID, plantID, percentage, planterID) VALUES (298, 1941, 4, 29);
INSERT INTO PlantedIn (flowerbedID, plantID, percentage, planterID) VALUES (298, 2328, 1, 99);
INSERT INTO PlantedIn (flowerbedID, plantID, percentage, planterID) VALUES (99, 2587, 2, 29);
INSERT INTO PlantedIn (flowerbedID, plantID, percentage, planterID) VALUES (43, 2423, 2, 140);
INSERT INTO PlantedIn (flowerbedID, plantID, percentage, planterID) VALUES (266, 357, 4, 60);
INSERT INTO PlantedIn (flowerbedID, plantID, percentage, planterID) VALUES (24, 2305, 3, 20);
INSERT INTO PlantedIn (flowerbedID, plantID, percentage, planterID) VALUES (277, 3546, 3, 20);
INSERT INTO PlantedIn (flowerbedID, plantID, percentage, planterID) VALUES (297, 1972, 4, 28);
INSERT INTO PlantedIn (flowerbedID, plantID, percentage, planterID) VALUES (277, 2117, 2, 32);
INSERT INTO PlantedIn (flowerbedID, plantID, percentage, planterID) VALUES (65, 1339, 2, 95);
INSERT INTO PlantedIn (flowerbedID, plantID, percentage, planterID) VALUES (291, 1388, 4, 126);
INSERT INTO PlantedIn (flowerbedID, plantID, percentage, planterID) VALUES (135, 299, 3, 126);
INSERT INTO PlantedIn (flowerbedID, plantID, percentage, planterID) VALUES (202, 3254, 3, 18);
INSERT INTO PlantedIn (flowerbedID, plantID, percentage, planterID) VALUES (227, 834, 4, 60);
INSERT INTO PlantedIn (flowerbedID, plantID, percentage, planterID) VALUES (218, 1947, 3, 128);
INSERT INTO PlantedIn (flowerbedID, plantID, percentage, planterID) VALUES (248, 2766, 4, 129);
INSERT INTO PlantedIn (flowerbedID, plantID, percentage, planterID) VALUES (79, 3579, 2, 2);
INSERT INTO PlantedIn (flowerbedID, plantID, percentage, planterID) VALUES (82, 2156, 1, 145);
INSERT INTO PlantedIn (flowerbedID, plantID, percentage, planterID) VALUES (275, 2199, 2, 19);
INSERT INTO PlantedIn (flowerbedID, plantID, percentage, planterID) VALUES (194, 3233, 2, 155);
INSERT INTO PlantedIn (flowerbedID, plantID, percentage, planterID) VALUES (203, 3852, 2, 158);
INSERT INTO PlantedIn (flowerbedID, plantID, percentage, planterID) VALUES (229, 3589, 3, 117);
INSERT INTO PlantedIn (flowerbedID, plantID, percentage, planterID) VALUES (193, 1628, 4, 60);
INSERT INTO PlantedIn (flowerbedID, plantID, percentage, planterID) VALUES (104, 1364, 3, 67);
INSERT INTO PlantedIn (flowerbedID, plantID, percentage, planterID) VALUES (273, 876, 4, 149);
INSERT INTO PlantedIn (flowerbedID, plantID, percentage, planterID) VALUES (238, 3754, 2, 34);
INSERT INTO PlantedIn (flowerbedID, plantID, percentage, planterID) VALUES (242, 354, 2, 131);
INSERT INTO PlantedIn (flowerbedID, plantID, percentage, planterID) VALUES (27, 2622, 2, 159);
INSERT INTO PlantedIn (flowerbedID, plantID, percentage, planterID) VALUES (281, 432, 3, 41);
INSERT INTO PlantedIn (flowerbedID, plantID, percentage, planterID) VALUES (12, 3533, 3, 51);
INSERT INTO PlantedIn (flowerbedID, plantID, percentage, planterID) VALUES (101, 2479, 3, 102);
INSERT INTO PlantedIn (flowerbedID, plantID, percentage, planterID) VALUES (298, 3784, 4, 52);
INSERT INTO PlantedIn (flowerbedID, plantID, percentage, planterID) VALUES (62, 640, 1, 126);
INSERT INTO PlantedIn (flowerbedID, plantID, percentage, planterID) VALUES (41, 3583, 4, 77);
INSERT INTO PlantedIn (flowerbedID, plantID, percentage, planterID) VALUES (6, 783, 1, 74);
INSERT INTO PlantedIn (flowerbedID, plantID, percentage, planterID) VALUES (264, 1360, 4, 70);
INSERT INTO PlantedIn (flowerbedID, plantID, percentage, planterID) VALUES (139, 2492, 3, 91);
INSERT INTO PlantedIn (flowerbedID, plantID, percentage, planterID) VALUES (138, 3011, 2, 99);
INSERT INTO PlantedIn (flowerbedID, plantID, percentage, planterID) VALUES (227, 3387, 4, 62);
INSERT INTO PlantedIn (flowerbedID, plantID, percentage, planterID) VALUES (6, 1569, 1, 21);
INSERT INTO PlantedIn (flowerbedID, plantID, percentage, planterID) VALUES (182, 2131, 2, 25);
INSERT INTO PlantedIn (flowerbedID, plantID, percentage, planterID) VALUES (270, 2129, 2, 54);
INSERT INTO PlantedIn (flowerbedID, plantID, percentage, planterID) VALUES (59, 3220, 4, 150);
INSERT INTO PlantedIn (flowerbedID, plantID, percentage, planterID) VALUES (196, 222, 1, 112);
INSERT INTO PlantedIn (flowerbedID, plantID, percentage, planterID) VALUES (251, 861, 3, 98);
INSERT INTO PlantedIn (flowerbedID, plantID, percentage, planterID) VALUES (30, 3591, 1, 96);
INSERT INTO PlantedIn (flowerbedID, plantID, percentage, planterID) VALUES (7, 2017, 1, 55);
INSERT INTO PlantedIn (flowerbedID, plantID, percentage, planterID) VALUES (278, 1704, 3, 14);
INSERT INTO PlantedIn (flowerbedID, plantID, percentage, planterID) VALUES (297, 853, 4, 5);
INSERT INTO PlantedIn (flowerbedID, plantID, percentage, planterID) VALUES (231, 1292, 4, 45);
INSERT INTO PlantedIn (flowerbedID, plantID, percentage, planterID) VALUES (51, 508, 4, 124);
INSERT INTO PlantedIn (flowerbedID, plantID, percentage, planterID) VALUES (57, 1421, 1, 161);
INSERT INTO PlantedIn (flowerbedID, plantID, percentage, planterID) VALUES (177, 1946, 3, 107);
INSERT INTO PlantedIn (flowerbedID, plantID, percentage, planterID) VALUES (130, 687, 2, 143);
INSERT INTO PlantedIn (flowerbedID, plantID, percentage, planterID) VALUES (210, 573, 3, 85);
INSERT INTO PlantedIn (flowerbedID, plantID, percentage, planterID) VALUES (177, 2200, 3, 29);
INSERT INTO PlantedIn (flowerbedID, plantID, percentage, planterID) VALUES (237, 728, 3, 82);
INSERT INTO PlantedIn (flowerbedID, plantID, percentage, planterID) VALUES (157, 2853, 3, 91);
INSERT INTO PlantedIn (flowerbedID, plantID, percentage, planterID) VALUES (260, 957, 1, 88);
INSERT INTO PlantedIn (flowerbedID, plantID, percentage, planterID) VALUES (184, 1718, 1, 15);
INSERT INTO PlantedIn (flowerbedID, plantID, percentage, planterID) VALUES (284, 2719, 2, 154);
INSERT INTO PlantedIn (flowerbedID, plantID, percentage, planterID) VALUES (264, 2795, 3, 144);
INSERT INTO PlantedIn (flowerbedID, plantID, percentage, planterID) VALUES (261, 1257, 2, 36);
INSERT INTO PlantedIn (flowerbedID, plantID, percentage, planterID) VALUES (268, 1432, 3, 8);
INSERT INTO PlantedIn (flowerbedID, plantID, percentage, planterID) VALUES (168, 2003, 1, 43);
INSERT INTO PlantedIn (flowerbedID, plantID, percentage, planterID) VALUES (77, 2983, 1, 133);
INSERT INTO PlantedIn (flowerbedID, plantID, percentage, planterID) VALUES (6, 1088, 3, 32);
INSERT INTO PlantedIn (flowerbedID, plantID, percentage, planterID) VALUES (217, 1035, 3, 145);
INSERT INTO PlantedIn (flowerbedID, plantID, percentage, planterID) VALUES (291, 2833, 4, 10);
INSERT INTO PlantedIn (flowerbedID, plantID, percentage, planterID) VALUES (137, 3425, 2, 75);
INSERT INTO PlantedIn (flowerbedID, plantID, percentage, planterID) VALUES (64, 2471, 1, 136);
INSERT INTO PlantedIn (flowerbedID, plantID, percentage, planterID) VALUES (3, 3206, 3, 136);
INSERT INTO PlantedIn (flowerbedID, plantID, percentage, planterID) VALUES (104, 128, 3, 112);
INSERT INTO PlantedIn (flowerbedID, plantID, percentage, planterID) VALUES (241, 1628, 4, 126);
INSERT INTO PlantedIn (flowerbedID, plantID, percentage, planterID) VALUES (211, 3530, 2, 79);
INSERT INTO PlantedIn (flowerbedID, plantID, percentage, planterID) VALUES (55, 1150, 1, 18);
INSERT INTO PlantedIn (flowerbedID, plantID, percentage, planterID) VALUES (10, 599, 2, 1);
INSERT INTO PlantedIn (flowerbedID, plantID, percentage, planterID) VALUES (13, 1682, 2, 140);
INSERT INTO PlantedIn (flowerbedID, plantID, percentage, planterID) VALUES (23, 2325, 1, 62);
INSERT INTO PlantedIn (flowerbedID, plantID, percentage, planterID) VALUES (129, 562, 4, 113);
INSERT INTO PlantedIn (flowerbedID, plantID, percentage, planterID) VALUES (54, 1168, 4, 66);
INSERT INTO PlantedIn (flowerbedID, plantID, percentage, planterID) VALUES (217, 431, 2, 139);
INSERT INTO PlantedIn (flowerbedID, plantID, percentage, planterID) VALUES (8, 1026, 1, 147);
INSERT INTO PlantedIn (flowerbedID, plantID, percentage, planterID) VALUES (169, 3695, 3, 62);
INSERT INTO PlantedIn (flowerbedID, plantID, percentage, planterID) VALUES (34, 1392, 1, 14);
INSERT INTO PlantedIn (flowerbedID, plantID, percentage, planterID) VALUES (238, 3451, 4, 70);
INSERT INTO PlantedIn (flowerbedID, plantID, percentage, planterID) VALUES (271, 2339, 1, 121);
INSERT INTO PlantedIn (flowerbedID, plantID, percentage, planterID) VALUES (272, 331, 3, 12);
INSERT INTO PlantedIn (flowerbedID, plantID, percentage, planterID) VALUES (59, 3377, 1, 10);
INSERT INTO PlantedIn (flowerbedID, plantID, percentage, planterID) VALUES (42, 3519, 3, 74);
INSERT INTO PlantedIn (flowerbedID, plantID, percentage, planterID) VALUES (259, 3028, 4, 51);
INSERT INTO PlantedIn (flowerbedID, plantID, percentage, planterID) VALUES (43, 1443, 4, 23);
INSERT INTO PlantedIn (flowerbedID, plantID, percentage, planterID) VALUES (80, 2055, 4, 139);
INSERT INTO PlantedIn (flowerbedID, plantID, percentage, planterID) VALUES (88, 2940, 1, 118);
INSERT INTO PlantedIn (flowerbedID, plantID, percentage, planterID) VALUES (110, 1503, 2, 49);
INSERT INTO PlantedIn (flowerbedID, plantID, percentage, planterID) VALUES (142, 1340, 3, 156);
INSERT INTO PlantedIn (flowerbedID, plantID, percentage, planterID) VALUES (66, 3708, 2, 154);
INSERT INTO PlantedIn (flowerbedID, plantID, percentage, planterID) VALUES (260, 1233, 3, 11);
INSERT INTO PlantedIn (flowerbedID, plantID, percentage, planterID) VALUES (31, 1372, 1, 123);
INSERT INTO PlantedIn (flowerbedID, plantID, percentage, planterID) VALUES (218, 3251, 4, 32);
INSERT INTO PlantedIn (flowerbedID, plantID, percentage, planterID) VALUES (112, 3832, 3, 130);
INSERT INTO PlantedIn (flowerbedID, plantID, percentage, planterID) VALUES (225, 1700, 1, 148);
INSERT INTO PlantedIn (flowerbedID, plantID, percentage, planterID) VALUES (248, 542, 2, 68);
INSERT INTO PlantedIn (flowerbedID, plantID, percentage, planterID) VALUES (76, 3349, 1, 12);
INSERT INTO PlantedIn (flowerbedID, plantID, percentage, planterID) VALUES (56, 489, 2, 148);
INSERT INTO PlantedIn (flowerbedID, plantID, percentage, planterID) VALUES (144, 2204, 1, 92);
INSERT INTO PlantedIn (flowerbedID, plantID, percentage, planterID) VALUES (123, 2771, 4, 36);
INSERT INTO PlantedIn (flowerbedID, plantID, percentage, planterID) VALUES (212, 3704, 2, 77);
INSERT INTO PlantedIn (flowerbedID, plantID, percentage, planterID) VALUES (119, 1189, 1, 100);
INSERT INTO PlantedIn (flowerbedID, plantID, percentage, planterID) VALUES (134, 3741, 4, 92);
INSERT INTO PlantedIn (flowerbedID, plantID, percentage, planterID) VALUES (79, 1945, 3, 111);
INSERT INTO PlantedIn (flowerbedID, plantID, percentage, planterID) VALUES (111, 2731, 3, 110);
INSERT INTO PlantedIn (flowerbedID, plantID, percentage, planterID) VALUES (249, 1906, 2, 145);
INSERT INTO PlantedIn (flowerbedID, plantID, percentage, planterID) VALUES (19, 1450, 2, 91);
INSERT INTO PlantedIn (flowerbedID, plantID, percentage, planterID) VALUES (28, 2810, 4, 45);
INSERT INTO PlantedIn (flowerbedID, plantID, percentage, planterID) VALUES (205, 2727, 1, 45);
INSERT INTO PlantedIn (flowerbedID, plantID, percentage, planterID) VALUES (4, 3239, 2, 54);
INSERT INTO PlantedIn (flowerbedID, plantID, percentage, planterID) VALUES (241, 3243, 1, 68);
INSERT INTO PlantedIn (flowerbedID, plantID, percentage, planterID) VALUES (103, 136, 3, 100);
INSERT INTO PlantedIn (flowerbedID, plantID, percentage, planterID) VALUES (222, 833, 3, 46);
INSERT INTO PlantedIn (flowerbedID, plantID, percentage, planterID) VALUES (212, 419, 4, 153);
INSERT INTO PlantedIn (flowerbedID, plantID, percentage, planterID) VALUES (145, 1590, 3, 43);
INSERT INTO PlantedIn (flowerbedID, plantID, percentage, planterID) VALUES (42, 1948, 4, 65);
INSERT INTO PlantedIn (flowerbedID, plantID, percentage, planterID) VALUES (63, 2456, 1, 156);
INSERT INTO PlantedIn (flowerbedID, plantID, percentage, planterID) VALUES (142, 834, 2, 118);
INSERT INTO PlantedIn (flowerbedID, plantID, percentage, planterID) VALUES (17, 297, 2, 60);
INSERT INTO PlantedIn (flowerbedID, plantID, percentage, planterID) VALUES (34, 3579, 4, 19);
INSERT INTO PlantedIn (flowerbedID, plantID, percentage, planterID) VALUES (43, 1448, 4, 74);
INSERT INTO PlantedIn (flowerbedID, plantID, percentage, planterID) VALUES (145, 1217, 4, 107);
INSERT INTO PlantedIn (flowerbedID, plantID, percentage, planterID) VALUES (218, 3352, 4, 94);
INSERT INTO PlantedIn (flowerbedID, plantID, percentage, planterID) VALUES (111, 3541, 3, 119);
INSERT INTO PlantedIn (flowerbedID, plantID, percentage, planterID) VALUES (165, 2293, 1, 138);
INSERT INTO PlantedIn (flowerbedID, plantID, percentage, planterID) VALUES (242, 1873, 4, 53);
INSERT INTO PlantedIn (flowerbedID, plantID, percentage, planterID) VALUES (168, 2511, 3, 45);
INSERT INTO PlantedIn (flowerbedID, plantID, percentage, planterID) VALUES (173, 1423, 3, 91);
INSERT INTO PlantedIn (flowerbedID, plantID, percentage, planterID) VALUES (223, 3684, 1, 98);
INSERT INTO PlantedIn (flowerbedID, plantID, percentage, planterID) VALUES (17, 2829, 2, 148);
INSERT INTO PlantedIn (flowerbedID, plantID, percentage, planterID) VALUES (194, 2106, 1, 2);
INSERT INTO PlantedIn (flowerbedID, plantID, percentage, planterID) VALUES (42, 3124, 4, 39);
INSERT INTO PlantedIn (flowerbedID, plantID, percentage, planterID) VALUES (88, 2040, 4, 140);
INSERT INTO PlantedIn (flowerbedID, plantID, percentage, planterID) VALUES (54, 272, 4, 91);
INSERT INTO PlantedIn (flowerbedID, plantID, percentage, planterID) VALUES (132, 205, 1, 81);
INSERT INTO PlantedIn (flowerbedID, plantID, percentage, planterID) VALUES (2, 143, 2, 70);
INSERT INTO PlantedIn (flowerbedID, plantID, percentage, planterID) VALUES (68, 2308, 2, 46);
INSERT INTO PlantedIn (flowerbedID, plantID, percentage, planterID) VALUES (99, 484, 4, 122);
INSERT INTO PlantedIn (flowerbedID, plantID, percentage, planterID) VALUES (201, 2751, 4, 31);
INSERT INTO PlantedIn (flowerbedID, plantID, percentage, planterID) VALUES (156, 1546, 4, 130);
INSERT INTO PlantedIn (flowerbedID, plantID, percentage, planterID) VALUES (278, 2185, 1, 115);
INSERT INTO PlantedIn (flowerbedID, plantID, percentage, planterID) VALUES (190, 746, 1, 148);
INSERT INTO PlantedIn (flowerbedID, plantID, percentage, planterID) VALUES (74, 1268, 2, 44);
INSERT INTO PlantedIn (flowerbedID, plantID, percentage, planterID) VALUES (110, 2553, 3, 91);
INSERT INTO PlantedIn (flowerbedID, plantID, percentage, planterID) VALUES (77, 3064, 3, 150);
INSERT INTO PlantedIn (flowerbedID, plantID, percentage, planterID) VALUES (275, 2223, 3, 97);
INSERT INTO PlantedIn (flowerbedID, plantID, percentage, planterID) VALUES (86, 2856, 4, 69);
INSERT INTO PlantedIn (flowerbedID, plantID, percentage, planterID) VALUES (42, 583, 1, 107);
INSERT INTO PlantedIn (flowerbedID, plantID, percentage, planterID) VALUES (214, 1100, 2, 30);
INSERT INTO PlantedIn (flowerbedID, plantID, percentage, planterID) VALUES (143, 115, 3, 74);
INSERT INTO PlantedIn (flowerbedID, plantID, percentage, planterID) VALUES (102, 1933, 3, 54);
INSERT INTO PlantedIn (flowerbedID, plantID, percentage, planterID) VALUES (88, 701, 1, 32);
INSERT INTO PlantedIn (flowerbedID, plantID, percentage, planterID) VALUES (227, 2882, 1, 138);
INSERT INTO PlantedIn (flowerbedID, plantID, percentage, planterID) VALUES (145, 750, 3, 147);
INSERT INTO PlantedIn (flowerbedID, plantID, percentage, planterID) VALUES (104, 1807, 1, 119);
INSERT INTO PlantedIn (flowerbedID, plantID, percentage, planterID) VALUES (225, 3329, 1, 71);
INSERT INTO PlantedIn (flowerbedID, plantID, percentage, planterID) VALUES (128, 1092, 3, 78);
INSERT INTO PlantedIn (flowerbedID, plantID, percentage, planterID) VALUES (139, 2446, 1, 161);
INSERT INTO PlantedIn (flowerbedID, plantID, percentage, planterID) VALUES (114, 2817, 4, 46);
INSERT INTO PlantedIn (flowerbedID, plantID, percentage, planterID) VALUES (276, 432, 2, 84);
INSERT INTO PlantedIn (flowerbedID, plantID, percentage, planterID) VALUES (174, 678, 2, 57);
INSERT INTO PlantedIn (flowerbedID, plantID, percentage, planterID) VALUES (11, 2855, 4, 97);
INSERT INTO PlantedIn (flowerbedID, plantID, percentage, planterID) VALUES (172, 1979, 1, 31);
INSERT INTO PlantedIn (flowerbedID, plantID, percentage, planterID) VALUES (129, 1517, 4, 101);
INSERT INTO PlantedIn (flowerbedID, plantID, percentage, planterID) VALUES (8, 1997, 2, 20);
INSERT INTO PlantedIn (flowerbedID, plantID, percentage, planterID) VALUES (74, 1447, 1, 46);
INSERT INTO PlantedIn (flowerbedID, plantID, percentage, planterID) VALUES (146, 2905, 1, 75);
INSERT INTO PlantedIn (flowerbedID, plantID, percentage, planterID) VALUES (278, 2946, 4, 69);
INSERT INTO PlantedIn (flowerbedID, plantID, percentage, planterID) VALUES (150, 3693, 1, 154);
INSERT INTO PlantedIn (flowerbedID, plantID, percentage, planterID) VALUES (140, 252, 4, 29);
INSERT INTO PlantedIn (flowerbedID, plantID, percentage, planterID) VALUES (63, 409, 3, 133);
INSERT INTO PlantedIn (flowerbedID, plantID, percentage, planterID) VALUES (149, 1387, 3, 92);
INSERT INTO PlantedIn (flowerbedID, plantID, percentage, planterID) VALUES (262, 2483, 1, 160);
INSERT INTO PlantedIn (flowerbedID, plantID, percentage, planterID) VALUES (5, 744, 3, 50);
INSERT INTO PlantedIn (flowerbedID, plantID, percentage, planterID) VALUES (283, 2794, 4, 98);
INSERT INTO PlantedIn (flowerbedID, plantID, percentage, planterID) VALUES (145, 3723, 4, 144);
INSERT INTO PlantedIn (flowerbedID, plantID, percentage, planterID) VALUES (275, 2796, 2, 11);
INSERT INTO PlantedIn (flowerbedID, plantID, percentage, planterID) VALUES (236, 866, 4, 51);
INSERT INTO PlantedIn (flowerbedID, plantID, percentage, planterID) VALUES (99, 252, 4, 110);
INSERT INTO PlantedIn (flowerbedID, plantID, percentage, planterID) VALUES (127, 652, 2, 61);
INSERT INTO PlantedIn (flowerbedID, plantID, percentage, planterID) VALUES (243, 1074, 4, 73);
INSERT INTO PlantedIn (flowerbedID, plantID, percentage, planterID) VALUES (141, 2733, 2, 57);
INSERT INTO PlantedIn (flowerbedID, plantID, percentage, planterID) VALUES (129, 3469, 4, 49);
INSERT INTO PlantedIn (flowerbedID, plantID, percentage, planterID) VALUES (258, 457, 4, 155);
INSERT INTO PlantedIn (flowerbedID, plantID, percentage, planterID) VALUES (252, 3713, 3, 29);
INSERT INTO PlantedIn (flowerbedID, plantID, percentage, planterID) VALUES (56, 1771, 3, 109);
INSERT INTO PlantedIn (flowerbedID, plantID, percentage, planterID) VALUES (157, 1031, 4, 59);
INSERT INTO PlantedIn (flowerbedID, plantID, percentage, planterID) VALUES (131, 2680, 1, 43);
INSERT INTO PlantedIn (flowerbedID, plantID, percentage, planterID) VALUES (291, 2569, 2, 13);
INSERT INTO PlantedIn (flowerbedID, plantID, percentage, planterID) VALUES (112, 1558, 4, 148);
INSERT INTO PlantedIn (flowerbedID, plantID, percentage, planterID) VALUES (90, 542, 1, 124);
INSERT INTO PlantedIn (flowerbedID, plantID, percentage, planterID) VALUES (78, 2381, 1, 162);
INSERT INTO PlantedIn (flowerbedID, plantID, percentage, planterID) VALUES (173, 409, 4, 126);
INSERT INTO PlantedIn (flowerbedID, plantID, percentage, planterID) VALUES (169, 1385, 1, 48);
INSERT INTO PlantedIn (flowerbedID, plantID, percentage, planterID) VALUES (187, 2387, 1, 6);
INSERT INTO PlantedIn (flowerbedID, plantID, percentage, planterID) VALUES (93, 1079, 2, 53);
INSERT INTO PlantedIn (flowerbedID, plantID, percentage, planterID) VALUES (283, 1464, 2, 125);
INSERT INTO PlantedIn (flowerbedID, plantID, percentage, planterID) VALUES (234, 2237, 1, 21);
INSERT INTO PlantedIn (flowerbedID, plantID, percentage, planterID) VALUES (215, 3217, 4, 42);
INSERT INTO PlantedIn (flowerbedID, plantID, percentage, planterID) VALUES (135, 707, 1, 14);
INSERT INTO PlantedIn (flowerbedID, plantID, percentage, planterID) VALUES (87, 3115, 4, 136);
INSERT INTO PlantedIn (flowerbedID, plantID, percentage, planterID) VALUES (50, 237, 4, 162);
INSERT INTO PlantedIn (flowerbedID, plantID, percentage, planterID) VALUES (203, 3758, 4, 146);
INSERT INTO PlantedIn (flowerbedID, plantID, percentage, planterID) VALUES (76, 596, 1, 47);
INSERT INTO PlantedIn (flowerbedID, plantID, percentage, planterID) VALUES (160, 3843, 2, 88);
INSERT INTO PlantedIn (flowerbedID, plantID, percentage, planterID) VALUES (172, 2423, 2, 69);
INSERT INTO PlantedIn (flowerbedID, plantID, percentage, planterID) VALUES (138, 2468, 4, 47);
INSERT INTO PlantedIn (flowerbedID, plantID, percentage, planterID) VALUES (246, 1334, 1, 161);
INSERT INTO PlantedIn (flowerbedID, plantID, percentage, planterID) VALUES (233, 3480, 2, 18);
INSERT INTO PlantedIn (flowerbedID, plantID, percentage, planterID) VALUES (261, 3681, 1, 77);
INSERT INTO PlantedIn (flowerbedID, plantID, percentage, planterID) VALUES (32, 2776, 3, 55);
INSERT INTO PlantedIn (flowerbedID, plantID, percentage, planterID) VALUES (137, 1349, 4, 100);
INSERT INTO PlantedIn (flowerbedID, plantID, percentage, planterID) VALUES (296, 3266, 4, 142);
INSERT INTO PlantedIn (flowerbedID, plantID, percentage, planterID) VALUES (57, 2919, 2, 158);
INSERT INTO PlantedIn (flowerbedID, plantID, percentage, planterID) VALUES (142, 3399, 2, 113);
INSERT INTO PlantedIn (flowerbedID, plantID, percentage, planterID) VALUES (234, 2936, 3, 123);
INSERT INTO PlantedIn (flowerbedID, plantID, percentage, planterID) VALUES (213, 607, 4, 134);
INSERT INTO PlantedIn (flowerbedID, plantID, percentage, planterID) VALUES (262, 367, 3, 79);
INSERT INTO PlantedIn (flowerbedID, plantID, percentage, planterID) VALUES (277, 1587, 2, 151);
INSERT INTO PlantedIn (flowerbedID, plantID, percentage, planterID) VALUES (228, 1735, 3, 51);
INSERT INTO PlantedIn (flowerbedID, plantID, percentage, planterID) VALUES (88, 458, 2, 96);
INSERT INTO PlantedIn (flowerbedID, plantID, percentage, planterID) VALUES (262, 1829, 2, 142);
INSERT INTO PlantedIn (flowerbedID, plantID, percentage, planterID) VALUES (106, 1856, 1, 103);
INSERT INTO PlantedIn (flowerbedID, plantID, percentage, planterID) VALUES (72, 1193, 4, 135);
INSERT INTO PlantedIn (flowerbedID, plantID, percentage, planterID) VALUES (140, 2164, 2, 133);
INSERT INTO PlantedIn (flowerbedID, plantID, percentage, planterID) VALUES (196, 877, 3, 160);
INSERT INTO PlantedIn (flowerbedID, plantID, percentage, planterID) VALUES (75, 983, 3, 25);
INSERT INTO PlantedIn (flowerbedID, plantID, percentage, planterID) VALUES (112, 2703, 1, 5);
INSERT INTO PlantedIn (flowerbedID, plantID, percentage, planterID) VALUES (52, 3287, 3, 102);
INSERT INTO PlantedIn (flowerbedID, plantID, percentage, planterID) VALUES (99, 737, 3, 113);
INSERT INTO PlantedIn (flowerbedID, plantID, percentage, planterID) VALUES (150, 1704, 4, 90);
INSERT INTO PlantedIn (flowerbedID, plantID, percentage, planterID) VALUES (1, 1123, 3, 53);
INSERT INTO PlantedIn (flowerbedID, plantID, percentage, planterID) VALUES (155, 903, 1, 41);
INSERT INTO PlantedIn (flowerbedID, plantID, percentage, planterID) VALUES (11, 744, 2, 95);
INSERT INTO PlantedIn (flowerbedID, plantID, percentage, planterID) VALUES (134, 2689, 4, 142);
INSERT INTO PlantedIn (flowerbedID, plantID, percentage, planterID) VALUES (119, 3291, 3, 12);
INSERT INTO PlantedIn (flowerbedID, plantID, percentage, planterID) VALUES (210, 2540, 1, 16);
INSERT INTO PlantedIn (flowerbedID, plantID, percentage, planterID) VALUES (254, 2893, 2, 104);
INSERT INTO PlantedIn (flowerbedID, plantID, percentage, planterID) VALUES (57, 477, 1, 54);
INSERT INTO PlantedIn (flowerbedID, plantID, percentage, planterID) VALUES (124, 2388, 4, 146);
INSERT INTO PlantedIn (flowerbedID, plantID, percentage, planterID) VALUES (255, 303, 4, 15);
INSERT INTO PlantedIn (flowerbedID, plantID, percentage, planterID) VALUES (81, 2464, 3, 29);
INSERT INTO PlantedIn (flowerbedID, plantID, percentage, planterID) VALUES (100, 3838, 3, 93);
INSERT INTO PlantedIn (flowerbedID, plantID, percentage, planterID) VALUES (253, 2326, 3, 51);
INSERT INTO PlantedIn (flowerbedID, plantID, percentage, planterID) VALUES (78, 1493, 1, 100);
INSERT INTO PlantedIn (flowerbedID, plantID, percentage, planterID) VALUES (41, 697, 2, 78);
INSERT INTO PlantedIn (flowerbedID, plantID, percentage, planterID) VALUES (91, 2958, 3, 89);
INSERT INTO PlantedIn (flowerbedID, plantID, percentage, planterID) VALUES (115, 1383, 1, 112);
INSERT INTO PlantedIn (flowerbedID, plantID, percentage, planterID) VALUES (131, 2837, 3, 21);
INSERT INTO PlantedIn (flowerbedID, plantID, percentage, planterID) VALUES (112, 1110, 3, 73);
INSERT INTO PlantedIn (flowerbedID, plantID, percentage, planterID) VALUES (84, 3714, 1, 75);
INSERT INTO PlantedIn (flowerbedID, plantID, percentage, planterID) VALUES (169, 2807, 4, 116);
INSERT INTO PlantedIn (flowerbedID, plantID, percentage, planterID) VALUES (34, 960, 1, 160);
INSERT INTO PlantedIn (flowerbedID, plantID, percentage, planterID) VALUES (129, 1471, 3, 99);
INSERT INTO PlantedIn (flowerbedID, plantID, percentage, planterID) VALUES (44, 323, 3, 78);
INSERT INTO PlantedIn (flowerbedID, plantID, percentage, planterID) VALUES (132, 377, 4, 132);
INSERT INTO PlantedIn (flowerbedID, plantID, percentage, planterID) VALUES (249, 3411, 1, 101);
INSERT INTO PlantedIn (flowerbedID, plantID, percentage, planterID) VALUES (51, 31, 2, 157);
INSERT INTO PlantedIn (flowerbedID, plantID, percentage, planterID) VALUES (290, 1310, 3, 99);
INSERT INTO PlantedIn (flowerbedID, plantID, percentage, planterID) VALUES (20, 943, 1, 61);
INSERT INTO PlantedIn (flowerbedID, plantID, percentage, planterID) VALUES (148, 1080, 4, 74);
INSERT INTO PlantedIn (flowerbedID, plantID, percentage, planterID) VALUES (198, 3846, 4, 113);
INSERT INTO PlantedIn (flowerbedID, plantID, percentage, planterID) VALUES (24, 395, 3, 58);
INSERT INTO PlantedIn (flowerbedID, plantID, percentage, planterID) VALUES (60, 376, 1, 69);
INSERT INTO PlantedIn (flowerbedID, plantID, percentage, planterID) VALUES (293, 3789, 1, 41);
INSERT INTO PlantedIn (flowerbedID, plantID, percentage, planterID) VALUES (296, 546, 4, 103);
INSERT INTO PlantedIn (flowerbedID, plantID, percentage, planterID) VALUES (144, 665, 3, 84);
INSERT INTO PlantedIn (flowerbedID, plantID, percentage, planterID) VALUES (125, 3244, 4, 125);
INSERT INTO PlantedIn (flowerbedID, plantID, percentage, planterID) VALUES (36, 568, 4, 143);
INSERT INTO PlantedIn (flowerbedID, plantID, percentage, planterID) VALUES (43, 1863, 1, 101);
INSERT INTO PlantedIn (flowerbedID, plantID, percentage, planterID) VALUES (175, 3549, 4, 128);
INSERT INTO PlantedIn (flowerbedID, plantID, percentage, planterID) VALUES (5, 527, 4, 141);
INSERT INTO PlantedIn (flowerbedID, plantID, percentage, planterID) VALUES (35, 188, 1, 25);
INSERT INTO PlantedIn (flowerbedID, plantID, percentage, planterID) VALUES (57, 2868, 3, 11);
INSERT INTO PlantedIn (flowerbedID, plantID, percentage, planterID) VALUES (274, 2119, 2, 37);
INSERT INTO PlantedIn (flowerbedID, plantID, percentage, planterID) VALUES (116, 3621, 3, 41);
INSERT INTO PlantedIn (flowerbedID, plantID, percentage, planterID) VALUES (26, 260, 1, 49);
INSERT INTO PlantedIn (flowerbedID, plantID, percentage, planterID) VALUES (165, 3355, 1, 77);
INSERT INTO PlantedIn (flowerbedID, plantID, percentage, planterID) VALUES (236, 718, 4, 158);
INSERT INTO PlantedIn (flowerbedID, plantID, percentage, planterID) VALUES (97, 2825, 2, 137);
INSERT INTO PlantedIn (flowerbedID, plantID, percentage, planterID) VALUES (233, 3632, 4, 94);
INSERT INTO PlantedIn (flowerbedID, plantID, percentage, planterID) VALUES (204, 2332, 3, 110);
INSERT INTO PlantedIn (flowerbedID, plantID, percentage, planterID) VALUES (46, 3294, 3, 160);
INSERT INTO PlantedIn (flowerbedID, plantID, percentage, planterID) VALUES (236, 634, 4, 8);
INSERT INTO PlantedIn (flowerbedID, plantID, percentage, planterID) VALUES (70, 1272, 4, 17);
INSERT INTO PlantedIn (flowerbedID, plantID, percentage, planterID) VALUES (59, 2103, 4, 158);
INSERT INTO PlantedIn (flowerbedID, plantID, percentage, planterID) VALUES (219, 3206, 1, 135);
INSERT INTO PlantedIn (flowerbedID, plantID, percentage, planterID) VALUES (168, 2243, 2, 85);
INSERT INTO PlantedIn (flowerbedID, plantID, percentage, planterID) VALUES (156, 124, 1, 53);
INSERT INTO PlantedIn (flowerbedID, plantID, percentage, planterID) VALUES (190, 3656, 4, 138);
INSERT INTO PlantedIn (flowerbedID, plantID, percentage, planterID) VALUES (239, 2795, 3, 56);
INSERT INTO PlantedIn (flowerbedID, plantID, percentage, planterID) VALUES (266, 1430, 1, 79);
INSERT INTO PlantedIn (flowerbedID, plantID, percentage, planterID) VALUES (209, 2154, 4, 155);
INSERT INTO PlantedIn (flowerbedID, plantID, percentage, planterID) VALUES (31, 3136, 4, 152);
INSERT INTO PlantedIn (flowerbedID, plantID, percentage, planterID) VALUES (192, 2562, 1, 152);
INSERT INTO PlantedIn (flowerbedID, plantID, percentage, planterID) VALUES (73, 1435, 4, 93);
INSERT INTO PlantedIn (flowerbedID, plantID, percentage, planterID) VALUES (238, 2945, 3, 142);
INSERT INTO PlantedIn (flowerbedID, plantID, percentage, planterID) VALUES (145, 578, 2, 31);
INSERT INTO PlantedIn (flowerbedID, plantID, percentage, planterID) VALUES (156, 2464, 1, 85);
INSERT INTO PlantedIn (flowerbedID, plantID, percentage, planterID) VALUES (59, 1502, 2, 20);
INSERT INTO PlantedIn (flowerbedID, plantID, percentage, planterID) VALUES (60, 3835, 4, 22);
INSERT INTO PlantedIn (flowerbedID, plantID, percentage, planterID) VALUES (196, 31, 4, 8);
INSERT INTO PlantedIn (flowerbedID, plantID, percentage, planterID) VALUES (114, 2249, 4, 114);
INSERT INTO PlantedIn (flowerbedID, plantID, percentage, planterID) VALUES (129, 2417, 1, 142);
INSERT INTO PlantedIn (flowerbedID, plantID, percentage, planterID) VALUES (116, 2491, 4, 141);
INSERT INTO PlantedIn (flowerbedID, plantID, percentage, planterID) VALUES (238, 3841, 2, 42);
INSERT INTO PlantedIn (flowerbedID, plantID, percentage, planterID) VALUES (189, 2838, 4, 92);
INSERT INTO PlantedIn (flowerbedID, plantID, percentage, planterID) VALUES (37, 2491, 2, 21);
INSERT INTO PlantedIn (flowerbedID, plantID, percentage, planterID) VALUES (191, 957, 2, 29);
INSERT INTO PlantedIn (flowerbedID, plantID, percentage, planterID) VALUES (235, 3286, 1, 72);
INSERT INTO PlantedIn (flowerbedID, plantID, percentage, planterID) VALUES (143, 913, 4, 76);
INSERT INTO PlantedIn (flowerbedID, plantID, percentage, planterID) VALUES (264, 984, 3, 127);
INSERT INTO PlantedIn (flowerbedID, plantID, percentage, planterID) VALUES (213, 2002, 4, 122);
INSERT INTO PlantedIn (flowerbedID, plantID, percentage, planterID) VALUES (49, 3194, 4, 28);
INSERT INTO PlantedIn (flowerbedID, plantID, percentage, planterID) VALUES (23, 1237, 2, 16);
INSERT INTO PlantedIn (flowerbedID, plantID, percentage, planterID) VALUES (39, 1467, 3, 91);
INSERT INTO PlantedIn (flowerbedID, plantID, percentage, planterID) VALUES (185, 3730, 2, 81);
INSERT INTO PlantedIn (flowerbedID, plantID, percentage, planterID) VALUES (66, 780, 2, 30);
INSERT INTO PlantedIn (flowerbedID, plantID, percentage, planterID) VALUES (54, 607, 4, 60);
INSERT INTO PlantedIn (flowerbedID, plantID, percentage, planterID) VALUES (202, 200, 4, 126);
INSERT INTO PlantedIn (flowerbedID, plantID, percentage, planterID) VALUES (263, 3418, 4, 110);
INSERT INTO PlantedIn (flowerbedID, plantID, percentage, planterID) VALUES (62, 2806, 3, 49);
INSERT INTO PlantedIn (flowerbedID, plantID, percentage, planterID) VALUES (2, 942, 1, 7);
INSERT INTO PlantedIn (flowerbedID, plantID, percentage, planterID) VALUES (187, 2181, 1, 128);
INSERT INTO PlantedIn (flowerbedID, plantID, percentage, planterID) VALUES (159, 802, 3, 127);
INSERT INTO PlantedIn (flowerbedID, plantID, percentage, planterID) VALUES (123, 3497, 3, 38);
INSERT INTO PlantedIn (flowerbedID, plantID, percentage, planterID) VALUES (19, 2176, 3, 83);
INSERT INTO PlantedIn (flowerbedID, plantID, percentage, planterID) VALUES (184, 806, 2, 99);
INSERT INTO PlantedIn (flowerbedID, plantID, percentage, planterID) VALUES (28, 808, 2, 77);
INSERT INTO PlantedIn (flowerbedID, plantID, percentage, planterID) VALUES (280, 2800, 4, 5);
INSERT INTO PlantedIn (flowerbedID, plantID, percentage, planterID) VALUES (290, 247, 3, 13);
INSERT INTO PlantedIn (flowerbedID, plantID, percentage, planterID) VALUES (188, 3153, 1, 143);
INSERT INTO PlantedIn (flowerbedID, plantID, percentage, planterID) VALUES (7, 2183, 2, 156);
INSERT INTO PlantedIn (flowerbedID, plantID, percentage, planterID) VALUES (141, 471, 3, 4);
INSERT INTO PlantedIn (flowerbedID, plantID, percentage, planterID) VALUES (205, 1942, 2, 47);
INSERT INTO PlantedIn (flowerbedID, plantID, percentage, planterID) VALUES (213, 3250, 4, 137);
INSERT INTO PlantedIn (flowerbedID, plantID, percentage, planterID) VALUES (15, 911, 4, 18);
INSERT INTO PlantedIn (flowerbedID, plantID, percentage, planterID) VALUES (288, 487, 4, 160);
INSERT INTO PlantedIn (flowerbedID, plantID, percentage, planterID) VALUES (57, 3, 4, 90);
INSERT INTO PlantedIn (flowerbedID, plantID, percentage, planterID) VALUES (274, 3404, 2, 47);
INSERT INTO PlantedIn (flowerbedID, plantID, percentage, planterID) VALUES (1, 1132, 3, 158);
INSERT INTO PlantedIn (flowerbedID, plantID, percentage, planterID) VALUES (7, 3007, 1, 54);
INSERT INTO PlantedIn (flowerbedID, plantID, percentage, planterID) VALUES (5, 1586, 4, 10);
INSERT INTO PlantedIn (flowerbedID, plantID, percentage, planterID) VALUES (161, 3797, 3, 156);
INSERT INTO PlantedIn (flowerbedID, plantID, percentage, planterID) VALUES (294, 1625, 4, 94);
INSERT INTO PlantedIn (flowerbedID, plantID, percentage, planterID) VALUES (231, 2005, 3, 110);
INSERT INTO PlantedIn (flowerbedID, plantID, percentage, planterID) VALUES (120, 3519, 2, 12);
INSERT INTO PlantedIn (flowerbedID, plantID, percentage, planterID) VALUES (61, 3786, 4, 16);
INSERT INTO PlantedIn (flowerbedID, plantID, percentage, planterID) VALUES (49, 290, 1, 87);
INSERT INTO PlantedIn (flowerbedID, plantID, percentage, planterID) VALUES (255, 3147, 4, 44);
INSERT INTO PlantedIn (flowerbedID, plantID, percentage, planterID) VALUES (68, 1207, 4, 145);
INSERT INTO PlantedIn (flowerbedID, plantID, percentage, planterID) VALUES (89, 2865, 2, 84);
INSERT INTO PlantedIn (flowerbedID, plantID, percentage, planterID) VALUES (49, 116, 4, 14);
INSERT INTO PlantedIn (flowerbedID, plantID, percentage, planterID) VALUES (164, 2767, 4, 106);
INSERT INTO PlantedIn (flowerbedID, plantID, percentage, planterID) VALUES (188, 2625, 4, 61);
INSERT INTO PlantedIn (flowerbedID, plantID, percentage, planterID) VALUES (197, 1692, 4, 143);
INSERT INTO PlantedIn (flowerbedID, plantID, percentage, planterID) VALUES (154, 1284, 2, 1);
INSERT INTO PlantedIn (flowerbedID, plantID, percentage, planterID) VALUES (44, 997, 2, 40);
INSERT INTO PlantedIn (flowerbedID, plantID, percentage, planterID) VALUES (171, 276, 4, 23);
INSERT INTO PlantedIn (flowerbedID, plantID, percentage, planterID) VALUES (243, 2385, 4, 25);
INSERT INTO PlantedIn (flowerbedID, plantID, percentage, planterID) VALUES (194, 847, 1, 156);
INSERT INTO PlantedIn (flowerbedID, plantID, percentage, planterID) VALUES (280, 2003, 3, 25);
INSERT INTO PlantedIn (flowerbedID, plantID, percentage, planterID) VALUES (60, 1902, 4, 68);
INSERT INTO PlantedIn (flowerbedID, plantID, percentage, planterID) VALUES (278, 842, 2, 117);
INSERT INTO PlantedIn (flowerbedID, plantID, percentage, planterID) VALUES (165, 2621, 3, 139);
INSERT INTO PlantedIn (flowerbedID, plantID, percentage, planterID) VALUES (280, 149, 3, 12);
INSERT INTO PlantedIn (flowerbedID, plantID, percentage, planterID) VALUES (244, 1982, 2, 155);
INSERT INTO PlantedIn (flowerbedID, plantID, percentage, planterID) VALUES (219, 3096, 3, 113);
INSERT INTO PlantedIn (flowerbedID, plantID, percentage, planterID) VALUES (96, 3089, 3, 40);
INSERT INTO PlantedIn (flowerbedID, plantID, percentage, planterID) VALUES (88, 2386, 1, 65);
INSERT INTO PlantedIn (flowerbedID, plantID, percentage, planterID) VALUES (250, 186, 2, 114);
INSERT INTO PlantedIn (flowerbedID, plantID, percentage, planterID) VALUES (218, 1814, 3, 14);
INSERT INTO PlantedIn (flowerbedID, plantID, percentage, planterID) VALUES (152, 572, 3, 29);
INSERT INTO PlantedIn (flowerbedID, plantID, percentage, planterID) VALUES (104, 2082, 1, 93);
INSERT INTO PlantedIn (flowerbedID, plantID, percentage, planterID) VALUES (16, 1684, 4, 107);
INSERT INTO PlantedIn (flowerbedID, plantID, percentage, planterID) VALUES (71, 1072, 3, 78);
INSERT INTO PlantedIn (flowerbedID, plantID, percentage, planterID) VALUES (23, 2614, 2, 13);
INSERT INTO PlantedIn (flowerbedID, plantID, percentage, planterID) VALUES (88, 1717, 1, 102);
INSERT INTO PlantedIn (flowerbedID, plantID, percentage, planterID) VALUES (148, 967, 1, 89);
INSERT INTO PlantedIn (flowerbedID, plantID, percentage, planterID) VALUES (216, 2298, 1, 152);
INSERT INTO PlantedIn (flowerbedID, plantID, percentage, planterID) VALUES (222, 186, 1, 146);
INSERT INTO PlantedIn (flowerbedID, plantID, percentage, planterID) VALUES (176, 1482, 3, 43);
INSERT INTO PlantedIn (flowerbedID, plantID, percentage, planterID) VALUES (245, 3356, 1, 73);
INSERT INTO PlantedIn (flowerbedID, plantID, percentage, planterID) VALUES (44, 3363, 1, 106);
INSERT INTO PlantedIn (flowerbedID, plantID, percentage, planterID) VALUES (164, 2638, 4, 102);
INSERT INTO PlantedIn (flowerbedID, plantID, percentage, planterID) VALUES (128, 1860, 1, 144);
INSERT INTO PlantedIn (flowerbedID, plantID, percentage, planterID) VALUES (23, 2771, 4, 65);
INSERT INTO PlantedIn (flowerbedID, plantID, percentage, planterID) VALUES (229, 836, 2, 156);
INSERT INTO PlantedIn (flowerbedID, plantID, percentage, planterID) VALUES (7, 1585, 1, 82);
INSERT INTO PlantedIn (flowerbedID, plantID, percentage, planterID) VALUES (84, 327, 4, 67);
INSERT INTO PlantedIn (flowerbedID, plantID, percentage, planterID) VALUES (230, 3774, 4, 115);
INSERT INTO PlantedIn (flowerbedID, plantID, percentage, planterID) VALUES (46, 2452, 3, 89);
INSERT INTO PlantedIn (flowerbedID, plantID, percentage, planterID) VALUES (35, 1351, 1, 125);
INSERT INTO PlantedIn (flowerbedID, plantID, percentage, planterID) VALUES (20, 376, 4, 2);
INSERT INTO PlantedIn (flowerbedID, plantID, percentage, planterID) VALUES (94, 3534, 4, 32);
INSERT INTO PlantedIn (flowerbedID, plantID, percentage, planterID) VALUES (20, 662, 1, 58);
INSERT INTO PlantedIn (flowerbedID, plantID, percentage, planterID) VALUES (174, 3115, 4, 44);
INSERT INTO PlantedIn (flowerbedID, plantID, percentage, planterID) VALUES (267, 2479, 3, 119);
INSERT INTO PlantedIn (flowerbedID, plantID, percentage, planterID) VALUES (185, 1367, 4, 95);
INSERT INTO PlantedIn (flowerbedID, plantID, percentage, planterID) VALUES (296, 246, 1, 61);
INSERT INTO PlantedIn (flowerbedID, plantID, percentage, planterID) VALUES (124, 289, 2, 51);
INSERT INTO PlantedIn (flowerbedID, plantID, percentage, planterID) VALUES (52, 1171, 2, 54);
INSERT INTO PlantedIn (flowerbedID, plantID, percentage, planterID) VALUES (65, 1903, 2, 69);
INSERT INTO PlantedIn (flowerbedID, plantID, percentage, planterID) VALUES (199, 2824, 1, 64);
INSERT INTO PlantedIn (flowerbedID, plantID, percentage, planterID) VALUES (161, 2417, 2, 19);
INSERT INTO PlantedIn (flowerbedID, plantID, percentage, planterID) VALUES (80, 3063, 4, 15);
INSERT INTO PlantedIn (flowerbedID, plantID, percentage, planterID) VALUES (44, 2454, 1, 113);
INSERT INTO PlantedIn (flowerbedID, plantID, percentage, planterID) VALUES (209, 19, 1, 41);
INSERT INTO PlantedIn (flowerbedID, plantID, percentage, planterID) VALUES (24, 2052, 2, 102);
INSERT INTO PlantedIn (flowerbedID, plantID, percentage, planterID) VALUES (250, 3481, 1, 127);
INSERT INTO PlantedIn (flowerbedID, plantID, percentage, planterID) VALUES (118, 525, 1, 58);
INSERT INTO PlantedIn (flowerbedID, plantID, percentage, planterID) VALUES (259, 2731, 2, 52);
INSERT INTO PlantedIn (flowerbedID, plantID, percentage, planterID) VALUES (100, 1566, 3, 143);
INSERT INTO PlantedIn (flowerbedID, plantID, percentage, planterID) VALUES (60, 3527, 2, 84);
INSERT INTO PlantedIn (flowerbedID, plantID, percentage, planterID) VALUES (164, 532, 1, 83);
INSERT INTO PlantedIn (flowerbedID, plantID, percentage, planterID) VALUES (43, 2760, 1, 62);
INSERT INTO PlantedIn (flowerbedID, plantID, percentage, planterID) VALUES (74, 3661, 1, 82);
INSERT INTO PlantedIn (flowerbedID, plantID, percentage, planterID) VALUES (254, 813, 1, 23);
INSERT INTO PlantedIn (flowerbedID, plantID, percentage, planterID) VALUES (104, 1795, 1, 51);
INSERT INTO PlantedIn (flowerbedID, plantID, percentage, planterID) VALUES (52, 2304, 3, 106);
INSERT INTO PlantedIn (flowerbedID, plantID, percentage, planterID) VALUES (1, 1712, 1, 18);
INSERT INTO PlantedIn (flowerbedID, plantID, percentage, planterID) VALUES (107, 2255, 4, 94);
INSERT INTO PlantedIn (flowerbedID, plantID, percentage, planterID) VALUES (216, 77, 4, 26);
INSERT INTO PlantedIn (flowerbedID, plantID, percentage, planterID) VALUES (220, 1948, 4, 15);
INSERT INTO PlantedIn (flowerbedID, plantID, percentage, planterID) VALUES (135, 2159, 2, 10);
INSERT INTO PlantedIn (flowerbedID, plantID, percentage, planterID) VALUES (230, 721, 1, 93);
INSERT INTO PlantedIn (flowerbedID, plantID, percentage, planterID) VALUES (195, 3227, 4, 57);
INSERT INTO PlantedIn (flowerbedID, plantID, percentage, planterID) VALUES (129, 3636, 2, 56);
INSERT INTO PlantedIn (flowerbedID, plantID, percentage, planterID) VALUES (115, 1640, 3, 109);
INSERT INTO PlantedIn (flowerbedID, plantID, percentage, planterID) VALUES (3, 671, 3, 111);
INSERT INTO PlantedIn (flowerbedID, plantID, percentage, planterID) VALUES (58, 3046, 4, 102);
INSERT INTO PlantedIn (flowerbedID, plantID, percentage, planterID) VALUES (88, 2618, 3, 156);
INSERT INTO PlantedIn (flowerbedID, plantID, percentage, planterID) VALUES (71, 3720, 1, 8);
INSERT INTO PlantedIn (flowerbedID, plantID, percentage, planterID) VALUES (45, 2242, 4, 21);
INSERT INTO PlantedIn (flowerbedID, plantID, percentage, planterID) VALUES (124, 1724, 4, 107);
INSERT INTO PlantedIn (flowerbedID, plantID, percentage, planterID) VALUES (116, 3651, 4, 48);
INSERT INTO PlantedIn (flowerbedID, plantID, percentage, planterID) VALUES (111, 3511, 2, 88);
INSERT INTO PlantedIn (flowerbedID, plantID, percentage, planterID) VALUES (281, 2695, 1, 35);
INSERT INTO PlantedIn (flowerbedID, plantID, percentage, planterID) VALUES (21, 53, 1, 106);
INSERT INTO PlantedIn (flowerbedID, plantID, percentage, planterID) VALUES (178, 2838, 1, 4);
INSERT INTO PlantedIn (flowerbedID, plantID, percentage, planterID) VALUES (54, 2469, 3, 147);
INSERT INTO PlantedIn (flowerbedID, plantID, percentage, planterID) VALUES (175, 507, 4, 59);
INSERT INTO PlantedIn (flowerbedID, plantID, percentage, planterID) VALUES (12, 3270, 1, 57);
INSERT INTO PlantedIn (flowerbedID, plantID, percentage, planterID) VALUES (298, 1675, 4, 69);
INSERT INTO PlantedIn (flowerbedID, plantID, percentage, planterID) VALUES (39, 2311, 3, 28);
INSERT INTO PlantedIn (flowerbedID, plantID, percentage, planterID) VALUES (211, 519, 4, 20);
INSERT INTO PlantedIn (flowerbedID, plantID, percentage, planterID) VALUES (139, 42, 3, 129);
INSERT INTO PlantedIn (flowerbedID, plantID, percentage, planterID) VALUES (195, 2331, 1, 37);
INSERT INTO PlantedIn (flowerbedID, plantID, percentage, planterID) VALUES (220, 2120, 4, 32);
INSERT INTO PlantedIn (flowerbedID, plantID, percentage, planterID) VALUES (118, 1982, 2, 154);
INSERT INTO PlantedIn (flowerbedID, plantID, percentage, planterID) VALUES (283, 1126, 1, 56);
INSERT INTO PlantedIn (flowerbedID, plantID, percentage, planterID) VALUES (266, 1874, 3, 100);
INSERT INTO PlantedIn (flowerbedID, plantID, percentage, planterID) VALUES (186, 2689, 4, 64);
INSERT INTO PlantedIn (flowerbedID, plantID, percentage, planterID) VALUES (128, 1397, 4, 88);
INSERT INTO PlantedIn (flowerbedID, plantID, percentage, planterID) VALUES (112, 995, 1, 92);
INSERT INTO PlantedIn (flowerbedID, plantID, percentage, planterID) VALUES (258, 2879, 3, 44);
INSERT INTO PlantedIn (flowerbedID, plantID, percentage, planterID) VALUES (88, 1696, 3, 64);
INSERT INTO PlantedIn (flowerbedID, plantID, percentage, planterID) VALUES (285, 1018, 4, 14);
INSERT INTO PlantedIn (flowerbedID, plantID, percentage, planterID) VALUES (265, 2142, 3, 7);
INSERT INTO PlantedIn (flowerbedID, plantID, percentage, planterID) VALUES (75, 1570, 3, 47);
INSERT INTO PlantedIn (flowerbedID, plantID, percentage, planterID) VALUES (230, 3012, 1, 98);
INSERT INTO PlantedIn (flowerbedID, plantID, percentage, planterID) VALUES (11, 378, 4, 28);
INSERT INTO PlantedIn (flowerbedID, plantID, percentage, planterID) VALUES (252, 1604, 1, 85);
INSERT INTO PlantedIn (flowerbedID, plantID, percentage, planterID) VALUES (256, 3324, 4, 142);
INSERT INTO PlantedIn (flowerbedID, plantID, percentage, planterID) VALUES (37, 3484, 3, 121);
INSERT INTO PlantedIn (flowerbedID, plantID, percentage, planterID) VALUES (91, 2611, 1, 21);
INSERT INTO PlantedIn (flowerbedID, plantID, percentage, planterID) VALUES (69, 614, 2, 119);
INSERT INTO PlantedIn (flowerbedID, plantID, percentage, planterID) VALUES (169, 3719, 2, 27);
INSERT INTO PlantedIn (flowerbedID, plantID, percentage, planterID) VALUES (222, 2777, 4, 82);
INSERT INTO PlantedIn (flowerbedID, plantID, percentage, planterID) VALUES (245, 2443, 3, 117);
INSERT INTO PlantedIn (flowerbedID, plantID, percentage, planterID) VALUES (15, 643, 4, 137);
INSERT INTO PlantedIn (flowerbedID, plantID, percentage, planterID) VALUES (8, 2390, 1, 122);
INSERT INTO PlantedIn (flowerbedID, plantID, percentage, planterID) VALUES (156, 1575, 4, 143);
INSERT INTO PlantedIn (flowerbedID, plantID, percentage, planterID) VALUES (32, 2701, 3, 137);
INSERT INTO PlantedIn (flowerbedID, plantID, percentage, planterID) VALUES (198, 3654, 2, 1);
INSERT INTO PlantedIn (flowerbedID, plantID, percentage, planterID) VALUES (199, 1836, 2, 31);
INSERT INTO PlantedIn (flowerbedID, plantID, percentage, planterID) VALUES (32, 3301, 1, 24);
INSERT INTO PlantedIn (flowerbedID, plantID, percentage, planterID) VALUES (7, 3606, 1, 10);
INSERT INTO PlantedIn (flowerbedID, plantID, percentage, planterID) VALUES (165, 2937, 1, 34);
INSERT INTO PlantedIn (flowerbedID, plantID, percentage, planterID) VALUES (50, 87, 1, 154);
INSERT INTO PlantedIn (flowerbedID, plantID, percentage, planterID) VALUES (291, 3475, 1, 97);
INSERT INTO PlantedIn (flowerbedID, plantID, percentage, planterID) VALUES (179, 1366, 2, 129);
INSERT INTO PlantedIn (flowerbedID, plantID, percentage, planterID) VALUES (90, 2909, 4, 114);
INSERT INTO PlantedIn (flowerbedID, plantID, percentage, planterID) VALUES (69, 3244, 2, 77);
INSERT INTO PlantedIn (flowerbedID, plantID, percentage, planterID) VALUES (208, 2244, 3, 85);
INSERT INTO PlantedIn (flowerbedID, plantID, percentage, planterID) VALUES (154, 2098, 1, 131);
INSERT INTO PlantedIn (flowerbedID, plantID, percentage, planterID) VALUES (91, 3692, 2, 24);
INSERT INTO PlantedIn (flowerbedID, plantID, percentage, planterID) VALUES (293, 102, 4, 124);
INSERT INTO PlantedIn (flowerbedID, plantID, percentage, planterID) VALUES (277, 1087, 3, 5);
INSERT INTO PlantedIn (flowerbedID, plantID, percentage, planterID) VALUES (190, 2993, 4, 135);
INSERT INTO PlantedIn (flowerbedID, plantID, percentage, planterID) VALUES (158, 1705, 4, 154);
INSERT INTO PlantedIn (flowerbedID, plantID, percentage, planterID) VALUES (84, 1304, 4, 16);
INSERT INTO PlantedIn (flowerbedID, plantID, percentage, planterID) VALUES (275, 2231, 2, 119);
INSERT INTO PlantedIn (flowerbedID, plantID, percentage, planterID) VALUES (36, 1726, 2, 86);
INSERT INTO PlantedIn (flowerbedID, plantID, percentage, planterID) VALUES (121, 2437, 2, 154);
INSERT INTO PlantedIn (flowerbedID, plantID, percentage, planterID) VALUES (197, 2363, 3, 57);
INSERT INTO PlantedIn (flowerbedID, plantID, percentage, planterID) VALUES (267, 1363, 3, 19);
INSERT INTO PlantedIn (flowerbedID, plantID, percentage, planterID) VALUES (38, 3424, 3, 80);
INSERT INTO PlantedIn (flowerbedID, plantID, percentage, planterID) VALUES (98, 1372, 3, 71);
INSERT INTO PlantedIn (flowerbedID, plantID, percentage, planterID) VALUES (207, 1920, 3, 100);
INSERT INTO PlantedIn (flowerbedID, plantID, percentage, planterID) VALUES (23, 1031, 1, 7);
INSERT INTO PlantedIn (flowerbedID, plantID, percentage, planterID) VALUES (214, 2072, 1, 107);
INSERT INTO PlantedIn (flowerbedID, plantID, percentage, planterID) VALUES (50, 1965, 4, 85);
INSERT INTO PlantedIn (flowerbedID, plantID, percentage, planterID) VALUES (36, 3173, 1, 70);
INSERT INTO PlantedIn (flowerbedID, plantID, percentage, planterID) VALUES (52, 1970, 2, 93);
INSERT INTO PlantedIn (flowerbedID, plantID, percentage, planterID) VALUES (106, 1399, 1, 57);
INSERT INTO PlantedIn (flowerbedID, plantID, percentage, planterID) VALUES (257, 3512, 4, 113);
INSERT INTO PlantedIn (flowerbedID, plantID, percentage, planterID) VALUES (53, 2686, 4, 22);
INSERT INTO PlantedIn (flowerbedID, plantID, percentage, planterID) VALUES (70, 2870, 2, 1);
INSERT INTO PlantedIn (flowerbedID, plantID, percentage, planterID) VALUES (75, 1919, 2, 38);
INSERT INTO PlantedIn (flowerbedID, plantID, percentage, planterID) VALUES (95, 2416, 2, 66);
INSERT INTO PlantedIn (flowerbedID, plantID, percentage, planterID) VALUES (41, 3559, 3, 137);
INSERT INTO PlantedIn (flowerbedID, plantID, percentage, planterID) VALUES (275, 2880, 2, 44);
INSERT INTO PlantedIn (flowerbedID, plantID, percentage, planterID) VALUES (32, 2243, 4, 55);
INSERT INTO PlantedIn (flowerbedID, plantID, percentage, planterID) VALUES (147, 3753, 3, 155);
INSERT INTO PlantedIn (flowerbedID, plantID, percentage, planterID) VALUES (200, 94, 4, 95);
INSERT INTO PlantedIn (flowerbedID, plantID, percentage, planterID) VALUES (230, 2146, 1, 51);
INSERT INTO PlantedIn (flowerbedID, plantID, percentage, planterID) VALUES (16, 1987, 2, 67);
INSERT INTO PlantedIn (flowerbedID, plantID, percentage, planterID) VALUES (42, 2976, 2, 148);
INSERT INTO PlantedIn (flowerbedID, plantID, percentage, planterID) VALUES (207, 2515, 3, 139);
INSERT INTO PlantedIn (flowerbedID, plantID, percentage, planterID) VALUES (119, 213, 3, 152);
INSERT INTO PlantedIn (flowerbedID, plantID, percentage, planterID) VALUES (190, 764, 1, 81);
INSERT INTO PlantedIn (flowerbedID, plantID, percentage, planterID) VALUES (51, 1415, 4, 136);
INSERT INTO PlantedIn (flowerbedID, plantID, percentage, planterID) VALUES (117, 1314, 1, 126);
INSERT INTO PlantedIn (flowerbedID, plantID, percentage, planterID) VALUES (268, 96, 4, 30);
INSERT INTO PlantedIn (flowerbedID, plantID, percentage, planterID) VALUES (162, 2172, 3, 55);
INSERT INTO PlantedIn (flowerbedID, plantID, percentage, planterID) VALUES (247, 2917, 1, 109);
INSERT INTO PlantedIn (flowerbedID, plantID, percentage, planterID) VALUES (243, 1980, 2, 125);
INSERT INTO PlantedIn (flowerbedID, plantID, percentage, planterID) VALUES (213, 742, 4, 98);
INSERT INTO PlantedIn (flowerbedID, plantID, percentage, planterID) VALUES (167, 1375, 4, 123);
INSERT INTO PlantedIn (flowerbedID, plantID, percentage, planterID) VALUES (208, 1716, 3, 18);
INSERT INTO PlantedIn (flowerbedID, plantID, percentage, planterID) VALUES (141, 1077, 1, 93);
INSERT INTO PlantedIn (flowerbedID, plantID, percentage, planterID) VALUES (252, 3292, 1, 118);
INSERT INTO PlantedIn (flowerbedID, plantID, percentage, planterID) VALUES (8, 2460, 4, 34);
INSERT INTO PlantedIn (flowerbedID, plantID, percentage, planterID) VALUES (117, 3189, 1, 13);
INSERT INTO PlantedIn (flowerbedID, plantID, percentage, planterID) VALUES (101, 3079, 1, 111);
INSERT INTO PlantedIn (flowerbedID, plantID, percentage, planterID) VALUES (296, 824, 3, 160);
INSERT INTO PlantedIn (flowerbedID, plantID, percentage, planterID) VALUES (171, 2468, 2, 85);
INSERT INTO PlantedIn (flowerbedID, plantID, percentage, planterID) VALUES (263, 1513, 3, 96);
INSERT INTO PlantedIn (flowerbedID, plantID, percentage, planterID) VALUES (73, 939, 2, 153);
INSERT INTO PlantedIn (flowerbedID, plantID, percentage, planterID) VALUES (263, 322, 2, 21);
INSERT INTO PlantedIn (flowerbedID, plantID, percentage, planterID) VALUES (272, 751, 1, 81);
INSERT INTO PlantedIn (flowerbedID, plantID, percentage, planterID) VALUES (297, 447, 4, 51);
INSERT INTO PlantedIn (flowerbedID, plantID, percentage, planterID) VALUES (99, 843, 4, 91);
INSERT INTO PlantedIn (flowerbedID, plantID, percentage, planterID) VALUES (257, 73, 4, 28);
INSERT INTO PlantedIn (flowerbedID, plantID, percentage, planterID) VALUES (185, 65, 2, 85);
INSERT INTO PlantedIn (flowerbedID, plantID, percentage, planterID) VALUES (122, 182, 3, 37);
INSERT INTO PlantedIn (flowerbedID, plantID, percentage, planterID) VALUES (87, 391, 1, 159);
INSERT INTO PlantedIn (flowerbedID, plantID, percentage, planterID) VALUES (56, 162, 1, 76);
INSERT INTO PlantedIn (flowerbedID, plantID, percentage, planterID) VALUES (71, 3517, 1, 59);
INSERT INTO PlantedIn (flowerbedID, plantID, percentage, planterID) VALUES (8, 2437, 2, 36);
INSERT INTO PlantedIn (flowerbedID, plantID, percentage, planterID) VALUES (254, 2825, 3, 44);
INSERT INTO PlantedIn (flowerbedID, plantID, percentage, planterID) VALUES (225, 1598, 2, 111);
INSERT INTO PlantedIn (flowerbedID, plantID, percentage, planterID) VALUES (129, 512, 4, 149);
INSERT INTO PlantedIn (flowerbedID, plantID, percentage, planterID) VALUES (54, 282, 2, 85);
INSERT INTO PlantedIn (flowerbedID, plantID, percentage, planterID) VALUES (52, 1582, 2, 110);
INSERT INTO PlantedIn (flowerbedID, plantID, percentage, planterID) VALUES (135, 302, 3, 78);
INSERT INTO PlantedIn (flowerbedID, plantID, percentage, planterID) VALUES (296, 3046, 1, 158);
INSERT INTO PlantedIn (flowerbedID, plantID, percentage, planterID) VALUES (126, 463, 2, 64);
INSERT INTO PlantedIn (flowerbedID, plantID, percentage, planterID) VALUES (224, 3203, 4, 52);
INSERT INTO PlantedIn (flowerbedID, plantID, percentage, planterID) VALUES (270, 3045, 1, 69);
INSERT INTO PlantedIn (flowerbedID, plantID, percentage, planterID) VALUES (59, 134, 3, 75);
INSERT INTO PlantedIn (flowerbedID, plantID, percentage, planterID) VALUES (34, 3415, 1, 58);
INSERT INTO PlantedIn (flowerbedID, plantID, percentage, planterID) VALUES (201, 963, 1, 20);
INSERT INTO PlantedIn (flowerbedID, plantID, percentage, planterID) VALUES (111, 1853, 1, 62);
INSERT INTO PlantedIn (flowerbedID, plantID, percentage, planterID) VALUES (30, 1269, 1, 142);
INSERT INTO PlantedIn (flowerbedID, plantID, percentage, planterID) VALUES (282, 3043, 3, 102);
INSERT INTO PlantedIn (flowerbedID, plantID, percentage, planterID) VALUES (185, 3432, 3, 107);
INSERT INTO PlantedIn (flowerbedID, plantID, percentage, planterID) VALUES (203, 48, 4, 102);
INSERT INTO PlantedIn (flowerbedID, plantID, percentage, planterID) VALUES (15, 100, 1, 90);
INSERT INTO PlantedIn (flowerbedID, plantID, percentage, planterID) VALUES (272, 3308, 3, 45);
INSERT INTO PlantedIn (flowerbedID, plantID, percentage, planterID) VALUES (32, 1439, 2, 116);
INSERT INTO PlantedIn (flowerbedID, plantID, percentage, planterID) VALUES (255, 107, 4, 120);
INSERT INTO PlantedIn (flowerbedID, plantID, percentage, planterID) VALUES (107, 1984, 2, 14);
INSERT INTO PlantedIn (flowerbedID, plantID, percentage, planterID) VALUES (166, 2339, 1, 75);
INSERT INTO PlantedIn (flowerbedID, plantID, percentage, planterID) VALUES (185, 100, 3, 18);
INSERT INTO PlantedIn (flowerbedID, plantID, percentage, planterID) VALUES (16, 2407, 4, 142);
INSERT INTO PlantedIn (flowerbedID, plantID, percentage, planterID) VALUES (144, 322, 3, 94);
INSERT INTO PlantedIn (flowerbedID, plantID, percentage, planterID) VALUES (137, 822, 2, 10);
INSERT INTO PlantedIn (flowerbedID, plantID, percentage, planterID) VALUES (72, 2902, 3, 44);
INSERT INTO PlantedIn (flowerbedID, plantID, percentage, planterID) VALUES (79, 1286, 3, 154);
INSERT INTO PlantedIn (flowerbedID, plantID, percentage, planterID) VALUES (299, 3414, 3, 83);
INSERT INTO PlantedIn (flowerbedID, plantID, percentage, planterID) VALUES (147, 3533, 1, 135);
INSERT INTO PlantedIn (flowerbedID, plantID, percentage, planterID) VALUES (281, 3418, 4, 133);
INSERT INTO PlantedIn (flowerbedID, plantID, percentage, planterID) VALUES (203, 1908, 1, 98);
INSERT INTO PlantedIn (flowerbedID, plantID, percentage, planterID) VALUES (212, 2422, 4, 76);
INSERT INTO PlantedIn (flowerbedID, plantID, percentage, planterID) VALUES (113, 2689, 3, 94);
INSERT INTO PlantedIn (flowerbedID, plantID, percentage, planterID) VALUES (9, 1687, 1, 36);
INSERT INTO PlantedIn (flowerbedID, plantID, percentage, planterID) VALUES (96, 2654, 4, 100);
INSERT INTO PlantedIn (flowerbedID, plantID, percentage, planterID) VALUES (180, 1398, 3, 158);
INSERT INTO PlantedIn (flowerbedID, plantID, percentage, planterID) VALUES (74, 2645, 4, 92);
INSERT INTO PlantedIn (flowerbedID, plantID, percentage, planterID) VALUES (84, 1867, 4, 127);
INSERT INTO PlantedIn (flowerbedID, plantID, percentage, planterID) VALUES (292, 1188, 3, 16);
INSERT INTO PlantedIn (flowerbedID, plantID, percentage, planterID) VALUES (280, 2044, 2, 109);
INSERT INTO PlantedIn (flowerbedID, plantID, percentage, planterID) VALUES (182, 611, 4, 49);
INSERT INTO PlantedIn (flowerbedID, plantID, percentage, planterID) VALUES (253, 3321, 2, 127);
INSERT INTO PlantedIn (flowerbedID, plantID, percentage, planterID) VALUES (100, 1995, 3, 38);
INSERT INTO PlantedIn (flowerbedID, plantID, percentage, planterID) VALUES (299, 3702, 4, 98);
INSERT INTO PlantedIn (flowerbedID, plantID, percentage, planterID) VALUES (80, 2532, 1, 114);
INSERT INTO PlantedIn (flowerbedID, plantID, percentage, planterID) VALUES (55, 1107, 2, 88);
INSERT INTO PlantedIn (flowerbedID, plantID, percentage, planterID) VALUES (137, 1785, 1, 114);
INSERT INTO PlantedIn (flowerbedID, plantID, percentage, planterID) VALUES (240, 2795, 1, 157);
INSERT INTO PlantedIn (flowerbedID, plantID, percentage, planterID) VALUES (111, 3454, 3, 84);
INSERT INTO PlantedIn (flowerbedID, plantID, percentage, planterID) VALUES (123, 2730, 2, 54);
INSERT INTO PlantedIn (flowerbedID, plantID, percentage, planterID) VALUES (199, 3402, 4, 67);
INSERT INTO PlantedIn (flowerbedID, plantID, percentage, planterID) VALUES (160, 163, 3, 22);
INSERT INTO PlantedIn (flowerbedID, plantID, percentage, planterID) VALUES (99, 2463, 4, 22);
INSERT INTO PlantedIn (flowerbedID, plantID, percentage, planterID) VALUES (30, 3043, 3, 146);
INSERT INTO PlantedIn (flowerbedID, plantID, percentage, planterID) VALUES (218, 3235, 3, 32);
INSERT INTO PlantedIn (flowerbedID, plantID, percentage, planterID) VALUES (168, 354, 4, 95);
INSERT INTO PlantedIn (flowerbedID, plantID, percentage, planterID) VALUES (295, 131, 2, 110);
INSERT INTO PlantedIn (flowerbedID, plantID, percentage, planterID) VALUES (222, 3663, 2, 139);
INSERT INTO PlantedIn (flowerbedID, plantID, percentage, planterID) VALUES (248, 724, 2, 58);
INSERT INTO PlantedIn (flowerbedID, plantID, percentage, planterID) VALUES (69, 1781, 3, 14);
INSERT INTO PlantedIn (flowerbedID, plantID, percentage, planterID) VALUES (30, 803, 1, 59);
INSERT INTO PlantedIn (flowerbedID, plantID, percentage, planterID) VALUES (298, 736, 3, 158);
INSERT INTO PlantedIn (flowerbedID, plantID, percentage, planterID) VALUES (9, 377, 3, 43);
INSERT INTO PlantedIn (flowerbedID, plantID, percentage, planterID) VALUES (57, 3077, 1, 90);
INSERT INTO PlantedIn (flowerbedID, plantID, percentage, planterID) VALUES (249, 587, 3, 98);
INSERT INTO PlantedIn (flowerbedID, plantID, percentage, planterID) VALUES (168, 1188, 4, 50);
INSERT INTO PlantedIn (flowerbedID, plantID, percentage, planterID) VALUES (230, 1432, 4, 60);
INSERT INTO PlantedIn (flowerbedID, plantID, percentage, planterID) VALUES (173, 2659, 3, 11);
INSERT INTO PlantedIn (flowerbedID, plantID, percentage, planterID) VALUES (263, 3777, 4, 51);
INSERT INTO PlantedIn (flowerbedID, plantID, percentage, planterID) VALUES (23, 2105, 2, 85);
INSERT INTO PlantedIn (flowerbedID, plantID, percentage, planterID) VALUES (102, 38, 1, 76);
INSERT INTO PlantedIn (flowerbedID, plantID, percentage, planterID) VALUES (49, 22, 2, 128);
INSERT INTO PlantedIn (flowerbedID, plantID, percentage, planterID) VALUES (7, 1843, 4, 125);
INSERT INTO PlantedIn (flowerbedID, plantID, percentage, planterID) VALUES (254, 267, 2, 113);
INSERT INTO PlantedIn (flowerbedID, plantID, percentage, planterID) VALUES (208, 1135, 4, 93);
INSERT INTO PlantedIn (flowerbedID, plantID, percentage, planterID) VALUES (251, 123, 1, 6);
INSERT INTO PlantedIn (flowerbedID, plantID, percentage, planterID) VALUES (13, 1819, 1, 61);
INSERT INTO PlantedIn (flowerbedID, plantID, percentage, planterID) VALUES (143, 347, 4, 80);
INSERT INTO PlantedIn (flowerbedID, plantID, percentage, planterID) VALUES (241, 2519, 4, 136);
INSERT INTO PlantedIn (flowerbedID, plantID, percentage, planterID) VALUES (39, 1981, 4, 107);
INSERT INTO PlantedIn (flowerbedID, plantID, percentage, planterID) VALUES (174, 1055, 2, 69);
INSERT INTO PlantedIn (flowerbedID, plantID, percentage, planterID) VALUES (207, 1982, 3, 79);
INSERT INTO PlantedIn (flowerbedID, plantID, percentage, planterID) VALUES (163, 1891, 3, 122);
INSERT INTO PlantedIn (flowerbedID, plantID, percentage, planterID) VALUES (287, 223, 2, 136);
INSERT INTO PlantedIn (flowerbedID, plantID, percentage, planterID) VALUES (45, 979, 4, 50);
INSERT INTO PlantedIn (flowerbedID, plantID, percentage, planterID) VALUES (271, 299, 1, 134);
INSERT INTO PlantedIn (flowerbedID, plantID, percentage, planterID) VALUES (177, 1528, 1, 2);
INSERT INTO PlantedIn (flowerbedID, plantID, percentage, planterID) VALUES (200, 1580, 3, 88);
INSERT INTO PlantedIn (flowerbedID, plantID, percentage, planterID) VALUES (242, 1864, 2, 60);
INSERT INTO PlantedIn (flowerbedID, plantID, percentage, planterID) VALUES (298, 3096, 3, 6);
INSERT INTO PlantedIn (flowerbedID, plantID, percentage, planterID) VALUES (87, 2852, 1, 22);
INSERT INTO PlantedIn (flowerbedID, plantID, percentage, planterID) VALUES (238, 3536, 4, 118);
INSERT INTO PlantedIn (flowerbedID, plantID, percentage, planterID) VALUES (51, 3764, 1, 154);
INSERT INTO PlantedIn (flowerbedID, plantID, percentage, planterID) VALUES (16, 2600, 3, 19);
INSERT INTO PlantedIn (flowerbedID, plantID, percentage, planterID) VALUES (21, 441, 3, 140);
INSERT INTO PlantedIn (flowerbedID, plantID, percentage, planterID) VALUES (157, 1241, 2, 68);
INSERT INTO PlantedIn (flowerbedID, plantID, percentage, planterID) VALUES (241, 2859, 4, 143);
INSERT INTO PlantedIn (flowerbedID, plantID, percentage, planterID) VALUES (162, 3319, 4, 59);
INSERT INTO PlantedIn (flowerbedID, plantID, percentage, planterID) VALUES (179, 1789, 2, 14);
INSERT INTO PlantedIn (flowerbedID, plantID, percentage, planterID) VALUES (113, 2958, 3, 58);
INSERT INTO PlantedIn (flowerbedID, plantID, percentage, planterID) VALUES (221, 884, 4, 107);
INSERT INTO PlantedIn (flowerbedID, plantID, percentage, planterID) VALUES (270, 2797, 4, 75);
INSERT INTO PlantedIn (flowerbedID, plantID, percentage, planterID) VALUES (251, 938, 2, 122);
INSERT INTO PlantedIn (flowerbedID, plantID, percentage, planterID) VALUES (169, 386, 2, 119);
INSERT INTO PlantedIn (flowerbedID, plantID, percentage, planterID) VALUES (251, 2007, 2, 29);
INSERT INTO PlantedIn (flowerbedID, plantID, percentage, planterID) VALUES (113, 1939, 4, 37);
INSERT INTO PlantedIn (flowerbedID, plantID, percentage, planterID) VALUES (289, 1121, 2, 63);
INSERT INTO PlantedIn (flowerbedID, plantID, percentage, planterID) VALUES (17, 2707, 4, 153);
INSERT INTO PlantedIn (flowerbedID, plantID, percentage, planterID) VALUES (278, 1952, 4, 101);
INSERT INTO PlantedIn (flowerbedID, plantID, percentage, planterID) VALUES (69, 58, 1, 138);
INSERT INTO PlantedIn (flowerbedID, plantID, percentage, planterID) VALUES (77, 1950, 4, 74);
INSERT INTO PlantedIn (flowerbedID, plantID, percentage, planterID) VALUES (190, 1361, 1, 142);
INSERT INTO PlantedIn (flowerbedID, plantID, percentage, planterID) VALUES (97, 1365, 2, 28);
INSERT INTO PlantedIn (flowerbedID, plantID, percentage, planterID) VALUES (16, 180, 4, 30);
INSERT INTO PlantedIn (flowerbedID, plantID, percentage, planterID) VALUES (165, 2920, 4, 140);
INSERT INTO PlantedIn (flowerbedID, plantID, percentage, planterID) VALUES (231, 2365, 1, 146);
INSERT INTO PlantedIn (flowerbedID, plantID, percentage, planterID) VALUES (35, 1052, 3, 146);
INSERT INTO PlantedIn (flowerbedID, plantID, percentage, planterID) VALUES (117, 140, 1, 29);
INSERT INTO PlantedIn (flowerbedID, plantID, percentage, planterID) VALUES (117, 3812, 1, 7);
INSERT INTO PlantedIn (flowerbedID, plantID, percentage, planterID) VALUES (6, 93, 2, 11);
INSERT INTO PlantedIn (flowerbedID, plantID, percentage, planterID) VALUES (113, 847, 2, 124);
INSERT INTO PlantedIn (flowerbedID, plantID, percentage, planterID) VALUES (80, 3438, 4, 71);
INSERT INTO PlantedIn (flowerbedID, plantID, percentage, planterID) VALUES (193, 870, 2, 103);
INSERT INTO PlantedIn (flowerbedID, plantID, percentage, planterID) VALUES (251, 1711, 4, 77);
INSERT INTO PlantedIn (flowerbedID, plantID, percentage, planterID) VALUES (214, 1127, 1, 116);
INSERT INTO PlantedIn (flowerbedID, plantID, percentage, planterID) VALUES (98, 3234, 3, 22);
INSERT INTO PlantedIn (flowerbedID, plantID, percentage, planterID) VALUES (56, 65, 3, 32);
INSERT INTO PlantedIn (flowerbedID, plantID, percentage, planterID) VALUES (237, 1571, 2, 55);
INSERT INTO PlantedIn (flowerbedID, plantID, percentage, planterID) VALUES (189, 3536, 2, 147);
INSERT INTO PlantedIn (flowerbedID, plantID, percentage, planterID) VALUES (107, 1131, 1, 73);
INSERT INTO PlantedIn (flowerbedID, plantID, percentage, planterID) VALUES (175, 363, 4, 31);
INSERT INTO PlantedIn (flowerbedID, plantID, percentage, planterID) VALUES (279, 1163, 4, 108);
INSERT INTO PlantedIn (flowerbedID, plantID, percentage, planterID) VALUES (139, 2260, 3, 103);
INSERT INTO PlantedIn (flowerbedID, plantID, percentage, planterID) VALUES (180, 2999, 4, 37);
INSERT INTO PlantedIn (flowerbedID, plantID, percentage, planterID) VALUES (203, 801, 2, 59);
INSERT INTO PlantedIn (flowerbedID, plantID, percentage, planterID) VALUES (184, 2534, 1, 155);
INSERT INTO PlantedIn (flowerbedID, plantID, percentage, planterID) VALUES (171, 2898, 4, 123);
INSERT INTO PlantedIn (flowerbedID, plantID, percentage, planterID) VALUES (68, 673, 1, 93);
INSERT INTO PlantedIn (flowerbedID, plantID, percentage, planterID) VALUES (142, 639, 4, 157);
INSERT INTO PlantedIn (flowerbedID, plantID, percentage, planterID) VALUES (225, 1946, 2, 102);
INSERT INTO PlantedIn (flowerbedID, plantID, percentage, planterID) VALUES (3, 2030, 3, 73);
INSERT INTO PlantedIn (flowerbedID, plantID, percentage, planterID) VALUES (55, 1241, 4, 149);
INSERT INTO PlantedIn (flowerbedID, plantID, percentage, planterID) VALUES (22, 2234, 1, 117);
INSERT INTO PlantedIn (flowerbedID, plantID, percentage, planterID) VALUES (213, 2619, 4, 128);
INSERT INTO PlantedIn (flowerbedID, plantID, percentage, planterID) VALUES (255, 1071, 2, 17);
INSERT INTO PlantedIn (flowerbedID, plantID, percentage, planterID) VALUES (133, 13, 1, 46);
INSERT INTO PlantedIn (flowerbedID, plantID, percentage, planterID) VALUES (152, 3292, 4, 94);
INSERT INTO PlantedIn (flowerbedID, plantID, percentage, planterID) VALUES (196, 2823, 3, 128);
INSERT INTO PlantedIn (flowerbedID, plantID, percentage, planterID) VALUES (77, 627, 2, 49);
INSERT INTO PlantedIn (flowerbedID, plantID, percentage, planterID) VALUES (217, 3344, 2, 115);
INSERT INTO PlantedIn (flowerbedID, plantID, percentage, planterID) VALUES (163, 1569, 2, 65);
INSERT INTO PlantedIn (flowerbedID, plantID, percentage, planterID) VALUES (205, 1805, 1, 124);
INSERT INTO PlantedIn (flowerbedID, plantID, percentage, planterID) VALUES (141, 3802, 4, 55);
INSERT INTO PlantedIn (flowerbedID, plantID, percentage, planterID) VALUES (250, 3325, 2, 132);
INSERT INTO PlantedIn (flowerbedID, plantID, percentage, planterID) VALUES (177, 1947, 4, 26);
INSERT INTO PlantedIn (flowerbedID, plantID, percentage, planterID) VALUES (200, 1664, 1, 49);
INSERT INTO PlantedIn (flowerbedID, plantID, percentage, planterID) VALUES (173, 1812, 2, 121);
INSERT INTO PlantedIn (flowerbedID, plantID, percentage, planterID) VALUES (100, 1426, 4, 128);
INSERT INTO PlantedIn (flowerbedID, plantID, percentage, planterID) VALUES (232, 435, 2, 47);
INSERT INTO PlantedIn (flowerbedID, plantID, percentage, planterID) VALUES (174, 3827, 1, 101);
INSERT INTO PlantedIn (flowerbedID, plantID, percentage, planterID) VALUES (292, 3477, 4, 5);
INSERT INTO PlantedIn (flowerbedID, plantID, percentage, planterID) VALUES (228, 3050, 2, 52);
INSERT INTO PlantedIn (flowerbedID, plantID, percentage, planterID) VALUES (88, 1721, 4, 34);
INSERT INTO PlantedIn (flowerbedID, plantID, percentage, planterID) VALUES (262, 1847, 2, 19);
INSERT INTO PlantedIn (flowerbedID, plantID, percentage, planterID) VALUES (283, 3128, 2, 131);
INSERT INTO PlantedIn (flowerbedID, plantID, percentage, planterID) VALUES (54, 1919, 4, 27);
INSERT INTO PlantedIn (flowerbedID, plantID, percentage, planterID) VALUES (183, 1650, 1, 71);
INSERT INTO PlantedIn (flowerbedID, plantID, percentage, planterID) VALUES (125, 3836, 2, 41);
INSERT INTO PlantedIn (flowerbedID, plantID, percentage, planterID) VALUES (267, 1022, 3, 35);
INSERT INTO PlantedIn (flowerbedID, plantID, percentage, planterID) VALUES (16, 1920, 2, 1);
INSERT INTO PlantedIn (flowerbedID, plantID, percentage, planterID) VALUES (282, 763, 4, 53);
INSERT INTO PlantedIn (flowerbedID, plantID, percentage, planterID) VALUES (202, 1589, 3, 47);
INSERT INTO PlantedIn (flowerbedID, plantID, percentage, planterID) VALUES (66, 109, 2, 156);
INSERT INTO PlantedIn (flowerbedID, plantID, percentage, planterID) VALUES (157, 226, 1, 61);
INSERT INTO PlantedIn (flowerbedID, plantID, percentage, planterID) VALUES (146, 2941, 4, 56);
INSERT INTO PlantedIn (flowerbedID, plantID, percentage, planterID) VALUES (226, 2162, 3, 51);
INSERT INTO PlantedIn (flowerbedID, plantID, percentage, planterID) VALUES (247, 1903, 4, 52);
INSERT INTO PlantedIn (flowerbedID, plantID, percentage, planterID) VALUES (296, 1153, 4, 39);
INSERT INTO PlantedIn (flowerbedID, plantID, percentage, planterID) VALUES (149, 2035, 1, 129);
INSERT INTO PlantedIn (flowerbedID, plantID, percentage, planterID) VALUES (281, 76, 1, 137);
INSERT INTO PlantedIn (flowerbedID, plantID, percentage, planterID) VALUES (15, 2683, 3, 96);
INSERT INTO PlantedIn (flowerbedID, plantID, percentage, planterID) VALUES (225, 3505, 1, 122);
INSERT INTO PlantedIn (flowerbedID, plantID, percentage, planterID) VALUES (200, 103, 2, 24);
INSERT INTO PlantedIn (flowerbedID, plantID, percentage, planterID) VALUES (176, 1669, 2, 12);
INSERT INTO PlantedIn (flowerbedID, plantID, percentage, planterID) VALUES (277, 1403, 4, 50);
INSERT INTO PlantedIn (flowerbedID, plantID, percentage, planterID) VALUES (198, 1965, 1, 146);
INSERT INTO PlantedIn (flowerbedID, plantID, percentage, planterID) VALUES (11, 2290, 4, 57);
INSERT INTO PlantedIn (flowerbedID, plantID, percentage, planterID) VALUES (183, 463, 3, 23);
INSERT INTO PlantedIn (flowerbedID, plantID, percentage, planterID) VALUES (244, 2650, 3, 40);
INSERT INTO PlantedIn (flowerbedID, plantID, percentage, planterID) VALUES (178, 3619, 2, 139);
INSERT INTO PlantedIn (flowerbedID, plantID, percentage, planterID) VALUES (288, 3642, 3, 118);
INSERT INTO PlantedIn (flowerbedID, plantID, percentage, planterID) VALUES (225, 214, 4, 160);
INSERT INTO PlantedIn (flowerbedID, plantID, percentage, planterID) VALUES (194, 984, 2, 131);
INSERT INTO PlantedIn (flowerbedID, plantID, percentage, planterID) VALUES (112, 3433, 1, 159);
INSERT INTO PlantedIn (flowerbedID, plantID, percentage, planterID) VALUES (172, 580, 1, 130);
INSERT INTO PlantedIn (flowerbedID, plantID, percentage, planterID) VALUES (26, 2152, 1, 74);
INSERT INTO PlantedIn (flowerbedID, plantID, percentage, planterID) VALUES (150, 412, 4, 103);
INSERT INTO PlantedIn (flowerbedID, plantID, percentage, planterID) VALUES (256, 2146, 4, 30);
INSERT INTO PlantedIn (flowerbedID, plantID, percentage, planterID) VALUES (239, 1477, 3, 127);
INSERT INTO PlantedIn (flowerbedID, plantID, percentage, planterID) VALUES (131, 2555, 1, 58);
INSERT INTO PlantedIn (flowerbedID, plantID, percentage, planterID) VALUES (274, 370, 2, 60);
INSERT INTO PlantedIn (flowerbedID, plantID, percentage, planterID) VALUES (295, 1016, 3, 83);
INSERT INTO PlantedIn (flowerbedID, plantID, percentage, planterID) VALUES (124, 892, 2, 125);
INSERT INTO PlantedIn (flowerbedID, plantID, percentage, planterID) VALUES (236, 574, 2, 95);
INSERT INTO PlantedIn (flowerbedID, plantID, percentage, planterID) VALUES (77, 560, 1, 28);
INSERT INTO PlantedIn (flowerbedID, plantID, percentage, planterID) VALUES (210, 1274, 2, 13);
INSERT INTO PlantedIn (flowerbedID, plantID, percentage, planterID) VALUES (213, 3112, 1, 9);
INSERT INTO PlantedIn (flowerbedID, plantID, percentage, planterID) VALUES (140, 1494, 2, 41);
INSERT INTO PlantedIn (flowerbedID, plantID, percentage, planterID) VALUES (145, 2230, 2, 116);
INSERT INTO PlantedIn (flowerbedID, plantID, percentage, planterID) VALUES (252, 573, 2, 4);
INSERT INTO PlantedIn (flowerbedID, plantID, percentage, planterID) VALUES (114, 2883, 1, 130);
INSERT INTO PlantedIn (flowerbedID, plantID, percentage, planterID) VALUES (268, 1154, 1, 78);
INSERT INTO PlantedIn (flowerbedID, plantID, percentage, planterID) VALUES (133, 2360, 1, 45);
INSERT INTO PlantedIn (flowerbedID, plantID, percentage, planterID) VALUES (282, 1272, 3, 111);
INSERT INTO PlantedIn (flowerbedID, plantID, percentage, planterID) VALUES (41, 2670, 3, 138);
INSERT INTO PlantedIn (flowerbedID, plantID, percentage, planterID) VALUES (183, 2523, 2, 5);
INSERT INTO PlantedIn (flowerbedID, plantID, percentage, planterID) VALUES (240, 185, 1, 121);
INSERT INTO PlantedIn (flowerbedID, plantID, percentage, planterID) VALUES (238, 1750, 3, 60);
INSERT INTO PlantedIn (flowerbedID, plantID, percentage, planterID) VALUES (225, 3081, 1, 144);
INSERT INTO PlantedIn (flowerbedID, plantID, percentage, planterID) VALUES (122, 365, 2, 59);
INSERT INTO PlantedIn (flowerbedID, plantID, percentage, planterID) VALUES (201, 3087, 3, 28);
INSERT INTO PlantedIn (flowerbedID, plantID, percentage, planterID) VALUES (249, 537, 2, 53);
INSERT INTO PlantedIn (flowerbedID, plantID, percentage, planterID) VALUES (237, 1280, 3, 154);
INSERT INTO PlantedIn (flowerbedID, plantID, percentage, planterID) VALUES (114, 2289, 1, 133);
INSERT INTO PlantedIn (flowerbedID, plantID, percentage, planterID) VALUES (14, 451, 4, 148);
INSERT INTO PlantedIn (flowerbedID, plantID, percentage, planterID) VALUES (237, 1266, 1, 115);
INSERT INTO PlantedIn (flowerbedID, plantID, percentage, planterID) VALUES (92, 2578, 4, 133);
INSERT INTO PlantedIn (flowerbedID, plantID, percentage, planterID) VALUES (140, 3589, 2, 125);
INSERT INTO PlantedIn (flowerbedID, plantID, percentage, planterID) VALUES (21, 113, 4, 127);
INSERT INTO PlantedIn (flowerbedID, plantID, percentage, planterID) VALUES (108, 2429, 3, 78);
INSERT INTO PlantedIn (flowerbedID, plantID, percentage, planterID) VALUES (66, 858, 2, 157);
INSERT INTO PlantedIn (flowerbedID, plantID, percentage, planterID) VALUES (102, 2982, 2, 11);
INSERT INTO PlantedIn (flowerbedID, plantID, percentage, planterID) VALUES (141, 199, 2, 99);
INSERT INTO PlantedIn (flowerbedID, plantID, percentage, planterID) VALUES (114, 932, 3, 82);
INSERT INTO PlantedIn (flowerbedID, plantID, percentage, planterID) VALUES (272, 946, 2, 114);
INSERT INTO PlantedIn (flowerbedID, plantID, percentage, planterID) VALUES (52, 1486, 1, 116);
INSERT INTO PlantedIn (flowerbedID, plantID, percentage, planterID) VALUES (124, 1577, 4, 18);
INSERT INTO PlantedIn (flowerbedID, plantID, percentage, planterID) VALUES (11, 2124, 2, 89);
INSERT INTO PlantedIn (flowerbedID, plantID, percentage, planterID) VALUES (231, 1641, 1, 90);
INSERT INTO PlantedIn (flowerbedID, plantID, percentage, planterID) VALUES (59, 2252, 3, 63);
INSERT INTO PlantedIn (flowerbedID, plantID, percentage, planterID) VALUES (190, 3611, 1, 159);
INSERT INTO PlantedIn (flowerbedID, plantID, percentage, planterID) VALUES (53, 1535, 1, 121);
INSERT INTO PlantedIn (flowerbedID, plantID, percentage, planterID) VALUES (192, 1390, 4, 79);
INSERT INTO PlantedIn (flowerbedID, plantID, percentage, planterID) VALUES (223, 490, 1, 10);
INSERT INTO PlantedIn (flowerbedID, plantID, percentage, planterID) VALUES (160, 597, 3, 161);
INSERT INTO PlantedIn (flowerbedID, plantID, percentage, planterID) VALUES (211, 1718, 2, 143);
INSERT INTO PlantedIn (flowerbedID, plantID, percentage, planterID) VALUES (260, 1349, 1, 101);
INSERT INTO PlantedIn (flowerbedID, plantID, percentage, planterID) VALUES (279, 3656, 3, 126);
INSERT INTO PlantedIn (flowerbedID, plantID, percentage, planterID) VALUES (264, 2524, 1, 100);
INSERT INTO PlantedIn (flowerbedID, plantID, percentage, planterID) VALUES (15, 1067, 3, 24);
INSERT INTO PlantedIn (flowerbedID, plantID, percentage, planterID) VALUES (191, 2298, 2, 88);
INSERT INTO PlantedIn (flowerbedID, plantID, percentage, planterID) VALUES (216, 2171, 2, 93);
INSERT INTO PlantedIn (flowerbedID, plantID, percentage, planterID) VALUES (215, 1809, 2, 143);
INSERT INTO PlantedIn (flowerbedID, plantID, percentage, planterID) VALUES (273, 2528, 4, 154);
INSERT INTO PlantedIn (flowerbedID, plantID, percentage, planterID) VALUES (1, 1852, 4, 146);
INSERT INTO PlantedIn (flowerbedID, plantID, percentage, planterID) VALUES (127, 2225, 2, 86);
INSERT INTO PlantedIn (flowerbedID, plantID, percentage, planterID) VALUES (69, 300, 2, 62);
INSERT INTO PlantedIn (flowerbedID, plantID, percentage, planterID) VALUES (28, 1840, 4, 64);
INSERT INTO PlantedIn (flowerbedID, plantID, percentage, planterID) VALUES (12, 3499, 4, 12);
INSERT INTO PlantedIn (flowerbedID, plantID, percentage, planterID) VALUES (112, 3463, 2, 30);
INSERT INTO PlantedIn (flowerbedID, plantID, percentage, planterID) VALUES (165, 262, 3, 12);
INSERT INTO PlantedIn (flowerbedID, plantID, percentage, planterID) VALUES (164, 3528, 4, 84);
INSERT INTO PlantedIn (flowerbedID, plantID, percentage, planterID) VALUES (146, 3812, 3, 48);
INSERT INTO PlantedIn (flowerbedID, plantID, percentage, planterID) VALUES (40, 3728, 1, 70);
INSERT INTO PlantedIn (flowerbedID, plantID, percentage, planterID) VALUES (132, 2995, 2, 7);
INSERT INTO PlantedIn (flowerbedID, plantID, percentage, planterID) VALUES (204, 410, 1, 40);
INSERT INTO PlantedIn (flowerbedID, plantID, percentage, planterID) VALUES (1, 1564, 3, 59);
INSERT INTO PlantedIn (flowerbedID, plantID, percentage, planterID) VALUES (142, 1567, 1, 18);
INSERT INTO PlantedIn (flowerbedID, plantID, percentage, planterID) VALUES (173, 1026, 3, 90);
INSERT INTO PlantedIn (flowerbedID, plantID, percentage, planterID) VALUES (270, 2001, 1, 10);
INSERT INTO PlantedIn (flowerbedID, plantID, percentage, planterID) VALUES (145, 1793, 4, 44);
INSERT INTO PlantedIn (flowerbedID, plantID, percentage, planterID) VALUES (72, 1131, 4, 69);
INSERT INTO PlantedIn (flowerbedID, plantID, percentage, planterID) VALUES (214, 213, 1, 91);
INSERT INTO PlantedIn (flowerbedID, plantID, percentage, planterID) VALUES (193, 2000, 1, 145);
INSERT INTO PlantedIn (flowerbedID, plantID, percentage, planterID) VALUES (235, 1402, 3, 149);
INSERT INTO PlantedIn (flowerbedID, plantID, percentage, planterID) VALUES (264, 3553, 2, 123);
INSERT INTO PlantedIn (flowerbedID, plantID, percentage, planterID) VALUES (115, 3753, 3, 49);
INSERT INTO PlantedIn (flowerbedID, plantID, percentage, planterID) VALUES (79, 2648, 3, 93);
INSERT INTO PlantedIn (flowerbedID, plantID, percentage, planterID) VALUES (95, 1981, 2, 11);
INSERT INTO PlantedIn (flowerbedID, plantID, percentage, planterID) VALUES (247, 51, 3, 149);
INSERT INTO PlantedIn (flowerbedID, plantID, percentage, planterID) VALUES (21, 1509, 3, 99);
INSERT INTO PlantedIn (flowerbedID, plantID, percentage, planterID) VALUES (272, 1592, 3, 161);
INSERT INTO PlantedIn (flowerbedID, plantID, percentage, planterID) VALUES (232, 3080, 3, 65);
INSERT INTO PlantedIn (flowerbedID, plantID, percentage, planterID) VALUES (215, 342, 1, 3);
INSERT INTO PlantedIn (flowerbedID, plantID, percentage, planterID) VALUES (18, 1164, 2, 125);
INSERT INTO PlantedIn (flowerbedID, plantID, percentage, planterID) VALUES (232, 179, 3, 113);
INSERT INTO PlantedIn (flowerbedID, plantID, percentage, planterID) VALUES (18, 2008, 1, 24);
INSERT INTO PlantedIn (flowerbedID, plantID, percentage, planterID) VALUES (272, 2733, 4, 145);
INSERT INTO PlantedIn (flowerbedID, plantID, percentage, planterID) VALUES (36, 2999, 4, 88);
INSERT INTO PlantedIn (flowerbedID, plantID, percentage, planterID) VALUES (172, 3405, 2, 95);
INSERT INTO PlantedIn (flowerbedID, plantID, percentage, planterID) VALUES (290, 2179, 1, 67);
INSERT INTO PlantedIn (flowerbedID, plantID, percentage, planterID) VALUES (259, 421, 4, 61);
INSERT INTO PlantedIn (flowerbedID, plantID, percentage, planterID) VALUES (111, 1296, 1, 27);
INSERT INTO PlantedIn (flowerbedID, plantID, percentage, planterID) VALUES (114, 3132, 2, 128);
INSERT INTO PlantedIn (flowerbedID, plantID, percentage, planterID) VALUES (99, 3384, 1, 98);
INSERT INTO PlantedIn (flowerbedID, plantID, percentage, planterID) VALUES (175, 1578, 3, 10);
INSERT INTO PlantedIn (flowerbedID, plantID, percentage, planterID) VALUES (55, 2179, 4, 103);
INSERT INTO PlantedIn (flowerbedID, plantID, percentage, planterID) VALUES (133, 546, 2, 8);
INSERT INTO PlantedIn (flowerbedID, plantID, percentage, planterID) VALUES (211, 1674, 3, 76);
INSERT INTO PlantedIn (flowerbedID, plantID, percentage, planterID) VALUES (163, 3064, 4, 73);
INSERT INTO PlantedIn (flowerbedID, plantID, percentage, planterID) VALUES (39, 2218, 3, 10);
INSERT INTO PlantedIn (flowerbedID, plantID, percentage, planterID) VALUES (172, 2124, 1, 149);
INSERT INTO PlantedIn (flowerbedID, plantID, percentage, planterID) VALUES (207, 3519, 2, 75);
INSERT INTO PlantedIn (flowerbedID, plantID, percentage, planterID) VALUES (199, 1491, 4, 138);
INSERT INTO PlantedIn (flowerbedID, plantID, percentage, planterID) VALUES (287, 3300, 2, 52);
INSERT INTO PlantedIn (flowerbedID, plantID, percentage, planterID) VALUES (195, 969, 2, 10);
INSERT INTO PlantedIn (flowerbedID, plantID, percentage, planterID) VALUES (230, 38, 3, 100);
INSERT INTO PlantedIn (flowerbedID, plantID, percentage, planterID) VALUES (6, 2060, 3, 138);
INSERT INTO PlantedIn (flowerbedID, plantID, percentage, planterID) VALUES (173, 148, 4, 30);
INSERT INTO PlantedIn (flowerbedID, plantID, percentage, planterID) VALUES (273, 519, 3, 139);
INSERT INTO PlantedIn (flowerbedID, plantID, percentage, planterID) VALUES (156, 2329, 2, 64);
INSERT INTO PlantedIn (flowerbedID, plantID, percentage, planterID) VALUES (137, 2586, 1, 142);
INSERT INTO PlantedIn (flowerbedID, plantID, percentage, planterID) VALUES (275, 3402, 3, 74);
INSERT INTO PlantedIn (flowerbedID, plantID, percentage, planterID) VALUES (267, 26, 4, 66);
INSERT INTO PlantedIn (flowerbedID, plantID, percentage, planterID) VALUES (162, 692, 3, 86);
INSERT INTO PlantedIn (flowerbedID, plantID, percentage, planterID) VALUES (253, 414, 2, 68);
INSERT INTO PlantedIn (flowerbedID, plantID, percentage, planterID) VALUES (44, 2179, 1, 59);
INSERT INTO PlantedIn (flowerbedID, plantID, percentage, planterID) VALUES (209, 562, 1, 109);
INSERT INTO PlantedIn (flowerbedID, plantID, percentage, planterID) VALUES (224, 3858, 1, 120);
INSERT INTO PlantedIn (flowerbedID, plantID, percentage, planterID) VALUES (200, 2010, 3, 54);
INSERT INTO PlantedIn (flowerbedID, plantID, percentage, planterID) VALUES (120, 2859, 2, 47);
INSERT INTO PlantedIn (flowerbedID, plantID, percentage, planterID) VALUES (224, 2518, 2, 35);
INSERT INTO PlantedIn (flowerbedID, plantID, percentage, planterID) VALUES (249, 2696, 3, 157);
INSERT INTO PlantedIn (flowerbedID, plantID, percentage, planterID) VALUES (241, 1170, 4, 17);
INSERT INTO PlantedIn (flowerbedID, plantID, percentage, planterID) VALUES (260, 1688, 3, 1);
INSERT INTO PlantedIn (flowerbedID, plantID, percentage, planterID) VALUES (175, 2457, 2, 135);
INSERT INTO PlantedIn (flowerbedID, plantID, percentage, planterID) VALUES (190, 1853, 2, 92);
INSERT INTO PlantedIn (flowerbedID, plantID, percentage, planterID) VALUES (299, 3263, 2, 153);
INSERT INTO PlantedIn (flowerbedID, plantID, percentage, planterID) VALUES (175, 619, 2, 119);
INSERT INTO PlantedIn (flowerbedID, plantID, percentage, planterID) VALUES (243, 3429, 3, 106);
INSERT INTO PlantedIn (flowerbedID, plantID, percentage, planterID) VALUES (175, 2023, 2, 55);
INSERT INTO PlantedIn (flowerbedID, plantID, percentage, planterID) VALUES (247, 1597, 3, 59);
INSERT INTO PlantedIn (flowerbedID, plantID, percentage, planterID) VALUES (255, 1331, 2, 45);
INSERT INTO PlantedIn (flowerbedID, plantID, percentage, planterID) VALUES (293, 149, 3, 131);
INSERT INTO PlantedIn (flowerbedID, plantID, percentage, planterID) VALUES (155, 1141, 3, 158);
INSERT INTO PlantedIn (flowerbedID, plantID, percentage, planterID) VALUES (42, 3098, 3, 158);
INSERT INTO PlantedIn (flowerbedID, plantID, percentage, planterID) VALUES (288, 2339, 4, 10);
INSERT INTO PlantedIn (flowerbedID, plantID, percentage, planterID) VALUES (148, 2585, 1, 72);
INSERT INTO PlantedIn (flowerbedID, plantID, percentage, planterID) VALUES (58, 2829, 1, 81);
INSERT INTO PlantedIn (flowerbedID, plantID, percentage, planterID) VALUES (44, 3113, 4, 123);
INSERT INTO PlantedIn (flowerbedID, plantID, percentage, planterID) VALUES (45, 3735, 1, 74);
INSERT INTO PlantedIn (flowerbedID, plantID, percentage, planterID) VALUES (2, 726, 3, 128);
INSERT INTO PlantedIn (flowerbedID, plantID, percentage, planterID) VALUES (145, 2540, 3, 7);
INSERT INTO PlantedIn (flowerbedID, plantID, percentage, planterID) VALUES (138, 3692, 2, 60);
INSERT INTO PlantedIn (flowerbedID, plantID, percentage, planterID) VALUES (168, 1537, 1, 34);
INSERT INTO PlantedIn (flowerbedID, plantID, percentage, planterID) VALUES (20, 2350, 2, 23);
INSERT INTO PlantedIn (flowerbedID, plantID, percentage, planterID) VALUES (102, 2304, 2, 48);
INSERT INTO PlantedIn (flowerbedID, plantID, percentage, planterID) VALUES (120, 3811, 3, 83);
INSERT INTO PlantedIn (flowerbedID, plantID, percentage, planterID) VALUES (285, 3500, 4, 117);
INSERT INTO PlantedIn (flowerbedID, plantID, percentage, planterID) VALUES (28, 1634, 3, 83);
INSERT INTO PlantedIn (flowerbedID, plantID, percentage, planterID) VALUES (24, 2003, 3, 35);
INSERT INTO PlantedIn (flowerbedID, plantID, percentage, planterID) VALUES (282, 585, 1, 15);
INSERT INTO PlantedIn (flowerbedID, plantID, percentage, planterID) VALUES (243, 2090, 1, 101);
INSERT INTO PlantedIn (flowerbedID, plantID, percentage, planterID) VALUES (158, 242, 2, 132);
INSERT INTO PlantedIn (flowerbedID, plantID, percentage, planterID) VALUES (290, 1713, 1, 75);
INSERT INTO PlantedIn (flowerbedID, plantID, percentage, planterID) VALUES (259, 3534, 4, 110);
INSERT INTO PlantedIn (flowerbedID, plantID, percentage, planterID) VALUES (130, 3230, 4, 84);
INSERT INTO PlantedIn (flowerbedID, plantID, percentage, planterID) VALUES (114, 1708, 2, 162);
INSERT INTO PlantedIn (flowerbedID, plantID, percentage, planterID) VALUES (178, 97, 2, 56);
INSERT INTO PlantedIn (flowerbedID, plantID, percentage, planterID) VALUES (72, 2281, 1, 78);
INSERT INTO PlantedIn (flowerbedID, plantID, percentage, planterID) VALUES (40, 131, 3, 46);
INSERT INTO PlantedIn (flowerbedID, plantID, percentage, planterID) VALUES (29, 110, 1, 24);
INSERT INTO PlantedIn (flowerbedID, plantID, percentage, planterID) VALUES (141, 2208, 2, 22);
INSERT INTO PlantedIn (flowerbedID, plantID, percentage, planterID) VALUES (146, 2950, 4, 49);
INSERT INTO PlantedIn (flowerbedID, plantID, percentage, planterID) VALUES (180, 2960, 4, 142);
INSERT INTO PlantedIn (flowerbedID, plantID, percentage, planterID) VALUES (63, 2945, 4, 51);
INSERT INTO PlantedIn (flowerbedID, plantID, percentage, planterID) VALUES (236, 2402, 1, 27);
INSERT INTO PlantedIn (flowerbedID, plantID, percentage, planterID) VALUES (64, 2331, 2, 14);
INSERT INTO PlantedIn (flowerbedID, plantID, percentage, planterID) VALUES (112, 522, 4, 138);
INSERT INTO PlantedIn (flowerbedID, plantID, percentage, planterID) VALUES (212, 3568, 1, 32);
INSERT INTO PlantedIn (flowerbedID, plantID, percentage, planterID) VALUES (206, 1792, 2, 19);
INSERT INTO PlantedIn (flowerbedID, plantID, percentage, planterID) VALUES (69, 3602, 2, 46);
INSERT INTO PlantedIn (flowerbedID, plantID, percentage, planterID) VALUES (208, 2156, 2, 41);
INSERT INTO PlantedIn (flowerbedID, plantID, percentage, planterID) VALUES (54, 1505, 2, 88);
INSERT INTO PlantedIn (flowerbedID, plantID, percentage, planterID) VALUES (297, 2272, 3, 127);
INSERT INTO PlantedIn (flowerbedID, plantID, percentage, planterID) VALUES (279, 2829, 2, 63);
INSERT INTO PlantedIn (flowerbedID, plantID, percentage, planterID) VALUES (260, 618, 3, 26);
INSERT INTO PlantedIn (flowerbedID, plantID, percentage, planterID) VALUES (238, 3376, 1, 10);
INSERT INTO PlantedIn (flowerbedID, plantID, percentage, planterID) VALUES (241, 1221, 2, 80);
INSERT INTO PlantedIn (flowerbedID, plantID, percentage, planterID) VALUES (26, 1884, 1, 77);
INSERT INTO PlantedIn (flowerbedID, plantID, percentage, planterID) VALUES (23, 679, 1, 122);
INSERT INTO PlantedIn (flowerbedID, plantID, percentage, planterID) VALUES (272, 272, 4, 54);
INSERT INTO PlantedIn (flowerbedID, plantID, percentage, planterID) VALUES (69, 1787, 2, 60);
INSERT INTO PlantedIn (flowerbedID, plantID, percentage, planterID) VALUES (238, 433, 3, 15);
INSERT INTO PlantedIn (flowerbedID, plantID, percentage, planterID) VALUES (295, 525, 4, 106);
INSERT INTO PlantedIn (flowerbedID, plantID, percentage, planterID) VALUES (135, 276, 2, 50);
INSERT INTO PlantedIn (flowerbedID, plantID, percentage, planterID) VALUES (230, 1040, 4, 65);
INSERT INTO PlantedIn (flowerbedID, plantID, percentage, planterID) VALUES (227, 3172, 4, 161);
INSERT INTO PlantedIn (flowerbedID, plantID, percentage, planterID) VALUES (298, 2479, 4, 145);
INSERT INTO PlantedIn (flowerbedID, plantID, percentage, planterID) VALUES (213, 585, 4, 117);
INSERT INTO PlantedIn (flowerbedID, plantID, percentage, planterID) VALUES (184, 99, 2, 44);
INSERT INTO PlantedIn (flowerbedID, plantID, percentage, planterID) VALUES (142, 2339, 4, 158);
INSERT INTO PlantedIn (flowerbedID, plantID, percentage, planterID) VALUES (203, 783, 2, 43);
INSERT INTO PlantedIn (flowerbedID, plantID, percentage, planterID) VALUES (141, 2419, 1, 52);
INSERT INTO PlantedIn (flowerbedID, plantID, percentage, planterID) VALUES (134, 901, 2, 11);
INSERT INTO PlantedIn (flowerbedID, plantID, percentage, planterID) VALUES (262, 3469, 3, 60);
INSERT INTO PlantedIn (flowerbedID, plantID, percentage, planterID) VALUES (15, 94, 3, 91);
INSERT INTO PlantedIn (flowerbedID, plantID, percentage, planterID) VALUES (15, 3020, 1, 12);
INSERT INTO PlantedIn (flowerbedID, plantID, percentage, planterID) VALUES (36, 243, 3, 54);
INSERT INTO PlantedIn (flowerbedID, plantID, percentage, planterID) VALUES (200, 861, 2, 89);
INSERT INTO PlantedIn (flowerbedID, plantID, percentage, planterID) VALUES (128, 2942, 4, 136);
INSERT INTO PlantedIn (flowerbedID, plantID, percentage, planterID) VALUES (116, 343, 4, 22);
INSERT INTO PlantedIn (flowerbedID, plantID, percentage, planterID) VALUES (97, 707, 1, 48);
INSERT INTO PlantedIn (flowerbedID, plantID, percentage, planterID) VALUES (194, 1192, 3, 137);
INSERT INTO PlantedIn (flowerbedID, plantID, percentage, planterID) VALUES (27, 3324, 1, 152);
INSERT INTO PlantedIn (flowerbedID, plantID, percentage, planterID) VALUES (276, 744, 3, 138);
INSERT INTO PlantedIn (flowerbedID, plantID, percentage, planterID) VALUES (125, 1197, 4, 161);
INSERT INTO PlantedIn (flowerbedID, plantID, percentage, planterID) VALUES (22, 2798, 2, 127);
INSERT INTO PlantedIn (flowerbedID, plantID, percentage, planterID) VALUES (243, 3326, 1, 50);
INSERT INTO PlantedIn (flowerbedID, plantID, percentage, planterID) VALUES (13, 2188, 1, 57);
INSERT INTO PlantedIn (flowerbedID, plantID, percentage, planterID) VALUES (57, 431, 4, 44);
INSERT INTO PlantedIn (flowerbedID, plantID, percentage, planterID) VALUES (126, 170, 3, 91);
INSERT INTO PlantedIn (flowerbedID, plantID, percentage, planterID) VALUES (271, 1592, 4, 124);
INSERT INTO PlantedIn (flowerbedID, plantID, percentage, planterID) VALUES (181, 1982, 1, 72);
INSERT INTO PlantedIn (flowerbedID, plantID, percentage, planterID) VALUES (246, 1359, 4, 148);
INSERT INTO PlantedIn (flowerbedID, plantID, percentage, planterID) VALUES (23, 2303, 4, 61);
INSERT INTO PlantedIn (flowerbedID, plantID, percentage, planterID) VALUES (137, 2479, 2, 4);
INSERT INTO PlantedIn (flowerbedID, plantID, percentage, planterID) VALUES (63, 1360, 2, 108);
INSERT INTO PlantedIn (flowerbedID, plantID, percentage, planterID) VALUES (139, 3386, 4, 40);
INSERT INTO PlantedIn (flowerbedID, plantID, percentage, planterID) VALUES (276, 2928, 4, 68);
INSERT INTO PlantedIn (flowerbedID, plantID, percentage, planterID) VALUES (51, 417, 4, 112);
INSERT INTO PlantedIn (flowerbedID, plantID, percentage, planterID) VALUES (186, 259, 2, 137);
INSERT INTO PlantedIn (flowerbedID, plantID, percentage, planterID) VALUES (126, 2518, 2, 58);
INSERT INTO PlantedIn (flowerbedID, plantID, percentage, planterID) VALUES (74, 2655, 3, 66);
INSERT INTO PlantedIn (flowerbedID, plantID, percentage, planterID) VALUES (99, 1557, 3, 35);
INSERT INTO PlantedIn (flowerbedID, plantID, percentage, planterID) VALUES (226, 3192, 1, 161);
INSERT INTO PlantedIn (flowerbedID, plantID, percentage, planterID) VALUES (210, 615, 3, 18);
INSERT INTO PlantedIn (flowerbedID, plantID, percentage, planterID) VALUES (274, 1901, 1, 77);
INSERT INTO PlantedIn (flowerbedID, plantID, percentage, planterID) VALUES (180, 367, 1, 148);
INSERT INTO PlantedIn (flowerbedID, plantID, percentage, planterID) VALUES (49, 2517, 3, 115);
INSERT INTO PlantedIn (flowerbedID, plantID, percentage, planterID) VALUES (91, 3863, 3, 13);
INSERT INTO PlantedIn (flowerbedID, plantID, percentage, planterID) VALUES (206, 1757, 1, 44);
INSERT INTO PlantedIn (flowerbedID, plantID, percentage, planterID) VALUES (257, 1761, 3, 95);
INSERT INTO PlantedIn (flowerbedID, plantID, percentage, planterID) VALUES (85, 1856, 4, 143);
INSERT INTO PlantedIn (flowerbedID, plantID, percentage, planterID) VALUES (192, 3591, 3, 104);
INSERT INTO PlantedIn (flowerbedID, plantID, percentage, planterID) VALUES (126, 191, 1, 111);
INSERT INTO PlantedIn (flowerbedID, plantID, percentage, planterID) VALUES (44, 1931, 2, 42);
INSERT INTO PlantedIn (flowerbedID, plantID, percentage, planterID) VALUES (45, 3494, 2, 153);
INSERT INTO PlantedIn (flowerbedID, plantID, percentage, planterID) VALUES (271, 3709, 3, 1);
INSERT INTO PlantedIn (flowerbedID, plantID, percentage, planterID) VALUES (124, 987, 2, 104);
INSERT INTO PlantedIn (flowerbedID, plantID, percentage, planterID) VALUES (213, 591, 4, 152);
INSERT INTO PlantedIn (flowerbedID, plantID, percentage, planterID) VALUES (192, 2242, 1, 143);
INSERT INTO PlantedIn (flowerbedID, plantID, percentage, planterID) VALUES (189, 1808, 4, 15);
INSERT INTO PlantedIn (flowerbedID, plantID, percentage, planterID) VALUES (290, 1247, 1, 14);
INSERT INTO PlantedIn (flowerbedID, plantID, percentage, planterID) VALUES (68, 3733, 1, 99);
INSERT INTO PlantedIn (flowerbedID, plantID, percentage, planterID) VALUES (277, 2215, 2, 124);
INSERT INTO PlantedIn (flowerbedID, plantID, percentage, planterID) VALUES (248, 1243, 3, 105);
INSERT INTO PlantedIn (flowerbedID, plantID, percentage, planterID) VALUES (142, 1904, 1, 92);
INSERT INTO PlantedIn (flowerbedID, plantID, percentage, planterID) VALUES (62, 1960, 4, 66);
INSERT INTO PlantedIn (flowerbedID, plantID, percentage, planterID) VALUES (26, 795, 3, 156);
INSERT INTO PlantedIn (flowerbedID, plantID, percentage, planterID) VALUES (202, 3821, 3, 85);
INSERT INTO PlantedIn (flowerbedID, plantID, percentage, planterID) VALUES (93, 2201, 3, 131);
INSERT INTO PlantedIn (flowerbedID, plantID, percentage, planterID) VALUES (161, 1269, 2, 115);
INSERT INTO PlantedIn (flowerbedID, plantID, percentage, planterID) VALUES (270, 1488, 3, 138);
INSERT INTO PlantedIn (flowerbedID, plantID, percentage, planterID) VALUES (212, 1582, 1, 47);
INSERT INTO PlantedIn (flowerbedID, plantID, percentage, planterID) VALUES (270, 3093, 1, 50);
INSERT INTO PlantedIn (flowerbedID, plantID, percentage, planterID) VALUES (261, 3314, 3, 19);
INSERT INTO PlantedIn (flowerbedID, plantID, percentage, planterID) VALUES (253, 2318, 1, 32);
INSERT INTO PlantedIn (flowerbedID, plantID, percentage, planterID) VALUES (51, 3647, 3, 120);
INSERT INTO PlantedIn (flowerbedID, plantID, percentage, planterID) VALUES (82, 1394, 1, 29);
INSERT INTO PlantedIn (flowerbedID, plantID, percentage, planterID) VALUES (223, 3726, 2, 156);
INSERT INTO PlantedIn (flowerbedID, plantID, percentage, planterID) VALUES (112, 660, 2, 109);
INSERT INTO PlantedIn (flowerbedID, plantID, percentage, planterID) VALUES (291, 3559, 2, 66);
INSERT INTO PlantedIn (flowerbedID, plantID, percentage, planterID) VALUES (176, 1280, 2, 116);
INSERT INTO PlantedIn (flowerbedID, plantID, percentage, planterID) VALUES (57, 3022, 1, 1);
INSERT INTO PlantedIn (flowerbedID, plantID, percentage, planterID) VALUES (41, 3422, 2, 44);
INSERT INTO PlantedIn (flowerbedID, plantID, percentage, planterID) VALUES (74, 1623, 4, 100);
INSERT INTO PlantedIn (flowerbedID, plantID, percentage, planterID) VALUES (115, 1859, 4, 77);
INSERT INTO PlantedIn (flowerbedID, plantID, percentage, planterID) VALUES (195, 294, 3, 6);
INSERT INTO PlantedIn (flowerbedID, plantID, percentage, planterID) VALUES (298, 1590, 3, 155);
INSERT INTO PlantedIn (flowerbedID, plantID, percentage, planterID) VALUES (222, 2212, 4, 8);
INSERT INTO PlantedIn (flowerbedID, plantID, percentage, planterID) VALUES (72, 605, 2, 50);
INSERT INTO PlantedIn (flowerbedID, plantID, percentage, planterID) VALUES (13, 2093, 2, 134);
INSERT INTO PlantedIn (flowerbedID, plantID, percentage, planterID) VALUES (288, 1382, 2, 48);
INSERT INTO PlantedIn (flowerbedID, plantID, percentage, planterID) VALUES (251, 2790, 2, 18);
INSERT INTO PlantedIn (flowerbedID, plantID, percentage, planterID) VALUES (239, 510, 4, 20);
INSERT INTO PlantedIn (flowerbedID, plantID, percentage, planterID) VALUES (163, 49, 2, 66);
INSERT INTO PlantedIn (flowerbedID, plantID, percentage, planterID) VALUES (175, 1629, 4, 38);
INSERT INTO PlantedIn (flowerbedID, plantID, percentage, planterID) VALUES (141, 702, 3, 116);
INSERT INTO PlantedIn (flowerbedID, plantID, percentage, planterID) VALUES (102, 3713, 2, 15);
INSERT INTO PlantedIn (flowerbedID, plantID, percentage, planterID) VALUES (151, 3327, 2, 115);
INSERT INTO PlantedIn (flowerbedID, plantID, percentage, planterID) VALUES (66, 3655, 1, 139);
INSERT INTO PlantedIn (flowerbedID, plantID, percentage, planterID) VALUES (200, 3512, 2, 94);
INSERT INTO PlantedIn (flowerbedID, plantID, percentage, planterID) VALUES (13, 2544, 3, 45);
INSERT INTO PlantedIn (flowerbedID, plantID, percentage, planterID) VALUES (201, 2462, 2, 150);
INSERT INTO PlantedIn (flowerbedID, plantID, percentage, planterID) VALUES (18, 328, 3, 34);
INSERT INTO PlantedIn (flowerbedID, plantID, percentage, planterID) VALUES (80, 3356, 3, 41);
INSERT INTO PlantedIn (flowerbedID, plantID, percentage, planterID) VALUES (54, 2517, 2, 137);
INSERT INTO PlantedIn (flowerbedID, plantID, percentage, planterID) VALUES (179, 2326, 2, 78);
INSERT INTO PlantedIn (flowerbedID, plantID, percentage, planterID) VALUES (153, 3862, 3, 126);
INSERT INTO PlantedIn (flowerbedID, plantID, percentage, planterID) VALUES (197, 3818, 2, 24);
INSERT INTO PlantedIn (flowerbedID, plantID, percentage, planterID) VALUES (187, 11, 3, 101);
INSERT INTO PlantedIn (flowerbedID, plantID, percentage, planterID) VALUES (27, 3002, 2, 37);
INSERT INTO PlantedIn (flowerbedID, plantID, percentage, planterID) VALUES (229, 3641, 4, 139);
INSERT INTO PlantedIn (flowerbedID, plantID, percentage, planterID) VALUES (178, 2312, 1, 59);
INSERT INTO PlantedIn (flowerbedID, plantID, percentage, planterID) VALUES (60, 3069, 3, 79);
INSERT INTO PlantedIn (flowerbedID, plantID, percentage, planterID) VALUES (238, 706, 2, 45);
INSERT INTO PlantedIn (flowerbedID, plantID, percentage, planterID) VALUES (51, 1526, 4, 134);
INSERT INTO PlantedIn (flowerbedID, plantID, percentage, planterID) VALUES (119, 1394, 2, 83);
INSERT INTO PlantedIn (flowerbedID, plantID, percentage, planterID) VALUES (42, 2658, 4, 145);
INSERT INTO PlantedIn (flowerbedID, plantID, percentage, planterID) VALUES (41, 3079, 4, 44);
INSERT INTO PlantedIn (flowerbedID, plantID, percentage, planterID) VALUES (221, 230, 2, 146);
INSERT INTO PlantedIn (flowerbedID, plantID, percentage, planterID) VALUES (197, 712, 4, 90);
INSERT INTO PlantedIn (flowerbedID, plantID, percentage, planterID) VALUES (293, 3768, 4, 98);
INSERT INTO PlantedIn (flowerbedID, plantID, percentage, planterID) VALUES (47, 3201, 2, 39);
INSERT INTO PlantedIn (flowerbedID, plantID, percentage, planterID) VALUES (67, 3862, 3, 21);
INSERT INTO PlantedIn (flowerbedID, plantID, percentage, planterID) VALUES (108, 2315, 2, 18);
INSERT INTO PlantedIn (flowerbedID, plantID, percentage, planterID) VALUES (86, 3645, 2, 48);
INSERT INTO PlantedIn (flowerbedID, plantID, percentage, planterID) VALUES (222, 2065, 2, 56);
INSERT INTO PlantedIn (flowerbedID, plantID, percentage, planterID) VALUES (178, 632, 2, 140);
INSERT INTO PlantedIn (flowerbedID, plantID, percentage, planterID) VALUES (104, 1278, 2, 19);
INSERT INTO PlantedIn (flowerbedID, plantID, percentage, planterID) VALUES (92, 2613, 2, 17);
INSERT INTO PlantedIn (flowerbedID, plantID, percentage, planterID) VALUES (151, 1229, 3, 136);
INSERT INTO PlantedIn (flowerbedID, plantID, percentage, planterID) VALUES (95, 3523, 3, 60);
INSERT INTO PlantedIn (flowerbedID, plantID, percentage, planterID) VALUES (153, 1744, 4, 30);
INSERT INTO PlantedIn (flowerbedID, plantID, percentage, planterID) VALUES (118, 1749, 1, 38);
INSERT INTO PlantedIn (flowerbedID, plantID, percentage, planterID) VALUES (295, 2077, 3, 106);
INSERT INTO PlantedIn (flowerbedID, plantID, percentage, planterID) VALUES (210, 1628, 1, 144);
INSERT INTO PlantedIn (flowerbedID, plantID, percentage, planterID) VALUES (225, 3635, 1, 65);
INSERT INTO PlantedIn (flowerbedID, plantID, percentage, planterID) VALUES (185, 1819, 1, 90);
INSERT INTO PlantedIn (flowerbedID, plantID, percentage, planterID) VALUES (236, 1193, 1, 146);
INSERT INTO PlantedIn (flowerbedID, plantID, percentage, planterID) VALUES (66, 748, 3, 135);
INSERT INTO PlantedIn (flowerbedID, plantID, percentage, planterID) VALUES (193, 3693, 1, 91);
INSERT INTO PlantedIn (flowerbedID, plantID, percentage, planterID) VALUES (122, 2876, 2, 30);
INSERT INTO PlantedIn (flowerbedID, plantID, percentage, planterID) VALUES (62, 3117, 4, 6);
INSERT INTO PlantedIn (flowerbedID, plantID, percentage, planterID) VALUES (224, 1562, 2, 3);
INSERT INTO PlantedIn (flowerbedID, plantID, percentage, planterID) VALUES (262, 2058, 3, 84);
INSERT INTO PlantedIn (flowerbedID, plantID, percentage, planterID) VALUES (252, 1275, 1, 133);
INSERT INTO PlantedIn (flowerbedID, plantID, percentage, planterID) VALUES (157, 2126, 1, 137);
INSERT INTO PlantedIn (flowerbedID, plantID, percentage, planterID) VALUES (152, 1228, 4, 36);
INSERT INTO PlantedIn (flowerbedID, plantID, percentage, planterID) VALUES (19, 1463, 2, 53);
INSERT INTO PlantedIn (flowerbedID, plantID, percentage, planterID) VALUES (49, 1091, 2, 56);
INSERT INTO PlantedIn (flowerbedID, plantID, percentage, planterID) VALUES (27, 1372, 4, 56);
INSERT INTO PlantedIn (flowerbedID, plantID, percentage, planterID) VALUES (227, 1302, 3, 35);
INSERT INTO PlantedIn (flowerbedID, plantID, percentage, planterID) VALUES (260, 2632, 3, 51);
INSERT INTO PlantedIn (flowerbedID, plantID, percentage, planterID) VALUES (4, 249, 3, 133);
INSERT INTO PlantedIn (flowerbedID, plantID, percentage, planterID) VALUES (184, 2170, 1, 121);
INSERT INTO PlantedIn (flowerbedID, plantID, percentage, planterID) VALUES (263, 3508, 4, 6);
INSERT INTO PlantedIn (flowerbedID, plantID, percentage, planterID) VALUES (86, 1316, 2, 49);
INSERT INTO PlantedIn (flowerbedID, plantID, percentage, planterID) VALUES (187, 2349, 3, 141);
INSERT INTO PlantedIn (flowerbedID, plantID, percentage, planterID) VALUES (288, 535, 3, 94);
INSERT INTO PlantedIn (flowerbedID, plantID, percentage, planterID) VALUES (143, 2875, 2, 61);
INSERT INTO PlantedIn (flowerbedID, plantID, percentage, planterID) VALUES (127, 2516, 2, 10);
INSERT INTO PlantedIn (flowerbedID, plantID, percentage, planterID) VALUES (116, 2591, 2, 78);
INSERT INTO PlantedIn (flowerbedID, plantID, percentage, planterID) VALUES (173, 1864, 4, 36);
INSERT INTO PlantedIn (flowerbedID, plantID, percentage, planterID) VALUES (246, 1886, 2, 54);
INSERT INTO PlantedIn (flowerbedID, plantID, percentage, planterID) VALUES (29, 491, 1, 27);
INSERT INTO PlantedIn (flowerbedID, plantID, percentage, planterID) VALUES (80, 2715, 3, 135);
INSERT INTO PlantedIn (flowerbedID, plantID, percentage, planterID) VALUES (134, 518, 4, 15);
INSERT INTO PlantedIn (flowerbedID, plantID, percentage, planterID) VALUES (235, 534, 2, 53);
INSERT INTO PlantedIn (flowerbedID, plantID, percentage, planterID) VALUES (288, 1060, 2, 143);
INSERT INTO PlantedIn (flowerbedID, plantID, percentage, planterID) VALUES (283, 1077, 3, 106);
INSERT INTO PlantedIn (flowerbedID, plantID, percentage, planterID) VALUES (228, 3160, 3, 67);
INSERT INTO PlantedIn (flowerbedID, plantID, percentage, planterID) VALUES (92, 2699, 2, 5);
INSERT INTO PlantedIn (flowerbedID, plantID, percentage, planterID) VALUES (247, 716, 1, 79);
INSERT INTO PlantedIn (flowerbedID, plantID, percentage, planterID) VALUES (266, 922, 2, 143);
INSERT INTO PlantedIn (flowerbedID, plantID, percentage, planterID) VALUES (112, 3536, 1, 35);
INSERT INTO PlantedIn (flowerbedID, plantID, percentage, planterID) VALUES (16, 1967, 1, 113);
INSERT INTO PlantedIn (flowerbedID, plantID, percentage, planterID) VALUES (235, 1878, 3, 63);
INSERT INTO PlantedIn (flowerbedID, plantID, percentage, planterID) VALUES (229, 3771, 3, 44);
INSERT INTO PlantedIn (flowerbedID, plantID, percentage, planterID) VALUES (238, 2461, 1, 19);
INSERT INTO PlantedIn (flowerbedID, plantID, percentage, planterID) VALUES (101, 532, 1, 86);
INSERT INTO PlantedIn (flowerbedID, plantID, percentage, planterID) VALUES (97, 3705, 1, 44);
INSERT INTO PlantedIn (flowerbedID, plantID, percentage, planterID) VALUES (59, 313, 3, 94);
INSERT INTO PlantedIn (flowerbedID, plantID, percentage, planterID) VALUES (298, 2886, 1, 125);
INSERT INTO PlantedIn (flowerbedID, plantID, percentage, planterID) VALUES (77, 1478, 1, 11);
INSERT INTO PlantedIn (flowerbedID, plantID, percentage, planterID) VALUES (260, 1647, 3, 132);
INSERT INTO PlantedIn (flowerbedID, plantID, percentage, planterID) VALUES (121, 63, 1, 28);
INSERT INTO PlantedIn (flowerbedID, plantID, percentage, planterID) VALUES (196, 1030, 4, 51);
INSERT INTO PlantedIn (flowerbedID, plantID, percentage, planterID) VALUES (121, 3063, 3, 26);
INSERT INTO PlantedIn (flowerbedID, plantID, percentage, planterID) VALUES (225, 1540, 4, 162);
INSERT INTO PlantedIn (flowerbedID, plantID, percentage, planterID) VALUES (144, 1853, 2, 89);
INSERT INTO PlantedIn (flowerbedID, plantID, percentage, planterID) VALUES (68, 936, 2, 90);
INSERT INTO PlantedIn (flowerbedID, plantID, percentage, planterID) VALUES (187, 2264, 2, 90);
INSERT INTO PlantedIn (flowerbedID, plantID, percentage, planterID) VALUES (4, 1104, 2, 22);
INSERT INTO PlantedIn (flowerbedID, plantID, percentage, planterID) VALUES (91, 1093, 4, 105);
INSERT INTO PlantedIn (flowerbedID, plantID, percentage, planterID) VALUES (208, 351, 2, 117);
INSERT INTO PlantedIn (flowerbedID, plantID, percentage, planterID) VALUES (147, 2380, 4, 68);
INSERT INTO PlantedIn (flowerbedID, plantID, percentage, planterID) VALUES (29, 3512, 2, 77);
INSERT INTO PlantedIn (flowerbedID, plantID, percentage, planterID) VALUES (46, 3730, 4, 138);
INSERT INTO PlantedIn (flowerbedID, plantID, percentage, planterID) VALUES (165, 1243, 3, 46);
INSERT INTO PlantedIn (flowerbedID, plantID, percentage, planterID) VALUES (202, 2258, 1, 149);
INSERT INTO PlantedIn (flowerbedID, plantID, percentage, planterID) VALUES (146, 3117, 1, 31);
INSERT INTO PlantedIn (flowerbedID, plantID, percentage, planterID) VALUES (269, 3311, 2, 108);
INSERT INTO PlantedIn (flowerbedID, plantID, percentage, planterID) VALUES (142, 61, 3, 61);
INSERT INTO PlantedIn (flowerbedID, plantID, percentage, planterID) VALUES (277, 3079, 1, 153);
INSERT INTO PlantedIn (flowerbedID, plantID, percentage, planterID) VALUES (228, 2669, 2, 147);
INSERT INTO PlantedIn (flowerbedID, plantID, percentage, planterID) VALUES (4, 452, 3, 151);
INSERT INTO PlantedIn (flowerbedID, plantID, percentage, planterID) VALUES (153, 3289, 1, 91);
INSERT INTO PlantedIn (flowerbedID, plantID, percentage, planterID) VALUES (131, 1515, 4, 71);
INSERT INTO PlantedIn (flowerbedID, plantID, percentage, planterID) VALUES (60, 2264, 1, 18);
INSERT INTO PlantedIn (flowerbedID, plantID, percentage, planterID) VALUES (133, 2794, 4, 83);
INSERT INTO PlantedIn (flowerbedID, plantID, percentage, planterID) VALUES (221, 3230, 3, 83);
INSERT INTO PlantedIn (flowerbedID, plantID, percentage, planterID) VALUES (189, 1433, 2, 127);
INSERT INTO PlantedIn (flowerbedID, plantID, percentage, planterID) VALUES (19, 2269, 1, 122);
INSERT INTO PlantedIn (flowerbedID, plantID, percentage, planterID) VALUES (211, 2245, 1, 120);
INSERT INTO PlantedIn (flowerbedID, plantID, percentage, planterID) VALUES (129, 854, 4, 69);
INSERT INTO PlantedIn (flowerbedID, plantID, percentage, planterID) VALUES (184, 3116, 4, 136);
INSERT INTO PlantedIn (flowerbedID, plantID, percentage, planterID) VALUES (118, 3424, 4, 156);
INSERT INTO PlantedIn (flowerbedID, plantID, percentage, planterID) VALUES (182, 1501, 2, 129);
INSERT INTO PlantedIn (flowerbedID, plantID, percentage, planterID) VALUES (67, 894, 4, 2);
INSERT INTO PlantedIn (flowerbedID, plantID, percentage, planterID) VALUES (180, 2888, 3, 43);
INSERT INTO PlantedIn (flowerbedID, plantID, percentage, planterID) VALUES (100, 3692, 1, 127);
INSERT INTO PlantedIn (flowerbedID, plantID, percentage, planterID) VALUES (161, 1657, 4, 44);
INSERT INTO PlantedIn (flowerbedID, plantID, percentage, planterID) VALUES (195, 2506, 2, 144);
INSERT INTO PlantedIn (flowerbedID, plantID, percentage, planterID) VALUES (136, 2396, 4, 13);
INSERT INTO PlantedIn (flowerbedID, plantID, percentage, planterID) VALUES (152, 3788, 1, 118);
INSERT INTO PlantedIn (flowerbedID, plantID, percentage, planterID) VALUES (111, 1661, 3, 80);
INSERT INTO PlantedIn (flowerbedID, plantID, percentage, planterID) VALUES (198, 1821, 2, 78);
INSERT INTO PlantedIn (flowerbedID, plantID, percentage, planterID) VALUES (66, 2695, 3, 160);
INSERT INTO PlantedIn (flowerbedID, plantID, percentage, planterID) VALUES (195, 2556, 1, 102);
INSERT INTO PlantedIn (flowerbedID, plantID, percentage, planterID) VALUES (27, 3250, 3, 27);
INSERT INTO PlantedIn (flowerbedID, plantID, percentage, planterID) VALUES (147, 3820, 4, 1);
INSERT INTO PlantedIn (flowerbedID, plantID, percentage, planterID) VALUES (182, 290, 1, 136);
INSERT INTO PlantedIn (flowerbedID, plantID, percentage, planterID) VALUES (17, 1819, 2, 40);
INSERT INTO PlantedIn (flowerbedID, plantID, percentage, planterID) VALUES (270, 2665, 3, 3);
INSERT INTO PlantedIn (flowerbedID, plantID, percentage, planterID) VALUES (48, 1790, 2, 142);
INSERT INTO PlantedIn (flowerbedID, plantID, percentage, planterID) VALUES (48, 2892, 4, 161);
INSERT INTO PlantedIn (flowerbedID, plantID, percentage, planterID) VALUES (109, 599, 4, 42);
INSERT INTO PlantedIn (flowerbedID, plantID, percentage, planterID) VALUES (43, 930, 4, 137);
INSERT INTO PlantedIn (flowerbedID, plantID, percentage, planterID) VALUES (95, 2258, 2, 149);
INSERT INTO PlantedIn (flowerbedID, plantID, percentage, planterID) VALUES (17, 360, 4, 137);
INSERT INTO PlantedIn (flowerbedID, plantID, percentage, planterID) VALUES (234, 3126, 4, 89);
INSERT INTO PlantedIn (flowerbedID, plantID, percentage, planterID) VALUES (82, 1307, 2, 56);
INSERT INTO PlantedIn (flowerbedID, plantID, percentage, planterID) VALUES (26, 977, 2, 42);
INSERT INTO PlantedIn (flowerbedID, plantID, percentage, planterID) VALUES (142, 3014, 4, 51);
INSERT INTO PlantedIn (flowerbedID, plantID, percentage, planterID) VALUES (109, 611, 2, 28);
INSERT INTO PlantedIn (flowerbedID, plantID, percentage, planterID) VALUES (76, 3685, 1, 65);
INSERT INTO PlantedIn (flowerbedID, plantID, percentage, planterID) VALUES (68, 1153, 2, 80);
INSERT INTO PlantedIn (flowerbedID, plantID, percentage, planterID) VALUES (165, 2739, 2, 140);
INSERT INTO PlantedIn (flowerbedID, plantID, percentage, planterID) VALUES (285, 3105, 2, 79);
INSERT INTO PlantedIn (flowerbedID, plantID, percentage, planterID) VALUES (12, 1718, 3, 154);
INSERT INTO PlantedIn (flowerbedID, plantID, percentage, planterID) VALUES (67, 716, 3, 52);
INSERT INTO PlantedIn (flowerbedID, plantID, percentage, planterID) VALUES (103, 1780, 3, 2);
INSERT INTO PlantedIn (flowerbedID, plantID, percentage, planterID) VALUES (124, 1464, 1, 108);
INSERT INTO PlantedIn (flowerbedID, plantID, percentage, planterID) VALUES (80, 2335, 2, 36);
INSERT INTO PlantedIn (flowerbedID, plantID, percentage, planterID) VALUES (270, 2605, 2, 139);
INSERT INTO PlantedIn (flowerbedID, plantID, percentage, planterID) VALUES (115, 2373, 2, 134);
INSERT INTO PlantedIn (flowerbedID, plantID, percentage, planterID) VALUES (125, 913, 2, 118);
INSERT INTO PlantedIn (flowerbedID, plantID, percentage, planterID) VALUES (229, 1027, 1, 85);
INSERT INTO PlantedIn (flowerbedID, plantID, percentage, planterID) VALUES (218, 1925, 1, 121);
INSERT INTO PlantedIn (flowerbedID, plantID, percentage, planterID) VALUES (263, 1264, 1, 55);
INSERT INTO PlantedIn (flowerbedID, plantID, percentage, planterID) VALUES (279, 2028, 4, 110);
INSERT INTO PlantedIn (flowerbedID, plantID, percentage, planterID) VALUES (60, 1710, 3, 50);
INSERT INTO PlantedIn (flowerbedID, plantID, percentage, planterID) VALUES (17, 247, 2, 158);
INSERT INTO PlantedIn (flowerbedID, plantID, percentage, planterID) VALUES (90, 2324, 4, 160);
INSERT INTO PlantedIn (flowerbedID, plantID, percentage, planterID) VALUES (54, 3447, 4, 153);
INSERT INTO PlantedIn (flowerbedID, plantID, percentage, planterID) VALUES (48, 1458, 4, 9);
INSERT INTO PlantedIn (flowerbedID, plantID, percentage, planterID) VALUES (262, 2885, 4, 4);
INSERT INTO PlantedIn (flowerbedID, plantID, percentage, planterID) VALUES (22, 1309, 1, 155);
INSERT INTO PlantedIn (flowerbedID, plantID, percentage, planterID) VALUES (259, 2057, 1, 145);
INSERT INTO PlantedIn (flowerbedID, plantID, percentage, planterID) VALUES (292, 481, 1, 111);
INSERT INTO PlantedIn (flowerbedID, plantID, percentage, planterID) VALUES (57, 2160, 2, 87);
INSERT INTO PlantedIn (flowerbedID, plantID, percentage, planterID) VALUES (48, 1663, 2, 81);
INSERT INTO PlantedIn (flowerbedID, plantID, percentage, planterID) VALUES (97, 1369, 2, 49);
INSERT INTO PlantedIn (flowerbedID, plantID, percentage, planterID) VALUES (219, 1262, 3, 63);
INSERT INTO PlantedIn (flowerbedID, plantID, percentage, planterID) VALUES (22, 1490, 1, 62);
INSERT INTO PlantedIn (flowerbedID, plantID, percentage, planterID) VALUES (217, 982, 3, 26);
INSERT INTO PlantedIn (flowerbedID, plantID, percentage, planterID) VALUES (236, 3818, 4, 112);
INSERT INTO PlantedIn (flowerbedID, plantID, percentage, planterID) VALUES (34, 1129, 2, 137);
INSERT INTO PlantedIn (flowerbedID, plantID, percentage, planterID) VALUES (255, 1138, 1, 136);
INSERT INTO PlantedIn (flowerbedID, plantID, percentage, planterID) VALUES (217, 995, 1, 61);
INSERT INTO PlantedIn (flowerbedID, plantID, percentage, planterID) VALUES (183, 2430, 2, 91);
INSERT INTO PlantedIn (flowerbedID, plantID, percentage, planterID) VALUES (82, 1188, 4, 30);
INSERT INTO PlantedIn (flowerbedID, plantID, percentage, planterID) VALUES (168, 1252, 2, 101);
INSERT INTO PlantedIn (flowerbedID, plantID, percentage, planterID) VALUES (94, 904, 2, 19);
INSERT INTO PlantedIn (flowerbedID, plantID, percentage, planterID) VALUES (158, 3473, 2, 125);
INSERT INTO PlantedIn (flowerbedID, plantID, percentage, planterID) VALUES (58, 1981, 4, 67);
INSERT INTO PlantedIn (flowerbedID, plantID, percentage, planterID) VALUES (109, 1887, 2, 125);
INSERT INTO PlantedIn (flowerbedID, plantID, percentage, planterID) VALUES (113, 2600, 3, 60);
INSERT INTO PlantedIn (flowerbedID, plantID, percentage, planterID) VALUES (294, 2015, 3, 112);
INSERT INTO PlantedIn (flowerbedID, plantID, percentage, planterID) VALUES (253, 890, 1, 153);
INSERT INTO PlantedIn (flowerbedID, plantID, percentage, planterID) VALUES (139, 3850, 4, 100);
INSERT INTO PlantedIn (flowerbedID, plantID, percentage, planterID) VALUES (268, 1177, 1, 63);
INSERT INTO PlantedIn (flowerbedID, plantID, percentage, planterID) VALUES (245, 2909, 3, 1);
INSERT INTO PlantedIn (flowerbedID, plantID, percentage, planterID) VALUES (137, 2673, 4, 30);
INSERT INTO PlantedIn (flowerbedID, plantID, percentage, planterID) VALUES (109, 2010, 2, 83);
INSERT INTO PlantedIn (flowerbedID, plantID, percentage, planterID) VALUES (13, 482, 4, 153);
INSERT INTO PlantedIn (flowerbedID, plantID, percentage, planterID) VALUES (107, 2991, 4, 8);
INSERT INTO PlantedIn (flowerbedID, plantID, percentage, planterID) VALUES (231, 2411, 3, 139);
INSERT INTO PlantedIn (flowerbedID, plantID, percentage, planterID) VALUES (278, 672, 3, 130);
INSERT INTO PlantedIn (flowerbedID, plantID, percentage, planterID) VALUES (277, 2918, 2, 58);
INSERT INTO PlantedIn (flowerbedID, plantID, percentage, planterID) VALUES (216, 1158, 1, 46);
INSERT INTO PlantedIn (flowerbedID, plantID, percentage, planterID) VALUES (297, 1700, 2, 2);
INSERT INTO PlantedIn (flowerbedID, plantID, percentage, planterID) VALUES (287, 1878, 1, 121);
INSERT INTO PlantedIn (flowerbedID, plantID, percentage, planterID) VALUES (183, 2260, 4, 153);
INSERT INTO PlantedIn (flowerbedID, plantID, percentage, planterID) VALUES (108, 3595, 1, 135);
INSERT INTO PlantedIn (flowerbedID, plantID, percentage, planterID) VALUES (166, 2285, 2, 137);
INSERT INTO PlantedIn (flowerbedID, plantID, percentage, planterID) VALUES (229, 2101, 3, 39);
INSERT INTO PlantedIn (flowerbedID, plantID, percentage, planterID) VALUES (90, 2158, 1, 19);
INSERT INTO PlantedIn (flowerbedID, plantID, percentage, planterID) VALUES (257, 1441, 4, 34);
INSERT INTO PlantedIn (flowerbedID, plantID, percentage, planterID) VALUES (243, 785, 4, 35);
INSERT INTO PlantedIn (flowerbedID, plantID, percentage, planterID) VALUES (206, 3488, 2, 133);
INSERT INTO PlantedIn (flowerbedID, plantID, percentage, planterID) VALUES (146, 2550, 4, 46);
INSERT INTO PlantedIn (flowerbedID, plantID, percentage, planterID) VALUES (191, 2961, 2, 108);
INSERT INTO PlantedIn (flowerbedID, plantID, percentage, planterID) VALUES (93, 3291, 3, 17);
INSERT INTO PlantedIn (flowerbedID, plantID, percentage, planterID) VALUES (123, 768, 2, 108);
INSERT INTO PlantedIn (flowerbedID, plantID, percentage, planterID) VALUES (171, 3183, 2, 20);
INSERT INTO PlantedIn (flowerbedID, plantID, percentage, planterID) VALUES (8, 1231, 3, 27);
INSERT INTO PlantedIn (flowerbedID, plantID, percentage, planterID) VALUES (67, 3590, 3, 3);
INSERT INTO PlantedIn (flowerbedID, plantID, percentage, planterID) VALUES (176, 1072, 1, 96);
INSERT INTO PlantedIn (flowerbedID, plantID, percentage, planterID) VALUES (97, 2037, 4, 56);
INSERT INTO PlantedIn (flowerbedID, plantID, percentage, planterID) VALUES (88, 3658, 3, 63);
INSERT INTO PlantedIn (flowerbedID, plantID, percentage, planterID) VALUES (239, 1767, 1, 37);
INSERT INTO PlantedIn (flowerbedID, plantID, percentage, planterID) VALUES (196, 3237, 1, 82);
INSERT INTO PlantedIn (flowerbedID, plantID, percentage, planterID) VALUES (198, 2278, 3, 106);
INSERT INTO PlantedIn (flowerbedID, plantID, percentage, planterID) VALUES (272, 2962, 1, 70);
INSERT INTO PlantedIn (flowerbedID, plantID, percentage, planterID) VALUES (208, 1608, 2, 144);
INSERT INTO PlantedIn (flowerbedID, plantID, percentage, planterID) VALUES (208, 1507, 1, 80);
INSERT INTO PlantedIn (flowerbedID, plantID, percentage, planterID) VALUES (219, 1325, 3, 140);
INSERT INTO PlantedIn (flowerbedID, plantID, percentage, planterID) VALUES (240, 86, 2, 127);
INSERT INTO PlantedIn (flowerbedID, plantID, percentage, planterID) VALUES (257, 804, 3, 118);
INSERT INTO PlantedIn (flowerbedID, plantID, percentage, planterID) VALUES (239, 1131, 3, 36);
INSERT INTO PlantedIn (flowerbedID, plantID, percentage, planterID) VALUES (18, 2356, 4, 144);
INSERT INTO PlantedIn (flowerbedID, plantID, percentage, planterID) VALUES (8, 2591, 3, 7);
INSERT INTO PlantedIn (flowerbedID, plantID, percentage, planterID) VALUES (18, 1927, 4, 127);
INSERT INTO PlantedIn (flowerbedID, plantID, percentage, planterID) VALUES (17, 3860, 4, 93);
INSERT INTO PlantedIn (flowerbedID, plantID, percentage, planterID) VALUES (7, 1048, 4, 54);
INSERT INTO PlantedIn (flowerbedID, plantID, percentage, planterID) VALUES (144, 3840, 2, 69);
INSERT INTO PlantedIn (flowerbedID, plantID, percentage, planterID) VALUES (65, 3152, 1, 17);
INSERT INTO PlantedIn (flowerbedID, plantID, percentage, planterID) VALUES (190, 2690, 4, 90);
INSERT INTO PlantedIn (flowerbedID, plantID, percentage, planterID) VALUES (123, 2740, 2, 160);
INSERT INTO PlantedIn (flowerbedID, plantID, percentage, planterID) VALUES (212, 1788, 3, 56);
INSERT INTO PlantedIn (flowerbedID, plantID, percentage, planterID) VALUES (220, 2455, 1, 105);
INSERT INTO PlantedIn (flowerbedID, plantID, percentage, planterID) VALUES (188, 33, 4, 85);
INSERT INTO PlantedIn (flowerbedID, plantID, percentage, planterID) VALUES (185, 1820, 4, 45);
INSERT INTO PlantedIn (flowerbedID, plantID, percentage, planterID) VALUES (86, 1380, 4, 13);
INSERT INTO PlantedIn (flowerbedID, plantID, percentage, planterID) VALUES (148, 139, 1, 55);
INSERT INTO PlantedIn (flowerbedID, plantID, percentage, planterID) VALUES (219, 3247, 1, 7);
INSERT INTO PlantedIn (flowerbedID, plantID, percentage, planterID) VALUES (165, 3734, 2, 105);
INSERT INTO PlantedIn (flowerbedID, plantID, percentage, planterID) VALUES (170, 2289, 1, 65);
INSERT INTO PlantedIn (flowerbedID, plantID, percentage, planterID) VALUES (180, 3339, 1, 19);
INSERT INTO PlantedIn (flowerbedID, plantID, percentage, planterID) VALUES (101, 1425, 3, 9);
INSERT INTO PlantedIn (flowerbedID, plantID, percentage, planterID) VALUES (217, 485, 1, 68);
INSERT INTO PlantedIn (flowerbedID, plantID, percentage, planterID) VALUES (49, 2744, 4, 60);
INSERT INTO PlantedIn (flowerbedID, plantID, percentage, planterID) VALUES (165, 1486, 1, 6);
INSERT INTO PlantedIn (flowerbedID, plantID, percentage, planterID) VALUES (105, 2487, 4, 62);
INSERT INTO PlantedIn (flowerbedID, plantID, percentage, planterID) VALUES (173, 1310, 1, 162);
INSERT INTO PlantedIn (flowerbedID, plantID, percentage, planterID) VALUES (279, 1219, 3, 59);
INSERT INTO PlantedIn (flowerbedID, plantID, percentage, planterID) VALUES (54, 1731, 3, 129);
INSERT INTO PlantedIn (flowerbedID, plantID, percentage, planterID) VALUES (245, 3085, 3, 24);
INSERT INTO PlantedIn (flowerbedID, plantID, percentage, planterID) VALUES (277, 2036, 1, 131);
INSERT INTO PlantedIn (flowerbedID, plantID, percentage, planterID) VALUES (146, 47, 4, 153);
INSERT INTO PlantedIn (flowerbedID, plantID, percentage, planterID) VALUES (196, 927, 1, 107);
INSERT INTO PlantedIn (flowerbedID, plantID, percentage, planterID) VALUES (173, 2155, 3, 65);
INSERT INTO PlantedIn (flowerbedID, plantID, percentage, planterID) VALUES (261, 2751, 1, 8);
INSERT INTO PlantedIn (flowerbedID, plantID, percentage, planterID) VALUES (48, 3049, 4, 98);
INSERT INTO PlantedIn (flowerbedID, plantID, percentage, planterID) VALUES (176, 2706, 3, 90);
INSERT INTO PlantedIn (flowerbedID, plantID, percentage, planterID) VALUES (68, 1076, 2, 103);
INSERT INTO PlantedIn (flowerbedID, plantID, percentage, planterID) VALUES (115, 2209, 4, 43);
INSERT INTO PlantedIn (flowerbedID, plantID, percentage, planterID) VALUES (175, 521, 1, 122);
INSERT INTO PlantedIn (flowerbedID, plantID, percentage, planterID) VALUES (112, 1259, 4, 81);
INSERT INTO PlantedIn (flowerbedID, plantID, percentage, planterID) VALUES (265, 3260, 4, 80);
INSERT INTO PlantedIn (flowerbedID, plantID, percentage, planterID) VALUES (166, 1944, 3, 139);
INSERT INTO PlantedIn (flowerbedID, plantID, percentage, planterID) VALUES (88, 1445, 4, 119);
INSERT INTO PlantedIn (flowerbedID, plantID, percentage, planterID) VALUES (23, 806, 2, 67);
INSERT INTO PlantedIn (flowerbedID, plantID, percentage, planterID) VALUES (146, 3799, 4, 132);
INSERT INTO PlantedIn (flowerbedID, plantID, percentage, planterID) VALUES (166, 50, 1, 128);
INSERT INTO PlantedIn (flowerbedID, plantID, percentage, planterID) VALUES (45, 1731, 3, 65);
INSERT INTO PlantedIn (flowerbedID, plantID, percentage, planterID) VALUES (232, 3271, 3, 82);
INSERT INTO PlantedIn (flowerbedID, plantID, percentage, planterID) VALUES (207, 3620, 1, 71);
INSERT INTO PlantedIn (flowerbedID, plantID, percentage, planterID) VALUES (178, 2507, 3, 105);
INSERT INTO PlantedIn (flowerbedID, plantID, percentage, planterID) VALUES (294, 2826, 3, 37);
INSERT INTO PlantedIn (flowerbedID, plantID, percentage, planterID) VALUES (223, 3680, 4, 116);
INSERT INTO PlantedIn (flowerbedID, plantID, percentage, planterID) VALUES (120, 192, 1, 72);
INSERT INTO PlantedIn (flowerbedID, plantID, percentage, planterID) VALUES (268, 3430, 3, 143);
INSERT INTO PlantedIn (flowerbedID, plantID, percentage, planterID) VALUES (247, 936, 2, 143);
INSERT INTO PlantedIn (flowerbedID, plantID, percentage, planterID) VALUES (131, 2336, 2, 125);
INSERT INTO PlantedIn (flowerbedID, plantID, percentage, planterID) VALUES (181, 2676, 3, 110);
INSERT INTO PlantedIn (flowerbedID, plantID, percentage, planterID) VALUES (127, 3286, 1, 21);
INSERT INTO PlantedIn (flowerbedID, plantID, percentage, planterID) VALUES (240, 3063, 1, 11);
INSERT INTO PlantedIn (flowerbedID, plantID, percentage, planterID) VALUES (252, 1821, 3, 65);
INSERT INTO PlantedIn (flowerbedID, plantID, percentage, planterID) VALUES (108, 792, 1, 56);
INSERT INTO PlantedIn (flowerbedID, plantID, percentage, planterID) VALUES (134, 588, 4, 77);
INSERT INTO PlantedIn (flowerbedID, plantID, percentage, planterID) VALUES (14, 2668, 3, 116);
INSERT INTO PlantedIn (flowerbedID, plantID, percentage, planterID) VALUES (115, 1187, 4, 40);
INSERT INTO PlantedIn (flowerbedID, plantID, percentage, planterID) VALUES (43, 120, 4, 28);
INSERT INTO PlantedIn (flowerbedID, plantID, percentage, planterID) VALUES (151, 2073, 4, 125);
INSERT INTO PlantedIn (flowerbedID, plantID, percentage, planterID) VALUES (222, 169, 1, 8);
INSERT INTO PlantedIn (flowerbedID, plantID, percentage, planterID) VALUES (59, 1886, 1, 17);
INSERT INTO PlantedIn (flowerbedID, plantID, percentage, planterID) VALUES (278, 242, 4, 89);
INSERT INTO PlantedIn (flowerbedID, plantID, percentage, planterID) VALUES (226, 702, 1, 107);
INSERT INTO PlantedIn (flowerbedID, plantID, percentage, planterID) VALUES (147, 3279, 3, 162);
INSERT INTO PlantedIn (flowerbedID, plantID, percentage, planterID) VALUES (60, 3529, 2, 105);
INSERT INTO PlantedIn (flowerbedID, plantID, percentage, planterID) VALUES (283, 2961, 2, 56);
INSERT INTO PlantedIn (flowerbedID, plantID, percentage, planterID) VALUES (91, 171, 1, 53);
INSERT INTO PlantedIn (flowerbedID, plantID, percentage, planterID) VALUES (27, 1349, 2, 40);
INSERT INTO PlantedIn (flowerbedID, plantID, percentage, planterID) VALUES (251, 1267, 4, 73);
INSERT INTO PlantedIn (flowerbedID, plantID, percentage, planterID) VALUES (117, 3596, 1, 127);
INSERT INTO PlantedIn (flowerbedID, plantID, percentage, planterID) VALUES (34, 1366, 3, 48);
INSERT INTO PlantedIn (flowerbedID, plantID, percentage, planterID) VALUES (61, 843, 2, 43);
INSERT INTO PlantedIn (flowerbedID, plantID, percentage, planterID) VALUES (40, 3290, 1, 128);
INSERT INTO PlantedIn (flowerbedID, plantID, percentage, planterID) VALUES (185, 242, 4, 90);
INSERT INTO PlantedIn (flowerbedID, plantID, percentage, planterID) VALUES (53, 747, 1, 83);
INSERT INTO PlantedIn (flowerbedID, plantID, percentage, planterID) VALUES (156, 3465, 4, 134);
INSERT INTO PlantedIn (flowerbedID, plantID, percentage, planterID) VALUES (248, 1979, 4, 10);
INSERT INTO PlantedIn (flowerbedID, plantID, percentage, planterID) VALUES (259, 1281, 1, 93);
INSERT INTO PlantedIn (flowerbedID, plantID, percentage, planterID) VALUES (165, 3034, 3, 81);
INSERT INTO PlantedIn (flowerbedID, plantID, percentage, planterID) VALUES (191, 797, 2, 130);
INSERT INTO PlantedIn (flowerbedID, plantID, percentage, planterID) VALUES (81, 1067, 2, 30);
INSERT INTO PlantedIn (flowerbedID, plantID, percentage, planterID) VALUES (31, 520, 2, 99);
INSERT INTO PlantedIn (flowerbedID, plantID, percentage, planterID) VALUES (98, 184, 4, 51);
INSERT INTO PlantedIn (flowerbedID, plantID, percentage, planterID) VALUES (283, 263, 4, 131);
INSERT INTO PlantedIn (flowerbedID, plantID, percentage, planterID) VALUES (174, 3143, 2, 122);
INSERT INTO PlantedIn (flowerbedID, plantID, percentage, planterID) VALUES (44, 957, 3, 89);
INSERT INTO PlantedIn (flowerbedID, plantID, percentage, planterID) VALUES (10, 3786, 3, 65);
INSERT INTO PlantedIn (flowerbedID, plantID, percentage, planterID) VALUES (56, 501, 2, 159);
INSERT INTO PlantedIn (flowerbedID, plantID, percentage, planterID) VALUES (122, 359, 3, 143);
INSERT INTO PlantedIn (flowerbedID, plantID, percentage, planterID) VALUES (68, 1544, 3, 136);
INSERT INTO PlantedIn (flowerbedID, plantID, percentage, planterID) VALUES (134, 304, 2, 70);
INSERT INTO PlantedIn (flowerbedID, plantID, percentage, planterID) VALUES (44, 630, 3, 28);
INSERT INTO PlantedIn (flowerbedID, plantID, percentage, planterID) VALUES (292, 3363, 1, 30);
INSERT INTO PlantedIn (flowerbedID, plantID, percentage, planterID) VALUES (36, 2647, 1, 141);
INSERT INTO PlantedIn (flowerbedID, plantID, percentage, planterID) VALUES (199, 731, 4, 141);
INSERT INTO PlantedIn (flowerbedID, plantID, percentage, planterID) VALUES (96, 2855, 3, 53);
INSERT INTO PlantedIn (flowerbedID, plantID, percentage, planterID) VALUES (249, 517, 1, 40);
INSERT INTO PlantedIn (flowerbedID, plantID, percentage, planterID) VALUES (160, 73, 4, 106);
INSERT INTO PlantedIn (flowerbedID, plantID, percentage, planterID) VALUES (30, 68, 1, 64);
INSERT INTO PlantedIn (flowerbedID, plantID, percentage, planterID) VALUES (121, 552, 3, 48);
INSERT INTO PlantedIn (flowerbedID, plantID, percentage, planterID) VALUES (248, 354, 2, 116);
INSERT INTO PlantedIn (flowerbedID, plantID, percentage, planterID) VALUES (84, 1883, 3, 59);
INSERT INTO PlantedIn (flowerbedID, plantID, percentage, planterID) VALUES (68, 2495, 1, 56);
INSERT INTO PlantedIn (flowerbedID, plantID, percentage, planterID) VALUES (233, 2141, 2, 20);
INSERT INTO PlantedIn (flowerbedID, plantID, percentage, planterID) VALUES (172, 2823, 3, 51);
INSERT INTO PlantedIn (flowerbedID, plantID, percentage, planterID) VALUES (224, 2560, 4, 158);
INSERT INTO PlantedIn (flowerbedID, plantID, percentage, planterID) VALUES (59, 3418, 3, 15);
INSERT INTO PlantedIn (flowerbedID, plantID, percentage, planterID) VALUES (9, 1395, 4, 20);
INSERT INTO PlantedIn (flowerbedID, plantID, percentage, planterID) VALUES (136, 3034, 3, 60);
INSERT INTO PlantedIn (flowerbedID, plantID, percentage, planterID) VALUES (82, 2657, 2, 57);
INSERT INTO PlantedIn (flowerbedID, plantID, percentage, planterID) VALUES (100, 2526, 1, 96);
INSERT INTO PlantedIn (flowerbedID, plantID, percentage, planterID) VALUES (62, 2596, 4, 73);
INSERT INTO PlantedIn (flowerbedID, plantID, percentage, planterID) VALUES (121, 2764, 1, 78);
INSERT INTO PlantedIn (flowerbedID, plantID, percentage, planterID) VALUES (113, 1404, 3, 14);
INSERT INTO PlantedIn (flowerbedID, plantID, percentage, planterID) VALUES (74, 622, 2, 29);
INSERT INTO PlantedIn (flowerbedID, plantID, percentage, planterID) VALUES (156, 1095, 4, 23);
INSERT INTO PlantedIn (flowerbedID, plantID, percentage, planterID) VALUES (21, 1834, 2, 122);
INSERT INTO PlantedIn (flowerbedID, plantID, percentage, planterID) VALUES (49, 146, 2, 145);
INSERT INTO PlantedIn (flowerbedID, plantID, percentage, planterID) VALUES (207, 1521, 4, 105);
INSERT INTO PlantedIn (flowerbedID, plantID, percentage, planterID) VALUES (20, 112, 2, 117);
INSERT INTO PlantedIn (flowerbedID, plantID, percentage, planterID) VALUES (223, 491, 1, 106);
INSERT INTO PlantedIn (flowerbedID, plantID, percentage, planterID) VALUES (147, 2677, 3, 120);
INSERT INTO PlantedIn (flowerbedID, plantID, percentage, planterID) VALUES (256, 3327, 2, 2);
INSERT INTO PlantedIn (flowerbedID, plantID, percentage, planterID) VALUES (43, 542, 1, 60);
INSERT INTO PlantedIn (flowerbedID, plantID, percentage, planterID) VALUES (184, 213, 4, 95);
INSERT INTO PlantedIn (flowerbedID, plantID, percentage, planterID) VALUES (28, 1508, 4, 47);
INSERT INTO PlantedIn (flowerbedID, plantID, percentage, planterID) VALUES (235, 3386, 4, 118);
INSERT INTO PlantedIn (flowerbedID, plantID, percentage, planterID) VALUES (271, 1389, 3, 55);
INSERT INTO PlantedIn (flowerbedID, plantID, percentage, planterID) VALUES (146, 3597, 4, 133);
INSERT INTO PlantedIn (flowerbedID, plantID, percentage, planterID) VALUES (187, 1790, 2, 123);
INSERT INTO PlantedIn (flowerbedID, plantID, percentage, planterID) VALUES (97, 2804, 2, 147);
INSERT INTO PlantedIn (flowerbedID, plantID, percentage, planterID) VALUES (259, 774, 2, 117);
INSERT INTO PlantedIn (flowerbedID, plantID, percentage, planterID) VALUES (77, 894, 2, 45);
INSERT INTO PlantedIn (flowerbedID, plantID, percentage, planterID) VALUES (186, 2034, 2, 23);
INSERT INTO PlantedIn (flowerbedID, plantID, percentage, planterID) VALUES (121, 3144, 2, 44);
INSERT INTO PlantedIn (flowerbedID, plantID, percentage, planterID) VALUES (149, 2805, 1, 110);
INSERT INTO PlantedIn (flowerbedID, plantID, percentage, planterID) VALUES (57, 1350, 3, 103);
INSERT INTO PlantedIn (flowerbedID, plantID, percentage, planterID) VALUES (194, 2546, 4, 73);
INSERT INTO PlantedIn (flowerbedID, plantID, percentage, planterID) VALUES (267, 2612, 3, 44);
INSERT INTO PlantedIn (flowerbedID, plantID, percentage, planterID) VALUES (61, 1481, 3, 158);
INSERT INTO PlantedIn (flowerbedID, plantID, percentage, planterID) VALUES (59, 650, 2, 157);
INSERT INTO PlantedIn (flowerbedID, plantID, percentage, planterID) VALUES (220, 3349, 1, 5);
INSERT INTO PlantedIn (flowerbedID, plantID, percentage, planterID) VALUES (177, 2566, 4, 61);
INSERT INTO PlantedIn (flowerbedID, plantID, percentage, planterID) VALUES (4, 3677, 1, 51);
INSERT INTO PlantedIn (flowerbedID, plantID, percentage, planterID) VALUES (120, 1052, 1, 5);
INSERT INTO PlantedIn (flowerbedID, plantID, percentage, planterID) VALUES (37, 788, 2, 57);
INSERT INTO PlantedIn (flowerbedID, plantID, percentage, planterID) VALUES (176, 954, 4, 160);
INSERT INTO PlantedIn (flowerbedID, plantID, percentage, planterID) VALUES (125, 3243, 1, 27);
INSERT INTO PlantedIn (flowerbedID, plantID, percentage, planterID) VALUES (211, 701, 2, 66);
INSERT INTO PlantedIn (flowerbedID, plantID, percentage, planterID) VALUES (253, 2851, 4, 14);
INSERT INTO PlantedIn (flowerbedID, plantID, percentage, planterID) VALUES (193, 3758, 3, 24);
INSERT INTO PlantedIn (flowerbedID, plantID, percentage, planterID) VALUES (126, 346, 3, 68);
INSERT INTO PlantedIn (flowerbedID, plantID, percentage, planterID) VALUES (88, 2801, 4, 149);
INSERT INTO PlantedIn (flowerbedID, plantID, percentage, planterID) VALUES (291, 3070, 2, 115);
INSERT INTO PlantedIn (flowerbedID, plantID, percentage, planterID) VALUES (190, 3157, 2, 93);
INSERT INTO PlantedIn (flowerbedID, plantID, percentage, planterID) VALUES (299, 3554, 4, 110);
INSERT INTO PlantedIn (flowerbedID, plantID, percentage, planterID) VALUES (197, 2759, 2, 121);
INSERT INTO PlantedIn (flowerbedID, plantID, percentage, planterID) VALUES (26, 2496, 3, 75);
INSERT INTO PlantedIn (flowerbedID, plantID, percentage, planterID) VALUES (185, 2210, 1, 52);
INSERT INTO PlantedIn (flowerbedID, plantID, percentage, planterID) VALUES (198, 2675, 4, 100);
INSERT INTO PlantedIn (flowerbedID, plantID, percentage, planterID) VALUES (125, 1720, 2, 144);
INSERT INTO PlantedIn (flowerbedID, plantID, percentage, planterID) VALUES (72, 1929, 4, 134);
INSERT INTO PlantedIn (flowerbedID, plantID, percentage, planterID) VALUES (95, 1198, 2, 37);
INSERT INTO PlantedIn (flowerbedID, plantID, percentage, planterID) VALUES (69, 3275, 4, 27);
INSERT INTO PlantedIn (flowerbedID, plantID, percentage, planterID) VALUES (168, 3312, 3, 40);
INSERT INTO PlantedIn (flowerbedID, plantID, percentage, planterID) VALUES (151, 2576, 1, 64);
INSERT INTO PlantedIn (flowerbedID, plantID, percentage, planterID) VALUES (72, 2588, 4, 28);
INSERT INTO PlantedIn (flowerbedID, plantID, percentage, planterID) VALUES (109, 2848, 4, 147);
INSERT INTO PlantedIn (flowerbedID, plantID, percentage, planterID) VALUES (55, 2664, 2, 29);
INSERT INTO PlantedIn (flowerbedID, plantID, percentage, planterID) VALUES (57, 3629, 3, 51);
INSERT INTO PlantedIn (flowerbedID, plantID, percentage, planterID) VALUES (75, 1951, 2, 141);
INSERT INTO PlantedIn (flowerbedID, plantID, percentage, planterID) VALUES (106, 3763, 4, 63);
INSERT INTO PlantedIn (flowerbedID, plantID, percentage, planterID) VALUES (249, 2304, 2, 96);
INSERT INTO PlantedIn (flowerbedID, plantID, percentage, planterID) VALUES (79, 3586, 3, 79);
INSERT INTO PlantedIn (flowerbedID, plantID, percentage, planterID) VALUES (179, 2364, 4, 69);
INSERT INTO PlantedIn (flowerbedID, plantID, percentage, planterID) VALUES (105, 983, 3, 127);
INSERT INTO PlantedIn (flowerbedID, plantID, percentage, planterID) VALUES (252, 943, 1, 110);
INSERT INTO PlantedIn (flowerbedID, plantID, percentage, planterID) VALUES (224, 1749, 1, 98);
INSERT INTO PlantedIn (flowerbedID, plantID, percentage, planterID) VALUES (128, 3596, 2, 3);
INSERT INTO PlantedIn (flowerbedID, plantID, percentage, planterID) VALUES (158, 2203, 4, 102);
INSERT INTO PlantedIn (flowerbedID, plantID, percentage, planterID) VALUES (149, 166, 1, 50);
INSERT INTO PlantedIn (flowerbedID, plantID, percentage, planterID) VALUES (196, 2664, 1, 10);
INSERT INTO PlantedIn (flowerbedID, plantID, percentage, planterID) VALUES (283, 3051, 4, 92);
INSERT INTO PlantedIn (flowerbedID, plantID, percentage, planterID) VALUES (207, 1867, 3, 4);
INSERT INTO PlantedIn (flowerbedID, plantID, percentage, planterID) VALUES (218, 2527, 2, 107);
INSERT INTO PlantedIn (flowerbedID, plantID, percentage, planterID) VALUES (32, 718, 3, 99);
INSERT INTO PlantedIn (flowerbedID, plantID, percentage, planterID) VALUES (35, 2273, 3, 136);
INSERT INTO PlantedIn (flowerbedID, plantID, percentage, planterID) VALUES (48, 1460, 3, 75);
INSERT INTO PlantedIn (flowerbedID, plantID, percentage, planterID) VALUES (126, 2783, 1, 130);
INSERT INTO PlantedIn (flowerbedID, plantID, percentage, planterID) VALUES (123, 3107, 2, 14);
INSERT INTO PlantedIn (flowerbedID, plantID, percentage, planterID) VALUES (178, 2357, 2, 42);
INSERT INTO PlantedIn (flowerbedID, plantID, percentage, planterID) VALUES (28, 998, 4, 141);
INSERT INTO PlantedIn (flowerbedID, plantID, percentage, planterID) VALUES (273, 1677, 1, 51);
INSERT INTO PlantedIn (flowerbedID, plantID, percentage, planterID) VALUES (186, 3362, 3, 95);
INSERT INTO PlantedIn (flowerbedID, plantID, percentage, planterID) VALUES (137, 1310, 3, 65);
INSERT INTO PlantedIn (flowerbedID, plantID, percentage, planterID) VALUES (215, 3124, 1, 47);
INSERT INTO PlantedIn (flowerbedID, plantID, percentage, planterID) VALUES (158, 85, 4, 37);
INSERT INTO PlantedIn (flowerbedID, plantID, percentage, planterID) VALUES (247, 1117, 2, 50);
INSERT INTO PlantedIn (flowerbedID, plantID, percentage, planterID) VALUES (269, 2046, 4, 121);
INSERT INTO PlantedIn (flowerbedID, plantID, percentage, planterID) VALUES (236, 1997, 3, 140);
INSERT INTO PlantedIn (flowerbedID, plantID, percentage, planterID) VALUES (285, 405, 3, 124);
INSERT INTO PlantedIn (flowerbedID, plantID, percentage, planterID) VALUES (292, 1036, 2, 53);
INSERT INTO PlantedIn (flowerbedID, plantID, percentage, planterID) VALUES (182, 2638, 2, 9);
INSERT INTO PlantedIn (flowerbedID, plantID, percentage, planterID) VALUES (147, 1235, 1, 80);
INSERT INTO PlantedIn (flowerbedID, plantID, percentage, planterID) VALUES (288, 949, 4, 101);
INSERT INTO PlantedIn (flowerbedID, plantID, percentage, planterID) VALUES (232, 1112, 3, 147);
INSERT INTO PlantedIn (flowerbedID, plantID, percentage, planterID) VALUES (241, 2552, 4, 46);
INSERT INTO PlantedIn (flowerbedID, plantID, percentage, planterID) VALUES (229, 3786, 3, 56);
INSERT INTO PlantedIn (flowerbedID, plantID, percentage, planterID) VALUES (74, 2432, 4, 30);
INSERT INTO PlantedIn (flowerbedID, plantID, percentage, planterID) VALUES (94, 849, 4, 31);
INSERT INTO PlantedIn (flowerbedID, plantID, percentage, planterID) VALUES (162, 2464, 4, 142);
INSERT INTO PlantedIn (flowerbedID, plantID, percentage, planterID) VALUES (93, 3003, 2, 9);
INSERT INTO PlantedIn (flowerbedID, plantID, percentage, planterID) VALUES (7, 2444, 4, 23);
INSERT INTO PlantedIn (flowerbedID, plantID, percentage, planterID) VALUES (276, 3783, 3, 62);
INSERT INTO PlantedIn (flowerbedID, plantID, percentage, planterID) VALUES (192, 2403, 2, 83);
INSERT INTO PlantedIn (flowerbedID, plantID, percentage, planterID) VALUES (180, 3102, 4, 25);
INSERT INTO PlantedIn (flowerbedID, plantID, percentage, planterID) VALUES (130, 1216, 3, 121);
INSERT INTO PlantedIn (flowerbedID, plantID, percentage, planterID) VALUES (160, 3402, 1, 94);
INSERT INTO PlantedIn (flowerbedID, plantID, percentage, planterID) VALUES (43, 3864, 1, 17);
INSERT INTO PlantedIn (flowerbedID, plantID, percentage, planterID) VALUES (61, 1250, 4, 48);
INSERT INTO PlantedIn (flowerbedID, plantID, percentage, planterID) VALUES (283, 2914, 3, 43);
INSERT INTO PlantedIn (flowerbedID, plantID, percentage, planterID) VALUES (167, 1505, 4, 68);
INSERT INTO PlantedIn (flowerbedID, plantID, percentage, planterID) VALUES (211, 375, 1, 126);
INSERT INTO PlantedIn (flowerbedID, plantID, percentage, planterID) VALUES (293, 1071, 2, 54);
INSERT INTO PlantedIn (flowerbedID, plantID, percentage, planterID) VALUES (193, 1018, 4, 56);
INSERT INTO PlantedIn (flowerbedID, plantID, percentage, planterID) VALUES (193, 3547, 4, 77);
INSERT INTO PlantedIn (flowerbedID, plantID, percentage, planterID) VALUES (73, 2790, 1, 119);
INSERT INTO PlantedIn (flowerbedID, plantID, percentage, planterID) VALUES (143, 3615, 1, 126);
INSERT INTO PlantedIn (flowerbedID, plantID, percentage, planterID) VALUES (98, 487, 1, 4);
INSERT INTO PlantedIn (flowerbedID, plantID, percentage, planterID) VALUES (67, 2903, 1, 46);
INSERT INTO PlantedIn (flowerbedID, plantID, percentage, planterID) VALUES (9, 2228, 3, 120);
INSERT INTO PlantedIn (flowerbedID, plantID, percentage, planterID) VALUES (252, 59, 1, 79);
INSERT INTO PlantedIn (flowerbedID, plantID, percentage, planterID) VALUES (99, 1714, 3, 159);
INSERT INTO PlantedIn (flowerbedID, plantID, percentage, planterID) VALUES (50, 2359, 3, 131);
INSERT INTO PlantedIn (flowerbedID, plantID, percentage, planterID) VALUES (164, 1890, 4, 116);
INSERT INTO PlantedIn (flowerbedID, plantID, percentage, planterID) VALUES (184, 2675, 4, 155);
INSERT INTO PlantedIn (flowerbedID, plantID, percentage, planterID) VALUES (133, 635, 2, 7);
INSERT INTO PlantedIn (flowerbedID, plantID, percentage, planterID) VALUES (222, 2826, 3, 25);
INSERT INTO PlantedIn (flowerbedID, plantID, percentage, planterID) VALUES (224, 2326, 1, 118);
INSERT INTO PlantedIn (flowerbedID, plantID, percentage, planterID) VALUES (5, 2627, 2, 44);
INSERT INTO PlantedIn (flowerbedID, plantID, percentage, planterID) VALUES (37, 679, 2, 158);
INSERT INTO PlantedIn (flowerbedID, plantID, percentage, planterID) VALUES (235, 2606, 2, 160);
INSERT INTO PlantedIn (flowerbedID, plantID, percentage, planterID) VALUES (49, 2323, 4, 35);
INSERT INTO PlantedIn (flowerbedID, plantID, percentage, planterID) VALUES (88, 385, 3, 106);
INSERT INTO PlantedIn (flowerbedID, plantID, percentage, planterID) VALUES (79, 2521, 1, 36);
INSERT INTO PlantedIn (flowerbedID, plantID, percentage, planterID) VALUES (115, 1350, 1, 101);
INSERT INTO PlantedIn (flowerbedID, plantID, percentage, planterID) VALUES (285, 1032, 4, 54);
INSERT INTO PlantedIn (flowerbedID, plantID, percentage, planterID) VALUES (283, 2176, 1, 54);
INSERT INTO PlantedIn (flowerbedID, plantID, percentage, planterID) VALUES (221, 881, 3, 62);
INSERT INTO PlantedIn (flowerbedID, plantID, percentage, planterID) VALUES (270, 1105, 1, 148);
INSERT INTO PlantedIn (flowerbedID, plantID, percentage, planterID) VALUES (266, 218, 1, 145);
INSERT INTO PlantedIn (flowerbedID, plantID, percentage, planterID) VALUES (47, 1770, 2, 158);
INSERT INTO PlantedIn (flowerbedID, plantID, percentage, planterID) VALUES (141, 32, 2, 108);
INSERT INTO PlantedIn (flowerbedID, plantID, percentage, planterID) VALUES (83, 3600, 1, 67);
INSERT INTO PlantedIn (flowerbedID, plantID, percentage, planterID) VALUES (148, 2699, 1, 50);
INSERT INTO PlantedIn (flowerbedID, plantID, percentage, planterID) VALUES (277, 2504, 4, 131);
INSERT INTO PlantedIn (flowerbedID, plantID, percentage, planterID) VALUES (280, 2364, 4, 154);
INSERT INTO PlantedIn (flowerbedID, plantID, percentage, planterID) VALUES (58, 3537, 2, 42);
INSERT INTO PlantedIn (flowerbedID, plantID, percentage, planterID) VALUES (12, 2577, 3, 138);
INSERT INTO PlantedIn (flowerbedID, plantID, percentage, planterID) VALUES (202, 1621, 4, 160);
INSERT INTO PlantedIn (flowerbedID, plantID, percentage, planterID) VALUES (105, 1226, 4, 30);
INSERT INTO PlantedIn (flowerbedID, plantID, percentage, planterID) VALUES (5, 1783, 4, 14);
INSERT INTO PlantedIn (flowerbedID, plantID, percentage, planterID) VALUES (134, 2559, 1, 149);
INSERT INTO PlantedIn (flowerbedID, plantID, percentage, planterID) VALUES (119, 3331, 3, 162);
INSERT INTO PlantedIn (flowerbedID, plantID, percentage, planterID) VALUES (233, 693, 4, 154);
INSERT INTO PlantedIn (flowerbedID, plantID, percentage, planterID) VALUES (253, 2673, 3, 56);
INSERT INTO PlantedIn (flowerbedID, plantID, percentage, planterID) VALUES (34, 973, 2, 81);
INSERT INTO PlantedIn (flowerbedID, plantID, percentage, planterID) VALUES (171, 2477, 3, 53);
INSERT INTO PlantedIn (flowerbedID, plantID, percentage, planterID) VALUES (31, 1482, 1, 91);
INSERT INTO PlantedIn (flowerbedID, plantID, percentage, planterID) VALUES (65, 1136, 3, 44);
INSERT INTO PlantedIn (flowerbedID, plantID, percentage, planterID) VALUES (286, 445, 2, 134);
INSERT INTO PlantedIn (flowerbedID, plantID, percentage, planterID) VALUES (267, 3245, 3, 98);
INSERT INTO PlantedIn (flowerbedID, plantID, percentage, planterID) VALUES (159, 3436, 3, 45);
INSERT INTO PlantedIn (flowerbedID, plantID, percentage, planterID) VALUES (43, 2810, 3, 18);
INSERT INTO PlantedIn (flowerbedID, plantID, percentage, planterID) VALUES (110, 1582, 2, 51);
INSERT INTO PlantedIn (flowerbedID, plantID, percentage, planterID) VALUES (237, 3162, 1, 117);
INSERT INTO PlantedIn (flowerbedID, plantID, percentage, planterID) VALUES (34, 3607, 1, 116);
INSERT INTO PlantedIn (flowerbedID, plantID, percentage, planterID) VALUES (15, 1726, 1, 73);
INSERT INTO PlantedIn (flowerbedID, plantID, percentage, planterID) VALUES (48, 1414, 1, 134);
INSERT INTO PlantedIn (flowerbedID, plantID, percentage, planterID) VALUES (62, 1336, 3, 135);
INSERT INTO PlantedIn (flowerbedID, plantID, percentage, planterID) VALUES (71, 159, 2, 65);
INSERT INTO PlantedIn (flowerbedID, plantID, percentage, planterID) VALUES (230, 1859, 1, 15);
INSERT INTO PlantedIn (flowerbedID, plantID, percentage, planterID) VALUES (267, 1459, 3, 105);
INSERT INTO PlantedIn (flowerbedID, plantID, percentage, planterID) VALUES (59, 1103, 2, 120);
INSERT INTO PlantedIn (flowerbedID, plantID, percentage, planterID) VALUES (66, 1406, 2, 65);
INSERT INTO PlantedIn (flowerbedID, plantID, percentage, planterID) VALUES (243, 3074, 4, 51);
INSERT INTO PlantedIn (flowerbedID, plantID, percentage, planterID) VALUES (49, 268, 2, 3);
INSERT INTO PlantedIn (flowerbedID, plantID, percentage, planterID) VALUES (125, 3092, 3, 18);
INSERT INTO PlantedIn (flowerbedID, plantID, percentage, planterID) VALUES (252, 1856, 3, 5);
INSERT INTO PlantedIn (flowerbedID, plantID, percentage, planterID) VALUES (288, 420, 4, 129);
INSERT INTO PlantedIn (flowerbedID, plantID, percentage, planterID) VALUES (146, 1352, 3, 92);
INSERT INTO PlantedIn (flowerbedID, plantID, percentage, planterID) VALUES (177, 1402, 2, 21);
INSERT INTO PlantedIn (flowerbedID, plantID, percentage, planterID) VALUES (48, 1587, 2, 64);
INSERT INTO PlantedIn (flowerbedID, plantID, percentage, planterID) VALUES (144, 1479, 4, 118);
INSERT INTO PlantedIn (flowerbedID, plantID, percentage, planterID) VALUES (55, 3043, 1, 94);
INSERT INTO PlantedIn (flowerbedID, plantID, percentage, planterID) VALUES (80, 2195, 1, 109);
INSERT INTO PlantedIn (flowerbedID, plantID, percentage, planterID) VALUES (203, 1457, 1, 14);
INSERT INTO PlantedIn (flowerbedID, plantID, percentage, planterID) VALUES (218, 2370, 2, 146);
INSERT INTO PlantedIn (flowerbedID, plantID, percentage, planterID) VALUES (251, 3214, 2, 37);
INSERT INTO PlantedIn (flowerbedID, plantID, percentage, planterID) VALUES (59, 1290, 2, 143);
INSERT INTO PlantedIn (flowerbedID, plantID, percentage, planterID) VALUES (223, 753, 1, 116);
INSERT INTO PlantedIn (flowerbedID, plantID, percentage, planterID) VALUES (173, 1374, 4, 21);
INSERT INTO PlantedIn (flowerbedID, plantID, percentage, planterID) VALUES (43, 2558, 2, 135);
INSERT INTO PlantedIn (flowerbedID, plantID, percentage, planterID) VALUES (69, 1607, 4, 110);
INSERT INTO PlantedIn (flowerbedID, plantID, percentage, planterID) VALUES (237, 2777, 3, 12);
INSERT INTO PlantedIn (flowerbedID, plantID, percentage, planterID) VALUES (100, 3522, 1, 152);
INSERT INTO PlantedIn (flowerbedID, plantID, percentage, planterID) VALUES (223, 367, 4, 103);
INSERT INTO PlantedIn (flowerbedID, plantID, percentage, planterID) VALUES (129, 1646, 1, 50);
INSERT INTO PlantedIn (flowerbedID, plantID, percentage, planterID) VALUES (186, 3706, 1, 69);
INSERT INTO PlantedIn (flowerbedID, plantID, percentage, planterID) VALUES (53, 2862, 2, 150);
INSERT INTO PlantedIn (flowerbedID, plantID, percentage, planterID) VALUES (47, 1956, 4, 54);
INSERT INTO PlantedIn (flowerbedID, plantID, percentage, planterID) VALUES (68, 1465, 3, 81);
INSERT INTO PlantedIn (flowerbedID, plantID, percentage, planterID) VALUES (87, 1345, 1, 125);
INSERT INTO PlantedIn (flowerbedID, plantID, percentage, planterID) VALUES (225, 995, 2, 8);
INSERT INTO PlantedIn (flowerbedID, plantID, percentage, planterID) VALUES (65, 1699, 3, 98);
INSERT INTO PlantedIn (flowerbedID, plantID, percentage, planterID) VALUES (80, 3304, 2, 92);
INSERT INTO PlantedIn (flowerbedID, plantID, percentage, planterID) VALUES (108, 3270, 3, 64);
INSERT INTO PlantedIn (flowerbedID, plantID, percentage, planterID) VALUES (68, 3236, 3, 25);
INSERT INTO PlantedIn (flowerbedID, plantID, percentage, planterID) VALUES (56, 3349, 3, 95);
INSERT INTO PlantedIn (flowerbedID, plantID, percentage, planterID) VALUES (57, 1996, 4, 86);
INSERT INTO PlantedIn (flowerbedID, plantID, percentage, planterID) VALUES (232, 2094, 4, 54);
INSERT INTO PlantedIn (flowerbedID, plantID, percentage, planterID) VALUES (294, 3391, 4, 90);
INSERT INTO PlantedIn (flowerbedID, plantID, percentage, planterID) VALUES (121, 1962, 3, 12);
INSERT INTO PlantedIn (flowerbedID, plantID, percentage, planterID) VALUES (109, 2315, 3, 16);
INSERT INTO PlantedIn (flowerbedID, plantID, percentage, planterID) VALUES (134, 1770, 3, 53);
INSERT INTO PlantedIn (flowerbedID, plantID, percentage, planterID) VALUES (89, 1734, 2, 32);
INSERT INTO PlantedIn (flowerbedID, plantID, percentage, planterID) VALUES (95, 2829, 3, 19);
INSERT INTO PlantedIn (flowerbedID, plantID, percentage, planterID) VALUES (75, 2340, 1, 77);
INSERT INTO PlantedIn (flowerbedID, plantID, percentage, planterID) VALUES (44, 2916, 1, 2);
INSERT INTO PlantedIn (flowerbedID, plantID, percentage, planterID) VALUES (189, 2054, 1, 11);
INSERT INTO PlantedIn (flowerbedID, plantID, percentage, planterID) VALUES (12, 489, 2, 121);
INSERT INTO PlantedIn (flowerbedID, plantID, percentage, planterID) VALUES (217, 3050, 1, 22);
INSERT INTO PlantedIn (flowerbedID, plantID, percentage, planterID) VALUES (74, 1669, 3, 145);
INSERT INTO PlantedIn (flowerbedID, plantID, percentage, planterID) VALUES (264, 95, 1, 4);
INSERT INTO PlantedIn (flowerbedID, plantID, percentage, planterID) VALUES (227, 495, 1, 121);
INSERT INTO PlantedIn (flowerbedID, plantID, percentage, planterID) VALUES (220, 558, 4, 5);
INSERT INTO PlantedIn (flowerbedID, plantID, percentage, planterID) VALUES (269, 144, 3, 2);
INSERT INTO PlantedIn (flowerbedID, plantID, percentage, planterID) VALUES (170, 273, 3, 98);
INSERT INTO PlantedIn (flowerbedID, plantID, percentage, planterID) VALUES (59, 1024, 4, 2);
INSERT INTO PlantedIn (flowerbedID, plantID, percentage, planterID) VALUES (17, 509, 2, 16);
INSERT INTO PlantedIn (flowerbedID, plantID, percentage, planterID) VALUES (169, 3603, 2, 145);
INSERT INTO PlantedIn (flowerbedID, plantID, percentage, planterID) VALUES (286, 3335, 3, 110);
INSERT INTO PlantedIn (flowerbedID, plantID, percentage, planterID) VALUES (297, 1305, 3, 124);
INSERT INTO PlantedIn (flowerbedID, plantID, percentage, planterID) VALUES (145, 2873, 2, 104);
INSERT INTO PlantedIn (flowerbedID, plantID, percentage, planterID) VALUES (234, 2366, 2, 157);
INSERT INTO PlantedIn (flowerbedID, plantID, percentage, planterID) VALUES (222, 3725, 4, 138);
INSERT INTO PlantedIn (flowerbedID, plantID, percentage, planterID) VALUES (29, 3455, 3, 17);
INSERT INTO PlantedIn (flowerbedID, plantID, percentage, planterID) VALUES (247, 3615, 4, 18);
INSERT INTO PlantedIn (flowerbedID, plantID, percentage, planterID) VALUES (239, 2860, 4, 86);
INSERT INTO PlantedIn (flowerbedID, plantID, percentage, planterID) VALUES (24, 821, 3, 89);
INSERT INTO PlantedIn (flowerbedID, plantID, percentage, planterID) VALUES (286, 451, 3, 162);
INSERT INTO PlantedIn (flowerbedID, plantID, percentage, planterID) VALUES (218, 3289, 2, 15);
INSERT INTO PlantedIn (flowerbedID, plantID, percentage, planterID) VALUES (98, 156, 1, 50);
INSERT INTO PlantedIn (flowerbedID, plantID, percentage, planterID) VALUES (2, 356, 1, 148);
INSERT INTO PlantedIn (flowerbedID, plantID, percentage, planterID) VALUES (295, 3680, 4, 131);
INSERT INTO PlantedIn (flowerbedID, plantID, percentage, planterID) VALUES (266, 3323, 3, 103);
INSERT INTO PlantedIn (flowerbedID, plantID, percentage, planterID) VALUES (180, 343, 3, 82);
INSERT INTO PlantedIn (flowerbedID, plantID, percentage, planterID) VALUES (90, 3812, 2, 41);
INSERT INTO PlantedIn (flowerbedID, plantID, percentage, planterID) VALUES (9, 295, 2, 42);
INSERT INTO PlantedIn (flowerbedID, plantID, percentage, planterID) VALUES (35, 2059, 1, 72);
INSERT INTO PlantedIn (flowerbedID, plantID, percentage, planterID) VALUES (187, 1069, 3, 38);
INSERT INTO PlantedIn (flowerbedID, plantID, percentage, planterID) VALUES (69, 3779, 1, 73);
INSERT INTO PlantedIn (flowerbedID, plantID, percentage, planterID) VALUES (251, 59, 2, 138);
INSERT INTO PlantedIn (flowerbedID, plantID, percentage, planterID) VALUES (32, 1060, 2, 20);
INSERT INTO PlantedIn (flowerbedID, plantID, percentage, planterID) VALUES (78, 1354, 2, 114);
INSERT INTO PlantedIn (flowerbedID, plantID, percentage, planterID) VALUES (158, 2522, 3, 34);
INSERT INTO PlantedIn (flowerbedID, plantID, percentage, planterID) VALUES (218, 1686, 4, 156);
INSERT INTO PlantedIn (flowerbedID, plantID, percentage, planterID) VALUES (180, 717, 4, 36);
INSERT INTO PlantedIn (flowerbedID, plantID, percentage, planterID) VALUES (192, 2880, 3, 76);
INSERT INTO PlantedIn (flowerbedID, plantID, percentage, planterID) VALUES (6, 2131, 2, 26);
INSERT INTO PlantedIn (flowerbedID, plantID, percentage, planterID) VALUES (270, 3129, 2, 111);
INSERT INTO PlantedIn (flowerbedID, plantID, percentage, planterID) VALUES (82, 3430, 1, 7);
INSERT INTO PlantedIn (flowerbedID, plantID, percentage, planterID) VALUES (64, 5, 4, 144);
INSERT INTO PlantedIn (flowerbedID, plantID, percentage, planterID) VALUES (56, 150, 2, 111);
INSERT INTO PlantedIn (flowerbedID, plantID, percentage, planterID) VALUES (199, 2263, 2, 61);
INSERT INTO PlantedIn (flowerbedID, plantID, percentage, planterID) VALUES (99, 3046, 2, 9);
INSERT INTO PlantedIn (flowerbedID, plantID, percentage, planterID) VALUES (102, 768, 1, 109);
INSERT INTO PlantedIn (flowerbedID, plantID, percentage, planterID) VALUES (3, 1049, 2, 116);
INSERT INTO PlantedIn (flowerbedID, plantID, percentage, planterID) VALUES (161, 2691, 3, 107);
INSERT INTO PlantedIn (flowerbedID, plantID, percentage, planterID) VALUES (209, 1763, 4, 97);
INSERT INTO PlantedIn (flowerbedID, plantID, percentage, planterID) VALUES (148, 781, 1, 41);
INSERT INTO PlantedIn (flowerbedID, plantID, percentage, planterID) VALUES (236, 2259, 1, 80);
INSERT INTO PlantedIn (flowerbedID, plantID, percentage, planterID) VALUES (112, 1986, 3, 81);
INSERT INTO PlantedIn (flowerbedID, plantID, percentage, planterID) VALUES (82, 3289, 4, 148);
INSERT INTO PlantedIn (flowerbedID, plantID, percentage, planterID) VALUES (164, 1840, 1, 96);
INSERT INTO PlantedIn (flowerbedID, plantID, percentage, planterID) VALUES (279, 457, 2, 23);
INSERT INTO PlantedIn (flowerbedID, plantID, percentage, planterID) VALUES (96, 1400, 1, 101);
INSERT INTO PlantedIn (flowerbedID, plantID, percentage, planterID) VALUES (283, 194, 2, 39);
INSERT INTO PlantedIn (flowerbedID, plantID, percentage, planterID) VALUES (169, 2678, 2, 6);
INSERT INTO PlantedIn (flowerbedID, plantID, percentage, planterID) VALUES (181, 724, 4, 109);
INSERT INTO PlantedIn (flowerbedID, plantID, percentage, planterID) VALUES (12, 1879, 3, 118);
INSERT INTO PlantedIn (flowerbedID, plantID, percentage, planterID) VALUES (288, 930, 4, 143);
INSERT INTO PlantedIn (flowerbedID, plantID, percentage, planterID) VALUES (108, 3701, 3, 56);
INSERT INTO PlantedIn (flowerbedID, plantID, percentage, planterID) VALUES (96, 3504, 2, 136);
INSERT INTO PlantedIn (flowerbedID, plantID, percentage, planterID) VALUES (286, 46, 3, 101);
INSERT INTO PlantedIn (flowerbedID, plantID, percentage, planterID) VALUES (211, 2377, 2, 138);
INSERT INTO PlantedIn (flowerbedID, plantID, percentage, planterID) VALUES (179, 3066, 1, 112);
INSERT INTO PlantedIn (flowerbedID, plantID, percentage, planterID) VALUES (294, 1088, 1, 14);
INSERT INTO PlantedIn (flowerbedID, plantID, percentage, planterID) VALUES (230, 2936, 3, 104);
INSERT INTO PlantedIn (flowerbedID, plantID, percentage, planterID) VALUES (1, 1672, 2, 108);
INSERT INTO PlantedIn (flowerbedID, plantID, percentage, planterID) VALUES (117, 3648, 3, 7);
INSERT INTO PlantedIn (flowerbedID, plantID, percentage, planterID) VALUES (251, 2166, 3, 57);
INSERT INTO PlantedIn (flowerbedID, plantID, percentage, planterID) VALUES (53, 478, 4, 6);
INSERT INTO PlantedIn (flowerbedID, plantID, percentage, planterID) VALUES (289, 196, 3, 158);
INSERT INTO PlantedIn (flowerbedID, plantID, percentage, planterID) VALUES (243, 2004, 4, 80);
INSERT INTO PlantedIn (flowerbedID, plantID, percentage, planterID) VALUES (285, 331, 2, 30);
INSERT INTO PlantedIn (flowerbedID, plantID, percentage, planterID) VALUES (9, 801, 4, 9);
INSERT INTO PlantedIn (flowerbedID, plantID, percentage, planterID) VALUES (10, 100, 4, 118);
INSERT INTO PlantedIn (flowerbedID, plantID, percentage, planterID) VALUES (176, 50, 4, 71);
INSERT INTO PlantedIn (flowerbedID, plantID, percentage, planterID) VALUES (41, 1711, 1, 92);
INSERT INTO PlantedIn (flowerbedID, plantID, percentage, planterID) VALUES (168, 3343, 2, 142);
INSERT INTO PlantedIn (flowerbedID, plantID, percentage, planterID) VALUES (115, 1109, 2, 31);
INSERT INTO PlantedIn (flowerbedID, plantID, percentage, planterID) VALUES (112, 1348, 2, 117);
INSERT INTO PlantedIn (flowerbedID, plantID, percentage, planterID) VALUES (167, 2802, 3, 49);
INSERT INTO PlantedIn (flowerbedID, plantID, percentage, planterID) VALUES (225, 3737, 2, 79);
INSERT INTO PlantedIn (flowerbedID, plantID, percentage, planterID) VALUES (293, 3339, 1, 17);
INSERT INTO PlantedIn (flowerbedID, plantID, percentage, planterID) VALUES (92, 2442, 2, 30);
INSERT INTO PlantedIn (flowerbedID, plantID, percentage, planterID) VALUES (42, 458, 3, 91);
INSERT INTO PlantedIn (flowerbedID, plantID, percentage, planterID) VALUES (294, 1352, 2, 12);
INSERT INTO PlantedIn (flowerbedID, plantID, percentage, planterID) VALUES (179, 1447, 1, 71);
INSERT INTO PlantedIn (flowerbedID, plantID, percentage, planterID) VALUES (30, 2673, 4, 128);
INSERT INTO PlantedIn (flowerbedID, plantID, percentage, planterID) VALUES (18, 1098, 2, 130);
INSERT INTO PlantedIn (flowerbedID, plantID, percentage, planterID) VALUES (274, 3565, 1, 138);
INSERT INTO PlantedIn (flowerbedID, plantID, percentage, planterID) VALUES (13, 1250, 1, 130);
INSERT INTO PlantedIn (flowerbedID, plantID, percentage, planterID) VALUES (202, 3181, 2, 68);
INSERT INTO PlantedIn (flowerbedID, plantID, percentage, planterID) VALUES (22, 346, 3, 55);
INSERT INTO PlantedIn (flowerbedID, plantID, percentage, planterID) VALUES (139, 2819, 3, 141);
INSERT INTO PlantedIn (flowerbedID, plantID, percentage, planterID) VALUES (126, 2155, 1, 71);
INSERT INTO PlantedIn (flowerbedID, plantID, percentage, planterID) VALUES (225, 2315, 4, 124);
INSERT INTO PlantedIn (flowerbedID, plantID, percentage, planterID) VALUES (264, 1819, 4, 31);
INSERT INTO PlantedIn (flowerbedID, plantID, percentage, planterID) VALUES (118, 3765, 2, 147);
INSERT INTO PlantedIn (flowerbedID, plantID, percentage, planterID) VALUES (89, 2355, 4, 79);
INSERT INTO PlantedIn (flowerbedID, plantID, percentage, planterID) VALUES (130, 3271, 3, 49);
INSERT INTO PlantedIn (flowerbedID, plantID, percentage, planterID) VALUES (280, 2315, 2, 29);
INSERT INTO PlantedIn (flowerbedID, plantID, percentage, planterID) VALUES (163, 1451, 2, 143);
INSERT INTO PlantedIn (flowerbedID, plantID, percentage, planterID) VALUES (292, 2107, 4, 19);
INSERT INTO PlantedIn (flowerbedID, plantID, percentage, planterID) VALUES (5, 1094, 2, 113);
INSERT INTO PlantedIn (flowerbedID, plantID, percentage, planterID) VALUES (77, 1971, 3, 145);
INSERT INTO PlantedIn (flowerbedID, plantID, percentage, planterID) VALUES (36, 1151, 3, 91);
INSERT INTO PlantedIn (flowerbedID, plantID, percentage, planterID) VALUES (44, 3112, 1, 10);
INSERT INTO PlantedIn (flowerbedID, plantID, percentage, planterID) VALUES (121, 858, 3, 83);
INSERT INTO PlantedIn (flowerbedID, plantID, percentage, planterID) VALUES (63, 1709, 4, 83);
INSERT INTO PlantedIn (flowerbedID, plantID, percentage, planterID) VALUES (245, 1196, 4, 9);
INSERT INTO PlantedIn (flowerbedID, plantID, percentage, planterID) VALUES (256, 604, 4, 112);
INSERT INTO PlantedIn (flowerbedID, plantID, percentage, planterID) VALUES (132, 1175, 3, 48);
INSERT INTO PlantedIn (flowerbedID, plantID, percentage, planterID) VALUES (244, 460, 4, 44);
INSERT INTO PlantedIn (flowerbedID, plantID, percentage, planterID) VALUES (125, 2998, 3, 84);
INSERT INTO PlantedIn (flowerbedID, plantID, percentage, planterID) VALUES (174, 2075, 4, 111);
INSERT INTO PlantedIn (flowerbedID, plantID, percentage, planterID) VALUES (227, 464, 4, 124);
INSERT INTO PlantedIn (flowerbedID, plantID, percentage, planterID) VALUES (169, 764, 2, 124);
INSERT INTO PlantedIn (flowerbedID, plantID, percentage, planterID) VALUES (152, 2972, 2, 30);
INSERT INTO PlantedIn (flowerbedID, plantID, percentage, planterID) VALUES (277, 3168, 2, 40);
INSERT INTO PlantedIn (flowerbedID, plantID, percentage, planterID) VALUES (37, 1966, 4, 11);
INSERT INTO PlantedIn (flowerbedID, plantID, percentage, planterID) VALUES (188, 1203, 1, 150);
INSERT INTO PlantedIn (flowerbedID, plantID, percentage, planterID) VALUES (26, 1366, 3, 105);
INSERT INTO PlantedIn (flowerbedID, plantID, percentage, planterID) VALUES (267, 949, 3, 113);
INSERT INTO PlantedIn (flowerbedID, plantID, percentage, planterID) VALUES (110, 1423, 4, 106);
INSERT INTO PlantedIn (flowerbedID, plantID, percentage, planterID) VALUES (170, 1297, 1, 53);
INSERT INTO PlantedIn (flowerbedID, plantID, percentage, planterID) VALUES (32, 1848, 1, 75);
INSERT INTO PlantedIn (flowerbedID, plantID, percentage, planterID) VALUES (89, 2569, 2, 68);
INSERT INTO PlantedIn (flowerbedID, plantID, percentage, planterID) VALUES (52, 1756, 4, 62);
INSERT INTO PlantedIn (flowerbedID, plantID, percentage, planterID) VALUES (229, 881, 4, 146);
INSERT INTO PlantedIn (flowerbedID, plantID, percentage, planterID) VALUES (174, 1739, 2, 90);
INSERT INTO PlantedIn (flowerbedID, plantID, percentage, planterID) VALUES (208, 661, 1, 21);
INSERT INTO PlantedIn (flowerbedID, plantID, percentage, planterID) VALUES (22, 1142, 1, 31);
INSERT INTO PlantedIn (flowerbedID, plantID, percentage, planterID) VALUES (232, 2361, 1, 36);
INSERT INTO PlantedIn (flowerbedID, plantID, percentage, planterID) VALUES (83, 2315, 2, 85);
INSERT INTO PlantedIn (flowerbedID, plantID, percentage, planterID) VALUES (16, 3285, 4, 43);
INSERT INTO PlantedIn (flowerbedID, plantID, percentage, planterID) VALUES (24, 363, 3, 116);
INSERT INTO PlantedIn (flowerbedID, plantID, percentage, planterID) VALUES (163, 733, 1, 23);
INSERT INTO PlantedIn (flowerbedID, plantID, percentage, planterID) VALUES (108, 966, 4, 52);
INSERT INTO PlantedIn (flowerbedID, plantID, percentage, planterID) VALUES (295, 1114, 1, 1);
INSERT INTO PlantedIn (flowerbedID, plantID, percentage, planterID) VALUES (175, 700, 2, 41);
INSERT INTO PlantedIn (flowerbedID, plantID, percentage, planterID) VALUES (237, 1694, 1, 74);
INSERT INTO PlantedIn (flowerbedID, plantID, percentage, planterID) VALUES (12, 3555, 1, 89);
INSERT INTO PlantedIn (flowerbedID, plantID, percentage, planterID) VALUES (231, 2954, 4, 157);
INSERT INTO PlantedIn (flowerbedID, plantID, percentage, planterID) VALUES (257, 2235, 2, 87);
INSERT INTO PlantedIn (flowerbedID, plantID, percentage, planterID) VALUES (230, 2456, 1, 111);
INSERT INTO PlantedIn (flowerbedID, plantID, percentage, planterID) VALUES (265, 3635, 4, 5);
INSERT INTO PlantedIn (flowerbedID, plantID, percentage, planterID) VALUES (69, 122, 4, 160);
INSERT INTO PlantedIn (flowerbedID, plantID, percentage, planterID) VALUES (64, 623, 1, 30);
INSERT INTO PlantedIn (flowerbedID, plantID, percentage, planterID) VALUES (180, 2307, 3, 13);
INSERT INTO PlantedIn (flowerbedID, plantID, percentage, planterID) VALUES (155, 2264, 2, 125);
INSERT INTO PlantedIn (flowerbedID, plantID, percentage, planterID) VALUES (105, 2449, 1, 23);
INSERT INTO PlantedIn (flowerbedID, plantID, percentage, planterID) VALUES (64, 2467, 4, 105);
INSERT INTO PlantedIn (flowerbedID, plantID, percentage, planterID) VALUES (82, 966, 1, 19);
INSERT INTO PlantedIn (flowerbedID, plantID, percentage, planterID) VALUES (57, 521, 2, 6);
INSERT INTO PlantedIn (flowerbedID, plantID, percentage, planterID) VALUES (50, 3702, 2, 40);
INSERT INTO PlantedIn (flowerbedID, plantID, percentage, planterID) VALUES (36, 1544, 3, 66);
INSERT INTO PlantedIn (flowerbedID, plantID, percentage, planterID) VALUES (298, 1749, 3, 61);
INSERT INTO PlantedIn (flowerbedID, plantID, percentage, planterID) VALUES (12, 308, 2, 138);
INSERT INTO PlantedIn (flowerbedID, plantID, percentage, planterID) VALUES (214, 3598, 4, 103);
INSERT INTO PlantedIn (flowerbedID, plantID, percentage, planterID) VALUES (171, 791, 4, 156);
INSERT INTO PlantedIn (flowerbedID, plantID, percentage, planterID) VALUES (136, 42, 3, 1);
INSERT INTO PlantedIn (flowerbedID, plantID, percentage, planterID) VALUES (44, 118, 2, 11);
INSERT INTO PlantedIn (flowerbedID, plantID, percentage, planterID) VALUES (296, 1135, 1, 119);
INSERT INTO PlantedIn (flowerbedID, plantID, percentage, planterID) VALUES (208, 276, 3, 142);
INSERT INTO PlantedIn (flowerbedID, plantID, percentage, planterID) VALUES (157, 689, 3, 35);
INSERT INTO PlantedIn (flowerbedID, plantID, percentage, planterID) VALUES (279, 2106, 2, 154);
INSERT INTO PlantedIn (flowerbedID, plantID, percentage, planterID) VALUES (225, 3087, 1, 59);
INSERT INTO PlantedIn (flowerbedID, plantID, percentage, planterID) VALUES (243, 1322, 4, 146);
INSERT INTO PlantedIn (flowerbedID, plantID, percentage, planterID) VALUES (112, 3521, 2, 46);
INSERT INTO PlantedIn (flowerbedID, plantID, percentage, planterID) VALUES (62, 3693, 4, 81);
INSERT INTO PlantedIn (flowerbedID, plantID, percentage, planterID) VALUES (8, 1126, 3, 101);
INSERT INTO PlantedIn (flowerbedID, plantID, percentage, planterID) VALUES (141, 3046, 3, 20);
INSERT INTO PlantedIn (flowerbedID, plantID, percentage, planterID) VALUES (236, 238, 3, 120);
INSERT INTO PlantedIn (flowerbedID, plantID, percentage, planterID) VALUES (182, 2290, 2, 38);
INSERT INTO PlantedIn (flowerbedID, plantID, percentage, planterID) VALUES (117, 2158, 1, 97);
INSERT INTO PlantedIn (flowerbedID, plantID, percentage, planterID) VALUES (270, 1572, 2, 27);
INSERT INTO PlantedIn (flowerbedID, plantID, percentage, planterID) VALUES (95, 1628, 3, 109);
INSERT INTO PlantedIn (flowerbedID, plantID, percentage, planterID) VALUES (113, 385, 2, 73);
INSERT INTO PlantedIn (flowerbedID, plantID, percentage, planterID) VALUES (238, 254, 3, 101);
INSERT INTO PlantedIn (flowerbedID, plantID, percentage, planterID) VALUES (38, 1098, 3, 52);
INSERT INTO PlantedIn (flowerbedID, plantID, percentage, planterID) VALUES (263, 1999, 2, 16);
INSERT INTO PlantedIn (flowerbedID, plantID, percentage, planterID) VALUES (23, 2502, 4, 81);
INSERT INTO PlantedIn (flowerbedID, plantID, percentage, planterID) VALUES (17, 2408, 2, 43);
INSERT INTO PlantedIn (flowerbedID, plantID, percentage, planterID) VALUES (14, 3405, 2, 154);
INSERT INTO PlantedIn (flowerbedID, plantID, percentage, planterID) VALUES (294, 1212, 2, 142);
INSERT INTO PlantedIn (flowerbedID, plantID, percentage, planterID) VALUES (96, 3005, 1, 40);
INSERT INTO PlantedIn (flowerbedID, plantID, percentage, planterID) VALUES (252, 3161, 4, 120);
INSERT INTO PlantedIn (flowerbedID, plantID, percentage, planterID) VALUES (31, 3852, 4, 121);
INSERT INTO PlantedIn (flowerbedID, plantID, percentage, planterID) VALUES (154, 3057, 3, 43);
INSERT INTO PlantedIn (flowerbedID, plantID, percentage, planterID) VALUES (131, 2758, 2, 98);
INSERT INTO PlantedIn (flowerbedID, plantID, percentage, planterID) VALUES (101, 3141, 2, 149);
INSERT INTO PlantedIn (flowerbedID, plantID, percentage, planterID) VALUES (208, 2927, 3, 138);
INSERT INTO PlantedIn (flowerbedID, plantID, percentage, planterID) VALUES (22, 2416, 2, 8);
INSERT INTO PlantedIn (flowerbedID, plantID, percentage, planterID) VALUES (121, 1067, 1, 87);
INSERT INTO PlantedIn (flowerbedID, plantID, percentage, planterID) VALUES (29, 778, 1, 37);
INSERT INTO PlantedIn (flowerbedID, plantID, percentage, planterID) VALUES (60, 3545, 3, 30);
INSERT INTO PlantedIn (flowerbedID, plantID, percentage, planterID) VALUES (212, 1621, 1, 52);
INSERT INTO PlantedIn (flowerbedID, plantID, percentage, planterID) VALUES (40, 3342, 2, 110);
INSERT INTO PlantedIn (flowerbedID, plantID, percentage, planterID) VALUES (203, 1938, 2, 147);
INSERT INTO PlantedIn (flowerbedID, plantID, percentage, planterID) VALUES (78, 2514, 2, 8);
INSERT INTO PlantedIn (flowerbedID, plantID, percentage, planterID) VALUES (83, 343, 3, 124);
INSERT INTO PlantedIn (flowerbedID, plantID, percentage, planterID) VALUES (110, 866, 2, 159);
INSERT INTO PlantedIn (flowerbedID, plantID, percentage, planterID) VALUES (128, 528, 3, 113);
INSERT INTO PlantedIn (flowerbedID, plantID, percentage, planterID) VALUES (17, 3199, 4, 58);
INSERT INTO PlantedIn (flowerbedID, plantID, percentage, planterID) VALUES (74, 2450, 2, 157);
INSERT INTO PlantedIn (flowerbedID, plantID, percentage, planterID) VALUES (150, 2109, 1, 146);
INSERT INTO PlantedIn (flowerbedID, plantID, percentage, planterID) VALUES (14, 2699, 2, 94);
INSERT INTO PlantedIn (flowerbedID, plantID, percentage, planterID) VALUES (105, 2278, 3, 110);
INSERT INTO PlantedIn (flowerbedID, plantID, percentage, planterID) VALUES (203, 1365, 1, 52);
INSERT INTO PlantedIn (flowerbedID, plantID, percentage, planterID) VALUES (173, 864, 1, 87);
INSERT INTO PlantedIn (flowerbedID, plantID, percentage, planterID) VALUES (108, 598, 2, 108);
INSERT INTO PlantedIn (flowerbedID, plantID, percentage, planterID) VALUES (294, 3704, 1, 31);
INSERT INTO PlantedIn (flowerbedID, plantID, percentage, planterID) VALUES (178, 320, 1, 105);
INSERT INTO PlantedIn (flowerbedID, plantID, percentage, planterID) VALUES (188, 1771, 3, 46);
INSERT INTO PlantedIn (flowerbedID, plantID, percentage, planterID) VALUES (120, 2372, 1, 23);
INSERT INTO PlantedIn (flowerbedID, plantID, percentage, planterID) VALUES (289, 1662, 3, 21);
INSERT INTO PlantedIn (flowerbedID, plantID, percentage, planterID) VALUES (196, 2404, 1, 94);
INSERT INTO PlantedIn (flowerbedID, plantID, percentage, planterID) VALUES (233, 656, 4, 74);
INSERT INTO PlantedIn (flowerbedID, plantID, percentage, planterID) VALUES (205, 2310, 2, 140);
INSERT INTO PlantedIn (flowerbedID, plantID, percentage, planterID) VALUES (266, 3737, 2, 124);
INSERT INTO PlantedIn (flowerbedID, plantID, percentage, planterID) VALUES (174, 3268, 3, 63);
INSERT INTO PlantedIn (flowerbedID, plantID, percentage, planterID) VALUES (83, 1883, 4, 16);
INSERT INTO PlantedIn (flowerbedID, plantID, percentage, planterID) VALUES (241, 1423, 4, 111);
INSERT INTO PlantedIn (flowerbedID, plantID, percentage, planterID) VALUES (290, 2446, 3, 113);
INSERT INTO PlantedIn (flowerbedID, plantID, percentage, planterID) VALUES (162, 3686, 2, 86);
INSERT INTO PlantedIn (flowerbedID, plantID, percentage, planterID) VALUES (276, 829, 3, 123);
INSERT INTO PlantedIn (flowerbedID, plantID, percentage, planterID) VALUES (18, 307, 2, 9);
INSERT INTO PlantedIn (flowerbedID, plantID, percentage, planterID) VALUES (170, 532, 3, 46);
INSERT INTO PlantedIn (flowerbedID, plantID, percentage, planterID) VALUES (232, 791, 3, 97);
INSERT INTO PlantedIn (flowerbedID, plantID, percentage, planterID) VALUES (172, 795, 3, 88);
INSERT INTO PlantedIn (flowerbedID, plantID, percentage, planterID) VALUES (251, 628, 1, 34);
INSERT INTO PlantedIn (flowerbedID, plantID, percentage, planterID) VALUES (187, 631, 1, 61);
INSERT INTO PlantedIn (flowerbedID, plantID, percentage, planterID) VALUES (35, 3295, 1, 102);
INSERT INTO PlantedIn (flowerbedID, plantID, percentage, planterID) VALUES (20, 1171, 1, 93);
INSERT INTO PlantedIn (flowerbedID, plantID, percentage, planterID) VALUES (115, 2263, 4, 80);
INSERT INTO PlantedIn (flowerbedID, plantID, percentage, planterID) VALUES (217, 2801, 2, 108);
INSERT INTO PlantedIn (flowerbedID, plantID, percentage, planterID) VALUES (278, 716, 3, 13);
INSERT INTO PlantedIn (flowerbedID, plantID, percentage, planterID) VALUES (117, 2255, 1, 8);
INSERT INTO PlantedIn (flowerbedID, plantID, percentage, planterID) VALUES (224, 931, 2, 52);
INSERT INTO PlantedIn (flowerbedID, plantID, percentage, planterID) VALUES (121, 2521, 3, 92);
INSERT INTO PlantedIn (flowerbedID, plantID, percentage, planterID) VALUES (151, 480, 3, 96);
INSERT INTO PlantedIn (flowerbedID, plantID, percentage, planterID) VALUES (128, 369, 4, 121);
INSERT INTO PlantedIn (flowerbedID, plantID, percentage, planterID) VALUES (204, 617, 2, 131);
INSERT INTO PlantedIn (flowerbedID, plantID, percentage, planterID) VALUES (265, 1477, 4, 155);
INSERT INTO PlantedIn (flowerbedID, plantID, percentage, planterID) VALUES (170, 3760, 4, 55);
INSERT INTO PlantedIn (flowerbedID, plantID, percentage, planterID) VALUES (180, 1873, 1, 116);
INSERT INTO PlantedIn (flowerbedID, plantID, percentage, planterID) VALUES (41, 803, 3, 91);
INSERT INTO PlantedIn (flowerbedID, plantID, percentage, planterID) VALUES (100, 316, 4, 37);
INSERT INTO PlantedIn (flowerbedID, plantID, percentage, planterID) VALUES (53, 3520, 4, 98);
INSERT INTO PlantedIn (flowerbedID, plantID, percentage, planterID) VALUES (21, 1259, 4, 45);
INSERT INTO PlantedIn (flowerbedID, plantID, percentage, planterID) VALUES (212, 622, 2, 133);
INSERT INTO PlantedIn (flowerbedID, plantID, percentage, planterID) VALUES (40, 320, 3, 41);
INSERT INTO PlantedIn (flowerbedID, plantID, percentage, planterID) VALUES (271, 2568, 1, 8);
INSERT INTO PlantedIn (flowerbedID, plantID, percentage, planterID) VALUES (261, 2201, 1, 118);
INSERT INTO PlantedIn (flowerbedID, plantID, percentage, planterID) VALUES (241, 2049, 4, 118);
INSERT INTO PlantedIn (flowerbedID, plantID, percentage, planterID) VALUES (256, 3660, 3, 143);
INSERT INTO PlantedIn (flowerbedID, plantID, percentage, planterID) VALUES (204, 276, 1, 161);
INSERT INTO PlantedIn (flowerbedID, plantID, percentage, planterID) VALUES (147, 3564, 2, 29);
INSERT INTO PlantedIn (flowerbedID, plantID, percentage, planterID) VALUES (176, 807, 2, 75);
INSERT INTO PlantedIn (flowerbedID, plantID, percentage, planterID) VALUES (233, 456, 2, 114);
INSERT INTO PlantedIn (flowerbedID, plantID, percentage, planterID) VALUES (4, 2410, 4, 45);
INSERT INTO PlantedIn (flowerbedID, plantID, percentage, planterID) VALUES (46, 3643, 1, 120);
INSERT INTO PlantedIn (flowerbedID, plantID, percentage, planterID) VALUES (266, 2017, 4, 99);
INSERT INTO PlantedIn (flowerbedID, plantID, percentage, planterID) VALUES (36, 1588, 4, 41);
INSERT INTO PlantedIn (flowerbedID, plantID, percentage, planterID) VALUES (145, 652, 4, 159);
INSERT INTO PlantedIn (flowerbedID, plantID, percentage, planterID) VALUES (28, 323, 3, 64);
INSERT INTO PlantedIn (flowerbedID, plantID, percentage, planterID) VALUES (88, 3110, 1, 24);
INSERT INTO PlantedIn (flowerbedID, plantID, percentage, planterID) VALUES (276, 3077, 4, 86);
INSERT INTO PlantedIn (flowerbedID, plantID, percentage, planterID) VALUES (126, 2924, 3, 130);
INSERT INTO PlantedIn (flowerbedID, plantID, percentage, planterID) VALUES (209, 1716, 3, 101);
INSERT INTO PlantedIn (flowerbedID, plantID, percentage, planterID) VALUES (289, 595, 1, 101);
INSERT INTO PlantedIn (flowerbedID, plantID, percentage, planterID) VALUES (169, 3180, 1, 152);
INSERT INTO PlantedIn (flowerbedID, plantID, percentage, planterID) VALUES (297, 3103, 1, 4);
INSERT INTO PlantedIn (flowerbedID, plantID, percentage, planterID) VALUES (265, 1501, 1, 131);
INSERT INTO PlantedIn (flowerbedID, plantID, percentage, planterID) VALUES (58, 3451, 1, 43);
INSERT INTO PlantedIn (flowerbedID, plantID, percentage, planterID) VALUES (206, 2893, 1, 9);
INSERT INTO PlantedIn (flowerbedID, plantID, percentage, planterID) VALUES (151, 3096, 1, 118);
INSERT INTO PlantedIn (flowerbedID, plantID, percentage, planterID) VALUES (74, 1015, 1, 137);
INSERT INTO PlantedIn (flowerbedID, plantID, percentage, planterID) VALUES (125, 1453, 4, 51);
INSERT INTO PlantedIn (flowerbedID, plantID, percentage, planterID) VALUES (60, 686, 1, 5);
INSERT INTO PlantedIn (flowerbedID, plantID, percentage, planterID) VALUES (294, 183, 4, 47);
INSERT INTO PlantedIn (flowerbedID, plantID, percentage, planterID) VALUES (131, 115, 3, 8);
INSERT INTO PlantedIn (flowerbedID, plantID, percentage, planterID) VALUES (276, 1136, 3, 128);
INSERT INTO PlantedIn (flowerbedID, plantID, percentage, planterID) VALUES (13, 3063, 3, 124);
INSERT INTO PlantedIn (flowerbedID, plantID, percentage, planterID) VALUES (178, 1547, 4, 129);
INSERT INTO PlantedIn (flowerbedID, plantID, percentage, planterID) VALUES (199, 2091, 1, 9);
INSERT INTO PlantedIn (flowerbedID, plantID, percentage, planterID) VALUES (275, 1325, 1, 11);
INSERT INTO PlantedIn (flowerbedID, plantID, percentage, planterID) VALUES (156, 338, 3, 53);
INSERT INTO PlantedIn (flowerbedID, plantID, percentage, planterID) VALUES (41, 2229, 3, 64);
INSERT INTO PlantedIn (flowerbedID, plantID, percentage, planterID) VALUES (182, 1592, 3, 35);
INSERT INTO PlantedIn (flowerbedID, plantID, percentage, planterID) VALUES (211, 3639, 3, 25);
INSERT INTO PlantedIn (flowerbedID, plantID, percentage, planterID) VALUES (220, 3322, 2, 51);
INSERT INTO PlantedIn (flowerbedID, plantID, percentage, planterID) VALUES (78, 170, 4, 29);
INSERT INTO PlantedIn (flowerbedID, plantID, percentage, planterID) VALUES (175, 823, 3, 1);
INSERT INTO PlantedIn (flowerbedID, plantID, percentage, planterID) VALUES (167, 234, 1, 107);
INSERT INTO PlantedIn (flowerbedID, plantID, percentage, planterID) VALUES (45, 3564, 2, 100);
INSERT INTO PlantedIn (flowerbedID, plantID, percentage, planterID) VALUES (150, 3646, 1, 147);
INSERT INTO PlantedIn (flowerbedID, plantID, percentage, planterID) VALUES (107, 197, 1, 109);
INSERT INTO PlantedIn (flowerbedID, plantID, percentage, planterID) VALUES (297, 2991, 3, 139);
INSERT INTO PlantedIn (flowerbedID, plantID, percentage, planterID) VALUES (190, 395, 4, 10);
INSERT INTO PlantedIn (flowerbedID, plantID, percentage, planterID) VALUES (44, 840, 3, 141);
INSERT INTO PlantedIn (flowerbedID, plantID, percentage, planterID) VALUES (129, 3150, 4, 40);
INSERT INTO PlantedIn (flowerbedID, plantID, percentage, planterID) VALUES (262, 3282, 1, 11);
INSERT INTO PlantedIn (flowerbedID, plantID, percentage, planterID) VALUES (231, 2464, 2, 53);
INSERT INTO PlantedIn (flowerbedID, plantID, percentage, planterID) VALUES (174, 612, 4, 65);
INSERT INTO PlantedIn (flowerbedID, plantID, percentage, planterID) VALUES (234, 3108, 2, 160);
INSERT INTO PlantedIn (flowerbedID, plantID, percentage, planterID) VALUES (271, 3786, 1, 53);
INSERT INTO PlantedIn (flowerbedID, plantID, percentage, planterID) VALUES (59, 471, 3, 135);
INSERT INTO PlantedIn (flowerbedID, plantID, percentage, planterID) VALUES (281, 60, 4, 106);
INSERT INTO PlantedIn (flowerbedID, plantID, percentage, planterID) VALUES (259, 2603, 3, 144);
INSERT INTO PlantedIn (flowerbedID, plantID, percentage, planterID) VALUES (93, 544, 4, 156);
INSERT INTO PlantedIn (flowerbedID, plantID, percentage, planterID) VALUES (90, 1079, 3, 143);
INSERT INTO PlantedIn (flowerbedID, plantID, percentage, planterID) VALUES (86, 3181, 1, 122);
INSERT INTO PlantedIn (flowerbedID, plantID, percentage, planterID) VALUES (188, 2459, 3, 84);
INSERT INTO PlantedIn (flowerbedID, plantID, percentage, planterID) VALUES (185, 3059, 4, 101);
INSERT INTO PlantedIn (flowerbedID, plantID, percentage, planterID) VALUES (273, 1424, 4, 76);
INSERT INTO PlantedIn (flowerbedID, plantID, percentage, planterID) VALUES (115, 197, 1, 114);
INSERT INTO PlantedIn (flowerbedID, plantID, percentage, planterID) VALUES (217, 1920, 1, 152);
INSERT INTO PlantedIn (flowerbedID, plantID, percentage, planterID) VALUES (191, 3045, 4, 160);
INSERT INTO PlantedIn (flowerbedID, plantID, percentage, planterID) VALUES (20, 2914, 2, 77);
INSERT INTO PlantedIn (flowerbedID, plantID, percentage, planterID) VALUES (173, 591, 1, 73);
INSERT INTO PlantedIn (flowerbedID, plantID, percentage, planterID) VALUES (236, 3505, 2, 127);
INSERT INTO PlantedIn (flowerbedID, plantID, percentage, planterID) VALUES (209, 1244, 3, 38);
INSERT INTO PlantedIn (flowerbedID, plantID, percentage, planterID) VALUES (207, 2534, 1, 80);
INSERT INTO PlantedIn (flowerbedID, plantID, percentage, planterID) VALUES (212, 474, 2, 56);
INSERT INTO PlantedIn (flowerbedID, plantID, percentage, planterID) VALUES (186, 790, 2, 81);
INSERT INTO PlantedIn (flowerbedID, plantID, percentage, planterID) VALUES (297, 1519, 1, 34);
INSERT INTO PlantedIn (flowerbedID, plantID, percentage, planterID) VALUES (44, 2458, 3, 71);
INSERT INTO PlantedIn (flowerbedID, plantID, percentage, planterID) VALUES (236, 3231, 3, 160);
INSERT INTO PlantedIn (flowerbedID, plantID, percentage, planterID) VALUES (295, 766, 3, 9);
INSERT INTO PlantedIn (flowerbedID, plantID, percentage, planterID) VALUES (256, 1982, 3, 129);
INSERT INTO PlantedIn (flowerbedID, plantID, percentage, planterID) VALUES (82, 1767, 2, 88);
INSERT INTO PlantedIn (flowerbedID, plantID, percentage, planterID) VALUES (255, 2716, 4, 56);
INSERT INTO PlantedIn (flowerbedID, plantID, percentage, planterID) VALUES (102, 2850, 1, 124);
INSERT INTO PlantedIn (flowerbedID, plantID, percentage, planterID) VALUES (172, 2500, 2, 122);
INSERT INTO PlantedIn (flowerbedID, plantID, percentage, planterID) VALUES (93, 2649, 2, 131);
INSERT INTO PlantedIn (flowerbedID, plantID, percentage, planterID) VALUES (96, 2777, 4, 52);
INSERT INTO PlantedIn (flowerbedID, plantID, percentage, planterID) VALUES (236, 1114, 1, 37);
INSERT INTO PlantedIn (flowerbedID, plantID, percentage, planterID) VALUES (223, 2786, 3, 57);
INSERT INTO PlantedIn (flowerbedID, plantID, percentage, planterID) VALUES (127, 2519, 4, 102);
INSERT INTO PlantedIn (flowerbedID, plantID, percentage, planterID) VALUES (117, 1203, 4, 153);
INSERT INTO PlantedIn (flowerbedID, plantID, percentage, planterID) VALUES (287, 2288, 2, 48);
INSERT INTO PlantedIn (flowerbedID, plantID, percentage, planterID) VALUES (83, 129, 1, 97);
INSERT INTO PlantedIn (flowerbedID, plantID, percentage, planterID) VALUES (252, 2059, 1, 155);
INSERT INTO PlantedIn (flowerbedID, plantID, percentage, planterID) VALUES (76, 754, 1, 21);
INSERT INTO PlantedIn (flowerbedID, plantID, percentage, planterID) VALUES (145, 1272, 1, 18);
INSERT INTO PlantedIn (flowerbedID, plantID, percentage, planterID) VALUES (15, 1653, 2, 142);
INSERT INTO PlantedIn (flowerbedID, plantID, percentage, planterID) VALUES (24, 1603, 2, 41);
INSERT INTO PlantedIn (flowerbedID, plantID, percentage, planterID) VALUES (217, 473, 3, 74);
INSERT INTO PlantedIn (flowerbedID, plantID, percentage, planterID) VALUES (222, 1986, 3, 27);
INSERT INTO PlantedIn (flowerbedID, plantID, percentage, planterID) VALUES (14, 194, 2, 128);
INSERT INTO PlantedIn (flowerbedID, plantID, percentage, planterID) VALUES (74, 3334, 3, 58);
INSERT INTO PlantedIn (flowerbedID, plantID, percentage, planterID) VALUES (259, 3013, 4, 123);
INSERT INTO PlantedIn (flowerbedID, plantID, percentage, planterID) VALUES (59, 3665, 4, 71);
INSERT INTO PlantedIn (flowerbedID, plantID, percentage, planterID) VALUES (22, 3251, 4, 104);
INSERT INTO PlantedIn (flowerbedID, plantID, percentage, planterID) VALUES (164, 2143, 2, 134);
INSERT INTO PlantedIn (flowerbedID, plantID, percentage, planterID) VALUES (21, 3587, 1, 150);
INSERT INTO PlantedIn (flowerbedID, plantID, percentage, planterID) VALUES (293, 2370, 1, 71);
INSERT INTO PlantedIn (flowerbedID, plantID, percentage, planterID) VALUES (56, 3508, 1, 157);
INSERT INTO PlantedIn (flowerbedID, plantID, percentage, planterID) VALUES (171, 1565, 3, 138);
INSERT INTO PlantedIn (flowerbedID, plantID, percentage, planterID) VALUES (74, 1562, 4, 74);
INSERT INTO PlantedIn (flowerbedID, plantID, percentage, planterID) VALUES (287, 775, 1, 14);
INSERT INTO PlantedIn (flowerbedID, plantID, percentage, planterID) VALUES (39, 3675, 1, 25);
INSERT INTO PlantedIn (flowerbedID, plantID, percentage, planterID) VALUES (169, 2139, 1, 57);
INSERT INTO PlantedIn (flowerbedID, plantID, percentage, planterID) VALUES (91, 1085, 2, 122);
INSERT INTO PlantedIn (flowerbedID, plantID, percentage, planterID) VALUES (57, 2375, 4, 93);
INSERT INTO PlantedIn (flowerbedID, plantID, percentage, planterID) VALUES (71, 2050, 4, 131);
INSERT INTO PlantedIn (flowerbedID, plantID, percentage, planterID) VALUES (280, 2153, 1, 77);
INSERT INTO PlantedIn (flowerbedID, plantID, percentage, planterID) VALUES (2, 338, 3, 53);
INSERT INTO PlantedIn (flowerbedID, plantID, percentage, planterID) VALUES (192, 2458, 4, 105);
INSERT INTO PlantedIn (flowerbedID, plantID, percentage, planterID) VALUES (275, 1223, 1, 74);
INSERT INTO PlantedIn (flowerbedID, plantID, percentage, planterID) VALUES (88, 1621, 2, 106);
INSERT INTO PlantedIn (flowerbedID, plantID, percentage, planterID) VALUES (87, 2271, 2, 30);
INSERT INTO PlantedIn (flowerbedID, plantID, percentage, planterID) VALUES (193, 463, 3, 97);
INSERT INTO PlantedIn (flowerbedID, plantID, percentage, planterID) VALUES (62, 3354, 4, 38);
INSERT INTO PlantedIn (flowerbedID, plantID, percentage, planterID) VALUES (151, 3210, 2, 136);
INSERT INTO PlantedIn (flowerbedID, plantID, percentage, planterID) VALUES (44, 850, 1, 91);
INSERT INTO PlantedIn (flowerbedID, plantID, percentage, planterID) VALUES (56, 1948, 3, 43);
INSERT INTO PlantedIn (flowerbedID, plantID, percentage, planterID) VALUES (72, 841, 3, 20);
INSERT INTO PlantedIn (flowerbedID, plantID, percentage, planterID) VALUES (191, 2813, 4, 136);
INSERT INTO PlantedIn (flowerbedID, plantID, percentage, planterID) VALUES (95, 3710, 4, 50);
INSERT INTO PlantedIn (flowerbedID, plantID, percentage, planterID) VALUES (24, 3284, 2, 105);
INSERT INTO PlantedIn (flowerbedID, plantID, percentage, planterID) VALUES (215, 3205, 1, 24);
INSERT INTO PlantedIn (flowerbedID, plantID, percentage, planterID) VALUES (198, 3575, 4, 111);
INSERT INTO PlantedIn (flowerbedID, plantID, percentage, planterID) VALUES (44, 637, 2, 152);
INSERT INTO PlantedIn (flowerbedID, plantID, percentage, planterID) VALUES (200, 494, 4, 3);
INSERT INTO PlantedIn (flowerbedID, plantID, percentage, planterID) VALUES (104, 497, 4, 76);
INSERT INTO PlantedIn (flowerbedID, plantID, percentage, planterID) VALUES (256, 877, 1, 157);
INSERT INTO PlantedIn (flowerbedID, plantID, percentage, planterID) VALUES (56, 764, 2, 23);
INSERT INTO PlantedIn (flowerbedID, plantID, percentage, planterID) VALUES (15, 2854, 4, 96);
INSERT INTO PlantedIn (flowerbedID, plantID, percentage, planterID) VALUES (184, 2418, 4, 6);
INSERT INTO PlantedIn (flowerbedID, plantID, percentage, planterID) VALUES (237, 3541, 2, 16);
INSERT INTO PlantedIn (flowerbedID, plantID, percentage, planterID) VALUES (14, 395, 2, 64);
INSERT INTO PlantedIn (flowerbedID, plantID, percentage, planterID) VALUES (69, 3123, 1, 64);
INSERT INTO PlantedIn (flowerbedID, plantID, percentage, planterID) VALUES (11, 1085, 1, 45);
INSERT INTO PlantedIn (flowerbedID, plantID, percentage, planterID) VALUES (144, 1497, 3, 84);
INSERT INTO PlantedIn (flowerbedID, plantID, percentage, planterID) VALUES (38, 159, 3, 50);
INSERT INTO PlantedIn (flowerbedID, plantID, percentage, planterID) VALUES (218, 1064, 2, 159);
INSERT INTO PlantedIn (flowerbedID, plantID, percentage, planterID) VALUES (270, 3681, 3, 18);
INSERT INTO PlantedIn (flowerbedID, plantID, percentage, planterID) VALUES (260, 724, 4, 26);
INSERT INTO PlantedIn (flowerbedID, plantID, percentage, planterID) VALUES (87, 2001, 3, 52);
INSERT INTO PlantedIn (flowerbedID, plantID, percentage, planterID) VALUES (98, 2601, 2, 105);
INSERT INTO PlantedIn (flowerbedID, plantID, percentage, planterID) VALUES (286, 3337, 2, 101);
INSERT INTO PlantedIn (flowerbedID, plantID, percentage, planterID) VALUES (34, 958, 4, 12);
INSERT INTO PlantedIn (flowerbedID, plantID, percentage, planterID) VALUES (157, 3820, 2, 32);
INSERT INTO PlantedIn (flowerbedID, plantID, percentage, planterID) VALUES (282, 1082, 4, 20);
INSERT INTO PlantedIn (flowerbedID, plantID, percentage, planterID) VALUES (140, 1026, 4, 125);
INSERT INTO PlantedIn (flowerbedID, plantID, percentage, planterID) VALUES (235, 89, 1, 48);
INSERT INTO PlantedIn (flowerbedID, plantID, percentage, planterID) VALUES (209, 3408, 3, 81);
INSERT INTO PlantedIn (flowerbedID, plantID, percentage, planterID) VALUES (223, 193, 4, 14);
INSERT INTO PlantedIn (flowerbedID, plantID, percentage, planterID) VALUES (36, 151, 1, 64);
INSERT INTO PlantedIn (flowerbedID, plantID, percentage, planterID) VALUES (86, 1702, 4, 12);
INSERT INTO PlantedIn (flowerbedID, plantID, percentage, planterID) VALUES (129, 968, 2, 41);
INSERT INTO PlantedIn (flowerbedID, plantID, percentage, planterID) VALUES (159, 1346, 4, 31);
INSERT INTO PlantedIn (flowerbedID, plantID, percentage, planterID) VALUES (184, 3477, 2, 130);
INSERT INTO PlantedIn (flowerbedID, plantID, percentage, planterID) VALUES (276, 113, 3, 87);
INSERT INTO PlantedIn (flowerbedID, plantID, percentage, planterID) VALUES (273, 3759, 3, 46);
INSERT INTO PlantedIn (flowerbedID, plantID, percentage, planterID) VALUES (7, 1348, 1, 113);
INSERT INTO PlantedIn (flowerbedID, plantID, percentage, planterID) VALUES (116, 88, 3, 64);
INSERT INTO PlantedIn (flowerbedID, plantID, percentage, planterID) VALUES (139, 1705, 4, 84);
INSERT INTO PlantedIn (flowerbedID, plantID, percentage, planterID) VALUES (207, 2770, 1, 45);
INSERT INTO PlantedIn (flowerbedID, plantID, percentage, planterID) VALUES (20, 1696, 3, 38);
INSERT INTO PlantedIn (flowerbedID, plantID, percentage, planterID) VALUES (102, 3758, 2, 13);
INSERT INTO PlantedIn (flowerbedID, plantID, percentage, planterID) VALUES (1, 2237, 4, 152);
INSERT INTO PlantedIn (flowerbedID, plantID, percentage, planterID) VALUES (165, 563, 3, 98);
INSERT INTO PlantedIn (flowerbedID, plantID, percentage, planterID) VALUES (148, 848, 4, 123);
INSERT INTO PlantedIn (flowerbedID, plantID, percentage, planterID) VALUES (73, 334, 3, 96);
INSERT INTO PlantedIn (flowerbedID, plantID, percentage, planterID) VALUES (158, 152, 1, 103);
INSERT INTO PlantedIn (flowerbedID, plantID, percentage, planterID) VALUES (227, 3310, 4, 76);
INSERT INTO PlantedIn (flowerbedID, plantID, percentage, planterID) VALUES (89, 2546, 3, 86);
INSERT INTO PlantedIn (flowerbedID, plantID, percentage, planterID) VALUES (189, 2217, 3, 154);
INSERT INTO PlantedIn (flowerbedID, plantID, percentage, planterID) VALUES (46, 2983, 3, 94);
INSERT INTO PlantedIn (flowerbedID, plantID, percentage, planterID) VALUES (275, 436, 2, 48);
INSERT INTO PlantedIn (flowerbedID, plantID, percentage, planterID) VALUES (100, 3830, 3, 51);
INSERT INTO PlantedIn (flowerbedID, plantID, percentage, planterID) VALUES (24, 3282, 3, 48);
INSERT INTO PlantedIn (flowerbedID, plantID, percentage, planterID) VALUES (266, 3381, 3, 142);
INSERT INTO PlantedIn (flowerbedID, plantID, percentage, planterID) VALUES (219, 1015, 1, 80);
INSERT INTO PlantedIn (flowerbedID, plantID, percentage, planterID) VALUES (276, 3727, 3, 114);
INSERT INTO PlantedIn (flowerbedID, plantID, percentage, planterID) VALUES (161, 2135, 3, 32);
INSERT INTO PlantedIn (flowerbedID, plantID, percentage, planterID) VALUES (97, 2818, 1, 68);
INSERT INTO PlantedIn (flowerbedID, plantID, percentage, planterID) VALUES (252, 2585, 1, 113);
INSERT INTO PlantedIn (flowerbedID, plantID, percentage, planterID) VALUES (198, 3657, 3, 129);
INSERT INTO PlantedIn (flowerbedID, plantID, percentage, planterID) VALUES (238, 102, 3, 59);
INSERT INTO PlantedIn (flowerbedID, plantID, percentage, planterID) VALUES (270, 633, 3, 57);
INSERT INTO PlantedIn (flowerbedID, plantID, percentage, planterID) VALUES (128, 3065, 2, 114);
INSERT INTO PlantedIn (flowerbedID, plantID, percentage, planterID) VALUES (227, 1223, 2, 155);
INSERT INTO PlantedIn (flowerbedID, plantID, percentage, planterID) VALUES (243, 1457, 3, 75);
INSERT INTO PlantedIn (flowerbedID, plantID, percentage, planterID) VALUES (14, 334, 3, 143);
INSERT INTO PlantedIn (flowerbedID, plantID, percentage, planterID) VALUES (10, 2225, 4, 76);
INSERT INTO PlantedIn (flowerbedID, plantID, percentage, planterID) VALUES (180, 3026, 3, 88);
INSERT INTO PlantedIn (flowerbedID, plantID, percentage, planterID) VALUES (283, 3243, 2, 24);
INSERT INTO PlantedIn (flowerbedID, plantID, percentage, planterID) VALUES (189, 3062, 2, 124);
INSERT INTO PlantedIn (flowerbedID, plantID, percentage, planterID) VALUES (210, 2581, 3, 30);
INSERT INTO PlantedIn (flowerbedID, plantID, percentage, planterID) VALUES (14, 2332, 1, 30);
INSERT INTO PlantedIn (flowerbedID, plantID, percentage, planterID) VALUES (207, 3852, 3, 137);
INSERT INTO PlantedIn (flowerbedID, plantID, percentage, planterID) VALUES (172, 916, 1, 95);
INSERT INTO PlantedIn (flowerbedID, plantID, percentage, planterID) VALUES (6, 236, 4, 117);
INSERT INTO PlantedIn (flowerbedID, plantID, percentage, planterID) VALUES (270, 3135, 3, 59);
INSERT INTO PlantedIn (flowerbedID, plantID, percentage, planterID) VALUES (181, 225, 3, 159);
INSERT INTO PlantedIn (flowerbedID, plantID, percentage, planterID) VALUES (203, 2335, 2, 119);
INSERT INTO PlantedIn (flowerbedID, plantID, percentage, planterID) VALUES (82, 3318, 2, 154);
INSERT INTO PlantedIn (flowerbedID, plantID, percentage, planterID) VALUES (138, 242, 1, 70);
INSERT INTO PlantedIn (flowerbedID, plantID, percentage, planterID) VALUES (18, 778, 3, 151);
INSERT INTO PlantedIn (flowerbedID, plantID, percentage, planterID) VALUES (131, 1633, 2, 139);
INSERT INTO PlantedIn (flowerbedID, plantID, percentage, planterID) VALUES (145, 1860, 2, 73);
INSERT INTO PlantedIn (flowerbedID, plantID, percentage, planterID) VALUES (88, 2945, 4, 158);
INSERT INTO PlantedIn (flowerbedID, plantID, percentage, planterID) VALUES (246, 3230, 2, 105);
INSERT INTO PlantedIn (flowerbedID, plantID, percentage, planterID) VALUES (132, 1143, 3, 151);
INSERT INTO PlantedIn (flowerbedID, plantID, percentage, planterID) VALUES (46, 2978, 3, 5);
INSERT INTO PlantedIn (flowerbedID, plantID, percentage, planterID) VALUES (250, 1678, 4, 132);
INSERT INTO PlantedIn (flowerbedID, plantID, percentage, planterID) VALUES (190, 2470, 1, 90);
INSERT INTO PlantedIn (flowerbedID, plantID, percentage, planterID) VALUES (19, 1266, 3, 92);
INSERT INTO PlantedIn (flowerbedID, plantID, percentage, planterID) VALUES (242, 3688, 1, 160);
INSERT INTO PlantedIn (flowerbedID, plantID, percentage, planterID) VALUES (203, 2330, 1, 6);
INSERT INTO PlantedIn (flowerbedID, plantID, percentage, planterID) VALUES (269, 3515, 1, 143);
INSERT INTO PlantedIn (flowerbedID, plantID, percentage, planterID) VALUES (204, 3315, 3, 115);
INSERT INTO PlantedIn (flowerbedID, plantID, percentage, planterID) VALUES (88, 1674, 4, 70);
INSERT INTO PlantedIn (flowerbedID, plantID, percentage, planterID) VALUES (22, 3584, 1, 1);
INSERT INTO PlantedIn (flowerbedID, plantID, percentage, planterID) VALUES (77, 2052, 1, 117);
INSERT INTO PlantedIn (flowerbedID, plantID, percentage, planterID) VALUES (145, 2344, 1, 29);
INSERT INTO PlantedIn (flowerbedID, plantID, percentage, planterID) VALUES (135, 617, 1, 127);
INSERT INTO PlantedIn (flowerbedID, plantID, percentage, planterID) VALUES (228, 2974, 3, 43);
INSERT INTO PlantedIn (flowerbedID, plantID, percentage, planterID) VALUES (203, 294, 2, 123);
INSERT INTO PlantedIn (flowerbedID, plantID, percentage, planterID) VALUES (280, 1466, 1, 150);
INSERT INTO PlantedIn (flowerbedID, plantID, percentage, planterID) VALUES (243, 1063, 4, 27);
INSERT INTO PlantedIn (flowerbedID, plantID, percentage, planterID) VALUES (61, 590, 2, 4);
INSERT INTO PlantedIn (flowerbedID, plantID, percentage, planterID) VALUES (205, 2691, 1, 90);
INSERT INTO PlantedIn (flowerbedID, plantID, percentage, planterID) VALUES (91, 2641, 4, 64);
INSERT INTO PlantedIn (flowerbedID, plantID, percentage, planterID) VALUES (252, 407, 3, 152);
INSERT INTO PlantedIn (flowerbedID, plantID, percentage, planterID) VALUES (262, 486, 3, 46);
INSERT INTO PlantedIn (flowerbedID, plantID, percentage, planterID) VALUES (61, 3778, 1, 157);
INSERT INTO PlantedIn (flowerbedID, plantID, percentage, planterID) VALUES (107, 3022, 1, 62);
INSERT INTO PlantedIn (flowerbedID, plantID, percentage, planterID) VALUES (17, 1982, 2, 10);
INSERT INTO PlantedIn (flowerbedID, plantID, percentage, planterID) VALUES (199, 274, 2, 123);
INSERT INTO PlantedIn (flowerbedID, plantID, percentage, planterID) VALUES (230, 907, 1, 89);
INSERT INTO PlantedIn (flowerbedID, plantID, percentage, planterID) VALUES (275, 3422, 4, 142);
INSERT INTO PlantedIn (flowerbedID, plantID, percentage, planterID) VALUES (297, 2708, 4, 63);
INSERT INTO PlantedIn (flowerbedID, plantID, percentage, planterID) VALUES (247, 2438, 1, 72);
INSERT INTO PlantedIn (flowerbedID, plantID, percentage, planterID) VALUES (182, 1273, 4, 28);
INSERT INTO PlantedIn (flowerbedID, plantID, percentage, planterID) VALUES (34, 2021, 1, 23);
INSERT INTO PlantedIn (flowerbedID, plantID, percentage, planterID) VALUES (11, 720, 3, 74);
INSERT INTO PlantedIn (flowerbedID, plantID, percentage, planterID) VALUES (77, 546, 1, 9);
INSERT INTO PlantedIn (flowerbedID, plantID, percentage, planterID) VALUES (113, 2185, 2, 17);
INSERT INTO PlantedIn (flowerbedID, plantID, percentage, planterID) VALUES (135, 3535, 2, 10);
INSERT INTO PlantedIn (flowerbedID, plantID, percentage, planterID) VALUES (184, 1623, 2, 53);
INSERT INTO PlantedIn (flowerbedID, plantID, percentage, planterID) VALUES (16, 2799, 3, 81);
INSERT INTO PlantedIn (flowerbedID, plantID, percentage, planterID) VALUES (16, 2439, 1, 108);
INSERT INTO PlantedIn (flowerbedID, plantID, percentage, planterID) VALUES (46, 2923, 1, 58);
INSERT INTO PlantedIn (flowerbedID, plantID, percentage, planterID) VALUES (282, 2930, 1, 153);
INSERT INTO PlantedIn (flowerbedID, plantID, percentage, planterID) VALUES (269, 3626, 2, 39);
INSERT INTO PlantedIn (flowerbedID, plantID, percentage, planterID) VALUES (151, 1223, 4, 98);
INSERT INTO PlantedIn (flowerbedID, plantID, percentage, planterID) VALUES (69, 2407, 4, 68);
INSERT INTO PlantedIn (flowerbedID, plantID, percentage, planterID) VALUES (13, 2709, 1, 50);
INSERT INTO PlantedIn (flowerbedID, plantID, percentage, planterID) VALUES (128, 2920, 2, 130);
INSERT INTO PlantedIn (flowerbedID, plantID, percentage, planterID) VALUES (116, 1447, 3, 111);
INSERT INTO PlantedIn (flowerbedID, plantID, percentage, planterID) VALUES (40, 3767, 1, 126);
INSERT INTO PlantedIn (flowerbedID, plantID, percentage, planterID) VALUES (220, 2390, 3, 47);
INSERT INTO PlantedIn (flowerbedID, plantID, percentage, planterID) VALUES (167, 1913, 1, 156);
INSERT INTO PlantedIn (flowerbedID, plantID, percentage, planterID) VALUES (243, 1838, 1, 3);
INSERT INTO PlantedIn (flowerbedID, plantID, percentage, planterID) VALUES (30, 1576, 1, 153);
INSERT INTO PlantedIn (flowerbedID, plantID, percentage, planterID) VALUES (278, 3806, 2, 2);
INSERT INTO PlantedIn (flowerbedID, plantID, percentage, planterID) VALUES (108, 2528, 2, 148);
INSERT INTO PlantedIn (flowerbedID, plantID, percentage, planterID) VALUES (188, 2262, 2, 97);
INSERT INTO PlantedIn (flowerbedID, plantID, percentage, planterID) VALUES (99, 3480, 1, 141);
INSERT INTO PlantedIn (flowerbedID, plantID, percentage, planterID) VALUES (113, 3216, 2, 32);
INSERT INTO PlantedIn (flowerbedID, plantID, percentage, planterID) VALUES (72, 266, 2, 106);
INSERT INTO PlantedIn (flowerbedID, plantID, percentage, planterID) VALUES (73, 3275, 1, 152);
INSERT INTO PlantedIn (flowerbedID, plantID, percentage, planterID) VALUES (249, 3449, 1, 85);
INSERT INTO PlantedIn (flowerbedID, plantID, percentage, planterID) VALUES (164, 1332, 1, 118);
INSERT INTO PlantedIn (flowerbedID, plantID, percentage, planterID) VALUES (278, 939, 1, 93);
INSERT INTO PlantedIn (flowerbedID, plantID, percentage, planterID) VALUES (23, 2047, 2, 154);
INSERT INTO PlantedIn (flowerbedID, plantID, percentage, planterID) VALUES (129, 2751, 4, 94);
INSERT INTO PlantedIn (flowerbedID, plantID, percentage, planterID) VALUES (163, 2807, 4, 48);
INSERT INTO PlantedIn (flowerbedID, plantID, percentage, planterID) VALUES (222, 46, 3, 37);
INSERT INTO PlantedIn (flowerbedID, plantID, percentage, planterID) VALUES (271, 2703, 2, 132);
INSERT INTO PlantedIn (flowerbedID, plantID, percentage, planterID) VALUES (14, 1714, 4, 108);
INSERT INTO PlantedIn (flowerbedID, plantID, percentage, planterID) VALUES (206, 623, 4, 19);
INSERT INTO PlantedIn (flowerbedID, plantID, percentage, planterID) VALUES (207, 3861, 1, 29);
INSERT INTO PlantedIn (flowerbedID, plantID, percentage, planterID) VALUES (213, 2756, 2, 160);
INSERT INTO PlantedIn (flowerbedID, plantID, percentage, planterID) VALUES (132, 790, 1, 7);
INSERT INTO PlantedIn (flowerbedID, plantID, percentage, planterID) VALUES (29, 649, 4, 47);
INSERT INTO PlantedIn (flowerbedID, plantID, percentage, planterID) VALUES (54, 1867, 1, 71);
INSERT INTO PlantedIn (flowerbedID, plantID, percentage, planterID) VALUES (55, 664, 1, 92);
INSERT INTO PlantedIn (flowerbedID, plantID, percentage, planterID) VALUES (184, 612, 2, 35);
INSERT INTO PlantedIn (flowerbedID, plantID, percentage, planterID) VALUES (96, 1183, 1, 11);
INSERT INTO PlantedIn (flowerbedID, plantID, percentage, planterID) VALUES (92, 896, 1, 23);
INSERT INTO PlantedIn (flowerbedID, plantID, percentage, planterID) VALUES (283, 216, 2, 47);
INSERT INTO PlantedIn (flowerbedID, plantID, percentage, planterID) VALUES (78, 1183, 2, 107);
INSERT INTO PlantedIn (flowerbedID, plantID, percentage, planterID) VALUES (142, 3442, 3, 34);
INSERT INTO PlantedIn (flowerbedID, plantID, percentage, planterID) VALUES (112, 2329, 3, 127);
INSERT INTO PlantedIn (flowerbedID, plantID, percentage, planterID) VALUES (232, 1044, 2, 135);
INSERT INTO PlantedIn (flowerbedID, plantID, percentage, planterID) VALUES (129, 3793, 3, 119);
INSERT INTO PlantedIn (flowerbedID, plantID, percentage, planterID) VALUES (86, 2914, 3, 131);
INSERT INTO PlantedIn (flowerbedID, plantID, percentage, planterID) VALUES (295, 3433, 4, 105);
INSERT INTO PlantedIn (flowerbedID, plantID, percentage, planterID) VALUES (283, 3387, 1, 55);
INSERT INTO PlantedIn (flowerbedID, plantID, percentage, planterID) VALUES (55, 3604, 3, 97);
INSERT INTO PlantedIn (flowerbedID, plantID, percentage, planterID) VALUES (107, 178, 1, 130);
INSERT INTO PlantedIn (flowerbedID, plantID, percentage, planterID) VALUES (95, 2063, 3, 90);
INSERT INTO PlantedIn (flowerbedID, plantID, percentage, planterID) VALUES (154, 814, 4, 85);
INSERT INTO PlantedIn (flowerbedID, plantID, percentage, planterID) VALUES (289, 966, 4, 68);
INSERT INTO PlantedIn (flowerbedID, plantID, percentage, planterID) VALUES (42, 4, 1, 152);
INSERT INTO PlantedIn (flowerbedID, plantID, percentage, planterID) VALUES (263, 751, 1, 50);
INSERT INTO PlantedIn (flowerbedID, plantID, percentage, planterID) VALUES (38, 3271, 4, 124);
INSERT INTO PlantedIn (flowerbedID, plantID, percentage, planterID) VALUES (180, 96, 4, 25);
INSERT INTO PlantedIn (flowerbedID, plantID, percentage, planterID) VALUES (22, 3468, 2, 16);
INSERT INTO PlantedIn (flowerbedID, plantID, percentage, planterID) VALUES (129, 2356, 4, 23);
INSERT INTO PlantedIn (flowerbedID, plantID, percentage, planterID) VALUES (246, 2409, 4, 129);
INSERT INTO PlantedIn (flowerbedID, plantID, percentage, planterID) VALUES (262, 547, 1, 127);
INSERT INTO PlantedIn (flowerbedID, plantID, percentage, planterID) VALUES (43, 2372, 1, 16);
INSERT INTO PlantedIn (flowerbedID, plantID, percentage, planterID) VALUES (242, 1460, 4, 14);
INSERT INTO PlantedIn (flowerbedID, plantID, percentage, planterID) VALUES (67, 3070, 4, 152);
INSERT INTO PlantedIn (flowerbedID, plantID, percentage, planterID) VALUES (245, 110, 4, 135);
INSERT INTO PlantedIn (flowerbedID, plantID, percentage, planterID) VALUES (277, 3369, 2, 48);
INSERT INTO PlantedIn (flowerbedID, plantID, percentage, planterID) VALUES (144, 1577, 2, 52);
INSERT INTO PlantedIn (flowerbedID, plantID, percentage, planterID) VALUES (10, 190, 4, 15);
INSERT INTO PlantedIn (flowerbedID, plantID, percentage, planterID) VALUES (57, 3163, 2, 158);
INSERT INTO PlantedIn (flowerbedID, plantID, percentage, planterID) VALUES (130, 27, 1, 61);
INSERT INTO PlantedIn (flowerbedID, plantID, percentage, planterID) VALUES (115, 1668, 3, 30);
INSERT INTO PlantedIn (flowerbedID, plantID, percentage, planterID) VALUES (68, 217, 1, 75);
INSERT INTO PlantedIn (flowerbedID, plantID, percentage, planterID) VALUES (26, 831, 1, 161);
INSERT INTO PlantedIn (flowerbedID, plantID, percentage, planterID) VALUES (26, 817, 3, 63);
INSERT INTO PlantedIn (flowerbedID, plantID, percentage, planterID) VALUES (186, 2580, 3, 150);
INSERT INTO PlantedIn (flowerbedID, plantID, percentage, planterID) VALUES (215, 3682, 4, 96);
INSERT INTO PlantedIn (flowerbedID, plantID, percentage, planterID) VALUES (231, 1813, 1, 42);
INSERT INTO PlantedIn (flowerbedID, plantID, percentage, planterID) VALUES (143, 2290, 4, 76);
INSERT INTO PlantedIn (flowerbedID, plantID, percentage, planterID) VALUES (8, 2376, 1, 81);
INSERT INTO PlantedIn (flowerbedID, plantID, percentage, planterID) VALUES (201, 3483, 4, 51);
INSERT INTO PlantedIn (flowerbedID, plantID, percentage, planterID) VALUES (35, 886, 1, 132);
INSERT INTO PlantedIn (flowerbedID, plantID, percentage, planterID) VALUES (132, 505, 1, 133);
INSERT INTO PlantedIn (flowerbedID, plantID, percentage, planterID) VALUES (239, 2465, 3, 123);
INSERT INTO PlantedIn (flowerbedID, plantID, percentage, planterID) VALUES (177, 1021, 2, 73);
INSERT INTO PlantedIn (flowerbedID, plantID, percentage, planterID) VALUES (220, 2554, 1, 97);
INSERT INTO PlantedIn (flowerbedID, plantID, percentage, planterID) VALUES (76, 20, 2, 12);
INSERT INTO PlantedIn (flowerbedID, plantID, percentage, planterID) VALUES (186, 2078, 2, 91);
INSERT INTO PlantedIn (flowerbedID, plantID, percentage, planterID) VALUES (132, 3173, 3, 8);
INSERT INTO PlantedIn (flowerbedID, plantID, percentage, planterID) VALUES (15, 3130, 2, 131);
INSERT INTO PlantedIn (flowerbedID, plantID, percentage, planterID) VALUES (282, 2036, 3, 95);
INSERT INTO PlantedIn (flowerbedID, plantID, percentage, planterID) VALUES (50, 1003, 4, 44);
INSERT INTO PlantedIn (flowerbedID, plantID, percentage, planterID) VALUES (157, 2601, 2, 20);
INSERT INTO PlantedIn (flowerbedID, plantID, percentage, planterID) VALUES (100, 2626, 3, 81);
INSERT INTO PlantedIn (flowerbedID, plantID, percentage, planterID) VALUES (205, 2065, 2, 149);
INSERT INTO PlantedIn (flowerbedID, plantID, percentage, planterID) VALUES (22, 1507, 3, 103);
INSERT INTO PlantedIn (flowerbedID, plantID, percentage, planterID) VALUES (63, 2470, 2, 12);
INSERT INTO PlantedIn (flowerbedID, plantID, percentage, planterID) VALUES (135, 3175, 2, 130);
INSERT INTO PlantedIn (flowerbedID, plantID, percentage, planterID) VALUES (105, 1160, 3, 22);
INSERT INTO PlantedIn (flowerbedID, plantID, percentage, planterID) VALUES (168, 1466, 1, 46);
INSERT INTO PlantedIn (flowerbedID, plantID, percentage, planterID) VALUES (16, 1480, 2, 59);
INSERT INTO PlantedIn (flowerbedID, plantID, percentage, planterID) VALUES (102, 3228, 2, 9);
INSERT INTO PlantedIn (flowerbedID, plantID, percentage, planterID) VALUES (68, 2491, 2, 159);
INSERT INTO PlantedIn (flowerbedID, plantID, percentage, planterID) VALUES (85, 3808, 3, 120);
INSERT INTO PlantedIn (flowerbedID, plantID, percentage, planterID) VALUES (242, 1725, 1, 21);
INSERT INTO PlantedIn (flowerbedID, plantID, percentage, planterID) VALUES (224, 960, 2, 115);
INSERT INTO PlantedIn (flowerbedID, plantID, percentage, planterID) VALUES (188, 3609, 3, 67);
INSERT INTO PlantedIn (flowerbedID, plantID, percentage, planterID) VALUES (95, 2813, 2, 12);
INSERT INTO PlantedIn (flowerbedID, plantID, percentage, planterID) VALUES (160, 142, 4, 22);
INSERT INTO PlantedIn (flowerbedID, plantID, percentage, planterID) VALUES (261, 678, 1, 49);
INSERT INTO PlantedIn (flowerbedID, plantID, percentage, planterID) VALUES (246, 779, 1, 92);
INSERT INTO PlantedIn (flowerbedID, plantID, percentage, planterID) VALUES (56, 879, 4, 144);
INSERT INTO PlantedIn (flowerbedID, plantID, percentage, planterID) VALUES (202, 3696, 2, 26);
INSERT INTO PlantedIn (flowerbedID, plantID, percentage, planterID) VALUES (62, 3146, 4, 125);
INSERT INTO PlantedIn (flowerbedID, plantID, percentage, planterID) VALUES (224, 442, 1, 88);
INSERT INTO PlantedIn (flowerbedID, plantID, percentage, planterID) VALUES (252, 2225, 2, 77);
INSERT INTO PlantedIn (flowerbedID, plantID, percentage, planterID) VALUES (183, 2193, 2, 43);
INSERT INTO PlantedIn (flowerbedID, plantID, percentage, planterID) VALUES (223, 2031, 3, 100);
INSERT INTO PlantedIn (flowerbedID, plantID, percentage, planterID) VALUES (218, 432, 4, 115);
INSERT INTO PlantedIn (flowerbedID, plantID, percentage, planterID) VALUES (102, 1932, 1, 156);
INSERT INTO PlantedIn (flowerbedID, plantID, percentage, planterID) VALUES (137, 208, 3, 75);
INSERT INTO PlantedIn (flowerbedID, plantID, percentage, planterID) VALUES (260, 612, 3, 85);
INSERT INTO PlantedIn (flowerbedID, plantID, percentage, planterID) VALUES (82, 10, 1, 117);
INSERT INTO PlantedIn (flowerbedID, plantID, percentage, planterID) VALUES (173, 469, 1, 84);
INSERT INTO PlantedIn (flowerbedID, plantID, percentage, planterID) VALUES (206, 2832, 2, 116);
INSERT INTO PlantedIn (flowerbedID, plantID, percentage, planterID) VALUES (110, 2544, 3, 155);
INSERT INTO PlantedIn (flowerbedID, plantID, percentage, planterID) VALUES (48, 3110, 3, 124);
INSERT INTO PlantedIn (flowerbedID, plantID, percentage, planterID) VALUES (257, 576, 3, 48);
INSERT INTO PlantedIn (flowerbedID, plantID, percentage, planterID) VALUES (92, 2960, 3, 59);
INSERT INTO PlantedIn (flowerbedID, plantID, percentage, planterID) VALUES (230, 76, 2, 120);
INSERT INTO PlantedIn (flowerbedID, plantID, percentage, planterID) VALUES (43, 704, 4, 93);
INSERT INTO PlantedIn (flowerbedID, plantID, percentage, planterID) VALUES (274, 811, 1, 45);
INSERT INTO PlantedIn (flowerbedID, plantID, percentage, planterID) VALUES (139, 981, 4, 28);
INSERT INTO PlantedIn (flowerbedID, plantID, percentage, planterID) VALUES (273, 217, 1, 92);
INSERT INTO PlantedIn (flowerbedID, plantID, percentage, planterID) VALUES (258, 960, 3, 118);
INSERT INTO PlantedIn (flowerbedID, plantID, percentage, planterID) VALUES (119, 3702, 3, 77);
INSERT INTO PlantedIn (flowerbedID, plantID, percentage, planterID) VALUES (217, 3035, 2, 49);
INSERT INTO PlantedIn (flowerbedID, plantID, percentage, planterID) VALUES (241, 3780, 4, 145);
INSERT INTO PlantedIn (flowerbedID, plantID, percentage, planterID) VALUES (48, 1448, 1, 134);
INSERT INTO PlantedIn (flowerbedID, plantID, percentage, planterID) VALUES (175, 135, 1, 43);
INSERT INTO PlantedIn (flowerbedID, plantID, percentage, planterID) VALUES (87, 1568, 1, 151);
INSERT INTO PlantedIn (flowerbedID, plantID, percentage, planterID) VALUES (139, 1574, 2, 47);
INSERT INTO PlantedIn (flowerbedID, plantID, percentage, planterID) VALUES (197, 3685, 1, 8);
INSERT INTO PlantedIn (flowerbedID, plantID, percentage, planterID) VALUES (273, 1877, 3, 131);
INSERT INTO PlantedIn (flowerbedID, plantID, percentage, planterID) VALUES (81, 161, 1, 22);
INSERT INTO PlantedIn (flowerbedID, plantID, percentage, planterID) VALUES (6, 3729, 1, 4);
INSERT INTO PlantedIn (flowerbedID, plantID, percentage, planterID) VALUES (102, 3073, 4, 44);
INSERT INTO PlantedIn (flowerbedID, plantID, percentage, planterID) VALUES (272, 3270, 2, 55);
INSERT INTO PlantedIn (flowerbedID, plantID, percentage, planterID) VALUES (76, 2274, 4, 119);
INSERT INTO PlantedIn (flowerbedID, plantID, percentage, planterID) VALUES (66, 2780, 2, 15);
INSERT INTO PlantedIn (flowerbedID, plantID, percentage, planterID) VALUES (228, 826, 4, 97);
INSERT INTO PlantedIn (flowerbedID, plantID, percentage, planterID) VALUES (114, 825, 1, 76);
INSERT INTO PlantedIn (flowerbedID, plantID, percentage, planterID) VALUES (214, 1590, 3, 57);
INSERT INTO PlantedIn (flowerbedID, plantID, percentage, planterID) VALUES (71, 2638, 4, 73);
INSERT INTO PlantedIn (flowerbedID, plantID, percentage, planterID) VALUES (124, 1472, 3, 40);
INSERT INTO PlantedIn (flowerbedID, plantID, percentage, planterID) VALUES (30, 1222, 4, 21);
INSERT INTO PlantedIn (flowerbedID, plantID, percentage, planterID) VALUES (159, 2648, 3, 111);
INSERT INTO PlantedIn (flowerbedID, plantID, percentage, planterID) VALUES (81, 2316, 3, 39);
INSERT INTO PlantedIn (flowerbedID, plantID, percentage, planterID) VALUES (243, 2571, 3, 148);
INSERT INTO PlantedIn (flowerbedID, plantID, percentage, planterID) VALUES (23, 720, 2, 26);
INSERT INTO PlantedIn (flowerbedID, plantID, percentage, planterID) VALUES (249, 546, 1, 146);
INSERT INTO PlantedIn (flowerbedID, plantID, percentage, planterID) VALUES (247, 1016, 1, 145);
INSERT INTO PlantedIn (flowerbedID, plantID, percentage, planterID) VALUES (193, 277, 3, 150);
INSERT INTO PlantedIn (flowerbedID, plantID, percentage, planterID) VALUES (116, 3833, 4, 104);
INSERT INTO PlantedIn (flowerbedID, plantID, percentage, planterID) VALUES (203, 942, 4, 108);
INSERT INTO PlantedIn (flowerbedID, plantID, percentage, planterID) VALUES (253, 3281, 3, 103);
INSERT INTO PlantedIn (flowerbedID, plantID, percentage, planterID) VALUES (154, 1752, 3, 32);
INSERT INTO PlantedIn (flowerbedID, plantID, percentage, planterID) VALUES (192, 1287, 2, 159);
INSERT INTO PlantedIn (flowerbedID, plantID, percentage, planterID) VALUES (142, 2964, 2, 93);
INSERT INTO PlantedIn (flowerbedID, plantID, percentage, planterID) VALUES (9, 1473, 3, 93);
INSERT INTO PlantedIn (flowerbedID, plantID, percentage, planterID) VALUES (136, 1571, 4, 72);
INSERT INTO PlantedIn (flowerbedID, plantID, percentage, planterID) VALUES (120, 78, 1, 131);
INSERT INTO PlantedIn (flowerbedID, plantID, percentage, planterID) VALUES (79, 1474, 1, 4);
INSERT INTO PlantedIn (flowerbedID, plantID, percentage, planterID) VALUES (69, 2380, 3, 132);
INSERT INTO PlantedIn (flowerbedID, plantID, percentage, planterID) VALUES (21, 3652, 3, 58);
INSERT INTO PlantedIn (flowerbedID, plantID, percentage, planterID) VALUES (83, 996, 4, 31);
INSERT INTO PlantedIn (flowerbedID, plantID, percentage, planterID) VALUES (8, 2774, 1, 9);
INSERT INTO PlantedIn (flowerbedID, plantID, percentage, planterID) VALUES (30, 2262, 3, 126);
INSERT INTO PlantedIn (flowerbedID, plantID, percentage, planterID) VALUES (297, 555, 2, 68);
INSERT INTO PlantedIn (flowerbedID, plantID, percentage, planterID) VALUES (49, 574, 2, 80);
INSERT INTO PlantedIn (flowerbedID, plantID, percentage, planterID) VALUES (159, 1874, 4, 92);
INSERT INTO PlantedIn (flowerbedID, plantID, percentage, planterID) VALUES (31, 1142, 1, 87);
INSERT INTO PlantedIn (flowerbedID, plantID, percentage, planterID) VALUES (72, 3240, 3, 151);
INSERT INTO PlantedIn (flowerbedID, plantID, percentage, planterID) VALUES (29, 219, 1, 47);
INSERT INTO PlantedIn (flowerbedID, plantID, percentage, planterID) VALUES (232, 1231, 4, 30);
INSERT INTO PlantedIn (flowerbedID, plantID, percentage, planterID) VALUES (271, 3483, 4, 73);
INSERT INTO PlantedIn (flowerbedID, plantID, percentage, planterID) VALUES (14, 3152, 1, 49);
INSERT INTO PlantedIn (flowerbedID, plantID, percentage, planterID) VALUES (289, 2893, 2, 110);
INSERT INTO PlantedIn (flowerbedID, plantID, percentage, planterID) VALUES (70, 652, 2, 44);
INSERT INTO PlantedIn (flowerbedID, plantID, percentage, planterID) VALUES (139, 2929, 3, 87);
INSERT INTO PlantedIn (flowerbedID, plantID, percentage, planterID) VALUES (179, 1468, 3, 39);
INSERT INTO PlantedIn (flowerbedID, plantID, percentage, planterID) VALUES (131, 1896, 1, 140);
INSERT INTO PlantedIn (flowerbedID, plantID, percentage, planterID) VALUES (242, 3809, 3, 15);
INSERT INTO PlantedIn (flowerbedID, plantID, percentage, planterID) VALUES (266, 1963, 4, 105);
INSERT INTO PlantedIn (flowerbedID, plantID, percentage, planterID) VALUES (97, 3444, 2, 24);
INSERT INTO PlantedIn (flowerbedID, plantID, percentage, planterID) VALUES (192, 2991, 4, 135);
INSERT INTO PlantedIn (flowerbedID, plantID, percentage, planterID) VALUES (282, 133, 2, 36);
INSERT INTO PlantedIn (flowerbedID, plantID, percentage, planterID) VALUES (237, 2739, 2, 19);
INSERT INTO PlantedIn (flowerbedID, plantID, percentage, planterID) VALUES (27, 1280, 3, 14);
INSERT INTO PlantedIn (flowerbedID, plantID, percentage, planterID) VALUES (246, 3443, 3, 127);
INSERT INTO PlantedIn (flowerbedID, plantID, percentage, planterID) VALUES (262, 3166, 4, 59);
INSERT INTO PlantedIn (flowerbedID, plantID, percentage, planterID) VALUES (98, 3669, 3, 120);
INSERT INTO PlantedIn (flowerbedID, plantID, percentage, planterID) VALUES (252, 3217, 2, 162);
INSERT INTO PlantedIn (flowerbedID, plantID, percentage, planterID) VALUES (182, 2774, 3, 61);
INSERT INTO PlantedIn (flowerbedID, plantID, percentage, planterID) VALUES (80, 248, 2, 161);
INSERT INTO PlantedIn (flowerbedID, plantID, percentage, planterID) VALUES (119, 41, 1, 152);
INSERT INTO PlantedIn (flowerbedID, plantID, percentage, planterID) VALUES (270, 2377, 4, 146);
INSERT INTO PlantedIn (flowerbedID, plantID, percentage, planterID) VALUES (130, 732, 4, 93);
INSERT INTO PlantedIn (flowerbedID, plantID, percentage, planterID) VALUES (42, 903, 4, 71);
INSERT INTO PlantedIn (flowerbedID, plantID, percentage, planterID) VALUES (20, 1343, 3, 79);
INSERT INTO PlantedIn (flowerbedID, plantID, percentage, planterID) VALUES (20, 3129, 4, 38);
INSERT INTO PlantedIn (flowerbedID, plantID, percentage, planterID) VALUES (110, 672, 3, 62);
INSERT INTO PlantedIn (flowerbedID, plantID, percentage, planterID) VALUES (91, 3353, 1, 147);
INSERT INTO PlantedIn (flowerbedID, plantID, percentage, planterID) VALUES (265, 2012, 1, 117);
INSERT INTO PlantedIn (flowerbedID, plantID, percentage, planterID) VALUES (226, 336, 4, 1);
INSERT INTO PlantedIn (flowerbedID, plantID, percentage, planterID) VALUES (130, 1778, 2, 85);
INSERT INTO PlantedIn (flowerbedID, plantID, percentage, planterID) VALUES (81, 2748, 3, 55);
INSERT INTO PlantedIn (flowerbedID, plantID, percentage, planterID) VALUES (265, 2613, 1, 47);
INSERT INTO PlantedIn (flowerbedID, plantID, percentage, planterID) VALUES (290, 997, 2, 130);
INSERT INTO PlantedIn (flowerbedID, plantID, percentage, planterID) VALUES (38, 2338, 3, 82);
INSERT INTO PlantedIn (flowerbedID, plantID, percentage, planterID) VALUES (91, 1750, 1, 91);
INSERT INTO PlantedIn (flowerbedID, plantID, percentage, planterID) VALUES (291, 773, 3, 37);
INSERT INTO PlantedIn (flowerbedID, plantID, percentage, planterID) VALUES (86, 825, 3, 95);
INSERT INTO PlantedIn (flowerbedID, plantID, percentage, planterID) VALUES (202, 147, 4, 38);
INSERT INTO PlantedIn (flowerbedID, plantID, percentage, planterID) VALUES (224, 2069, 3, 100);
INSERT INTO PlantedIn (flowerbedID, plantID, percentage, planterID) VALUES (64, 3280, 1, 130);
INSERT INTO PlantedIn (flowerbedID, plantID, percentage, planterID) VALUES (32, 1976, 1, 77);
INSERT INTO PlantedIn (flowerbedID, plantID, percentage, planterID) VALUES (35, 3556, 2, 145);
INSERT INTO PlantedIn (flowerbedID, plantID, percentage, planterID) VALUES (112, 1404, 2, 104);
INSERT INTO PlantedIn (flowerbedID, plantID, percentage, planterID) VALUES (169, 3153, 4, 13);
INSERT INTO PlantedIn (flowerbedID, plantID, percentage, planterID) VALUES (9, 2393, 3, 99);
INSERT INTO PlantedIn (flowerbedID, plantID, percentage, planterID) VALUES (197, 3053, 2, 111);
INSERT INTO PlantedIn (flowerbedID, plantID, percentage, planterID) VALUES (98, 863, 3, 7);
INSERT INTO PlantedIn (flowerbedID, plantID, percentage, planterID) VALUES (22, 3072, 1, 123);
INSERT INTO PlantedIn (flowerbedID, plantID, percentage, planterID) VALUES (92, 627, 2, 71);
INSERT INTO PlantedIn (flowerbedID, plantID, percentage, planterID) VALUES (184, 1715, 1, 138);
INSERT INTO PlantedIn (flowerbedID, plantID, percentage, planterID) VALUES (78, 3373, 2, 5);
INSERT INTO PlantedIn (flowerbedID, plantID, percentage, planterID) VALUES (116, 2452, 3, 96);
INSERT INTO PlantedIn (flowerbedID, plantID, percentage, planterID) VALUES (257, 2292, 4, 43);
INSERT INTO PlantedIn (flowerbedID, plantID, percentage, planterID) VALUES (116, 3713, 3, 19);
INSERT INTO PlantedIn (flowerbedID, plantID, percentage, planterID) VALUES (230, 3687, 2, 114);
INSERT INTO PlantedIn (flowerbedID, plantID, percentage, planterID) VALUES (119, 1776, 3, 96);
INSERT INTO PlantedIn (flowerbedID, plantID, percentage, planterID) VALUES (171, 2035, 2, 47);
INSERT INTO PlantedIn (flowerbedID, plantID, percentage, planterID) VALUES (36, 1997, 3, 62);
INSERT INTO PlantedIn (flowerbedID, plantID, percentage, planterID) VALUES (143, 1789, 3, 35);
INSERT INTO PlantedIn (flowerbedID, plantID, percentage, planterID) VALUES (294, 1217, 3, 139);
INSERT INTO PlantedIn (flowerbedID, plantID, percentage, planterID) VALUES (81, 1794, 3, 22);
INSERT INTO PlantedIn (flowerbedID, plantID, percentage, planterID) VALUES (277, 2630, 2, 56);
INSERT INTO PlantedIn (flowerbedID, plantID, percentage, planterID) VALUES (78, 1032, 2, 14);
INSERT INTO PlantedIn (flowerbedID, plantID, percentage, planterID) VALUES (234, 2134, 2, 36);
INSERT INTO PlantedIn (flowerbedID, plantID, percentage, planterID) VALUES (5, 1561, 4, 148);
INSERT INTO PlantedIn (flowerbedID, plantID, percentage, planterID) VALUES (215, 2565, 4, 128);
INSERT INTO PlantedIn (flowerbedID, plantID, percentage, planterID) VALUES (39, 3351, 1, 113);
INSERT INTO PlantedIn (flowerbedID, plantID, percentage, planterID) VALUES (164, 3772, 4, 53);
INSERT INTO PlantedIn (flowerbedID, plantID, percentage, planterID) VALUES (73, 1489, 2, 42);
INSERT INTO PlantedIn (flowerbedID, plantID, percentage, planterID) VALUES (131, 917, 1, 37);
INSERT INTO PlantedIn (flowerbedID, plantID, percentage, planterID) VALUES (151, 1587, 2, 123);
INSERT INTO PlantedIn (flowerbedID, plantID, percentage, planterID) VALUES (288, 3535, 4, 94);
INSERT INTO PlantedIn (flowerbedID, plantID, percentage, planterID) VALUES (20, 2757, 1, 5);
INSERT INTO PlantedIn (flowerbedID, plantID, percentage, planterID) VALUES (174, 2618, 1, 43);
INSERT INTO PlantedIn (flowerbedID, plantID, percentage, planterID) VALUES (196, 2128, 4, 161);
INSERT INTO PlantedIn (flowerbedID, plantID, percentage, planterID) VALUES (280, 683, 2, 59);
INSERT INTO PlantedIn (flowerbedID, plantID, percentage, planterID) VALUES (124, 2141, 4, 67);
INSERT INTO PlantedIn (flowerbedID, plantID, percentage, planterID) VALUES (289, 373, 4, 35);
INSERT INTO PlantedIn (flowerbedID, plantID, percentage, planterID) VALUES (4, 2877, 2, 156);
INSERT INTO PlantedIn (flowerbedID, plantID, percentage, planterID) VALUES (44, 3386, 1, 63);
INSERT INTO PlantedIn (flowerbedID, plantID, percentage, planterID) VALUES (177, 1507, 1, 70);
INSERT INTO PlantedIn (flowerbedID, plantID, percentage, planterID) VALUES (21, 2516, 3, 51);
INSERT INTO PlantedIn (flowerbedID, plantID, percentage, planterID) VALUES (61, 893, 1, 106);
INSERT INTO PlantedIn (flowerbedID, plantID, percentage, planterID) VALUES (122, 3693, 4, 88);
INSERT INTO PlantedIn (flowerbedID, plantID, percentage, planterID) VALUES (153, 3455, 2, 127);
INSERT INTO PlantedIn (flowerbedID, plantID, percentage, planterID) VALUES (297, 3627, 1, 69);
INSERT INTO PlantedIn (flowerbedID, plantID, percentage, planterID) VALUES (205, 1178, 4, 57);
INSERT INTO PlantedIn (flowerbedID, plantID, percentage, planterID) VALUES (54, 2691, 4, 8);
INSERT INTO PlantedIn (flowerbedID, plantID, percentage, planterID) VALUES (26, 1735, 1, 162);
INSERT INTO PlantedIn (flowerbedID, plantID, percentage, planterID) VALUES (30, 908, 2, 151);
INSERT INTO PlantedIn (flowerbedID, plantID, percentage, planterID) VALUES (140, 1888, 4, 76);
INSERT INTO PlantedIn (flowerbedID, plantID, percentage, planterID) VALUES (133, 3654, 4, 120);
INSERT INTO PlantedIn (flowerbedID, plantID, percentage, planterID) VALUES (251, 1670, 4, 74);
INSERT INTO PlantedIn (flowerbedID, plantID, percentage, planterID) VALUES (111, 3196, 1, 143);
INSERT INTO PlantedIn (flowerbedID, plantID, percentage, planterID) VALUES (40, 620, 2, 152);
INSERT INTO PlantedIn (flowerbedID, plantID, percentage, planterID) VALUES (257, 3575, 4, 15);
INSERT INTO PlantedIn (flowerbedID, plantID, percentage, planterID) VALUES (112, 77, 2, 17);
INSERT INTO PlantedIn (flowerbedID, plantID, percentage, planterID) VALUES (77, 3742, 3, 134);
INSERT INTO PlantedIn (flowerbedID, plantID, percentage, planterID) VALUES (137, 815, 4, 103);
INSERT INTO PlantedIn (flowerbedID, plantID, percentage, planterID) VALUES (47, 1114, 4, 147);
INSERT INTO PlantedIn (flowerbedID, plantID, percentage, planterID) VALUES (216, 1078, 1, 142);
INSERT INTO PlantedIn (flowerbedID, plantID, percentage, planterID) VALUES (32, 2529, 1, 25);
INSERT INTO PlantedIn (flowerbedID, plantID, percentage, planterID) VALUES (244, 100, 3, 95);
INSERT INTO PlantedIn (flowerbedID, plantID, percentage, planterID) VALUES (285, 2437, 2, 106);
INSERT INTO PlantedIn (flowerbedID, plantID, percentage, planterID) VALUES (195, 2738, 4, 138);
INSERT INTO PlantedIn (flowerbedID, plantID, percentage, planterID) VALUES (203, 2207, 1, 108);
INSERT INTO PlantedIn (flowerbedID, plantID, percentage, planterID) VALUES (234, 847, 4, 6);
INSERT INTO PlantedIn (flowerbedID, plantID, percentage, planterID) VALUES (152, 3420, 1, 161);
INSERT INTO PlantedIn (flowerbedID, plantID, percentage, planterID) VALUES (49, 2925, 2, 55);
INSERT INTO PlantedIn (flowerbedID, plantID, percentage, planterID) VALUES (123, 1782, 1, 88);
INSERT INTO PlantedIn (flowerbedID, plantID, percentage, planterID) VALUES (146, 215, 2, 155);
INSERT INTO PlantedIn (flowerbedID, plantID, percentage, planterID) VALUES (206, 1969, 2, 131);
INSERT INTO PlantedIn (flowerbedID, plantID, percentage, planterID) VALUES (66, 2160, 4, 42);
INSERT INTO PlantedIn (flowerbedID, plantID, percentage, planterID) VALUES (39, 3350, 4, 5);
INSERT INTO PlantedIn (flowerbedID, plantID, percentage, planterID) VALUES (26, 229, 3, 147);
INSERT INTO PlantedIn (flowerbedID, plantID, percentage, planterID) VALUES (283, 3023, 1, 142);
INSERT INTO PlantedIn (flowerbedID, plantID, percentage, planterID) VALUES (162, 533, 4, 65);
INSERT INTO PlantedIn (flowerbedID, plantID, percentage, planterID) VALUES (180, 3414, 1, 31);
INSERT INTO PlantedIn (flowerbedID, plantID, percentage, planterID) VALUES (281, 274, 3, 90);
INSERT INTO PlantedIn (flowerbedID, plantID, percentage, planterID) VALUES (253, 779, 4, 120);
INSERT INTO PlantedIn (flowerbedID, plantID, percentage, planterID) VALUES (21, 2779, 1, 153);
INSERT INTO PlantedIn (flowerbedID, plantID, percentage, planterID) VALUES (233, 2838, 3, 129);
INSERT INTO PlantedIn (flowerbedID, plantID, percentage, planterID) VALUES (155, 2191, 1, 143);
INSERT INTO PlantedIn (flowerbedID, plantID, percentage, planterID) VALUES (211, 797, 2, 1);
INSERT INTO PlantedIn (flowerbedID, plantID, percentage, planterID) VALUES (27, 690, 1, 67);
INSERT INTO PlantedIn (flowerbedID, plantID, percentage, planterID) VALUES (75, 3527, 4, 113);
INSERT INTO PlantedIn (flowerbedID, plantID, percentage, planterID) VALUES (59, 2367, 1, 108);
INSERT INTO PlantedIn (flowerbedID, plantID, percentage, planterID) VALUES (244, 1236, 4, 3);
INSERT INTO PlantedIn (flowerbedID, plantID, percentage, planterID) VALUES (12, 3472, 4, 7);
INSERT INTO PlantedIn (flowerbedID, plantID, percentage, planterID) VALUES (190, 3024, 1, 93);
INSERT INTO PlantedIn (flowerbedID, plantID, percentage, planterID) VALUES (105, 1421, 1, 35);
INSERT INTO PlantedIn (flowerbedID, plantID, percentage, planterID) VALUES (172, 798, 3, 62);
INSERT INTO PlantedIn (flowerbedID, plantID, percentage, planterID) VALUES (116, 2886, 3, 119);
INSERT INTO PlantedIn (flowerbedID, plantID, percentage, planterID) VALUES (197, 1322, 4, 80);
INSERT INTO PlantedIn (flowerbedID, plantID, percentage, planterID) VALUES (286, 352, 4, 155);
INSERT INTO PlantedIn (flowerbedID, plantID, percentage, planterID) VALUES (123, 3515, 2, 112);
INSERT INTO PlantedIn (flowerbedID, plantID, percentage, planterID) VALUES (242, 2649, 2, 46);
INSERT INTO PlantedIn (flowerbedID, plantID, percentage, planterID) VALUES (140, 3107, 4, 102);
INSERT INTO PlantedIn (flowerbedID, plantID, percentage, planterID) VALUES (52, 3055, 3, 150);
INSERT INTO PlantedIn (flowerbedID, plantID, percentage, planterID) VALUES (298, 879, 2, 71);
INSERT INTO PlantedIn (flowerbedID, plantID, percentage, planterID) VALUES (292, 376, 3, 3);
INSERT INTO PlantedIn (flowerbedID, plantID, percentage, planterID) VALUES (132, 1852, 2, 84);
INSERT INTO PlantedIn (flowerbedID, plantID, percentage, planterID) VALUES (171, 1485, 4, 28);
INSERT INTO PlantedIn (flowerbedID, plantID, percentage, planterID) VALUES (88, 3135, 1, 74);
INSERT INTO PlantedIn (flowerbedID, plantID, percentage, planterID) VALUES (149, 2687, 4, 93);
INSERT INTO PlantedIn (flowerbedID, plantID, percentage, planterID) VALUES (150, 495, 3, 135);
INSERT INTO PlantedIn (flowerbedID, plantID, percentage, planterID) VALUES (275, 2514, 4, 72);
INSERT INTO PlantedIn (flowerbedID, plantID, percentage, planterID) VALUES (263, 3175, 4, 51);
INSERT INTO PlantedIn (flowerbedID, plantID, percentage, planterID) VALUES (275, 1205, 2, 84);
INSERT INTO PlantedIn (flowerbedID, plantID, percentage, planterID) VALUES (237, 3758, 2, 130);
INSERT INTO PlantedIn (flowerbedID, plantID, percentage, planterID) VALUES (107, 3525, 3, 59);
INSERT INTO PlantedIn (flowerbedID, plantID, percentage, planterID) VALUES (217, 2979, 1, 130);
INSERT INTO PlantedIn (flowerbedID, plantID, percentage, planterID) VALUES (140, 1123, 4, 32);
INSERT INTO PlantedIn (flowerbedID, plantID, percentage, planterID) VALUES (126, 3722, 2, 110);
INSERT INTO PlantedIn (flowerbedID, plantID, percentage, planterID) VALUES (184, 189, 2, 44);
INSERT INTO PlantedIn (flowerbedID, plantID, percentage, planterID) VALUES (261, 2115, 4, 59);
INSERT INTO PlantedIn (flowerbedID, plantID, percentage, planterID) VALUES (257, 3193, 3, 26);
INSERT INTO PlantedIn (flowerbedID, plantID, percentage, planterID) VALUES (239, 3466, 1, 2);
INSERT INTO PlantedIn (flowerbedID, plantID, percentage, planterID) VALUES (242, 1355, 3, 139);
INSERT INTO PlantedIn (flowerbedID, plantID, percentage, planterID) VALUES (37, 2142, 3, 130);
INSERT INTO PlantedIn (flowerbedID, plantID, percentage, planterID) VALUES (253, 3606, 2, 95);
INSERT INTO PlantedIn (flowerbedID, plantID, percentage, planterID) VALUES (268, 718, 3, 104);
INSERT INTO PlantedIn (flowerbedID, plantID, percentage, planterID) VALUES (119, 1322, 2, 154);
INSERT INTO PlantedIn (flowerbedID, plantID, percentage, planterID) VALUES (51, 150, 4, 156);
INSERT INTO PlantedIn (flowerbedID, plantID, percentage, planterID) VALUES (280, 3536, 3, 21);
INSERT INTO PlantedIn (flowerbedID, plantID, percentage, planterID) VALUES (80, 3570, 2, 48);
INSERT INTO PlantedIn (flowerbedID, plantID, percentage, planterID) VALUES (287, 2026, 4, 101);
INSERT INTO PlantedIn (flowerbedID, plantID, percentage, planterID) VALUES (213, 714, 4, 63);
INSERT INTO PlantedIn (flowerbedID, plantID, percentage, planterID) VALUES (11, 1399, 2, 9);
INSERT INTO PlantedIn (flowerbedID, plantID, percentage, planterID) VALUES (211, 3637, 4, 119);
INSERT INTO PlantedIn (flowerbedID, plantID, percentage, planterID) VALUES (293, 2298, 4, 144);
INSERT INTO PlantedIn (flowerbedID, plantID, percentage, planterID) VALUES (153, 3699, 4, 114);
INSERT INTO PlantedIn (flowerbedID, plantID, percentage, planterID) VALUES (264, 3606, 2, 28);
INSERT INTO PlantedIn (flowerbedID, plantID, percentage, planterID) VALUES (287, 515, 4, 118);
INSERT INTO PlantedIn (flowerbedID, plantID, percentage, planterID) VALUES (197, 1028, 2, 133);
INSERT INTO PlantedIn (flowerbedID, plantID, percentage, planterID) VALUES (135, 502, 2, 54);
INSERT INTO PlantedIn (flowerbedID, plantID, percentage, planterID) VALUES (147, 1387, 1, 158);
INSERT INTO PlantedIn (flowerbedID, plantID, percentage, planterID) VALUES (90, 2348, 2, 12);
INSERT INTO PlantedIn (flowerbedID, plantID, percentage, planterID) VALUES (61, 3493, 3, 34);
INSERT INTO PlantedIn (flowerbedID, plantID, percentage, planterID) VALUES (258, 3295, 3, 84);
INSERT INTO PlantedIn (flowerbedID, plantID, percentage, planterID) VALUES (235, 2496, 3, 18);
INSERT INTO PlantedIn (flowerbedID, plantID, percentage, planterID) VALUES (233, 3015, 2, 114);
INSERT INTO PlantedIn (flowerbedID, plantID, percentage, planterID) VALUES (14, 1644, 2, 139);
INSERT INTO PlantedIn (flowerbedID, plantID, percentage, planterID) VALUES (142, 3481, 4, 42);
INSERT INTO PlantedIn (flowerbedID, plantID, percentage, planterID) VALUES (152, 1193, 3, 9);
INSERT INTO PlantedIn (flowerbedID, plantID, percentage, planterID) VALUES (64, 950, 1, 73);
INSERT INTO PlantedIn (flowerbedID, plantID, percentage, planterID) VALUES (30, 3502, 4, 140);
INSERT INTO PlantedIn (flowerbedID, plantID, percentage, planterID) VALUES (165, 3529, 2, 108);
INSERT INTO PlantedIn (flowerbedID, plantID, percentage, planterID) VALUES (208, 1096, 3, 132);
INSERT INTO PlantedIn (flowerbedID, plantID, percentage, planterID) VALUES (212, 2202, 2, 41);
INSERT INTO PlantedIn (flowerbedID, plantID, percentage, planterID) VALUES (205, 839, 1, 54);
INSERT INTO PlantedIn (flowerbedID, plantID, percentage, planterID) VALUES (36, 2135, 3, 160);
INSERT INTO PlantedIn (flowerbedID, plantID, percentage, planterID) VALUES (258, 3785, 1, 58);
INSERT INTO PlantedIn (flowerbedID, plantID, percentage, planterID) VALUES (68, 2922, 2, 26);
INSERT INTO PlantedIn (flowerbedID, plantID, percentage, planterID) VALUES (198, 3707, 1, 36);
INSERT INTO PlantedIn (flowerbedID, plantID, percentage, planterID) VALUES (261, 3218, 3, 94);
INSERT INTO PlantedIn (flowerbedID, plantID, percentage, planterID) VALUES (35, 1201, 4, 53);
INSERT INTO PlantedIn (flowerbedID, plantID, percentage, planterID) VALUES (264, 2081, 3, 16);
INSERT INTO PlantedIn (flowerbedID, plantID, percentage, planterID) VALUES (226, 1540, 4, 124);
INSERT INTO PlantedIn (flowerbedID, plantID, percentage, planterID) VALUES (285, 2499, 4, 86);
INSERT INTO PlantedIn (flowerbedID, plantID, percentage, planterID) VALUES (188, 3221, 4, 153);
INSERT INTO PlantedIn (flowerbedID, plantID, percentage, planterID) VALUES (177, 115, 2, 30);
INSERT INTO PlantedIn (flowerbedID, plantID, percentage, planterID) VALUES (296, 1470, 4, 80);
INSERT INTO PlantedIn (flowerbedID, plantID, percentage, planterID) VALUES (64, 34, 2, 74);
INSERT INTO PlantedIn (flowerbedID, plantID, percentage, planterID) VALUES (96, 2819, 1, 27);
INSERT INTO PlantedIn (flowerbedID, plantID, percentage, planterID) VALUES (80, 931, 1, 132);
INSERT INTO PlantedIn (flowerbedID, plantID, percentage, planterID) VALUES (192, 1862, 3, 154);
INSERT INTO PlantedIn (flowerbedID, plantID, percentage, planterID) VALUES (39, 1521, 4, 70);
INSERT INTO PlantedIn (flowerbedID, plantID, percentage, planterID) VALUES (68, 1105, 4, 105);
INSERT INTO PlantedIn (flowerbedID, plantID, percentage, planterID) VALUES (95, 3009, 2, 12);
INSERT INTO PlantedIn (flowerbedID, plantID, percentage, planterID) VALUES (48, 2054, 2, 29);
INSERT INTO PlantedIn (flowerbedID, plantID, percentage, planterID) VALUES (162, 2283, 4, 121);
INSERT INTO PlantedIn (flowerbedID, plantID, percentage, planterID) VALUES (96, 3294, 3, 11);
INSERT INTO PlantedIn (flowerbedID, plantID, percentage, planterID) VALUES (28, 3176, 3, 105);
INSERT INTO PlantedIn (flowerbedID, plantID, percentage, planterID) VALUES (91, 1953, 2, 56);
INSERT INTO PlantedIn (flowerbedID, plantID, percentage, planterID) VALUES (269, 2797, 1, 32);
INSERT INTO PlantedIn (flowerbedID, plantID, percentage, planterID) VALUES (3, 3055, 2, 162);
INSERT INTO PlantedIn (flowerbedID, plantID, percentage, planterID) VALUES (171, 29, 3, 109);
INSERT INTO PlantedIn (flowerbedID, plantID, percentage, planterID) VALUES (162, 3069, 1, 17);
INSERT INTO PlantedIn (flowerbedID, plantID, percentage, planterID) VALUES (115, 3085, 3, 162);
INSERT INTO PlantedIn (flowerbedID, plantID, percentage, planterID) VALUES (195, 3853, 3, 51);
INSERT INTO PlantedIn (flowerbedID, plantID, percentage, planterID) VALUES (245, 3484, 1, 82);
INSERT INTO PlantedIn (flowerbedID, plantID, percentage, planterID) VALUES (122, 3083, 2, 96);
INSERT INTO PlantedIn (flowerbedID, plantID, percentage, planterID) VALUES (156, 2856, 3, 74);
INSERT INTO PlantedIn (flowerbedID, plantID, percentage, planterID) VALUES (159, 1432, 1, 148);
INSERT INTO PlantedIn (flowerbedID, plantID, percentage, planterID) VALUES (113, 1872, 4, 143);
INSERT INTO PlantedIn (flowerbedID, plantID, percentage, planterID) VALUES (216, 3607, 2, 64);
INSERT INTO PlantedIn (flowerbedID, plantID, percentage, planterID) VALUES (279, 2546, 3, 20);
INSERT INTO PlantedIn (flowerbedID, plantID, percentage, planterID) VALUES (168, 2284, 4, 150);
INSERT INTO PlantedIn (flowerbedID, plantID, percentage, planterID) VALUES (117, 1636, 4, 47);
INSERT INTO PlantedIn (flowerbedID, plantID, percentage, planterID) VALUES (49, 2710, 3, 76);
INSERT INTO PlantedIn (flowerbedID, plantID, percentage, planterID) VALUES (22, 1141, 2, 136);
INSERT INTO PlantedIn (flowerbedID, plantID, percentage, planterID) VALUES (234, 2379, 1, 63);
INSERT INTO PlantedIn (flowerbedID, plantID, percentage, planterID) VALUES (162, 1394, 2, 124);
INSERT INTO PlantedIn (flowerbedID, plantID, percentage, planterID) VALUES (88, 339, 1, 110);
INSERT INTO PlantedIn (flowerbedID, plantID, percentage, planterID) VALUES (102, 3254, 3, 47);
INSERT INTO PlantedIn (flowerbedID, plantID, percentage, planterID) VALUES (80, 2104, 2, 110);
INSERT INTO PlantedIn (flowerbedID, plantID, percentage, planterID) VALUES (74, 301, 2, 21);
INSERT INTO PlantedIn (flowerbedID, plantID, percentage, planterID) VALUES (112, 3510, 1, 132);
INSERT INTO PlantedIn (flowerbedID, plantID, percentage, planterID) VALUES (157, 508, 1, 37);
INSERT INTO PlantedIn (flowerbedID, plantID, percentage, planterID) VALUES (148, 3596, 4, 56);
INSERT INTO PlantedIn (flowerbedID, plantID, percentage, planterID) VALUES (6, 3707, 4, 2);
INSERT INTO PlantedIn (flowerbedID, plantID, percentage, planterID) VALUES (212, 3794, 1, 13);
INSERT INTO PlantedIn (flowerbedID, plantID, percentage, planterID) VALUES (247, 1329, 1, 134);
INSERT INTO PlantedIn (flowerbedID, plantID, percentage, planterID) VALUES (266, 1604, 1, 89);
INSERT INTO PlantedIn (flowerbedID, plantID, percentage, planterID) VALUES (148, 2451, 4, 78);
INSERT INTO PlantedIn (flowerbedID, plantID, percentage, planterID) VALUES (163, 836, 1, 4);
INSERT INTO PlantedIn (flowerbedID, plantID, percentage, planterID) VALUES (104, 881, 4, 23);
INSERT INTO PlantedIn (flowerbedID, plantID, percentage, planterID) VALUES (48, 1752, 1, 108);
INSERT INTO PlantedIn (flowerbedID, plantID, percentage, planterID) VALUES (124, 2454, 1, 162);
INSERT INTO PlantedIn (flowerbedID, plantID, percentage, planterID) VALUES (185, 42, 2, 30);
INSERT INTO PlantedIn (flowerbedID, plantID, percentage, planterID) VALUES (106, 3658, 1, 91);
INSERT INTO PlantedIn (flowerbedID, plantID, percentage, planterID) VALUES (109, 169, 4, 65);
INSERT INTO PlantedIn (flowerbedID, plantID, percentage, planterID) VALUES (203, 3194, 1, 124);
INSERT INTO PlantedIn (flowerbedID, plantID, percentage, planterID) VALUES (13, 2850, 2, 50);
INSERT INTO PlantedIn (flowerbedID, plantID, percentage, planterID) VALUES (289, 1600, 1, 40);
INSERT INTO PlantedIn (flowerbedID, plantID, percentage, planterID) VALUES (260, 3304, 2, 52);
INSERT INTO PlantedIn (flowerbedID, plantID, percentage, planterID) VALUES (147, 925, 1, 69);
INSERT INTO PlantedIn (flowerbedID, plantID, percentage, planterID) VALUES (75, 2199, 3, 94);
INSERT INTO PlantedIn (flowerbedID, plantID, percentage, planterID) VALUES (155, 285, 4, 146);
INSERT INTO PlantedIn (flowerbedID, plantID, percentage, planterID) VALUES (36, 861, 4, 126);
INSERT INTO PlantedIn (flowerbedID, plantID, percentage, planterID) VALUES (15, 1739, 1, 3);
INSERT INTO PlantedIn (flowerbedID, plantID, percentage, planterID) VALUES (56, 1162, 1, 83);
INSERT INTO PlantedIn (flowerbedID, plantID, percentage, planterID) VALUES (214, 2747, 3, 48);
INSERT INTO PlantedIn (flowerbedID, plantID, percentage, planterID) VALUES (170, 2219, 1, 149);
INSERT INTO PlantedIn (flowerbedID, plantID, percentage, planterID) VALUES (244, 1006, 1, 28);
INSERT INTO PlantedIn (flowerbedID, plantID, percentage, planterID) VALUES (248, 2731, 2, 115);
INSERT INTO PlantedIn (flowerbedID, plantID, percentage, planterID) VALUES (234, 1988, 4, 38);
INSERT INTO PlantedIn (flowerbedID, plantID, percentage, planterID) VALUES (221, 3675, 4, 120);
INSERT INTO PlantedIn (flowerbedID, plantID, percentage, planterID) VALUES (120, 2736, 3, 151);
INSERT INTO PlantedIn (flowerbedID, plantID, percentage, planterID) VALUES (3, 1385, 3, 128);
INSERT INTO PlantedIn (flowerbedID, plantID, percentage, planterID) VALUES (21, 58, 3, 53);
INSERT INTO PlantedIn (flowerbedID, plantID, percentage, planterID) VALUES (177, 638, 2, 119);
INSERT INTO PlantedIn (flowerbedID, plantID, percentage, planterID) VALUES (128, 3286, 2, 80);
INSERT INTO PlantedIn (flowerbedID, plantID, percentage, planterID) VALUES (167, 512, 2, 103);
INSERT INTO PlantedIn (flowerbedID, plantID, percentage, planterID) VALUES (194, 3162, 2, 41);
INSERT INTO PlantedIn (flowerbedID, plantID, percentage, planterID) VALUES (230, 3584, 1, 30);
INSERT INTO PlantedIn (flowerbedID, plantID, percentage, planterID) VALUES (190, 180, 3, 131);
INSERT INTO PlantedIn (flowerbedID, plantID, percentage, planterID) VALUES (122, 1919, 2, 64);
INSERT INTO PlantedIn (flowerbedID, plantID, percentage, planterID) VALUES (153, 2593, 1, 19);
INSERT INTO PlantedIn (flowerbedID, plantID, percentage, planterID) VALUES (250, 3081, 2, 87);
INSERT INTO PlantedIn (flowerbedID, plantID, percentage, planterID) VALUES (194, 3737, 1, 89);
INSERT INTO PlantedIn (flowerbedID, plantID, percentage, planterID) VALUES (30, 434, 3, 93);
INSERT INTO PlantedIn (flowerbedID, plantID, percentage, planterID) VALUES (279, 2995, 3, 23);
INSERT INTO PlantedIn (flowerbedID, plantID, percentage, planterID) VALUES (210, 1153, 2, 150);
INSERT INTO PlantedIn (flowerbedID, plantID, percentage, planterID) VALUES (37, 1340, 3, 39);
INSERT INTO PlantedIn (flowerbedID, plantID, percentage, planterID) VALUES (6, 1278, 4, 126);
INSERT INTO PlantedIn (flowerbedID, plantID, percentage, planterID) VALUES (39, 903, 4, 20);
INSERT INTO PlantedIn (flowerbedID, plantID, percentage, planterID) VALUES (222, 2004, 3, 8);
INSERT INTO PlantedIn (flowerbedID, plantID, percentage, planterID) VALUES (88, 672, 4, 64);
INSERT INTO PlantedIn (flowerbedID, plantID, percentage, planterID) VALUES (142, 917, 4, 58);
INSERT INTO PlantedIn (flowerbedID, plantID, percentage, planterID) VALUES (258, 1205, 4, 98);
INSERT INTO PlantedIn (flowerbedID, plantID, percentage, planterID) VALUES (197, 3048, 3, 106);
INSERT INTO PlantedIn (flowerbedID, plantID, percentage, planterID) VALUES (36, 1337, 1, 91);
INSERT INTO PlantedIn (flowerbedID, plantID, percentage, planterID) VALUES (174, 2482, 4, 4);
INSERT INTO PlantedIn (flowerbedID, plantID, percentage, planterID) VALUES (81, 3862, 1, 14);
INSERT INTO PlantedIn (flowerbedID, plantID, percentage, planterID) VALUES (155, 477, 4, 118);
INSERT INTO PlantedIn (flowerbedID, plantID, percentage, planterID) VALUES (89, 195, 4, 139);
INSERT INTO PlantedIn (flowerbedID, plantID, percentage, planterID) VALUES (86, 529, 1, 101);
INSERT INTO PlantedIn (flowerbedID, plantID, percentage, planterID) VALUES (135, 583, 1, 23);
INSERT INTO PlantedIn (flowerbedID, plantID, percentage, planterID) VALUES (281, 2882, 1, 135);
INSERT INTO PlantedIn (flowerbedID, plantID, percentage, planterID) VALUES (28, 1201, 3, 53);
INSERT INTO PlantedIn (flowerbedID, plantID, percentage, planterID) VALUES (285, 1259, 1, 78);
INSERT INTO PlantedIn (flowerbedID, plantID, percentage, planterID) VALUES (98, 2042, 4, 41);
INSERT INTO PlantedIn (flowerbedID, plantID, percentage, planterID) VALUES (195, 3533, 4, 113);
INSERT INTO PlantedIn (flowerbedID, plantID, percentage, planterID) VALUES (289, 1770, 2, 124);
INSERT INTO PlantedIn (flowerbedID, plantID, percentage, planterID) VALUES (178, 1169, 1, 69);
INSERT INTO PlantedIn (flowerbedID, plantID, percentage, planterID) VALUES (136, 2058, 2, 26);
INSERT INTO PlantedIn (flowerbedID, plantID, percentage, planterID) VALUES (84, 3604, 2, 78);
INSERT INTO PlantedIn (flowerbedID, plantID, percentage, planterID) VALUES (73, 2918, 1, 7);
INSERT INTO PlantedIn (flowerbedID, plantID, percentage, planterID) VALUES (24, 1892, 2, 72);
INSERT INTO PlantedIn (flowerbedID, plantID, percentage, planterID) VALUES (6, 2517, 3, 43);
INSERT INTO PlantedIn (flowerbedID, plantID, percentage, planterID) VALUES (169, 3477, 3, 107);
INSERT INTO PlantedIn (flowerbedID, plantID, percentage, planterID) VALUES (107, 1296, 4, 135);
INSERT INTO PlantedIn (flowerbedID, plantID, percentage, planterID) VALUES (214, 563, 4, 84);
INSERT INTO PlantedIn (flowerbedID, plantID, percentage, planterID) VALUES (24, 3606, 2, 63);
INSERT INTO PlantedIn (flowerbedID, plantID, percentage, planterID) VALUES (206, 1550, 4, 89);
INSERT INTO PlantedIn (flowerbedID, plantID, percentage, planterID) VALUES (267, 3613, 4, 30);
INSERT INTO PlantedIn (flowerbedID, plantID, percentage, planterID) VALUES (176, 1623, 1, 100);
INSERT INTO PlantedIn (flowerbedID, plantID, percentage, planterID) VALUES (96, 756, 3, 117);
INSERT INTO PlantedIn (flowerbedID, plantID, percentage, planterID) VALUES (159, 1783, 1, 109);
INSERT INTO PlantedIn (flowerbedID, plantID, percentage, planterID) VALUES (193, 2414, 2, 45);
INSERT INTO PlantedIn (flowerbedID, plantID, percentage, planterID) VALUES (231, 2866, 4, 61);
INSERT INTO PlantedIn (flowerbedID, plantID, percentage, planterID) VALUES (202, 2746, 2, 30);
INSERT INTO PlantedIn (flowerbedID, plantID, percentage, planterID) VALUES (34, 2651, 1, 23);
INSERT INTO PlantedIn (flowerbedID, plantID, percentage, planterID) VALUES (186, 1171, 1, 157);
INSERT INTO PlantedIn (flowerbedID, plantID, percentage, planterID) VALUES (217, 1884, 1, 62);
INSERT INTO PlantedIn (flowerbedID, plantID, percentage, planterID) VALUES (205, 146, 1, 124);
INSERT INTO PlantedIn (flowerbedID, plantID, percentage, planterID) VALUES (150, 1344, 1, 66);
INSERT INTO PlantedIn (flowerbedID, plantID, percentage, planterID) VALUES (291, 2473, 3, 86);
INSERT INTO PlantedIn (flowerbedID, plantID, percentage, planterID) VALUES (114, 3278, 1, 102);
INSERT INTO PlantedIn (flowerbedID, plantID, percentage, planterID) VALUES (167, 2936, 3, 72);
INSERT INTO PlantedIn (flowerbedID, plantID, percentage, planterID) VALUES (134, 2117, 1, 116);
INSERT INTO PlantedIn (flowerbedID, plantID, percentage, planterID) VALUES (255, 2246, 3, 47);
INSERT INTO PlantedIn (flowerbedID, plantID, percentage, planterID) VALUES (21, 2434, 4, 106);
INSERT INTO PlantedIn (flowerbedID, plantID, percentage, planterID) VALUES (204, 1334, 3, 53);
INSERT INTO PlantedIn (flowerbedID, plantID, percentage, planterID) VALUES (295, 3117, 2, 68);
INSERT INTO PlantedIn (flowerbedID, plantID, percentage, planterID) VALUES (196, 3809, 1, 73);
INSERT INTO PlantedIn (flowerbedID, plantID, percentage, planterID) VALUES (223, 3243, 1, 152);
INSERT INTO PlantedIn (flowerbedID, plantID, percentage, planterID) VALUES (116, 2139, 1, 45);
INSERT INTO PlantedIn (flowerbedID, plantID, percentage, planterID) VALUES (41, 2043, 1, 140);
INSERT INTO PlantedIn (flowerbedID, plantID, percentage, planterID) VALUES (79, 1154, 1, 16);
INSERT INTO PlantedIn (flowerbedID, plantID, percentage, planterID) VALUES (32, 1879, 4, 106);
INSERT INTO PlantedIn (flowerbedID, plantID, percentage, planterID) VALUES (261, 3299, 2, 70);
INSERT INTO PlantedIn (flowerbedID, plantID, percentage, planterID) VALUES (122, 2563, 3, 86);
INSERT INTO PlantedIn (flowerbedID, plantID, percentage, planterID) VALUES (58, 1183, 2, 128);
INSERT INTO PlantedIn (flowerbedID, plantID, percentage, planterID) VALUES (219, 2693, 2, 31);
INSERT INTO PlantedIn (flowerbedID, plantID, percentage, planterID) VALUES (184, 640, 4, 160);
INSERT INTO PlantedIn (flowerbedID, plantID, percentage, planterID) VALUES (139, 66, 3, 22);
INSERT INTO PlantedIn (flowerbedID, plantID, percentage, planterID) VALUES (151, 2841, 4, 57);
INSERT INTO PlantedIn (flowerbedID, plantID, percentage, planterID) VALUES (46, 2310, 3, 155);
INSERT INTO PlantedIn (flowerbedID, plantID, percentage, planterID) VALUES (78, 1536, 2, 18);
INSERT INTO PlantedIn (flowerbedID, plantID, percentage, planterID) VALUES (211, 3260, 2, 138);
INSERT INTO PlantedIn (flowerbedID, plantID, percentage, planterID) VALUES (162, 3773, 1, 159);
INSERT INTO PlantedIn (flowerbedID, plantID, percentage, planterID) VALUES (43, 3275, 3, 6);
INSERT INTO PlantedIn (flowerbedID, plantID, percentage, planterID) VALUES (259, 589, 2, 30);
INSERT INTO PlantedIn (flowerbedID, plantID, percentage, planterID) VALUES (266, 1940, 3, 59);
INSERT INTO PlantedIn (flowerbedID, plantID, percentage, planterID) VALUES (240, 2057, 4, 52);
INSERT INTO PlantedIn (flowerbedID, plantID, percentage, planterID) VALUES (39, 770, 2, 89);
INSERT INTO PlantedIn (flowerbedID, plantID, percentage, planterID) VALUES (179, 2365, 2, 145);
INSERT INTO PlantedIn (flowerbedID, plantID, percentage, planterID) VALUES (137, 2487, 4, 127);
INSERT INTO PlantedIn (flowerbedID, plantID, percentage, planterID) VALUES (186, 2529, 4, 26);
INSERT INTO PlantedIn (flowerbedID, plantID, percentage, planterID) VALUES (150, 692, 2, 64);
INSERT INTO PlantedIn (flowerbedID, plantID, percentage, planterID) VALUES (99, 2091, 1, 127);
INSERT INTO PlantedIn (flowerbedID, plantID, percentage, planterID) VALUES (13, 288, 4, 151);
INSERT INTO PlantedIn (flowerbedID, plantID, percentage, planterID) VALUES (182, 667, 3, 137);
INSERT INTO PlantedIn (flowerbedID, plantID, percentage, planterID) VALUES (112, 1192, 4, 22);
INSERT INTO PlantedIn (flowerbedID, plantID, percentage, planterID) VALUES (276, 3743, 2, 47);
INSERT INTO PlantedIn (flowerbedID, plantID, percentage, planterID) VALUES (183, 4, 1, 64);
INSERT INTO PlantedIn (flowerbedID, plantID, percentage, planterID) VALUES (209, 1387, 1, 90);
INSERT INTO PlantedIn (flowerbedID, plantID, percentage, planterID) VALUES (269, 988, 4, 43);
INSERT INTO PlantedIn (flowerbedID, plantID, percentage, planterID) VALUES (99, 473, 4, 136);
INSERT INTO PlantedIn (flowerbedID, plantID, percentage, planterID) VALUES (89, 2251, 3, 116);
INSERT INTO PlantedIn (flowerbedID, plantID, percentage, planterID) VALUES (267, 3089, 4, 110);
INSERT INTO PlantedIn (flowerbedID, plantID, percentage, planterID) VALUES (230, 3488, 2, 32);
INSERT INTO PlantedIn (flowerbedID, plantID, percentage, planterID) VALUES (271, 2150, 3, 106);
INSERT INTO PlantedIn (flowerbedID, plantID, percentage, planterID) VALUES (23, 2331, 4, 123);
INSERT INTO PlantedIn (flowerbedID, plantID, percentage, planterID) VALUES (288, 918, 4, 139);
INSERT INTO PlantedIn (flowerbedID, plantID, percentage, planterID) VALUES (148, 198, 4, 139);
INSERT INTO PlantedIn (flowerbedID, plantID, percentage, planterID) VALUES (52, 2278, 2, 131);
INSERT INTO PlantedIn (flowerbedID, plantID, percentage, planterID) VALUES (52, 1671, 1, 24);
INSERT INTO PlantedIn (flowerbedID, plantID, percentage, planterID) VALUES (70, 2974, 4, 151);
INSERT INTO PlantedIn (flowerbedID, plantID, percentage, planterID) VALUES (201, 226, 3, 66);
INSERT INTO PlantedIn (flowerbedID, plantID, percentage, planterID) VALUES (184, 3824, 3, 23);
INSERT INTO PlantedIn (flowerbedID, plantID, percentage, planterID) VALUES (178, 3280, 3, 80);
INSERT INTO PlantedIn (flowerbedID, plantID, percentage, planterID) VALUES (26, 1036, 3, 72);
INSERT INTO PlantedIn (flowerbedID, plantID, percentage, planterID) VALUES (96, 846, 2, 70);
INSERT INTO PlantedIn (flowerbedID, plantID, percentage, planterID) VALUES (178, 368, 4, 8);
INSERT INTO PlantedIn (flowerbedID, plantID, percentage, planterID) VALUES (291, 783, 3, 20);
INSERT INTO PlantedIn (flowerbedID, plantID, percentage, planterID) VALUES (58, 945, 4, 48);
INSERT INTO PlantedIn (flowerbedID, plantID, percentage, planterID) VALUES (28, 2868, 1, 59);
INSERT INTO PlantedIn (flowerbedID, plantID, percentage, planterID) VALUES (3, 2911, 2, 131);
INSERT INTO PlantedIn (flowerbedID, plantID, percentage, planterID) VALUES (291, 616, 4, 142);
INSERT INTO PlantedIn (flowerbedID, plantID, percentage, planterID) VALUES (96, 3021, 4, 131);
INSERT INTO PlantedIn (flowerbedID, plantID, percentage, planterID) VALUES (263, 3098, 3, 128);
INSERT INTO PlantedIn (flowerbedID, plantID, percentage, planterID) VALUES (214, 2174, 3, 48);
INSERT INTO PlantedIn (flowerbedID, plantID, percentage, planterID) VALUES (229, 1502, 4, 48);
INSERT INTO PlantedIn (flowerbedID, plantID, percentage, planterID) VALUES (190, 2137, 3, 128);
INSERT INTO PlantedIn (flowerbedID, plantID, percentage, planterID) VALUES (89, 302, 2, 156);
INSERT INTO PlantedIn (flowerbedID, plantID, percentage, planterID) VALUES (249, 2561, 4, 109);
INSERT INTO PlantedIn (flowerbedID, plantID, percentage, planterID) VALUES (246, 1756, 1, 101);
INSERT INTO PlantedIn (flowerbedID, plantID, percentage, planterID) VALUES (71, 1324, 1, 10);
INSERT INTO PlantedIn (flowerbedID, plantID, percentage, planterID) VALUES (43, 3072, 4, 147);
INSERT INTO PlantedIn (flowerbedID, plantID, percentage, planterID) VALUES (107, 508, 1, 95);
INSERT INTO PlantedIn (flowerbedID, plantID, percentage, planterID) VALUES (156, 3181, 1, 14);
INSERT INTO PlantedIn (flowerbedID, plantID, percentage, planterID) VALUES (113, 3164, 3, 152);
INSERT INTO PlantedIn (flowerbedID, plantID, percentage, planterID) VALUES (134, 2351, 2, 92);
INSERT INTO PlantedIn (flowerbedID, plantID, percentage, planterID) VALUES (19, 436, 2, 71);
INSERT INTO PlantedIn (flowerbedID, plantID, percentage, planterID) VALUES (137, 1801, 3, 71);
INSERT INTO PlantedIn (flowerbedID, plantID, percentage, planterID) VALUES (78, 1023, 3, 79);
INSERT INTO PlantedIn (flowerbedID, plantID, percentage, planterID) VALUES (119, 22, 4, 128);
INSERT INTO PlantedIn (flowerbedID, plantID, percentage, planterID) VALUES (248, 3160, 1, 12);
INSERT INTO PlantedIn (flowerbedID, plantID, percentage, planterID) VALUES (191, 3661, 3, 151);
INSERT INTO PlantedIn (flowerbedID, plantID, percentage, planterID) VALUES (219, 3284, 1, 45);
INSERT INTO PlantedIn (flowerbedID, plantID, percentage, planterID) VALUES (137, 3050, 3, 77);
INSERT INTO PlantedIn (flowerbedID, plantID, percentage, planterID) VALUES (270, 3300, 2, 141);
INSERT INTO PlantedIn (flowerbedID, plantID, percentage, planterID) VALUES (148, 1599, 4, 34);
INSERT INTO PlantedIn (flowerbedID, plantID, percentage, planterID) VALUES (126, 3620, 1, 139);
INSERT INTO PlantedIn (flowerbedID, plantID, percentage, planterID) VALUES (226, 3377, 2, 78);
INSERT INTO PlantedIn (flowerbedID, plantID, percentage, planterID) VALUES (246, 1261, 3, 159);
INSERT INTO PlantedIn (flowerbedID, plantID, percentage, planterID) VALUES (53, 700, 3, 126);
INSERT INTO PlantedIn (flowerbedID, plantID, percentage, planterID) VALUES (291, 662, 4, 27);
INSERT INTO PlantedIn (flowerbedID, plantID, percentage, planterID) VALUES (8, 3756, 2, 40);
INSERT INTO PlantedIn (flowerbedID, plantID, percentage, planterID) VALUES (60, 711, 3, 159);
INSERT INTO PlantedIn (flowerbedID, plantID, percentage, planterID) VALUES (179, 471, 1, 101);
INSERT INTO PlantedIn (flowerbedID, plantID, percentage, planterID) VALUES (18, 1505, 4, 46);
INSERT INTO PlantedIn (flowerbedID, plantID, percentage, planterID) VALUES (79, 2766, 1, 35);
INSERT INTO PlantedIn (flowerbedID, plantID, percentage, planterID) VALUES (13, 478, 1, 110);
INSERT INTO PlantedIn (flowerbedID, plantID, percentage, planterID) VALUES (92, 1400, 2, 147);
INSERT INTO PlantedIn (flowerbedID, plantID, percentage, planterID) VALUES (160, 17, 3, 26);
INSERT INTO PlantedIn (flowerbedID, plantID, percentage, planterID) VALUES (292, 1448, 1, 156);
INSERT INTO PlantedIn (flowerbedID, plantID, percentage, planterID) VALUES (167, 3197, 1, 150);
INSERT INTO PlantedIn (flowerbedID, plantID, percentage, planterID) VALUES (284, 1759, 1, 30);
INSERT INTO PlantedIn (flowerbedID, plantID, percentage, planterID) VALUES (253, 1686, 1, 141);
INSERT INTO PlantedIn (flowerbedID, plantID, percentage, planterID) VALUES (44, 3191, 2, 71);
INSERT INTO PlantedIn (flowerbedID, plantID, percentage, planterID) VALUES (57, 1013, 3, 125);
INSERT INTO PlantedIn (flowerbedID, plantID, percentage, planterID) VALUES (80, 3362, 1, 49);
INSERT INTO PlantedIn (flowerbedID, plantID, percentage, planterID) VALUES (74, 703, 4, 73);
INSERT INTO PlantedIn (flowerbedID, plantID, percentage, planterID) VALUES (170, 3029, 3, 120);
INSERT INTO PlantedIn (flowerbedID, plantID, percentage, planterID) VALUES (241, 3427, 4, 157);
INSERT INTO PlantedIn (flowerbedID, plantID, percentage, planterID) VALUES (213, 1249, 4, 69);
INSERT INTO PlantedIn (flowerbedID, plantID, percentage, planterID) VALUES (175, 473, 4, 107);
INSERT INTO PlantedIn (flowerbedID, plantID, percentage, planterID) VALUES (297, 3478, 1, 17);
INSERT INTO PlantedIn (flowerbedID, plantID, percentage, planterID) VALUES (240, 3858, 3, 9);
INSERT INTO PlantedIn (flowerbedID, plantID, percentage, planterID) VALUES (39, 47, 3, 24);
INSERT INTO PlantedIn (flowerbedID, plantID, percentage, planterID) VALUES (238, 3211, 3, 72);
INSERT INTO PlantedIn (flowerbedID, plantID, percentage, planterID) VALUES (215, 1262, 2, 95);
INSERT INTO PlantedIn (flowerbedID, plantID, percentage, planterID) VALUES (195, 3666, 1, 57);
INSERT INTO PlantedIn (flowerbedID, plantID, percentage, planterID) VALUES (22, 3670, 1, 15);
INSERT INTO PlantedIn (flowerbedID, plantID, percentage, planterID) VALUES (254, 692, 4, 52);
INSERT INTO PlantedIn (flowerbedID, plantID, percentage, planterID) VALUES (207, 1310, 2, 4);
INSERT INTO PlantedIn (flowerbedID, plantID, percentage, planterID) VALUES (101, 264, 2, 7);
INSERT INTO PlantedIn (flowerbedID, plantID, percentage, planterID) VALUES (24, 668, 4, 28);
INSERT INTO PlantedIn (flowerbedID, plantID, percentage, planterID) VALUES (1, 2225, 3, 82);
INSERT INTO PlantedIn (flowerbedID, plantID, percentage, planterID) VALUES (270, 100, 3, 26);
INSERT INTO PlantedIn (flowerbedID, plantID, percentage, planterID) VALUES (292, 1849, 1, 136);
INSERT INTO PlantedIn (flowerbedID, plantID, percentage, planterID) VALUES (128, 3371, 2, 19);
INSERT INTO PlantedIn (flowerbedID, plantID, percentage, planterID) VALUES (16, 1575, 3, 36);
INSERT INTO PlantedIn (flowerbedID, plantID, percentage, planterID) VALUES (224, 881, 1, 41);
INSERT INTO PlantedIn (flowerbedID, plantID, percentage, planterID) VALUES (89, 1050, 2, 95);
INSERT INTO PlantedIn (flowerbedID, plantID, percentage, planterID) VALUES (133, 2742, 2, 44);
INSERT INTO PlantedIn (flowerbedID, plantID, percentage, planterID) VALUES (86, 2812, 1, 29);
INSERT INTO PlantedIn (flowerbedID, plantID, percentage, planterID) VALUES (226, 1227, 3, 128);
INSERT INTO PlantedIn (flowerbedID, plantID, percentage, planterID) VALUES (238, 2031, 1, 133);
INSERT INTO PlantedIn (flowerbedID, plantID, percentage, planterID) VALUES (119, 3403, 2, 87);
INSERT INTO PlantedIn (flowerbedID, plantID, percentage, planterID) VALUES (280, 1635, 1, 21);
INSERT INTO PlantedIn (flowerbedID, plantID, percentage, planterID) VALUES (208, 2569, 1, 105);
INSERT INTO PlantedIn (flowerbedID, plantID, percentage, planterID) VALUES (112, 3316, 3, 101);
INSERT INTO PlantedIn (flowerbedID, plantID, percentage, planterID) VALUES (175, 2914, 2, 146);
INSERT INTO PlantedIn (flowerbedID, plantID, percentage, planterID) VALUES (22, 2263, 4, 12);
INSERT INTO PlantedIn (flowerbedID, plantID, percentage, planterID) VALUES (34, 3240, 3, 16);
INSERT INTO PlantedIn (flowerbedID, plantID, percentage, planterID) VALUES (89, 562, 1, 7);
INSERT INTO PlantedIn (flowerbedID, plantID, percentage, planterID) VALUES (170, 605, 2, 80);
INSERT INTO PlantedIn (flowerbedID, plantID, percentage, planterID) VALUES (246, 269, 1, 69);
INSERT INTO PlantedIn (flowerbedID, plantID, percentage, planterID) VALUES (278, 3815, 3, 147);
INSERT INTO PlantedIn (flowerbedID, plantID, percentage, planterID) VALUES (222, 2707, 4, 147);
INSERT INTO PlantedIn (flowerbedID, plantID, percentage, planterID) VALUES (86, 3545, 2, 117);
INSERT INTO PlantedIn (flowerbedID, plantID, percentage, planterID) VALUES (226, 2974, 2, 156);
INSERT INTO PlantedIn (flowerbedID, plantID, percentage, planterID) VALUES (108, 3325, 3, 83);
INSERT INTO PlantedIn (flowerbedID, plantID, percentage, planterID) VALUES (2, 2010, 3, 154);
INSERT INTO PlantedIn (flowerbedID, plantID, percentage, planterID) VALUES (127, 917, 2, 120);
INSERT INTO PlantedIn (flowerbedID, plantID, percentage, planterID) VALUES (67, 2111, 4, 149);
INSERT INTO PlantedIn (flowerbedID, plantID, percentage, planterID) VALUES (74, 2760, 3, 134);
INSERT INTO PlantedIn (flowerbedID, plantID, percentage, planterID) VALUES (189, 1763, 2, 160);
INSERT INTO PlantedIn (flowerbedID, plantID, percentage, planterID) VALUES (68, 3218, 3, 148);
INSERT INTO PlantedIn (flowerbedID, plantID, percentage, planterID) VALUES (208, 1315, 3, 42);
INSERT INTO PlantedIn (flowerbedID, plantID, percentage, planterID) VALUES (258, 511, 3, 47);
INSERT INTO PlantedIn (flowerbedID, plantID, percentage, planterID) VALUES (146, 415, 4, 6);
INSERT INTO PlantedIn (flowerbedID, plantID, percentage, planterID) VALUES (103, 2806, 3, 45);
INSERT INTO PlantedIn (flowerbedID, plantID, percentage, planterID) VALUES (82, 466, 3, 92);
INSERT INTO PlantedIn (flowerbedID, plantID, percentage, planterID) VALUES (250, 1199, 2, 9);
INSERT INTO PlantedIn (flowerbedID, plantID, percentage, planterID) VALUES (230, 3783, 4, 147);
INSERT INTO PlantedIn (flowerbedID, plantID, percentage, planterID) VALUES (243, 2751, 3, 100);
INSERT INTO PlantedIn (flowerbedID, plantID, percentage, planterID) VALUES (16, 3165, 4, 35);
INSERT INTO PlantedIn (flowerbedID, plantID, percentage, planterID) VALUES (285, 1828, 2, 78);
INSERT INTO PlantedIn (flowerbedID, plantID, percentage, planterID) VALUES (174, 1865, 4, 60);
INSERT INTO PlantedIn (flowerbedID, plantID, percentage, planterID) VALUES (63, 2324, 2, 85);
INSERT INTO PlantedIn (flowerbedID, plantID, percentage, planterID) VALUES (101, 189, 1, 4);
INSERT INTO PlantedIn (flowerbedID, plantID, percentage, planterID) VALUES (9, 3373, 4, 17);
INSERT INTO PlantedIn (flowerbedID, plantID, percentage, planterID) VALUES (175, 2589, 3, 59);
INSERT INTO PlantedIn (flowerbedID, plantID, percentage, planterID) VALUES (147, 2103, 2, 95);
INSERT INTO PlantedIn (flowerbedID, plantID, percentage, planterID) VALUES (6, 3852, 3, 151);
INSERT INTO PlantedIn (flowerbedID, plantID, percentage, planterID) VALUES (144, 846, 3, 90);
INSERT INTO PlantedIn (flowerbedID, plantID, percentage, planterID) VALUES (246, 57, 3, 29);
INSERT INTO PlantedIn (flowerbedID, plantID, percentage, planterID) VALUES (13, 642, 2, 17);
INSERT INTO PlantedIn (flowerbedID, plantID, percentage, planterID) VALUES (65, 459, 1, 83);
INSERT INTO PlantedIn (flowerbedID, plantID, percentage, planterID) VALUES (297, 2214, 3, 14);
INSERT INTO PlantedIn (flowerbedID, plantID, percentage, planterID) VALUES (73, 1637, 3, 37);
INSERT INTO PlantedIn (flowerbedID, plantID, percentage, planterID) VALUES (290, 2936, 4, 30);
INSERT INTO PlantedIn (flowerbedID, plantID, percentage, planterID) VALUES (227, 176, 1, 100);
INSERT INTO PlantedIn (flowerbedID, plantID, percentage, planterID) VALUES (79, 398, 1, 159);
INSERT INTO PlantedIn (flowerbedID, plantID, percentage, planterID) VALUES (36, 349, 1, 108);
INSERT INTO PlantedIn (flowerbedID, plantID, percentage, planterID) VALUES (77, 2795, 2, 93);
INSERT INTO PlantedIn (flowerbedID, plantID, percentage, planterID) VALUES (252, 57, 4, 123);
INSERT INTO PlantedIn (flowerbedID, plantID, percentage, planterID) VALUES (176, 3070, 4, 71);
INSERT INTO PlantedIn (flowerbedID, plantID, percentage, planterID) VALUES (66, 2396, 1, 97);
INSERT INTO PlantedIn (flowerbedID, plantID, percentage, planterID) VALUES (114, 2826, 1, 30);
INSERT INTO PlantedIn (flowerbedID, plantID, percentage, planterID) VALUES (233, 2899, 1, 64);
INSERT INTO PlantedIn (flowerbedID, plantID, percentage, planterID) VALUES (256, 1135, 4, 22);
INSERT INTO PlantedIn (flowerbedID, plantID, percentage, planterID) VALUES (115, 2901, 3, 23);
INSERT INTO PlantedIn (flowerbedID, plantID, percentage, planterID) VALUES (142, 2566, 2, 20);
INSERT INTO PlantedIn (flowerbedID, plantID, percentage, planterID) VALUES (203, 3184, 2, 26);
INSERT INTO PlantedIn (flowerbedID, plantID, percentage, planterID) VALUES (185, 2149, 4, 17);
INSERT INTO PlantedIn (flowerbedID, plantID, percentage, planterID) VALUES (53, 2538, 3, 4);
INSERT INTO PlantedIn (flowerbedID, plantID, percentage, planterID) VALUES (116, 730, 1, 119);
INSERT INTO PlantedIn (flowerbedID, plantID, percentage, planterID) VALUES (281, 240, 4, 36);
INSERT INTO PlantedIn (flowerbedID, plantID, percentage, planterID) VALUES (107, 1274, 3, 132);
INSERT INTO PlantedIn (flowerbedID, plantID, percentage, planterID) VALUES (24, 3443, 3, 66);
INSERT INTO PlantedIn (flowerbedID, plantID, percentage, planterID) VALUES (166, 1890, 1, 150);
INSERT INTO PlantedIn (flowerbedID, plantID, percentage, planterID) VALUES (94, 61, 4, 86);
INSERT INTO PlantedIn (flowerbedID, plantID, percentage, planterID) VALUES (171, 2298, 3, 132);
INSERT INTO PlantedIn (flowerbedID, plantID, percentage, planterID) VALUES (76, 3038, 3, 53);
INSERT INTO PlantedIn (flowerbedID, plantID, percentage, planterID) VALUES (292, 3841, 4, 139);
INSERT INTO PlantedIn (flowerbedID, plantID, percentage, planterID) VALUES (17, 30, 2, 122);
INSERT INTO PlantedIn (flowerbedID, plantID, percentage, planterID) VALUES (101, 1806, 2, 26);
INSERT INTO PlantedIn (flowerbedID, plantID, percentage, planterID) VALUES (6, 3241, 2, 25);
INSERT INTO PlantedIn (flowerbedID, plantID, percentage, planterID) VALUES (256, 2490, 2, 45);
INSERT INTO PlantedIn (flowerbedID, plantID, percentage, planterID) VALUES (72, 103, 2, 30);
INSERT INTO PlantedIn (flowerbedID, plantID, percentage, planterID) VALUES (243, 1840, 4, 23);
INSERT INTO PlantedIn (flowerbedID, plantID, percentage, planterID) VALUES (141, 3598, 3, 121);
INSERT INTO PlantedIn (flowerbedID, plantID, percentage, planterID) VALUES (281, 1570, 2, 162);
INSERT INTO PlantedIn (flowerbedID, plantID, percentage, planterID) VALUES (262, 334, 1, 120);
INSERT INTO PlantedIn (flowerbedID, plantID, percentage, planterID) VALUES (184, 2564, 3, 25);
INSERT INTO PlantedIn (flowerbedID, plantID, percentage, planterID) VALUES (279, 862, 1, 135);
INSERT INTO PlantedIn (flowerbedID, plantID, percentage, planterID) VALUES (75, 3691, 1, 114);
INSERT INTO PlantedIn (flowerbedID, plantID, percentage, planterID) VALUES (129, 3048, 4, 147);
INSERT INTO PlantedIn (flowerbedID, plantID, percentage, planterID) VALUES (216, 2127, 3, 74);
INSERT INTO PlantedIn (flowerbedID, plantID, percentage, planterID) VALUES (286, 1401, 4, 161);
INSERT INTO PlantedIn (flowerbedID, plantID, percentage, planterID) VALUES (135, 2421, 1, 11);
INSERT INTO PlantedIn (flowerbedID, plantID, percentage, planterID) VALUES (87, 790, 4, 120);
INSERT INTO PlantedIn (flowerbedID, plantID, percentage, planterID) VALUES (148, 2543, 2, 26);
INSERT INTO PlantedIn (flowerbedID, plantID, percentage, planterID) VALUES (264, 3590, 1, 103);
INSERT INTO PlantedIn (flowerbedID, plantID, percentage, planterID) VALUES (265, 995, 2, 34);
INSERT INTO PlantedIn (flowerbedID, plantID, percentage, planterID) VALUES (14, 160, 4, 37);
INSERT INTO PlantedIn (flowerbedID, plantID, percentage, planterID) VALUES (177, 2477, 3, 73);
INSERT INTO PlantedIn (flowerbedID, plantID, percentage, planterID) VALUES (1, 1379, 2, 65);
INSERT INTO PlantedIn (flowerbedID, plantID, percentage, planterID) VALUES (294, 1695, 2, 89);
INSERT INTO PlantedIn (flowerbedID, plantID, percentage, planterID) VALUES (193, 814, 1, 11);
INSERT INTO PlantedIn (flowerbedID, plantID, percentage, planterID) VALUES (260, 815, 3, 97);
INSERT INTO PlantedIn (flowerbedID, plantID, percentage, planterID) VALUES (42, 612, 1, 152);
INSERT INTO PlantedIn (flowerbedID, plantID, percentage, planterID) VALUES (125, 275, 2, 58);
INSERT INTO PlantedIn (flowerbedID, plantID, percentage, planterID) VALUES (34, 2134, 3, 39);
INSERT INTO PlantedIn (flowerbedID, plantID, percentage, planterID) VALUES (58, 2512, 1, 44);
INSERT INTO PlantedIn (flowerbedID, plantID, percentage, planterID) VALUES (2, 2434, 4, 112);
INSERT INTO PlantedIn (flowerbedID, plantID, percentage, planterID) VALUES (21, 628, 3, 45);
INSERT INTO PlantedIn (flowerbedID, plantID, percentage, planterID) VALUES (112, 1257, 1, 146);
INSERT INTO PlantedIn (flowerbedID, plantID, percentage, planterID) VALUES (170, 3360, 4, 121);
INSERT INTO PlantedIn (flowerbedID, plantID, percentage, planterID) VALUES (282, 137, 1, 77);
INSERT INTO PlantedIn (flowerbedID, plantID, percentage, planterID) VALUES (176, 2590, 4, 131);
INSERT INTO PlantedIn (flowerbedID, plantID, percentage, planterID) VALUES (191, 2407, 3, 55);
INSERT INTO PlantedIn (flowerbedID, plantID, percentage, planterID) VALUES (235, 2230, 1, 72);
INSERT INTO PlantedIn (flowerbedID, plantID, percentage, planterID) VALUES (270, 1021, 2, 69);
INSERT INTO PlantedIn (flowerbedID, plantID, percentage, planterID) VALUES (201, 1506, 1, 20);
INSERT INTO PlantedIn (flowerbedID, plantID, percentage, planterID) VALUES (78, 3136, 1, 38);
INSERT INTO PlantedIn (flowerbedID, plantID, percentage, planterID) VALUES (254, 2565, 2, 44);
INSERT INTO PlantedIn (flowerbedID, plantID, percentage, planterID) VALUES (100, 34, 3, 37);
INSERT INTO PlantedIn (flowerbedID, plantID, percentage, planterID) VALUES (243, 1139, 3, 63);
INSERT INTO PlantedIn (flowerbedID, plantID, percentage, planterID) VALUES (261, 3011, 4, 130);
INSERT INTO PlantedIn (flowerbedID, plantID, percentage, planterID) VALUES (13, 597, 3, 37);
INSERT INTO PlantedIn (flowerbedID, plantID, percentage, planterID) VALUES (41, 672, 4, 1);
INSERT INTO PlantedIn (flowerbedID, plantID, percentage, planterID) VALUES (251, 981, 1, 72);
INSERT INTO PlantedIn (flowerbedID, plantID, percentage, planterID) VALUES (79, 2436, 2, 142);
INSERT INTO PlantedIn (flowerbedID, plantID, percentage, planterID) VALUES (245, 3105, 3, 161);
INSERT INTO PlantedIn (flowerbedID, plantID, percentage, planterID) VALUES (30, 1148, 4, 40);
INSERT INTO PlantedIn (flowerbedID, plantID, percentage, planterID) VALUES (23, 3799, 1, 128);
INSERT INTO PlantedIn (flowerbedID, plantID, percentage, planterID) VALUES (42, 3689, 3, 144);
INSERT INTO PlantedIn (flowerbedID, plantID, percentage, planterID) VALUES (84, 3043, 2, 84);
INSERT INTO PlantedIn (flowerbedID, plantID, percentage, planterID) VALUES (288, 1876, 4, 69);
INSERT INTO PlantedIn (flowerbedID, plantID, percentage, planterID) VALUES (134, 3066, 2, 49);
INSERT INTO PlantedIn (flowerbedID, plantID, percentage, planterID) VALUES (179, 835, 3, 154);
INSERT INTO PlantedIn (flowerbedID, plantID, percentage, planterID) VALUES (154, 476, 3, 115);
INSERT INTO PlantedIn (flowerbedID, plantID, percentage, planterID) VALUES (32, 1569, 1, 122);
INSERT INTO PlantedIn (flowerbedID, plantID, percentage, planterID) VALUES (108, 2093, 3, 159);
INSERT INTO PlantedIn (flowerbedID, plantID, percentage, planterID) VALUES (99, 1576, 2, 10);
INSERT INTO PlantedIn (flowerbedID, plantID, percentage, planterID) VALUES (267, 1751, 3, 16);
INSERT INTO PlantedIn (flowerbedID, plantID, percentage, planterID) VALUES (81, 221, 3, 109);
INSERT INTO PlantedIn (flowerbedID, plantID, percentage, planterID) VALUES (39, 3369, 3, 25);
INSERT INTO PlantedIn (flowerbedID, plantID, percentage, planterID) VALUES (298, 3105, 1, 40);
INSERT INTO PlantedIn (flowerbedID, plantID, percentage, planterID) VALUES (63, 3626, 3, 60);
INSERT INTO PlantedIn (flowerbedID, plantID, percentage, planterID) VALUES (144, 1036, 4, 36);
INSERT INTO PlantedIn (flowerbedID, plantID, percentage, planterID) VALUES (202, 1019, 3, 17);
INSERT INTO PlantedIn (flowerbedID, plantID, percentage, planterID) VALUES (215, 718, 4, 35);
INSERT INTO PlantedIn (flowerbedID, plantID, percentage, planterID) VALUES (73, 3219, 1, 120);
INSERT INTO PlantedIn (flowerbedID, plantID, percentage, planterID) VALUES (224, 2602, 4, 93);
INSERT INTO PlantedIn (flowerbedID, plantID, percentage, planterID) VALUES (163, 2625, 3, 90);
INSERT INTO PlantedIn (flowerbedID, plantID, percentage, planterID) VALUES (145, 2893, 3, 111);
INSERT INTO PlantedIn (flowerbedID, plantID, percentage, planterID) VALUES (206, 3804, 1, 45);
INSERT INTO PlantedIn (flowerbedID, plantID, percentage, planterID) VALUES (220, 278, 2, 86);
INSERT INTO PlantedIn (flowerbedID, plantID, percentage, planterID) VALUES (77, 2690, 3, 75);
INSERT INTO PlantedIn (flowerbedID, plantID, percentage, planterID) VALUES (159, 504, 2, 102);
INSERT INTO PlantedIn (flowerbedID, plantID, percentage, planterID) VALUES (241, 509, 2, 26);
INSERT INTO PlantedIn (flowerbedID, plantID, percentage, planterID) VALUES (243, 2584, 2, 153);
INSERT INTO PlantedIn (flowerbedID, plantID, percentage, planterID) VALUES (154, 949, 4, 47);
INSERT INTO PlantedIn (flowerbedID, plantID, percentage, planterID) VALUES (214, 942, 2, 119);
INSERT INTO PlantedIn (flowerbedID, plantID, percentage, planterID) VALUES (95, 723, 3, 155);
INSERT INTO PlantedIn (flowerbedID, plantID, percentage, planterID) VALUES (264, 1281, 2, 13);
INSERT INTO PlantedIn (flowerbedID, plantID, percentage, planterID) VALUES (139, 2573, 2, 119);
INSERT INTO PlantedIn (flowerbedID, plantID, percentage, planterID) VALUES (239, 3235, 3, 106);
INSERT INTO PlantedIn (flowerbedID, plantID, percentage, planterID) VALUES (152, 1936, 4, 155);
INSERT INTO PlantedIn (flowerbedID, plantID, percentage, planterID) VALUES (9, 3423, 3, 5);
INSERT INTO PlantedIn (flowerbedID, plantID, percentage, planterID) VALUES (40, 1140, 4, 53);
INSERT INTO PlantedIn (flowerbedID, plantID, percentage, planterID) VALUES (161, 3846, 4, 51);
INSERT INTO PlantedIn (flowerbedID, plantID, percentage, planterID) VALUES (55, 741, 1, 74);
INSERT INTO PlantedIn (flowerbedID, plantID, percentage, planterID) VALUES (157, 1930, 4, 82);
INSERT INTO PlantedIn (flowerbedID, plantID, percentage, planterID) VALUES (50, 627, 4, 43);
INSERT INTO PlantedIn (flowerbedID, plantID, percentage, planterID) VALUES (299, 3336, 3, 99);
INSERT INTO PlantedIn (flowerbedID, plantID, percentage, planterID) VALUES (109, 1823, 2, 74);
INSERT INTO PlantedIn (flowerbedID, plantID, percentage, planterID) VALUES (107, 1746, 2, 161);
INSERT INTO PlantedIn (flowerbedID, plantID, percentage, planterID) VALUES (224, 912, 2, 58);
INSERT INTO PlantedIn (flowerbedID, plantID, percentage, planterID) VALUES (70, 2426, 2, 24);
INSERT INTO PlantedIn (flowerbedID, plantID, percentage, planterID) VALUES (245, 2183, 2, 83);
INSERT INTO PlantedIn (flowerbedID, plantID, percentage, planterID) VALUES (20, 3686, 1, 57);
INSERT INTO PlantedIn (flowerbedID, plantID, percentage, planterID) VALUES (132, 2945, 4, 107);
INSERT INTO PlantedIn (flowerbedID, plantID, percentage, planterID) VALUES (70, 176, 3, 34);
INSERT INTO PlantedIn (flowerbedID, plantID, percentage, planterID) VALUES (149, 491, 1, 14);
INSERT INTO PlantedIn (flowerbedID, plantID, percentage, planterID) VALUES (109, 1594, 3, 91);
INSERT INTO PlantedIn (flowerbedID, plantID, percentage, planterID) VALUES (12, 2576, 4, 2);
INSERT INTO PlantedIn (flowerbedID, plantID, percentage, planterID) VALUES (70, 1872, 2, 35);
INSERT INTO PlantedIn (flowerbedID, plantID, percentage, planterID) VALUES (131, 2039, 3, 91);
INSERT INTO PlantedIn (flowerbedID, plantID, percentage, planterID) VALUES (32, 2765, 3, 116);
INSERT INTO PlantedIn (flowerbedID, plantID, percentage, planterID) VALUES (143, 1114, 3, 60);
INSERT INTO PlantedIn (flowerbedID, plantID, percentage, planterID) VALUES (100, 2090, 4, 52);
INSERT INTO PlantedIn (flowerbedID, plantID, percentage, planterID) VALUES (200, 1466, 1, 13);
INSERT INTO PlantedIn (flowerbedID, plantID, percentage, planterID) VALUES (237, 2328, 4, 108);
INSERT INTO PlantedIn (flowerbedID, plantID, percentage, planterID) VALUES (81, 2437, 2, 119);
INSERT INTO PlantedIn (flowerbedID, plantID, percentage, planterID) VALUES (35, 3443, 3, 137);
INSERT INTO PlantedIn (flowerbedID, plantID, percentage, planterID) VALUES (126, 1233, 3, 19);
INSERT INTO PlantedIn (flowerbedID, plantID, percentage, planterID) VALUES (11, 2997, 3, 12);
INSERT INTO PlantedIn (flowerbedID, plantID, percentage, planterID) VALUES (19, 1588, 2, 39);
INSERT INTO PlantedIn (flowerbedID, plantID, percentage, planterID) VALUES (285, 2018, 3, 40);
INSERT INTO PlantedIn (flowerbedID, plantID, percentage, planterID) VALUES (270, 1166, 3, 112);
INSERT INTO PlantedIn (flowerbedID, plantID, percentage, planterID) VALUES (271, 1055, 1, 91);
INSERT INTO PlantedIn (flowerbedID, plantID, percentage, planterID) VALUES (271, 825, 1, 116);
INSERT INTO PlantedIn (flowerbedID, plantID, percentage, planterID) VALUES (32, 1806, 3, 99);
INSERT INTO PlantedIn (flowerbedID, plantID, percentage, planterID) VALUES (235, 2618, 4, 8);
INSERT INTO PlantedIn (flowerbedID, plantID, percentage, planterID) VALUES (136, 421, 3, 57);
INSERT INTO PlantedIn (flowerbedID, plantID, percentage, planterID) VALUES (156, 2136, 2, 157);
INSERT INTO PlantedIn (flowerbedID, plantID, percentage, planterID) VALUES (23, 541, 4, 16);
INSERT INTO PlantedIn (flowerbedID, plantID, percentage, planterID) VALUES (132, 2856, 2, 115);
INSERT INTO PlantedIn (flowerbedID, plantID, percentage, planterID) VALUES (4, 741, 4, 90);
INSERT INTO PlantedIn (flowerbedID, plantID, percentage, planterID) VALUES (122, 735, 3, 161);
INSERT INTO PlantedIn (flowerbedID, plantID, percentage, planterID) VALUES (197, 1948, 2, 6);
INSERT INTO PlantedIn (flowerbedID, plantID, percentage, planterID) VALUES (55, 289, 3, 46);
INSERT INTO PlantedIn (flowerbedID, plantID, percentage, planterID) VALUES (55, 2296, 3, 26);
INSERT INTO PlantedIn (flowerbedID, plantID, percentage, planterID) VALUES (44, 240, 1, 30);
INSERT INTO PlantedIn (flowerbedID, plantID, percentage, planterID) VALUES (61, 1022, 3, 34);
INSERT INTO PlantedIn (flowerbedID, plantID, percentage, planterID) VALUES (17, 1958, 2, 160);
INSERT INTO PlantedIn (flowerbedID, plantID, percentage, planterID) VALUES (110, 2, 3, 138);
INSERT INTO PlantedIn (flowerbedID, plantID, percentage, planterID) VALUES (23, 230, 2, 32);
INSERT INTO PlantedIn (flowerbedID, plantID, percentage, planterID) VALUES (118, 526, 3, 4);
INSERT INTO PlantedIn (flowerbedID, plantID, percentage, planterID) VALUES (120, 839, 2, 41);
INSERT INTO PlantedIn (flowerbedID, plantID, percentage, planterID) VALUES (220, 1343, 2, 103);
INSERT INTO PlantedIn (flowerbedID, plantID, percentage, planterID) VALUES (63, 2197, 3, 135);
INSERT INTO PlantedIn (flowerbedID, plantID, percentage, planterID) VALUES (170, 2241, 3, 22);
INSERT INTO PlantedIn (flowerbedID, plantID, percentage, planterID) VALUES (192, 1177, 2, 156);
INSERT INTO PlantedIn (flowerbedID, plantID, percentage, planterID) VALUES (190, 3338, 1, 16);
INSERT INTO PlantedIn (flowerbedID, plantID, percentage, planterID) VALUES (299, 433, 2, 107);
INSERT INTO PlantedIn (flowerbedID, plantID, percentage, planterID) VALUES (99, 3323, 2, 139);
INSERT INTO PlantedIn (flowerbedID, plantID, percentage, planterID) VALUES (26, 852, 4, 95);
INSERT INTO PlantedIn (flowerbedID, plantID, percentage, planterID) VALUES (170, 567, 4, 43);
INSERT INTO PlantedIn (flowerbedID, plantID, percentage, planterID) VALUES (214, 122, 2, 61);
INSERT INTO PlantedIn (flowerbedID, plantID, percentage, planterID) VALUES (183, 1845, 2, 160);
INSERT INTO PlantedIn (flowerbedID, plantID, percentage, planterID) VALUES (234, 3203, 2, 94);
INSERT INTO PlantedIn (flowerbedID, plantID, percentage, planterID) VALUES (207, 2451, 3, 77);
INSERT INTO PlantedIn (flowerbedID, plantID, percentage, planterID) VALUES (223, 255, 1, 16);
INSERT INTO PlantedIn (flowerbedID, plantID, percentage, planterID) VALUES (277, 3454, 1, 84);
INSERT INTO PlantedIn (flowerbedID, plantID, percentage, planterID) VALUES (35, 126, 3, 143);
INSERT INTO PlantedIn (flowerbedID, plantID, percentage, planterID) VALUES (54, 305, 4, 79);
INSERT INTO PlantedIn (flowerbedID, plantID, percentage, planterID) VALUES (279, 1987, 3, 84);
INSERT INTO PlantedIn (flowerbedID, plantID, percentage, planterID) VALUES (45, 3603, 4, 55);
INSERT INTO PlantedIn (flowerbedID, plantID, percentage, planterID) VALUES (90, 1750, 2, 161);
INSERT INTO PlantedIn (flowerbedID, plantID, percentage, planterID) VALUES (146, 2959, 3, 17);
INSERT INTO PlantedIn (flowerbedID, plantID, percentage, planterID) VALUES (253, 2143, 4, 96);
INSERT INTO PlantedIn (flowerbedID, plantID, percentage, planterID) VALUES (110, 2839, 3, 117);
INSERT INTO PlantedIn (flowerbedID, plantID, percentage, planterID) VALUES (251, 2504, 4, 126);
INSERT INTO PlantedIn (flowerbedID, plantID, percentage, planterID) VALUES (49, 836, 2, 68);
INSERT INTO PlantedIn (flowerbedID, plantID, percentage, planterID) VALUES (45, 2745, 1, 36);
INSERT INTO PlantedIn (flowerbedID, plantID, percentage, planterID) VALUES (35, 665, 2, 13);
INSERT INTO PlantedIn (flowerbedID, plantID, percentage, planterID) VALUES (187, 20, 1, 143);
INSERT INTO PlantedIn (flowerbedID, plantID, percentage, planterID) VALUES (231, 3578, 3, 134);
INSERT INTO PlantedIn (flowerbedID, plantID, percentage, planterID) VALUES (144, 1281, 4, 98);
INSERT INTO PlantedIn (flowerbedID, plantID, percentage, planterID) VALUES (20, 949, 4, 87);
INSERT INTO PlantedIn (flowerbedID, plantID, percentage, planterID) VALUES (268, 895, 1, 116);
INSERT INTO PlantedIn (flowerbedID, plantID, percentage, planterID) VALUES (134, 265, 3, 63);
INSERT INTO PlantedIn (flowerbedID, plantID, percentage, planterID) VALUES (233, 2198, 4, 128);
INSERT INTO PlantedIn (flowerbedID, plantID, percentage, planterID) VALUES (222, 3138, 2, 54);
INSERT INTO PlantedIn (flowerbedID, plantID, percentage, planterID) VALUES (245, 548, 3, 82);
INSERT INTO PlantedIn (flowerbedID, plantID, percentage, planterID) VALUES (21, 961, 3, 35);
INSERT INTO PlantedIn (flowerbedID, plantID, percentage, planterID) VALUES (174, 2981, 3, 68);
INSERT INTO PlantedIn (flowerbedID, plantID, percentage, planterID) VALUES (5, 3468, 4, 95);
INSERT INTO PlantedIn (flowerbedID, plantID, percentage, planterID) VALUES (88, 1274, 1, 30);
INSERT INTO PlantedIn (flowerbedID, plantID, percentage, planterID) VALUES (217, 1068, 3, 1);
INSERT INTO PlantedIn (flowerbedID, plantID, percentage, planterID) VALUES (125, 1851, 2, 23);
INSERT INTO PlantedIn (flowerbedID, plantID, percentage, planterID) VALUES (218, 1279, 2, 6);
INSERT INTO PlantedIn (flowerbedID, plantID, percentage, planterID) VALUES (97, 1940, 2, 5);
INSERT INTO PlantedIn (flowerbedID, plantID, percentage, planterID) VALUES (217, 3840, 1, 5);
INSERT INTO PlantedIn (flowerbedID, plantID, percentage, planterID) VALUES (97, 768, 1, 15);
INSERT INTO PlantedIn (flowerbedID, plantID, percentage, planterID) VALUES (34, 199, 4, 148);
INSERT INTO PlantedIn (flowerbedID, plantID, percentage, planterID) VALUES (98, 3339, 3, 66);
INSERT INTO PlantedIn (flowerbedID, plantID, percentage, planterID) VALUES (103, 1963, 1, 40);
INSERT INTO PlantedIn (flowerbedID, plantID, percentage, planterID) VALUES (251, 1013, 4, 65);
INSERT INTO PlantedIn (flowerbedID, plantID, percentage, planterID) VALUES (206, 1273, 1, 11);
INSERT INTO PlantedIn (flowerbedID, plantID, percentage, planterID) VALUES (249, 342, 3, 80);
INSERT INTO PlantedIn (flowerbedID, plantID, percentage, planterID) VALUES (206, 2548, 4, 108);
INSERT INTO PlantedIn (flowerbedID, plantID, percentage, planterID) VALUES (213, 1878, 1, 110);
INSERT INTO PlantedIn (flowerbedID, plantID, percentage, planterID) VALUES (105, 57, 3, 135);
INSERT INTO PlantedIn (flowerbedID, plantID, percentage, planterID) VALUES (157, 51, 2, 131);
INSERT INTO PlantedIn (flowerbedID, plantID, percentage, planterID) VALUES (83, 533, 4, 53);
INSERT INTO PlantedIn (flowerbedID, plantID, percentage, planterID) VALUES (135, 1676, 3, 147);
INSERT INTO PlantedIn (flowerbedID, plantID, percentage, planterID) VALUES (276, 1649, 3, 162);
INSERT INTO PlantedIn (flowerbedID, plantID, percentage, planterID) VALUES (26, 2175, 4, 71);
INSERT INTO PlantedIn (flowerbedID, plantID, percentage, planterID) VALUES (15, 167, 2, 144);
INSERT INTO PlantedIn (flowerbedID, plantID, percentage, planterID) VALUES (18, 2384, 3, 16);
INSERT INTO PlantedIn (flowerbedID, plantID, percentage, planterID) VALUES (189, 3288, 4, 162);
INSERT INTO PlantedIn (flowerbedID, plantID, percentage, planterID) VALUES (296, 943, 2, 150);
INSERT INTO PlantedIn (flowerbedID, plantID, percentage, planterID) VALUES (182, 3244, 1, 130);
INSERT INTO PlantedIn (flowerbedID, plantID, percentage, planterID) VALUES (82, 2347, 1, 102);
INSERT INTO PlantedIn (flowerbedID, plantID, percentage, planterID) VALUES (11, 2032, 1, 139);
INSERT INTO PlantedIn (flowerbedID, plantID, percentage, planterID) VALUES (27, 813, 1, 158);
INSERT INTO PlantedIn (flowerbedID, plantID, percentage, planterID) VALUES (76, 2895, 2, 92);
INSERT INTO PlantedIn (flowerbedID, plantID, percentage, planterID) VALUES (110, 2412, 4, 154);
INSERT INTO PlantedIn (flowerbedID, plantID, percentage, planterID) VALUES (142, 3219, 2, 155);
INSERT INTO PlantedIn (flowerbedID, plantID, percentage, planterID) VALUES (23, 2961, 3, 158);
INSERT INTO PlantedIn (flowerbedID, plantID, percentage, planterID) VALUES (181, 2595, 4, 128);
INSERT INTO PlantedIn (flowerbedID, plantID, percentage, planterID) VALUES (84, 1270, 2, 13);
INSERT INTO PlantedIn (flowerbedID, plantID, percentage, planterID) VALUES (256, 3385, 4, 75);
INSERT INTO PlantedIn (flowerbedID, plantID, percentage, planterID) VALUES (26, 1340, 2, 14);
INSERT INTO PlantedIn (flowerbedID, plantID, percentage, planterID) VALUES (29, 2374, 2, 112);
INSERT INTO PlantedIn (flowerbedID, plantID, percentage, planterID) VALUES (72, 2093, 3, 79);
INSERT INTO PlantedIn (flowerbedID, plantID, percentage, planterID) VALUES (112, 1372, 2, 31);
INSERT INTO PlantedIn (flowerbedID, plantID, percentage, planterID) VALUES (37, 361, 3, 24);
INSERT INTO PlantedIn (flowerbedID, plantID, percentage, planterID) VALUES (229, 3377, 1, 104);
INSERT INTO PlantedIn (flowerbedID, plantID, percentage, planterID) VALUES (61, 2615, 1, 62);
INSERT INTO PlantedIn (flowerbedID, plantID, percentage, planterID) VALUES (207, 2426, 4, 119);
INSERT INTO PlantedIn (flowerbedID, plantID, percentage, planterID) VALUES (51, 559, 3, 111);
INSERT INTO PlantedIn (flowerbedID, plantID, percentage, planterID) VALUES (273, 497, 3, 60);
INSERT INTO PlantedIn (flowerbedID, plantID, percentage, planterID) VALUES (1, 3673, 1, 124);
INSERT INTO PlantedIn (flowerbedID, plantID, percentage, planterID) VALUES (188, 286, 1, 45);
INSERT INTO PlantedIn (flowerbedID, plantID, percentage, planterID) VALUES (258, 998, 4, 141);
INSERT INTO PlantedIn (flowerbedID, plantID, percentage, planterID) VALUES (101, 3071, 1, 39);
INSERT INTO PlantedIn (flowerbedID, plantID, percentage, planterID) VALUES (17, 2318, 3, 24);
INSERT INTO PlantedIn (flowerbedID, plantID, percentage, planterID) VALUES (125, 498, 2, 31);
INSERT INTO PlantedIn (flowerbedID, plantID, percentage, planterID) VALUES (77, 2016, 2, 1);
INSERT INTO PlantedIn (flowerbedID, plantID, percentage, planterID) VALUES (142, 2790, 1, 80);
INSERT INTO PlantedIn (flowerbedID, plantID, percentage, planterID) VALUES (238, 2793, 3, 48);
INSERT INTO PlantedIn (flowerbedID, plantID, percentage, planterID) VALUES (294, 366, 2, 112);
INSERT INTO PlantedIn (flowerbedID, plantID, percentage, planterID) VALUES (266, 3372, 2, 60);
INSERT INTO PlantedIn (flowerbedID, plantID, percentage, planterID) VALUES (235, 1168, 4, 156);
INSERT INTO PlantedIn (flowerbedID, plantID, percentage, planterID) VALUES (270, 141, 2, 68);
INSERT INTO PlantedIn (flowerbedID, plantID, percentage, planterID) VALUES (50, 2202, 2, 112);
INSERT INTO PlantedIn (flowerbedID, plantID, percentage, planterID) VALUES (28, 2513, 3, 118);
INSERT INTO PlantedIn (flowerbedID, plantID, percentage, planterID) VALUES (112, 557, 1, 114);
INSERT INTO PlantedIn (flowerbedID, plantID, percentage, planterID) VALUES (260, 3630, 4, 142);
INSERT INTO PlantedIn (flowerbedID, plantID, percentage, planterID) VALUES (11, 1833, 4, 29);
INSERT INTO PlantedIn (flowerbedID, plantID, percentage, planterID) VALUES (104, 1964, 1, 41);
INSERT INTO PlantedIn (flowerbedID, plantID, percentage, planterID) VALUES (52, 1404, 2, 6);
INSERT INTO PlantedIn (flowerbedID, plantID, percentage, planterID) VALUES (279, 2618, 1, 131);
INSERT INTO PlantedIn (flowerbedID, plantID, percentage, planterID) VALUES (98, 1703, 3, 101);
INSERT INTO PlantedIn (flowerbedID, plantID, percentage, planterID) VALUES (175, 960, 2, 150);
INSERT INTO PlantedIn (flowerbedID, plantID, percentage, planterID) VALUES (56, 2669, 1, 52);
INSERT INTO PlantedIn (flowerbedID, plantID, percentage, planterID) VALUES (50, 1784, 3, 25);
INSERT INTO PlantedIn (flowerbedID, plantID, percentage, planterID) VALUES (290, 1457, 4, 111);
INSERT INTO PlantedIn (flowerbedID, plantID, percentage, planterID) VALUES (154, 2355, 3, 85);
INSERT INTO PlantedIn (flowerbedID, plantID, percentage, planterID) VALUES (291, 2016, 4, 4);
INSERT INTO PlantedIn (flowerbedID, plantID, percentage, planterID) VALUES (60, 3021, 3, 160);
INSERT INTO PlantedIn (flowerbedID, plantID, percentage, planterID) VALUES (67, 1994, 4, 39);
INSERT INTO PlantedIn (flowerbedID, plantID, percentage, planterID) VALUES (229, 352, 4, 45);
INSERT INTO PlantedIn (flowerbedID, plantID, percentage, planterID) VALUES (234, 2147, 4, 30);
INSERT INTO PlantedIn (flowerbedID, plantID, percentage, planterID) VALUES (6, 1219, 4, 79);
INSERT INTO PlantedIn (flowerbedID, plantID, percentage, planterID) VALUES (207, 375, 1, 132);
INSERT INTO PlantedIn (flowerbedID, plantID, percentage, planterID) VALUES (212, 992, 3, 154);
INSERT INTO PlantedIn (flowerbedID, plantID, percentage, planterID) VALUES (233, 3524, 4, 101);
INSERT INTO PlantedIn (flowerbedID, plantID, percentage, planterID) VALUES (208, 1983, 4, 87);
INSERT INTO PlantedIn (flowerbedID, plantID, percentage, planterID) VALUES (9, 2809, 4, 125);
INSERT INTO PlantedIn (flowerbedID, plantID, percentage, planterID) VALUES (245, 3784, 3, 129);
INSERT INTO PlantedIn (flowerbedID, plantID, percentage, planterID) VALUES (160, 3542, 3, 94);
INSERT INTO PlantedIn (flowerbedID, plantID, percentage, planterID) VALUES (70, 6, 4, 93);
INSERT INTO PlantedIn (flowerbedID, plantID, percentage, planterID) VALUES (30, 1171, 4, 23);
INSERT INTO PlantedIn (flowerbedID, plantID, percentage, planterID) VALUES (168, 72, 2, 84);
INSERT INTO PlantedIn (flowerbedID, plantID, percentage, planterID) VALUES (279, 261, 3, 54);
INSERT INTO PlantedIn (flowerbedID, plantID, percentage, planterID) VALUES (174, 3154, 3, 93);
INSERT INTO PlantedIn (flowerbedID, plantID, percentage, planterID) VALUES (163, 1003, 2, 70);
INSERT INTO PlantedIn (flowerbedID, plantID, percentage, planterID) VALUES (19, 1950, 2, 56);
INSERT INTO PlantedIn (flowerbedID, plantID, percentage, planterID) VALUES (152, 3328, 3, 38);
INSERT INTO PlantedIn (flowerbedID, plantID, percentage, planterID) VALUES (49, 1343, 3, 71);
INSERT INTO PlantedIn (flowerbedID, plantID, percentage, planterID) VALUES (110, 3450, 2, 11);
INSERT INTO PlantedIn (flowerbedID, plantID, percentage, planterID) VALUES (288, 1446, 3, 159);
INSERT INTO PlantedIn (flowerbedID, plantID, percentage, planterID) VALUES (57, 1766, 3, 26);
INSERT INTO PlantedIn (flowerbedID, plantID, percentage, planterID) VALUES (215, 2135, 4, 16);
INSERT INTO PlantedIn (flowerbedID, plantID, percentage, planterID) VALUES (210, 202, 4, 126);
INSERT INTO PlantedIn (flowerbedID, plantID, percentage, planterID) VALUES (167, 197, 1, 10);
INSERT INTO PlantedIn (flowerbedID, plantID, percentage, planterID) VALUES (273, 1065, 1, 115);
INSERT INTO PlantedIn (flowerbedID, plantID, percentage, planterID) VALUES (187, 293, 4, 138);
INSERT INTO PlantedIn (flowerbedID, plantID, percentage, planterID) VALUES (290, 3321, 4, 49);
INSERT INTO PlantedIn (flowerbedID, plantID, percentage, planterID) VALUES (70, 785, 2, 81);
INSERT INTO PlantedIn (flowerbedID, plantID, percentage, planterID) VALUES (198, 2390, 2, 27);
INSERT INTO PlantedIn (flowerbedID, plantID, percentage, planterID) VALUES (51, 961, 4, 57);
INSERT INTO PlantedIn (flowerbedID, plantID, percentage, planterID) VALUES (90, 223, 4, 109);
INSERT INTO PlantedIn (flowerbedID, plantID, percentage, planterID) VALUES (289, 2264, 3, 17);
INSERT INTO PlantedIn (flowerbedID, plantID, percentage, planterID) VALUES (198, 3460, 3, 99);
INSERT INTO PlantedIn (flowerbedID, plantID, percentage, planterID) VALUES (226, 3323, 4, 96);
INSERT INTO PlantedIn (flowerbedID, plantID, percentage, planterID) VALUES (19, 100, 3, 71);
INSERT INTO PlantedIn (flowerbedID, plantID, percentage, planterID) VALUES (193, 2191, 4, 17);
INSERT INTO PlantedIn (flowerbedID, plantID, percentage, planterID) VALUES (244, 1655, 1, 118);
INSERT INTO PlantedIn (flowerbedID, plantID, percentage, planterID) VALUES (2, 3447, 4, 106);
INSERT INTO PlantedIn (flowerbedID, plantID, percentage, planterID) VALUES (143, 2748, 1, 96);
INSERT INTO PlantedIn (flowerbedID, plantID, percentage, planterID) VALUES (182, 507, 2, 133);
INSERT INTO PlantedIn (flowerbedID, plantID, percentage, planterID) VALUES (297, 1257, 1, 60);
INSERT INTO PlantedIn (flowerbedID, plantID, percentage, planterID) VALUES (105, 2933, 4, 134);
INSERT INTO PlantedIn (flowerbedID, plantID, percentage, planterID) VALUES (98, 3374, 1, 140);
INSERT INTO PlantedIn (flowerbedID, plantID, percentage, planterID) VALUES (90, 1908, 4, 45);
INSERT INTO PlantedIn (flowerbedID, plantID, percentage, planterID) VALUES (243, 888, 4, 66);
INSERT INTO PlantedIn (flowerbedID, plantID, percentage, planterID) VALUES (37, 3849, 3, 135);
INSERT INTO PlantedIn (flowerbedID, plantID, percentage, planterID) VALUES (212, 1310, 2, 127);
INSERT INTO PlantedIn (flowerbedID, plantID, percentage, planterID) VALUES (141, 1952, 2, 116);
INSERT INTO PlantedIn (flowerbedID, plantID, percentage, planterID) VALUES (249, 81, 1, 89);
INSERT INTO PlantedIn (flowerbedID, plantID, percentage, planterID) VALUES (234, 1115, 1, 31);
INSERT INTO PlantedIn (flowerbedID, plantID, percentage, planterID) VALUES (49, 3807, 2, 43);
INSERT INTO PlantedIn (flowerbedID, plantID, percentage, planterID) VALUES (144, 1944, 2, 43);
INSERT INTO PlantedIn (flowerbedID, plantID, percentage, planterID) VALUES (219, 2433, 4, 18);
INSERT INTO PlantedIn (flowerbedID, plantID, percentage, planterID) VALUES (187, 3422, 2, 78);
INSERT INTO PlantedIn (flowerbedID, plantID, percentage, planterID) VALUES (67, 733, 3, 111);
INSERT INTO PlantedIn (flowerbedID, plantID, percentage, planterID) VALUES (208, 1225, 3, 27);
INSERT INTO PlantedIn (flowerbedID, plantID, percentage, planterID) VALUES (101, 2581, 1, 122);
INSERT INTO PlantedIn (flowerbedID, plantID, percentage, planterID) VALUES (259, 1812, 2, 100);
INSERT INTO PlantedIn (flowerbedID, plantID, percentage, planterID) VALUES (291, 3197, 3, 109);
INSERT INTO PlantedIn (flowerbedID, plantID, percentage, planterID) VALUES (137, 2838, 1, 96);
INSERT INTO PlantedIn (flowerbedID, plantID, percentage, planterID) VALUES (186, 40, 4, 72);
INSERT INTO PlantedIn (flowerbedID, plantID, percentage, planterID) VALUES (60, 220, 4, 93);
INSERT INTO PlantedIn (flowerbedID, plantID, percentage, planterID) VALUES (112, 2672, 3, 73);
INSERT INTO PlantedIn (flowerbedID, plantID, percentage, planterID) VALUES (108, 479, 2, 143);
INSERT INTO PlantedIn (flowerbedID, plantID, percentage, planterID) VALUES (2, 199, 4, 75);
INSERT INTO PlantedIn (flowerbedID, plantID, percentage, planterID) VALUES (156, 41, 2, 37);
INSERT INTO PlantedIn (flowerbedID, plantID, percentage, planterID) VALUES (251, 3269, 2, 34);
INSERT INTO PlantedIn (flowerbedID, plantID, percentage, planterID) VALUES (174, 2912, 1, 65);
INSERT INTO PlantedIn (flowerbedID, plantID, percentage, planterID) VALUES (229, 3047, 4, 8);
INSERT INTO PlantedIn (flowerbedID, plantID, percentage, planterID) VALUES (253, 2240, 1, 148);
INSERT INTO PlantedIn (flowerbedID, plantID, percentage, planterID) VALUES (81, 1068, 3, 161);
INSERT INTO PlantedIn (flowerbedID, plantID, percentage, planterID) VALUES (243, 1454, 2, 48);
INSERT INTO PlantedIn (flowerbedID, plantID, percentage, planterID) VALUES (116, 1887, 1, 142);
INSERT INTO PlantedIn (flowerbedID, plantID, percentage, planterID) VALUES (100, 67, 4, 90);
INSERT INTO PlantedIn (flowerbedID, plantID, percentage, planterID) VALUES (231, 3452, 3, 20);
INSERT INTO PlantedIn (flowerbedID, plantID, percentage, planterID) VALUES (204, 599, 3, 86);
INSERT INTO PlantedIn (flowerbedID, plantID, percentage, planterID) VALUES (220, 1369, 1, 129);
INSERT INTO PlantedIn (flowerbedID, plantID, percentage, planterID) VALUES (189, 2611, 1, 110);
INSERT INTO PlantedIn (flowerbedID, plantID, percentage, planterID) VALUES (130, 2239, 1, 75);
INSERT INTO PlantedIn (flowerbedID, plantID, percentage, planterID) VALUES (286, 2742, 2, 99);
INSERT INTO PlantedIn (flowerbedID, plantID, percentage, planterID) VALUES (60, 1534, 3, 98);
INSERT INTO PlantedIn (flowerbedID, plantID, percentage, planterID) VALUES (124, 322, 1, 77);
INSERT INTO PlantedIn (flowerbedID, plantID, percentage, planterID) VALUES (292, 2154, 3, 124);
INSERT INTO PlantedIn (flowerbedID, plantID, percentage, planterID) VALUES (213, 830, 2, 32);
INSERT INTO PlantedIn (flowerbedID, plantID, percentage, planterID) VALUES (171, 3591, 1, 78);
INSERT INTO PlantedIn (flowerbedID, plantID, percentage, planterID) VALUES (181, 333, 1, 40);
INSERT INTO PlantedIn (flowerbedID, plantID, percentage, planterID) VALUES (199, 2568, 3, 49);
INSERT INTO PlantedIn (flowerbedID, plantID, percentage, planterID) VALUES (77, 2038, 3, 18);
INSERT INTO PlantedIn (flowerbedID, plantID, percentage, planterID) VALUES (183, 2117, 3, 147);
INSERT INTO PlantedIn (flowerbedID, plantID, percentage, planterID) VALUES (32, 2210, 4, 42);
INSERT INTO PlantedIn (flowerbedID, plantID, percentage, planterID) VALUES (236, 1654, 2, 46);
INSERT INTO PlantedIn (flowerbedID, plantID, percentage, planterID) VALUES (107, 2762, 4, 96);
INSERT INTO PlantedIn (flowerbedID, plantID, percentage, planterID) VALUES (240, 3029, 2, 1);
INSERT INTO PlantedIn (flowerbedID, plantID, percentage, planterID) VALUES (134, 1099, 4, 15);
INSERT INTO PlantedIn (flowerbedID, plantID, percentage, planterID) VALUES (43, 185, 2, 68);
INSERT INTO PlantedIn (flowerbedID, plantID, percentage, planterID) VALUES (172, 1916, 1, 12);
INSERT INTO PlantedIn (flowerbedID, plantID, percentage, planterID) VALUES (13, 3567, 1, 133);
INSERT INTO PlantedIn (flowerbedID, plantID, percentage, planterID) VALUES (133, 882, 4, 110);
INSERT INTO PlantedIn (flowerbedID, plantID, percentage, planterID) VALUES (282, 735, 3, 131);
INSERT INTO PlantedIn (flowerbedID, plantID, percentage, planterID) VALUES (292, 2943, 2, 36);
INSERT INTO PlantedIn (flowerbedID, plantID, percentage, planterID) VALUES (14, 1140, 1, 42);
INSERT INTO PlantedIn (flowerbedID, plantID, percentage, planterID) VALUES (103, 2457, 4, 102);
INSERT INTO PlantedIn (flowerbedID, plantID, percentage, planterID) VALUES (40, 2539, 1, 18);
INSERT INTO PlantedIn (flowerbedID, plantID, percentage, planterID) VALUES (174, 3378, 1, 56);
INSERT INTO PlantedIn (flowerbedID, plantID, percentage, planterID) VALUES (266, 1109, 2, 62);
INSERT INTO PlantedIn (flowerbedID, plantID, percentage, planterID) VALUES (154, 3831, 2, 23);
INSERT INTO PlantedIn (flowerbedID, plantID, percentage, planterID) VALUES (55, 3455, 1, 35);
INSERT INTO PlantedIn (flowerbedID, plantID, percentage, planterID) VALUES (196, 1582, 3, 100);
INSERT INTO PlantedIn (flowerbedID, plantID, percentage, planterID) VALUES (211, 3165, 1, 153);
INSERT INTO PlantedIn (flowerbedID, plantID, percentage, planterID) VALUES (41, 257, 3, 131);
INSERT INTO PlantedIn (flowerbedID, plantID, percentage, planterID) VALUES (282, 316, 4, 136);
INSERT INTO PlantedIn (flowerbedID, plantID, percentage, planterID) VALUES (111, 551, 4, 28);
INSERT INTO PlantedIn (flowerbedID, plantID, percentage, planterID) VALUES (40, 1139, 2, 59);
INSERT INTO PlantedIn (flowerbedID, plantID, percentage, planterID) VALUES (57, 2093, 4, 81);
INSERT INTO PlantedIn (flowerbedID, plantID, percentage, planterID) VALUES (285, 174, 3, 94);
INSERT INTO PlantedIn (flowerbedID, plantID, percentage, planterID) VALUES (259, 1677, 2, 121);
INSERT INTO PlantedIn (flowerbedID, plantID, percentage, planterID) VALUES (273, 2572, 1, 156);
INSERT INTO PlantedIn (flowerbedID, plantID, percentage, planterID) VALUES (219, 2561, 3, 131);
INSERT INTO PlantedIn (flowerbedID, plantID, percentage, planterID) VALUES (223, 2110, 1, 87);
INSERT INTO PlantedIn (flowerbedID, plantID, percentage, planterID) VALUES (287, 1302, 1, 24);
INSERT INTO PlantedIn (flowerbedID, plantID, percentage, planterID) VALUES (195, 2065, 3, 84);
INSERT INTO PlantedIn (flowerbedID, plantID, percentage, planterID) VALUES (290, 713, 4, 143);
INSERT INTO PlantedIn (flowerbedID, plantID, percentage, planterID) VALUES (255, 2836, 3, 159);
INSERT INTO PlantedIn (flowerbedID, plantID, percentage, planterID) VALUES (119, 2637, 1, 44);
INSERT INTO PlantedIn (flowerbedID, plantID, percentage, planterID) VALUES (69, 2915, 4, 44);
INSERT INTO PlantedIn (flowerbedID, plantID, percentage, planterID) VALUES (125, 960, 2, 127);
INSERT INTO PlantedIn (flowerbedID, plantID, percentage, planterID) VALUES (175, 3378, 2, 90);
INSERT INTO PlantedIn (flowerbedID, plantID, percentage, planterID) VALUES (144, 1978, 1, 51);
INSERT INTO PlantedIn (flowerbedID, plantID, percentage, planterID) VALUES (14, 2993, 1, 111);
INSERT INTO PlantedIn (flowerbedID, plantID, percentage, planterID) VALUES (287, 1825, 4, 154);
INSERT INTO PlantedIn (flowerbedID, plantID, percentage, planterID) VALUES (62, 3153, 3, 67);
INSERT INTO PlantedIn (flowerbedID, plantID, percentage, planterID) VALUES (149, 2482, 3, 128);
INSERT INTO PlantedIn (flowerbedID, plantID, percentage, planterID) VALUES (119, 3843, 4, 111);
INSERT INTO PlantedIn (flowerbedID, plantID, percentage, planterID) VALUES (67, 2246, 2, 148);
INSERT INTO PlantedIn (flowerbedID, plantID, percentage, planterID) VALUES (107, 1940, 2, 49);
INSERT INTO PlantedIn (flowerbedID, plantID, percentage, planterID) VALUES (292, 671, 1, 21);
INSERT INTO PlantedIn (flowerbedID, plantID, percentage, planterID) VALUES (296, 1977, 2, 135);
INSERT INTO PlantedIn (flowerbedID, plantID, percentage, planterID) VALUES (46, 2023, 3, 37);
INSERT INTO PlantedIn (flowerbedID, plantID, percentage, planterID) VALUES (155, 3304, 4, 63);
INSERT INTO PlantedIn (flowerbedID, plantID, percentage, planterID) VALUES (71, 2133, 2, 101);
INSERT INTO PlantedIn (flowerbedID, plantID, percentage, planterID) VALUES (79, 3389, 2, 38);
INSERT INTO PlantedIn (flowerbedID, plantID, percentage, planterID) VALUES (137, 312, 4, 130);
INSERT INTO PlantedIn (flowerbedID, plantID, percentage, planterID) VALUES (175, 132, 3, 22);
INSERT INTO PlantedIn (flowerbedID, plantID, percentage, planterID) VALUES (63, 962, 1, 127);
INSERT INTO PlantedIn (flowerbedID, plantID, percentage, planterID) VALUES (228, 2001, 4, 118);
INSERT INTO PlantedIn (flowerbedID, plantID, percentage, planterID) VALUES (13, 3465, 3, 80);
INSERT INTO PlantedIn (flowerbedID, plantID, percentage, planterID) VALUES (225, 3193, 4, 55);
INSERT INTO PlantedIn (flowerbedID, plantID, percentage, planterID) VALUES (113, 3497, 3, 82);
INSERT INTO PlantedIn (flowerbedID, plantID, percentage, planterID) VALUES (234, 2682, 1, 22);
INSERT INTO PlantedIn (flowerbedID, plantID, percentage, planterID) VALUES (232, 3392, 2, 9);
INSERT INTO PlantedIn (flowerbedID, plantID, percentage, planterID) VALUES (273, 691, 1, 158);
INSERT INTO PlantedIn (flowerbedID, plantID, percentage, planterID) VALUES (128, 2510, 1, 55);
INSERT INTO PlantedIn (flowerbedID, plantID, percentage, planterID) VALUES (50, 3862, 1, 18);
INSERT INTO PlantedIn (flowerbedID, plantID, percentage, planterID) VALUES (268, 2180, 3, 132);
INSERT INTO PlantedIn (flowerbedID, plantID, percentage, planterID) VALUES (117, 323, 4, 109);
INSERT INTO PlantedIn (flowerbedID, plantID, percentage, planterID) VALUES (296, 409, 4, 71);
INSERT INTO PlantedIn (flowerbedID, plantID, percentage, planterID) VALUES (240, 2059, 3, 2);
INSERT INTO PlantedIn (flowerbedID, plantID, percentage, planterID) VALUES (123, 232, 2, 161);
INSERT INTO PlantedIn (flowerbedID, plantID, percentage, planterID) VALUES (72, 3261, 3, 76);
INSERT INTO PlantedIn (flowerbedID, plantID, percentage, planterID) VALUES (148, 2923, 3, 147);
INSERT INTO PlantedIn (flowerbedID, plantID, percentage, planterID) VALUES (226, 3689, 3, 150);
INSERT INTO PlantedIn (flowerbedID, plantID, percentage, planterID) VALUES (155, 2447, 4, 52);
INSERT INTO PlantedIn (flowerbedID, plantID, percentage, planterID) VALUES (215, 3591, 3, 117);
INSERT INTO PlantedIn (flowerbedID, plantID, percentage, planterID) VALUES (11, 322, 4, 82);
INSERT INTO PlantedIn (flowerbedID, plantID, percentage, planterID) VALUES (185, 1863, 1, 71);
INSERT INTO PlantedIn (flowerbedID, plantID, percentage, planterID) VALUES (163, 1310, 4, 60);
INSERT INTO PlantedIn (flowerbedID, plantID, percentage, planterID) VALUES (55, 3047, 3, 77);
INSERT INTO PlantedIn (flowerbedID, plantID, percentage, planterID) VALUES (163, 1159, 2, 58);
INSERT INTO PlantedIn (flowerbedID, plantID, percentage, planterID) VALUES (250, 954, 3, 118);
INSERT INTO PlantedIn (flowerbedID, plantID, percentage, planterID) VALUES (53, 1376, 1, 45);
INSERT INTO PlantedIn (flowerbedID, plantID, percentage, planterID) VALUES (132, 2823, 1, 8);
INSERT INTO PlantedIn (flowerbedID, plantID, percentage, planterID) VALUES (64, 1750, 4, 14);
INSERT INTO PlantedIn (flowerbedID, plantID, percentage, planterID) VALUES (237, 1656, 4, 92);
INSERT INTO PlantedIn (flowerbedID, plantID, percentage, planterID) VALUES (65, 3791, 4, 112);
INSERT INTO PlantedIn (flowerbedID, plantID, percentage, planterID) VALUES (84, 3804, 3, 11);
INSERT INTO PlantedIn (flowerbedID, plantID, percentage, planterID) VALUES (56, 39, 1, 53);
INSERT INTO PlantedIn (flowerbedID, plantID, percentage, planterID) VALUES (77, 3816, 2, 99);
INSERT INTO PlantedIn (flowerbedID, plantID, percentage, planterID) VALUES (103, 3209, 4, 111);
INSERT INTO PlantedIn (flowerbedID, plantID, percentage, planterID) VALUES (168, 2656, 4, 144);
INSERT INTO PlantedIn (flowerbedID, plantID, percentage, planterID) VALUES (42, 3546, 4, 91);
INSERT INTO PlantedIn (flowerbedID, plantID, percentage, planterID) VALUES (104, 238, 3, 156);
INSERT INTO PlantedIn (flowerbedID, plantID, percentage, planterID) VALUES (13, 2143, 2, 56);
INSERT INTO PlantedIn (flowerbedID, plantID, percentage, planterID) VALUES (162, 1481, 3, 148);
INSERT INTO PlantedIn (flowerbedID, plantID, percentage, planterID) VALUES (118, 635, 3, 129);
INSERT INTO PlantedIn (flowerbedID, plantID, percentage, planterID) VALUES (46, 1240, 2, 14);
INSERT INTO PlantedIn (flowerbedID, plantID, percentage, planterID) VALUES (46, 2797, 3, 48);
INSERT INTO PlantedIn (flowerbedID, plantID, percentage, planterID) VALUES (123, 437, 3, 84);
INSERT INTO PlantedIn (flowerbedID, plantID, percentage, planterID) VALUES (10, 44, 2, 83);
INSERT INTO PlantedIn (flowerbedID, plantID, percentage, planterID) VALUES (22, 1495, 1, 162);
INSERT INTO PlantedIn (flowerbedID, plantID, percentage, planterID) VALUES (282, 1008, 2, 76);
INSERT INTO PlantedIn (flowerbedID, plantID, percentage, planterID) VALUES (193, 1140, 1, 36);
INSERT INTO PlantedIn (flowerbedID, plantID, percentage, planterID) VALUES (138, 3679, 3, 118);
INSERT INTO PlantedIn (flowerbedID, plantID, percentage, planterID) VALUES (82, 2966, 2, 18);
INSERT INTO PlantedIn (flowerbedID, plantID, percentage, planterID) VALUES (147, 1472, 4, 24);
INSERT INTO PlantedIn (flowerbedID, plantID, percentage, planterID) VALUES (148, 2393, 3, 78);
INSERT INTO PlantedIn (flowerbedID, plantID, percentage, planterID) VALUES (189, 3609, 3, 155);
INSERT INTO PlantedIn (flowerbedID, plantID, percentage, planterID) VALUES (96, 3238, 2, 141);
INSERT INTO PlantedIn (flowerbedID, plantID, percentage, planterID) VALUES (30, 988, 3, 128);
INSERT INTO PlantedIn (flowerbedID, plantID, percentage, planterID) VALUES (165, 3657, 1, 134);
INSERT INTO PlantedIn (flowerbedID, plantID, percentage, planterID) VALUES (269, 1797, 1, 107);
INSERT INTO PlantedIn (flowerbedID, plantID, percentage, planterID) VALUES (70, 2797, 3, 103);
INSERT INTO PlantedIn (flowerbedID, plantID, percentage, planterID) VALUES (32, 2813, 3, 108);
INSERT INTO PlantedIn (flowerbedID, plantID, percentage, planterID) VALUES (104, 296, 4, 22);
INSERT INTO PlantedIn (flowerbedID, plantID, percentage, planterID) VALUES (3, 86, 2, 117);
INSERT INTO PlantedIn (flowerbedID, plantID, percentage, planterID) VALUES (258, 1925, 4, 102);
INSERT INTO PlantedIn (flowerbedID, plantID, percentage, planterID) VALUES (226, 1288, 2, 121);
INSERT INTO PlantedIn (flowerbedID, plantID, percentage, planterID) VALUES (84, 1852, 1, 54);
INSERT INTO PlantedIn (flowerbedID, plantID, percentage, planterID) VALUES (283, 3601, 1, 60);
INSERT INTO PlantedIn (flowerbedID, plantID, percentage, planterID) VALUES (196, 3634, 4, 155);
INSERT INTO PlantedIn (flowerbedID, plantID, percentage, planterID) VALUES (200, 2024, 1, 62);
INSERT INTO PlantedIn (flowerbedID, plantID, percentage, planterID) VALUES (151, 2596, 2, 162);
INSERT INTO PlantedIn (flowerbedID, plantID, percentage, planterID) VALUES (51, 2058, 4, 56);
INSERT INTO PlantedIn (flowerbedID, plantID, percentage, planterID) VALUES (259, 79, 1, 39);
INSERT INTO PlantedIn (flowerbedID, plantID, percentage, planterID) VALUES (150, 2083, 2, 56);
INSERT INTO PlantedIn (flowerbedID, plantID, percentage, planterID) VALUES (141, 2586, 1, 107);
INSERT INTO PlantedIn (flowerbedID, plantID, percentage, planterID) VALUES (183, 2003, 2, 153);
INSERT INTO PlantedIn (flowerbedID, plantID, percentage, planterID) VALUES (13, 941, 3, 51);
INSERT INTO PlantedIn (flowerbedID, plantID, percentage, planterID) VALUES (217, 1095, 1, 44);
INSERT INTO PlantedIn (flowerbedID, plantID, percentage, planterID) VALUES (286, 741, 1, 102);
INSERT INTO PlantedIn (flowerbedID, plantID, percentage, planterID) VALUES (217, 3509, 3, 9);
INSERT INTO PlantedIn (flowerbedID, plantID, percentage, planterID) VALUES (278, 1056, 2, 127);
INSERT INTO PlantedIn (flowerbedID, plantID, percentage, planterID) VALUES (243, 217, 2, 150);
INSERT INTO PlantedIn (flowerbedID, plantID, percentage, planterID) VALUES (217, 1893, 2, 71);
INSERT INTO PlantedIn (flowerbedID, plantID, percentage, planterID) VALUES (3, 1137, 1, 106);
INSERT INTO PlantedIn (flowerbedID, plantID, percentage, planterID) VALUES (161, 3490, 2, 119);
INSERT INTO PlantedIn (flowerbedID, plantID, percentage, planterID) VALUES (56, 3641, 1, 84);
INSERT INTO PlantedIn (flowerbedID, plantID, percentage, planterID) VALUES (40, 288, 4, 46);
INSERT INTO PlantedIn (flowerbedID, plantID, percentage, planterID) VALUES (294, 1204, 4, 77);
INSERT INTO PlantedIn (flowerbedID, plantID, percentage, planterID) VALUES (175, 699, 2, 59);
INSERT INTO PlantedIn (flowerbedID, plantID, percentage, planterID) VALUES (71, 805, 4, 117);
INSERT INTO PlantedIn (flowerbedID, plantID, percentage, planterID) VALUES (209, 339, 3, 51);
INSERT INTO PlantedIn (flowerbedID, plantID, percentage, planterID) VALUES (115, 3505, 4, 130);
INSERT INTO PlantedIn (flowerbedID, plantID, percentage, planterID) VALUES (243, 1722, 4, 31);
INSERT INTO PlantedIn (flowerbedID, plantID, percentage, planterID) VALUES (116, 2578, 3, 24);
INSERT INTO PlantedIn (flowerbedID, plantID, percentage, planterID) VALUES (222, 1552, 3, 66);
INSERT INTO PlantedIn (flowerbedID, plantID, percentage, planterID) VALUES (214, 3187, 2, 110);
INSERT INTO PlantedIn (flowerbedID, plantID, percentage, planterID) VALUES (2, 3755, 1, 120);
INSERT INTO PlantedIn (flowerbedID, plantID, percentage, planterID) VALUES (54, 1442, 4, 36);
INSERT INTO PlantedIn (flowerbedID, plantID, percentage, planterID) VALUES (138, 1930, 4, 101);
INSERT INTO PlantedIn (flowerbedID, plantID, percentage, planterID) VALUES (122, 1307, 1, 131);
INSERT INTO PlantedIn (flowerbedID, plantID, percentage, planterID) VALUES (235, 3639, 1, 37);
INSERT INTO PlantedIn (flowerbedID, plantID, percentage, planterID) VALUES (182, 1347, 2, 119);
INSERT INTO PlantedIn (flowerbedID, plantID, percentage, planterID) VALUES (225, 270, 2, 13);
INSERT INTO PlantedIn (flowerbedID, plantID, percentage, planterID) VALUES (268, 2735, 4, 131);
INSERT INTO PlantedIn (flowerbedID, plantID, percentage, planterID) VALUES (204, 1756, 4, 25);
INSERT INTO PlantedIn (flowerbedID, plantID, percentage, planterID) VALUES (248, 1334, 2, 127);
INSERT INTO PlantedIn (flowerbedID, plantID, percentage, planterID) VALUES (253, 1235, 2, 23);
INSERT INTO PlantedIn (flowerbedID, plantID, percentage, planterID) VALUES (197, 3446, 2, 81);
INSERT INTO PlantedIn (flowerbedID, plantID, percentage, planterID) VALUES (250, 2622, 2, 106);
INSERT INTO PlantedIn (flowerbedID, plantID, percentage, planterID) VALUES (8, 1174, 4, 137);
INSERT INTO PlantedIn (flowerbedID, plantID, percentage, planterID) VALUES (112, 3344, 2, 42);
INSERT INTO PlantedIn (flowerbedID, plantID, percentage, planterID) VALUES (172, 3864, 2, 29);
INSERT INTO PlantedIn (flowerbedID, plantID, percentage, planterID) VALUES (136, 1192, 2, 19);
INSERT INTO PlantedIn (flowerbedID, plantID, percentage, planterID) VALUES (196, 3272, 2, 98);
INSERT INTO PlantedIn (flowerbedID, plantID, percentage, planterID) VALUES (50, 2702, 4, 129);
INSERT INTO PlantedIn (flowerbedID, plantID, percentage, planterID) VALUES (177, 832, 2, 46);
INSERT INTO PlantedIn (flowerbedID, plantID, percentage, planterID) VALUES (268, 3387, 4, 149);
INSERT INTO PlantedIn (flowerbedID, plantID, percentage, planterID) VALUES (54, 2537, 3, 120);
INSERT INTO PlantedIn (flowerbedID, plantID, percentage, planterID) VALUES (156, 3617, 1, 142);
INSERT INTO PlantedIn (flowerbedID, plantID, percentage, planterID) VALUES (280, 3817, 2, 60);
INSERT INTO PlantedIn (flowerbedID, plantID, percentage, planterID) VALUES (89, 1761, 4, 116);
INSERT INTO PlantedIn (flowerbedID, plantID, percentage, planterID) VALUES (91, 925, 2, 77);
INSERT INTO PlantedIn (flowerbedID, plantID, percentage, planterID) VALUES (281, 758, 3, 51);
INSERT INTO PlantedIn (flowerbedID, plantID, percentage, planterID) VALUES (129, 3158, 3, 39);
INSERT INTO PlantedIn (flowerbedID, plantID, percentage, planterID) VALUES (142, 3559, 4, 29);
INSERT INTO PlantedIn (flowerbedID, plantID, percentage, planterID) VALUES (257, 3808, 4, 16);
INSERT INTO PlantedIn (flowerbedID, plantID, percentage, planterID) VALUES (291, 1675, 2, 32);
INSERT INTO PlantedIn (flowerbedID, plantID, percentage, planterID) VALUES (266, 3291, 1, 38);
INSERT INTO PlantedIn (flowerbedID, plantID, percentage, planterID) VALUES (28, 2572, 1, 114);
INSERT INTO PlantedIn (flowerbedID, plantID, percentage, planterID) VALUES (258, 3669, 2, 96);
INSERT INTO PlantedIn (flowerbedID, plantID, percentage, planterID) VALUES (151, 1970, 4, 100);
INSERT INTO PlantedIn (flowerbedID, plantID, percentage, planterID) VALUES (98, 3094, 4, 95);
INSERT INTO PlantedIn (flowerbedID, plantID, percentage, planterID) VALUES (216, 2750, 3, 137);
INSERT INTO PlantedIn (flowerbedID, plantID, percentage, planterID) VALUES (209, 3411, 3, 64);
INSERT INTO PlantedIn (flowerbedID, plantID, percentage, planterID) VALUES (95, 2127, 1, 162);
INSERT INTO PlantedIn (flowerbedID, plantID, percentage, planterID) VALUES (120, 601, 2, 68);
INSERT INTO PlantedIn (flowerbedID, plantID, percentage, planterID) VALUES (246, 207, 3, 90);
INSERT INTO PlantedIn (flowerbedID, plantID, percentage, planterID) VALUES (176, 2048, 4, 77);
INSERT INTO PlantedIn (flowerbedID, plantID, percentage, planterID) VALUES (99, 3824, 1, 123);
INSERT INTO PlantedIn (flowerbedID, plantID, percentage, planterID) VALUES (210, 1964, 2, 109);
INSERT INTO PlantedIn (flowerbedID, plantID, percentage, planterID) VALUES (117, 3855, 3, 12);
INSERT INTO PlantedIn (flowerbedID, plantID, percentage, planterID) VALUES (164, 15, 4, 157);
INSERT INTO PlantedIn (flowerbedID, plantID, percentage, planterID) VALUES (48, 1182, 4, 76);
INSERT INTO PlantedIn (flowerbedID, plantID, percentage, planterID) VALUES (108, 3715, 2, 114);
INSERT INTO PlantedIn (flowerbedID, plantID, percentage, planterID) VALUES (12, 2377, 3, 150);
INSERT INTO PlantedIn (flowerbedID, plantID, percentage, planterID) VALUES (44, 1203, 2, 93);
INSERT INTO PlantedIn (flowerbedID, plantID, percentage, planterID) VALUES (90, 981, 1, 91);
INSERT INTO PlantedIn (flowerbedID, plantID, percentage, planterID) VALUES (228, 596, 1, 69);
INSERT INTO PlantedIn (flowerbedID, plantID, percentage, planterID) VALUES (46, 1796, 3, 148);
INSERT INTO PlantedIn (flowerbedID, plantID, percentage, planterID) VALUES (141, 2971, 3, 112);
INSERT INTO PlantedIn (flowerbedID, plantID, percentage, planterID) VALUES (23, 342, 2, 105);
INSERT INTO PlantedIn (flowerbedID, plantID, percentage, planterID) VALUES (15, 1038, 1, 137);
INSERT INTO PlantedIn (flowerbedID, plantID, percentage, planterID) VALUES (265, 2568, 1, 123);
INSERT INTO PlantedIn (flowerbedID, plantID, percentage, planterID) VALUES (292, 982, 2, 87);
INSERT INTO PlantedIn (flowerbedID, plantID, percentage, planterID) VALUES (152, 112, 2, 48);
INSERT INTO PlantedIn (flowerbedID, plantID, percentage, planterID) VALUES (55, 2611, 2, 73);
INSERT INTO PlantedIn (flowerbedID, plantID, percentage, planterID) VALUES (15, 2633, 1, 41);
INSERT INTO PlantedIn (flowerbedID, plantID, percentage, planterID) VALUES (231, 3259, 4, 96);
INSERT INTO PlantedIn (flowerbedID, plantID, percentage, planterID) VALUES (34, 1361, 4, 156);
INSERT INTO PlantedIn (flowerbedID, plantID, percentage, planterID) VALUES (5, 2400, 4, 5);
INSERT INTO PlantedIn (flowerbedID, plantID, percentage, planterID) VALUES (262, 2035, 2, 46);
INSERT INTO PlantedIn (flowerbedID, plantID, percentage, planterID) VALUES (167, 2104, 3, 113);
INSERT INTO PlantedIn (flowerbedID, plantID, percentage, planterID) VALUES (66, 284, 2, 13);
INSERT INTO PlantedIn (flowerbedID, plantID, percentage, planterID) VALUES (236, 789, 3, 91);
INSERT INTO PlantedIn (flowerbedID, plantID, percentage, planterID) VALUES (15, 309, 1, 65);
INSERT INTO PlantedIn (flowerbedID, plantID, percentage, planterID) VALUES (130, 1091, 2, 27);
INSERT INTO PlantedIn (flowerbedID, plantID, percentage, planterID) VALUES (270, 685, 4, 76);
INSERT INTO PlantedIn (flowerbedID, plantID, percentage, planterID) VALUES (211, 2732, 2, 28);
INSERT INTO PlantedIn (flowerbedID, plantID, percentage, planterID) VALUES (265, 272, 1, 143);
INSERT INTO PlantedIn (flowerbedID, plantID, percentage, planterID) VALUES (53, 3085, 4, 110);
INSERT INTO PlantedIn (flowerbedID, plantID, percentage, planterID) VALUES (1, 630, 1, 90);
INSERT INTO PlantedIn (flowerbedID, plantID, percentage, planterID) VALUES (73, 3462, 3, 36);
INSERT INTO PlantedIn (flowerbedID, plantID, percentage, planterID) VALUES (54, 1397, 1, 22);
INSERT INTO PlantedIn (flowerbedID, plantID, percentage, planterID) VALUES (162, 2173, 1, 148);
INSERT INTO PlantedIn (flowerbedID, plantID, percentage, planterID) VALUES (81, 72, 3, 87);
INSERT INTO PlantedIn (flowerbedID, plantID, percentage, planterID) VALUES (185, 2294, 3, 122);
INSERT INTO PlantedIn (flowerbedID, plantID, percentage, planterID) VALUES (227, 884, 4, 116);
INSERT INTO PlantedIn (flowerbedID, plantID, percentage, planterID) VALUES (38, 3387, 2, 116);
INSERT INTO PlantedIn (flowerbedID, plantID, percentage, planterID) VALUES (72, 3078, 4, 66);
INSERT INTO PlantedIn (flowerbedID, plantID, percentage, planterID) VALUES (108, 932, 3, 4);
INSERT INTO PlantedIn (flowerbedID, plantID, percentage, planterID) VALUES (78, 2008, 1, 26);
INSERT INTO PlantedIn (flowerbedID, plantID, percentage, planterID) VALUES (6, 529, 3, 139);
INSERT INTO PlantedIn (flowerbedID, plantID, percentage, planterID) VALUES (287, 2938, 3, 58);
INSERT INTO PlantedIn (flowerbedID, plantID, percentage, planterID) VALUES (106, 155, 1, 34);
INSERT INTO PlantedIn (flowerbedID, plantID, percentage, planterID) VALUES (81, 3338, 2, 19);
INSERT INTO PlantedIn (flowerbedID, plantID, percentage, planterID) VALUES (222, 3024, 4, 120);
INSERT INTO PlantedIn (flowerbedID, plantID, percentage, planterID) VALUES (173, 301, 4, 130);
INSERT INTO PlantedIn (flowerbedID, plantID, percentage, planterID) VALUES (96, 2983, 3, 97);
INSERT INTO PlantedIn (flowerbedID, plantID, percentage, planterID) VALUES (87, 2747, 2, 115);
INSERT INTO PlantedIn (flowerbedID, plantID, percentage, planterID) VALUES (254, 1833, 4, 154);
INSERT INTO PlantedIn (flowerbedID, plantID, percentage, planterID) VALUES (71, 877, 3, 66);
INSERT INTO PlantedIn (flowerbedID, plantID, percentage, planterID) VALUES (80, 2218, 3, 120);
INSERT INTO PlantedIn (flowerbedID, plantID, percentage, planterID) VALUES (131, 3116, 1, 160);
INSERT INTO PlantedIn (flowerbedID, plantID, percentage, planterID) VALUES (176, 2408, 1, 27);
INSERT INTO PlantedIn (flowerbedID, plantID, percentage, planterID) VALUES (210, 3509, 1, 18);
INSERT INTO PlantedIn (flowerbedID, plantID, percentage, planterID) VALUES (204, 2581, 4, 103);
INSERT INTO PlantedIn (flowerbedID, plantID, percentage, planterID) VALUES (114, 1028, 1, 49);
INSERT INTO PlantedIn (flowerbedID, plantID, percentage, planterID) VALUES (222, 675, 4, 6);
INSERT INTO PlantedIn (flowerbedID, plantID, percentage, planterID) VALUES (120, 1581, 3, 97);
INSERT INTO PlantedIn (flowerbedID, plantID, percentage, planterID) VALUES (294, 1004, 2, 35);
INSERT INTO PlantedIn (flowerbedID, plantID, percentage, planterID) VALUES (20, 507, 3, 103);
INSERT INTO PlantedIn (flowerbedID, plantID, percentage, planterID) VALUES (226, 2904, 2, 142);
INSERT INTO PlantedIn (flowerbedID, plantID, percentage, planterID) VALUES (198, 3577, 2, 82);
INSERT INTO PlantedIn (flowerbedID, plantID, percentage, planterID) VALUES (178, 276, 4, 54);
INSERT INTO PlantedIn (flowerbedID, plantID, percentage, planterID) VALUES (101, 2271, 1, 34);
INSERT INTO PlantedIn (flowerbedID, plantID, percentage, planterID) VALUES (228, 879, 1, 9);
INSERT INTO PlantedIn (flowerbedID, plantID, percentage, planterID) VALUES (191, 2374, 3, 143);
INSERT INTO PlantedIn (flowerbedID, plantID, percentage, planterID) VALUES (262, 132, 4, 7);
INSERT INTO PlantedIn (flowerbedID, plantID, percentage, planterID) VALUES (50, 2457, 4, 103);
INSERT INTO PlantedIn (flowerbedID, plantID, percentage, planterID) VALUES (116, 1608, 1, 65);
INSERT INTO PlantedIn (flowerbedID, plantID, percentage, planterID) VALUES (102, 3275, 4, 67);
INSERT INTO PlantedIn (flowerbedID, plantID, percentage, planterID) VALUES (275, 2677, 2, 156);
INSERT INTO PlantedIn (flowerbedID, plantID, percentage, planterID) VALUES (84, 398, 1, 58);
INSERT INTO PlantedIn (flowerbedID, plantID, percentage, planterID) VALUES (99, 1490, 4, 36);
INSERT INTO PlantedIn (flowerbedID, plantID, percentage, planterID) VALUES (299, 141, 4, 101);
INSERT INTO PlantedIn (flowerbedID, plantID, percentage, planterID) VALUES (22, 2413, 1, 140);
INSERT INTO PlantedIn (flowerbedID, plantID, percentage, planterID) VALUES (78, 1576, 3, 27);
INSERT INTO PlantedIn (flowerbedID, plantID, percentage, planterID) VALUES (247, 2040, 1, 120);
INSERT INTO PlantedIn (flowerbedID, plantID, percentage, planterID) VALUES (113, 295, 2, 17);
INSERT INTO PlantedIn (flowerbedID, plantID, percentage, planterID) VALUES (230, 18, 1, 95);
INSERT INTO PlantedIn (flowerbedID, plantID, percentage, planterID) VALUES (81, 1144, 2, 70);
INSERT INTO PlantedIn (flowerbedID, plantID, percentage, planterID) VALUES (100, 3824, 2, 25);
INSERT INTO PlantedIn (flowerbedID, plantID, percentage, planterID) VALUES (184, 3689, 4, 110);
INSERT INTO PlantedIn (flowerbedID, plantID, percentage, planterID) VALUES (109, 3063, 1, 90);
INSERT INTO PlantedIn (flowerbedID, plantID, percentage, planterID) VALUES (96, 821, 3, 61);
INSERT INTO PlantedIn (flowerbedID, plantID, percentage, planterID) VALUES (136, 2081, 3, 19);
INSERT INTO PlantedIn (flowerbedID, plantID, percentage, planterID) VALUES (118, 379, 1, 40);
INSERT INTO PlantedIn (flowerbedID, plantID, percentage, planterID) VALUES (16, 3346, 2, 152);
INSERT INTO PlantedIn (flowerbedID, plantID, percentage, planterID) VALUES (197, 1538, 4, 104);
INSERT INTO PlantedIn (flowerbedID, plantID, percentage, planterID) VALUES (183, 3672, 4, 116);
INSERT INTO PlantedIn (flowerbedID, plantID, percentage, planterID) VALUES (61, 240, 3, 71);
INSERT INTO PlantedIn (flowerbedID, plantID, percentage, planterID) VALUES (78, 1587, 4, 54);
INSERT INTO PlantedIn (flowerbedID, plantID, percentage, planterID) VALUES (243, 1038, 1, 100);
INSERT INTO PlantedIn (flowerbedID, plantID, percentage, planterID) VALUES (110, 3106, 2, 36);
INSERT INTO PlantedIn (flowerbedID, plantID, percentage, planterID) VALUES (201, 335, 2, 144);
INSERT INTO PlantedIn (flowerbedID, plantID, percentage, planterID) VALUES (145, 1675, 1, 53);
INSERT INTO PlantedIn (flowerbedID, plantID, percentage, planterID) VALUES (192, 3668, 4, 109);
INSERT INTO PlantedIn (flowerbedID, plantID, percentage, planterID) VALUES (4, 177, 2, 80);
INSERT INTO PlantedIn (flowerbedID, plantID, percentage, planterID) VALUES (137, 2999, 2, 4);
INSERT INTO PlantedIn (flowerbedID, plantID, percentage, planterID) VALUES (14, 2308, 2, 82);
INSERT INTO PlantedIn (flowerbedID, plantID, percentage, planterID) VALUES (120, 2632, 1, 143);
INSERT INTO PlantedIn (flowerbedID, plantID, percentage, planterID) VALUES (230, 2562, 2, 69);
INSERT INTO PlantedIn (flowerbedID, plantID, percentage, planterID) VALUES (29, 2715, 2, 60);
INSERT INTO PlantedIn (flowerbedID, plantID, percentage, planterID) VALUES (204, 1311, 2, 45);
INSERT INTO PlantedIn (flowerbedID, plantID, percentage, planterID) VALUES (87, 3455, 2, 29);
INSERT INTO PlantedIn (flowerbedID, plantID, percentage, planterID) VALUES (281, 2433, 2, 98);
INSERT INTO PlantedIn (flowerbedID, plantID, percentage, planterID) VALUES (122, 2280, 2, 115);
INSERT INTO PlantedIn (flowerbedID, plantID, percentage, planterID) VALUES (56, 529, 3, 148);
INSERT INTO PlantedIn (flowerbedID, plantID, percentage, planterID) VALUES (245, 2666, 3, 114);
INSERT INTO PlantedIn (flowerbedID, plantID, percentage, planterID) VALUES (106, 210, 2, 144);
INSERT INTO PlantedIn (flowerbedID, plantID, percentage, planterID) VALUES (227, 707, 2, 160);
INSERT INTO PlantedIn (flowerbedID, plantID, percentage, planterID) VALUES (157, 726, 4, 131);
INSERT INTO PlantedIn (flowerbedID, plantID, percentage, planterID) VALUES (166, 2620, 4, 72);
INSERT INTO PlantedIn (flowerbedID, plantID, percentage, planterID) VALUES (80, 314, 2, 71);
INSERT INTO PlantedIn (flowerbedID, plantID, percentage, planterID) VALUES (66, 1043, 1, 8);
INSERT INTO PlantedIn (flowerbedID, plantID, percentage, planterID) VALUES (287, 2702, 2, 107);
INSERT INTO PlantedIn (flowerbedID, plantID, percentage, planterID) VALUES (226, 1768, 3, 131);
INSERT INTO PlantedIn (flowerbedID, plantID, percentage, planterID) VALUES (227, 1528, 1, 26);
INSERT INTO PlantedIn (flowerbedID, plantID, percentage, planterID) VALUES (143, 2150, 3, 83);
INSERT INTO PlantedIn (flowerbedID, plantID, percentage, planterID) VALUES (247, 2018, 4, 126);
INSERT INTO PlantedIn (flowerbedID, plantID, percentage, planterID) VALUES (67, 1354, 4, 17);
INSERT INTO PlantedIn (flowerbedID, plantID, percentage, planterID) VALUES (242, 3315, 2, 84);
INSERT INTO PlantedIn (flowerbedID, plantID, percentage, planterID) VALUES (163, 1664, 2, 105);
INSERT INTO PlantedIn (flowerbedID, plantID, percentage, planterID) VALUES (42, 2248, 4, 65);
INSERT INTO PlantedIn (flowerbedID, plantID, percentage, planterID) VALUES (225, 400, 1, 77);
INSERT INTO PlantedIn (flowerbedID, plantID, percentage, planterID) VALUES (198, 3585, 2, 159);
INSERT INTO PlantedIn (flowerbedID, plantID, percentage, planterID) VALUES (135, 2517, 3, 47);
INSERT INTO PlantedIn (flowerbedID, plantID, percentage, planterID) VALUES (1, 1422, 4, 111);
INSERT INTO PlantedIn (flowerbedID, plantID, percentage, planterID) VALUES (68, 495, 4, 45);
INSERT INTO PlantedIn (flowerbedID, plantID, percentage, planterID) VALUES (134, 2197, 1, 81);
INSERT INTO PlantedIn (flowerbedID, plantID, percentage, planterID) VALUES (277, 1631, 3, 92);
INSERT INTO PlantedIn (flowerbedID, plantID, percentage, planterID) VALUES (158, 3782, 1, 156);
INSERT INTO PlantedIn (flowerbedID, plantID, percentage, planterID) VALUES (271, 3185, 2, 116);
INSERT INTO PlantedIn (flowerbedID, plantID, percentage, planterID) VALUES (143, 3636, 2, 5);
INSERT INTO PlantedIn (flowerbedID, plantID, percentage, planterID) VALUES (93, 2592, 3, 49);
INSERT INTO PlantedIn (flowerbedID, plantID, percentage, planterID) VALUES (239, 2092, 2, 53);
INSERT INTO PlantedIn (flowerbedID, plantID, percentage, planterID) VALUES (122, 1912, 4, 9);
INSERT INTO PlantedIn (flowerbedID, plantID, percentage, planterID) VALUES (281, 1918, 2, 114);
INSERT INTO PlantedIn (flowerbedID, plantID, percentage, planterID) VALUES (142, 2184, 2, 112);
INSERT INTO PlantedIn (flowerbedID, plantID, percentage, planterID) VALUES (117, 1235, 4, 127);
INSERT INTO PlantedIn (flowerbedID, plantID, percentage, planterID) VALUES (78, 2945, 3, 59);
INSERT INTO PlantedIn (flowerbedID, plantID, percentage, planterID) VALUES (130, 2416, 1, 18);
INSERT INTO PlantedIn (flowerbedID, plantID, percentage, planterID) VALUES (50, 1567, 3, 102);
INSERT INTO PlantedIn (flowerbedID, plantID, percentage, planterID) VALUES (270, 2472, 4, 74);
INSERT INTO PlantedIn (flowerbedID, plantID, percentage, planterID) VALUES (266, 2368, 2, 97);
INSERT INTO PlantedIn (flowerbedID, plantID, percentage, planterID) VALUES (54, 814, 3, 128);
INSERT INTO PlantedIn (flowerbedID, plantID, percentage, planterID) VALUES (159, 1854, 4, 75);
INSERT INTO PlantedIn (flowerbedID, plantID, percentage, planterID) VALUES (73, 2978, 3, 62);
INSERT INTO PlantedIn (flowerbedID, plantID, percentage, planterID) VALUES (119, 1779, 3, 156);
INSERT INTO PlantedIn (flowerbedID, plantID, percentage, planterID) VALUES (259, 1901, 4, 24);
INSERT INTO PlantedIn (flowerbedID, plantID, percentage, planterID) VALUES (40, 2173, 2, 126);
INSERT INTO PlantedIn (flowerbedID, plantID, percentage, planterID) VALUES (286, 2622, 4, 67);
INSERT INTO PlantedIn (flowerbedID, plantID, percentage, planterID) VALUES (87, 3658, 2, 36);
INSERT INTO PlantedIn (flowerbedID, plantID, percentage, planterID) VALUES (47, 3671, 3, 6);
INSERT INTO PlantedIn (flowerbedID, plantID, percentage, planterID) VALUES (129, 1798, 3, 83);
INSERT INTO PlantedIn (flowerbedID, plantID, percentage, planterID) VALUES (71, 3228, 3, 60);
INSERT INTO PlantedIn (flowerbedID, plantID, percentage, planterID) VALUES (89, 962, 1, 34);
INSERT INTO PlantedIn (flowerbedID, plantID, percentage, planterID) VALUES (222, 1261, 4, 160);
INSERT INTO PlantedIn (flowerbedID, plantID, percentage, planterID) VALUES (266, 2529, 4, 28);
INSERT INTO PlantedIn (flowerbedID, plantID, percentage, planterID) VALUES (100, 2108, 3, 118);
INSERT INTO PlantedIn (flowerbedID, plantID, percentage, planterID) VALUES (147, 3448, 3, 16);
INSERT INTO PlantedIn (flowerbedID, plantID, percentage, planterID) VALUES (252, 489, 2, 58);
INSERT INTO PlantedIn (flowerbedID, plantID, percentage, planterID) VALUES (177, 3139, 4, 162);
INSERT INTO PlantedIn (flowerbedID, plantID, percentage, planterID) VALUES (194, 1105, 4, 79);
INSERT INTO PlantedIn (flowerbedID, plantID, percentage, planterID) VALUES (160, 2510, 2, 18);
INSERT INTO PlantedIn (flowerbedID, plantID, percentage, planterID) VALUES (292, 113, 4, 26);
INSERT INTO PlantedIn (flowerbedID, plantID, percentage, planterID) VALUES (205, 1188, 1, 122);
INSERT INTO PlantedIn (flowerbedID, plantID, percentage, planterID) VALUES (255, 1516, 2, 110);
INSERT INTO PlantedIn (flowerbedID, plantID, percentage, planterID) VALUES (257, 1265, 2, 69);
INSERT INTO PlantedIn (flowerbedID, plantID, percentage, planterID) VALUES (42, 1307, 4, 48);
INSERT INTO PlantedIn (flowerbedID, plantID, percentage, planterID) VALUES (187, 2831, 1, 126);
INSERT INTO PlantedIn (flowerbedID, plantID, percentage, planterID) VALUES (115, 3214, 2, 75);
INSERT INTO PlantedIn (flowerbedID, plantID, percentage, planterID) VALUES (258, 2246, 3, 38);
INSERT INTO PlantedIn (flowerbedID, plantID, percentage, planterID) VALUES (266, 3583, 3, 97);
INSERT INTO PlantedIn (flowerbedID, plantID, percentage, planterID) VALUES (96, 769, 3, 15);
INSERT INTO PlantedIn (flowerbedID, plantID, percentage, planterID) VALUES (278, 299, 4, 126);
INSERT INTO PlantedIn (flowerbedID, plantID, percentage, planterID) VALUES (121, 486, 3, 41);
INSERT INTO PlantedIn (flowerbedID, plantID, percentage, planterID) VALUES (139, 1973, 1, 57);
INSERT INTO PlantedIn (flowerbedID, plantID, percentage, planterID) VALUES (73, 227, 3, 43);
INSERT INTO PlantedIn (flowerbedID, plantID, percentage, planterID) VALUES (78, 779, 1, 51);
INSERT INTO PlantedIn (flowerbedID, plantID, percentage, planterID) VALUES (39, 3302, 2, 154);
INSERT INTO PlantedIn (flowerbedID, plantID, percentage, planterID) VALUES (16, 3768, 4, 9);
INSERT INTO PlantedIn (flowerbedID, plantID, percentage, planterID) VALUES (16, 3013, 2, 133);
INSERT INTO PlantedIn (flowerbedID, plantID, percentage, planterID) VALUES (271, 18, 2, 1);
INSERT INTO PlantedIn (flowerbedID, plantID, percentage, planterID) VALUES (154, 1276, 4, 79);
INSERT INTO PlantedIn (flowerbedID, plantID, percentage, planterID) VALUES (117, 2714, 2, 66);
INSERT INTO PlantedIn (flowerbedID, plantID, percentage, planterID) VALUES (115, 1402, 3, 6);
INSERT INTO PlantedIn (flowerbedID, plantID, percentage, planterID) VALUES (169, 1251, 3, 137);
INSERT INTO PlantedIn (flowerbedID, plantID, percentage, planterID) VALUES (54, 2635, 1, 25);
INSERT INTO PlantedIn (flowerbedID, plantID, percentage, planterID) VALUES (197, 736, 3, 37);
INSERT INTO PlantedIn (flowerbedID, plantID, percentage, planterID) VALUES (290, 3799, 4, 29);
INSERT INTO PlantedIn (flowerbedID, plantID, percentage, planterID) VALUES (296, 638, 3, 42);
INSERT INTO PlantedIn (flowerbedID, plantID, percentage, planterID) VALUES (148, 2702, 4, 45);
INSERT INTO PlantedIn (flowerbedID, plantID, percentage, planterID) VALUES (120, 2479, 4, 28);
INSERT INTO PlantedIn (flowerbedID, plantID, percentage, planterID) VALUES (2, 738, 3, 74);
INSERT INTO PlantedIn (flowerbedID, plantID, percentage, planterID) VALUES (154, 841, 3, 45);
INSERT INTO PlantedIn (flowerbedID, plantID, percentage, planterID) VALUES (269, 1548, 3, 159);
INSERT INTO PlantedIn (flowerbedID, plantID, percentage, planterID) VALUES (177, 526, 3, 46);
INSERT INTO PlantedIn (flowerbedID, plantID, percentage, planterID) VALUES (36, 1658, 1, 75);
INSERT INTO PlantedIn (flowerbedID, plantID, percentage, planterID) VALUES (178, 2618, 1, 105);
INSERT INTO PlantedIn (flowerbedID, plantID, percentage, planterID) VALUES (153, 516, 3, 97);
INSERT INTO PlantedIn (flowerbedID, plantID, percentage, planterID) VALUES (97, 3812, 4, 15);
INSERT INTO PlantedIn (flowerbedID, plantID, percentage, planterID) VALUES (61, 1322, 1, 92);
INSERT INTO PlantedIn (flowerbedID, plantID, percentage, planterID) VALUES (222, 1754, 2, 114);
INSERT INTO PlantedIn (flowerbedID, plantID, percentage, planterID) VALUES (177, 3565, 3, 154);
INSERT INTO PlantedIn (flowerbedID, plantID, percentage, planterID) VALUES (105, 1265, 4, 141);
INSERT INTO PlantedIn (flowerbedID, plantID, percentage, planterID) VALUES (2, 1636, 2, 6);
INSERT INTO PlantedIn (flowerbedID, plantID, percentage, planterID) VALUES (88, 18, 4, 28);
INSERT INTO PlantedIn (flowerbedID, plantID, percentage, planterID) VALUES (42, 2776, 2, 55);
INSERT INTO PlantedIn (flowerbedID, plantID, percentage, planterID) VALUES (211, 1529, 4, 52);
INSERT INTO PlantedIn (flowerbedID, plantID, percentage, planterID) VALUES (221, 3217, 2, 2);
INSERT INTO PlantedIn (flowerbedID, plantID, percentage, planterID) VALUES (86, 2585, 4, 140);
INSERT INTO PlantedIn (flowerbedID, plantID, percentage, planterID) VALUES (177, 2725, 4, 101);
INSERT INTO PlantedIn (flowerbedID, plantID, percentage, planterID) VALUES (10, 1540, 1, 153);
INSERT INTO PlantedIn (flowerbedID, plantID, percentage, planterID) VALUES (246, 3555, 1, 72);
INSERT INTO PlantedIn (flowerbedID, plantID, percentage, planterID) VALUES (277, 2222, 1, 158);
INSERT INTO PlantedIn (flowerbedID, plantID, percentage, planterID) VALUES (88, 880, 4, 91);
INSERT INTO PlantedIn (flowerbedID, plantID, percentage, planterID) VALUES (187, 3193, 2, 156);
INSERT INTO PlantedIn (flowerbedID, plantID, percentage, planterID) VALUES (197, 3537, 4, 145);
INSERT INTO PlantedIn (flowerbedID, plantID, percentage, planterID) VALUES (175, 2521, 1, 141);
INSERT INTO PlantedIn (flowerbedID, plantID, percentage, planterID) VALUES (107, 1558, 2, 21);
INSERT INTO PlantedIn (flowerbedID, plantID, percentage, planterID) VALUES (240, 14, 3, 74);
INSERT INTO PlantedIn (flowerbedID, plantID, percentage, planterID) VALUES (277, 3257, 4, 127);
INSERT INTO PlantedIn (flowerbedID, plantID, percentage, planterID) VALUES (125, 2509, 3, 157);
INSERT INTO PlantedIn (flowerbedID, plantID, percentage, planterID) VALUES (263, 1681, 2, 122);
INSERT INTO PlantedIn (flowerbedID, plantID, percentage, planterID) VALUES (79, 2364, 4, 148);
INSERT INTO PlantedIn (flowerbedID, plantID, percentage, planterID) VALUES (158, 2704, 1, 149);
INSERT INTO PlantedIn (flowerbedID, plantID, percentage, planterID) VALUES (106, 2637, 3, 50);
INSERT INTO PlantedIn (flowerbedID, plantID, percentage, planterID) VALUES (26, 1554, 4, 17);
INSERT INTO PlantedIn (flowerbedID, plantID, percentage, planterID) VALUES (122, 2025, 2, 88);
INSERT INTO PlantedIn (flowerbedID, plantID, percentage, planterID) VALUES (110, 947, 4, 31);
INSERT INTO PlantedIn (flowerbedID, plantID, percentage, planterID) VALUES (268, 335, 4, 85);
INSERT INTO PlantedIn (flowerbedID, plantID, percentage, planterID) VALUES (156, 774, 4, 47);
INSERT INTO PlantedIn (flowerbedID, plantID, percentage, planterID) VALUES (243, 500, 2, 121);
INSERT INTO PlantedIn (flowerbedID, plantID, percentage, planterID) VALUES (248, 2182, 1, 78);
INSERT INTO PlantedIn (flowerbedID, plantID, percentage, planterID) VALUES (74, 2836, 2, 154);
INSERT INTO PlantedIn (flowerbedID, plantID, percentage, planterID) VALUES (41, 3818, 3, 38);
INSERT INTO PlantedIn (flowerbedID, plantID, percentage, planterID) VALUES (153, 2812, 4, 150);
INSERT INTO PlantedIn (flowerbedID, plantID, percentage, planterID) VALUES (291, 180, 4, 114);
INSERT INTO PlantedIn (flowerbedID, plantID, percentage, planterID) VALUES (40, 597, 3, 110);
INSERT INTO PlantedIn (flowerbedID, plantID, percentage, planterID) VALUES (107, 3501, 1, 76);
INSERT INTO PlantedIn (flowerbedID, plantID, percentage, planterID) VALUES (11, 535, 4, 87);
INSERT INTO PlantedIn (flowerbedID, plantID, percentage, planterID) VALUES (211, 3684, 4, 8);
INSERT INTO PlantedIn (flowerbedID, plantID, percentage, planterID) VALUES (206, 3609, 4, 49);
INSERT INTO PlantedIn (flowerbedID, plantID, percentage, planterID) VALUES (276, 1930, 2, 63);
INSERT INTO PlantedIn (flowerbedID, plantID, percentage, planterID) VALUES (68, 902, 1, 54);
INSERT INTO PlantedIn (flowerbedID, plantID, percentage, planterID) VALUES (84, 3756, 2, 12);
INSERT INTO PlantedIn (flowerbedID, plantID, percentage, planterID) VALUES (38, 2710, 2, 12);
INSERT INTO PlantedIn (flowerbedID, plantID, percentage, planterID) VALUES (182, 1949, 3, 112);
INSERT INTO PlantedIn (flowerbedID, plantID, percentage, planterID) VALUES (193, 587, 2, 87);
INSERT INTO PlantedIn (flowerbedID, plantID, percentage, planterID) VALUES (32, 2123, 4, 51);
INSERT INTO PlantedIn (flowerbedID, plantID, percentage, planterID) VALUES (145, 2225, 2, 106);
INSERT INTO PlantedIn (flowerbedID, plantID, percentage, planterID) VALUES (23, 3776, 2, 144);
INSERT INTO PlantedIn (flowerbedID, plantID, percentage, planterID) VALUES (63, 571, 2, 87);
INSERT INTO PlantedIn (flowerbedID, plantID, percentage, planterID) VALUES (36, 2184, 1, 156);
INSERT INTO PlantedIn (flowerbedID, plantID, percentage, planterID) VALUES (80, 3747, 4, 125);
INSERT INTO PlantedIn (flowerbedID, plantID, percentage, planterID) VALUES (142, 1445, 1, 89);
INSERT INTO PlantedIn (flowerbedID, plantID, percentage, planterID) VALUES (158, 73, 3, 80);
INSERT INTO PlantedIn (flowerbedID, plantID, percentage, planterID) VALUES (170, 2921, 1, 73);
INSERT INTO PlantedIn (flowerbedID, plantID, percentage, planterID) VALUES (100, 137, 2, 79);
INSERT INTO PlantedIn (flowerbedID, plantID, percentage, planterID) VALUES (4, 1128, 1, 122);
INSERT INTO PlantedIn (flowerbedID, plantID, percentage, planterID) VALUES (132, 802, 3, 123);
INSERT INTO PlantedIn (flowerbedID, plantID, percentage, planterID) VALUES (231, 2372, 1, 139);
INSERT INTO PlantedIn (flowerbedID, plantID, percentage, planterID) VALUES (175, 2052, 1, 157);
INSERT INTO PlantedIn (flowerbedID, plantID, percentage, planterID) VALUES (271, 1641, 2, 30);
INSERT INTO PlantedIn (flowerbedID, plantID, percentage, planterID) VALUES (133, 2447, 1, 11);
INSERT INTO PlantedIn (flowerbedID, plantID, percentage, planterID) VALUES (117, 1863, 3, 11);
INSERT INTO PlantedIn (flowerbedID, plantID, percentage, planterID) VALUES (155, 1997, 3, 22);
INSERT INTO PlantedIn (flowerbedID, plantID, percentage, planterID) VALUES (242, 3219, 1, 130);
INSERT INTO PlantedIn (flowerbedID, plantID, percentage, planterID) VALUES (13, 1788, 4, 139);
INSERT INTO PlantedIn (flowerbedID, plantID, percentage, planterID) VALUES (23, 2362, 3, 147);
INSERT INTO PlantedIn (flowerbedID, plantID, percentage, planterID) VALUES (43, 2943, 1, 123);
INSERT INTO PlantedIn (flowerbedID, plantID, percentage, planterID) VALUES (56, 3429, 3, 82);
INSERT INTO PlantedIn (flowerbedID, plantID, percentage, planterID) VALUES (156, 2074, 4, 111);
INSERT INTO PlantedIn (flowerbedID, plantID, percentage, planterID) VALUES (6, 2716, 3, 109);
INSERT INTO PlantedIn (flowerbedID, plantID, percentage, planterID) VALUES (66, 2914, 1, 12);
INSERT INTO PlantedIn (flowerbedID, plantID, percentage, planterID) VALUES (176, 3153, 3, 48);
INSERT INTO PlantedIn (flowerbedID, plantID, percentage, planterID) VALUES (84, 317, 2, 76);
INSERT INTO PlantedIn (flowerbedID, plantID, percentage, planterID) VALUES (208, 1122, 4, 3);
INSERT INTO PlantedIn (flowerbedID, plantID, percentage, planterID) VALUES (16, 2814, 1, 152);
INSERT INTO PlantedIn (flowerbedID, plantID, percentage, planterID) VALUES (184, 1382, 1, 150);
INSERT INTO PlantedIn (flowerbedID, plantID, percentage, planterID) VALUES (268, 1961, 4, 8);
INSERT INTO PlantedIn (flowerbedID, plantID, percentage, planterID) VALUES (63, 2598, 2, 77);
INSERT INTO PlantedIn (flowerbedID, plantID, percentage, planterID) VALUES (128, 1980, 1, 79);
INSERT INTO PlantedIn (flowerbedID, plantID, percentage, planterID) VALUES (99, 2829, 3, 110);
INSERT INTO PlantedIn (flowerbedID, plantID, percentage, planterID) VALUES (111, 3762, 2, 59);
INSERT INTO PlantedIn (flowerbedID, plantID, percentage, planterID) VALUES (210, 860, 2, 114);
INSERT INTO PlantedIn (flowerbedID, plantID, percentage, planterID) VALUES (174, 2027, 2, 78);
INSERT INTO PlantedIn (flowerbedID, plantID, percentage, planterID) VALUES (10, 1916, 1, 67);
INSERT INTO PlantedIn (flowerbedID, plantID, percentage, planterID) VALUES (51, 3222, 3, 116);
INSERT INTO PlantedIn (flowerbedID, plantID, percentage, planterID) VALUES (104, 491, 3, 105);
INSERT INTO PlantedIn (flowerbedID, plantID, percentage, planterID) VALUES (257, 950, 3, 49);
INSERT INTO PlantedIn (flowerbedID, plantID, percentage, planterID) VALUES (98, 928, 3, 31);
INSERT INTO PlantedIn (flowerbedID, plantID, percentage, planterID) VALUES (64, 2012, 4, 20);
INSERT INTO PlantedIn (flowerbedID, plantID, percentage, planterID) VALUES (223, 2983, 2, 40);
INSERT INTO PlantedIn (flowerbedID, plantID, percentage, planterID) VALUES (89, 2639, 2, 138);
INSERT INTO PlantedIn (flowerbedID, plantID, percentage, planterID) VALUES (54, 706, 2, 98);
INSERT INTO PlantedIn (flowerbedID, plantID, percentage, planterID) VALUES (5, 924, 2, 162);
INSERT INTO PlantedIn (flowerbedID, plantID, percentage, planterID) VALUES (110, 2111, 1, 7);
INSERT INTO PlantedIn (flowerbedID, plantID, percentage, planterID) VALUES (237, 1220, 1, 155);
INSERT INTO PlantedIn (flowerbedID, plantID, percentage, planterID) VALUES (167, 294, 4, 140);
INSERT INTO PlantedIn (flowerbedID, plantID, percentage, planterID) VALUES (179, 3571, 2, 118);
INSERT INTO PlantedIn (flowerbedID, plantID, percentage, planterID) VALUES (208, 3533, 4, 114);
INSERT INTO PlantedIn (flowerbedID, plantID, percentage, planterID) VALUES (179, 1774, 4, 55);
INSERT INTO PlantedIn (flowerbedID, plantID, percentage, planterID) VALUES (192, 3431, 3, 21);
INSERT INTO PlantedIn (flowerbedID, plantID, percentage, planterID) VALUES (38, 233, 2, 4);
INSERT INTO PlantedIn (flowerbedID, plantID, percentage, planterID) VALUES (182, 212, 2, 124);
INSERT INTO PlantedIn (flowerbedID, plantID, percentage, planterID) VALUES (111, 2373, 4, 89);
INSERT INTO PlantedIn (flowerbedID, plantID, percentage, planterID) VALUES (207, 1253, 2, 120);
INSERT INTO PlantedIn (flowerbedID, plantID, percentage, planterID) VALUES (75, 1459, 4, 108);
INSERT INTO PlantedIn (flowerbedID, plantID, percentage, planterID) VALUES (88, 1114, 4, 161);
INSERT INTO PlantedIn (flowerbedID, plantID, percentage, planterID) VALUES (224, 979, 2, 114);
INSERT INTO PlantedIn (flowerbedID, plantID, percentage, planterID) VALUES (43, 3028, 2, 8);
INSERT INTO PlantedIn (flowerbedID, plantID, percentage, planterID) VALUES (253, 250, 2, 131);
INSERT INTO PlantedIn (flowerbedID, plantID, percentage, planterID) VALUES (36, 1842, 2, 146);
INSERT INTO PlantedIn (flowerbedID, plantID, percentage, planterID) VALUES (27, 1399, 4, 72);
INSERT INTO PlantedIn (flowerbedID, plantID, percentage, planterID) VALUES (206, 422, 4, 12);
INSERT INTO PlantedIn (flowerbedID, plantID, percentage, planterID) VALUES (146, 2675, 4, 151);
INSERT INTO PlantedIn (flowerbedID, plantID, percentage, planterID) VALUES (294, 3137, 3, 115);
INSERT INTO PlantedIn (flowerbedID, plantID, percentage, planterID) VALUES (20, 1270, 1, 20);
INSERT INTO PlantedIn (flowerbedID, plantID, percentage, planterID) VALUES (34, 622, 4, 82);
INSERT INTO PlantedIn (flowerbedID, plantID, percentage, planterID) VALUES (68, 899, 2, 70);
INSERT INTO PlantedIn (flowerbedID, plantID, percentage, planterID) VALUES (212, 979, 4, 144);
INSERT INTO PlantedIn (flowerbedID, plantID, percentage, planterID) VALUES (184, 963, 2, 100);
INSERT INTO PlantedIn (flowerbedID, plantID, percentage, planterID) VALUES (108, 2493, 4, 41);
INSERT INTO PlantedIn (flowerbedID, plantID, percentage, planterID) VALUES (101, 433, 2, 108);
INSERT INTO PlantedIn (flowerbedID, plantID, percentage, planterID) VALUES (277, 1113, 4, 8);
INSERT INTO PlantedIn (flowerbedID, plantID, percentage, planterID) VALUES (185, 618, 3, 34);
INSERT INTO PlantedIn (flowerbedID, plantID, percentage, planterID) VALUES (96, 2575, 3, 118);
INSERT INTO PlantedIn (flowerbedID, plantID, percentage, planterID) VALUES (269, 345, 3, 154);
INSERT INTO PlantedIn (flowerbedID, plantID, percentage, planterID) VALUES (103, 2802, 4, 70);
INSERT INTO PlantedIn (flowerbedID, plantID, percentage, planterID) VALUES (292, 3807, 2, 45);
INSERT INTO PlantedIn (flowerbedID, plantID, percentage, planterID) VALUES (189, 1908, 4, 31);
INSERT INTO PlantedIn (flowerbedID, plantID, percentage, planterID) VALUES (182, 3086, 3, 49);
INSERT INTO PlantedIn (flowerbedID, plantID, percentage, planterID) VALUES (26, 1268, 3, 89);
INSERT INTO PlantedIn (flowerbedID, plantID, percentage, planterID) VALUES (146, 2746, 4, 75);
INSERT INTO PlantedIn (flowerbedID, plantID, percentage, planterID) VALUES (113, 442, 2, 61);
INSERT INTO PlantedIn (flowerbedID, plantID, percentage, planterID) VALUES (61, 949, 3, 152);
INSERT INTO PlantedIn (flowerbedID, plantID, percentage, planterID) VALUES (291, 1115, 4, 87);
INSERT INTO PlantedIn (flowerbedID, plantID, percentage, planterID) VALUES (82, 2945, 4, 48);
INSERT INTO PlantedIn (flowerbedID, plantID, percentage, planterID) VALUES (77, 1748, 4, 150);
INSERT INTO PlantedIn (flowerbedID, plantID, percentage, planterID) VALUES (75, 592, 2, 68);
INSERT INTO PlantedIn (flowerbedID, plantID, percentage, planterID) VALUES (144, 3504, 4, 7);
INSERT INTO PlantedIn (flowerbedID, plantID, percentage, planterID) VALUES (185, 1816, 4, 134);
INSERT INTO PlantedIn (flowerbedID, plantID, percentage, planterID) VALUES (175, 510, 4, 47);
INSERT INTO PlantedIn (flowerbedID, plantID, percentage, planterID) VALUES (113, 582, 2, 58);
INSERT INTO PlantedIn (flowerbedID, plantID, percentage, planterID) VALUES (132, 3234, 3, 51);
INSERT INTO PlantedIn (flowerbedID, plantID, percentage, planterID) VALUES (179, 2195, 4, 106);
INSERT INTO PlantedIn (flowerbedID, plantID, percentage, planterID) VALUES (6, 1873, 2, 123);
INSERT INTO PlantedIn (flowerbedID, plantID, percentage, planterID) VALUES (191, 404, 1, 105);
INSERT INTO PlantedIn (flowerbedID, plantID, percentage, planterID) VALUES (4, 2498, 3, 16);
INSERT INTO PlantedIn (flowerbedID, plantID, percentage, planterID) VALUES (35, 3344, 3, 107);
INSERT INTO PlantedIn (flowerbedID, plantID, percentage, planterID) VALUES (299, 3436, 2, 84);
INSERT INTO PlantedIn (flowerbedID, plantID, percentage, planterID) VALUES (12, 3173, 2, 125);
INSERT INTO PlantedIn (flowerbedID, plantID, percentage, planterID) VALUES (174, 3113, 3, 19);
INSERT INTO PlantedIn (flowerbedID, plantID, percentage, planterID) VALUES (87, 3189, 4, 150);
INSERT INTO PlantedIn (flowerbedID, plantID, percentage, planterID) VALUES (278, 1850, 4, 8);
INSERT INTO PlantedIn (flowerbedID, plantID, percentage, planterID) VALUES (38, 517, 1, 98);
INSERT INTO PlantedIn (flowerbedID, plantID, percentage, planterID) VALUES (299, 730, 4, 162);
INSERT INTO PlantedIn (flowerbedID, plantID, percentage, planterID) VALUES (24, 1654, 1, 64);
INSERT INTO PlantedIn (flowerbedID, plantID, percentage, planterID) VALUES (75, 355, 4, 103);
INSERT INTO PlantedIn (flowerbedID, plantID, percentage, planterID) VALUES (32, 3036, 3, 28);
INSERT INTO PlantedIn (flowerbedID, plantID, percentage, planterID) VALUES (177, 1054, 4, 50);
INSERT INTO PlantedIn (flowerbedID, plantID, percentage, planterID) VALUES (30, 615, 1, 139);
INSERT INTO PlantedIn (flowerbedID, plantID, percentage, planterID) VALUES (296, 2070, 4, 1);
INSERT INTO PlantedIn (flowerbedID, plantID, percentage, planterID) VALUES (111, 1359, 3, 158);
INSERT INTO PlantedIn (flowerbedID, plantID, percentage, planterID) VALUES (133, 1984, 3, 91);
INSERT INTO PlantedIn (flowerbedID, plantID, percentage, planterID) VALUES (90, 2658, 4, 41);
INSERT INTO PlantedIn (flowerbedID, plantID, percentage, planterID) VALUES (288, 2020, 1, 133);
INSERT INTO PlantedIn (flowerbedID, plantID, percentage, planterID) VALUES (204, 2230, 2, 15);
INSERT INTO PlantedIn (flowerbedID, plantID, percentage, planterID) VALUES (129, 203, 2, 14);
INSERT INTO PlantedIn (flowerbedID, plantID, percentage, planterID) VALUES (176, 323, 2, 70);
INSERT INTO PlantedIn (flowerbedID, plantID, percentage, planterID) VALUES (8, 1489, 2, 20);
INSERT INTO PlantedIn (flowerbedID, plantID, percentage, planterID) VALUES (221, 124, 1, 3);
INSERT INTO PlantedIn (flowerbedID, plantID, percentage, planterID) VALUES (164, 2089, 4, 126);
INSERT INTO PlantedIn (flowerbedID, plantID, percentage, planterID) VALUES (69, 3724, 1, 127);
INSERT INTO PlantedIn (flowerbedID, plantID, percentage, planterID) VALUES (146, 1943, 1, 43);
INSERT INTO PlantedIn (flowerbedID, plantID, percentage, planterID) VALUES (24, 1280, 3, 84);
INSERT INTO PlantedIn (flowerbedID, plantID, percentage, planterID) VALUES (115, 2195, 4, 160);
INSERT INTO PlantedIn (flowerbedID, plantID, percentage, planterID) VALUES (195, 1280, 3, 49);
INSERT INTO PlantedIn (flowerbedID, plantID, percentage, planterID) VALUES (215, 1536, 2, 13);
INSERT INTO PlantedIn (flowerbedID, plantID, percentage, planterID) VALUES (129, 343, 4, 109);
INSERT INTO PlantedIn (flowerbedID, plantID, percentage, planterID) VALUES (189, 1396, 4, 141);
INSERT INTO PlantedIn (flowerbedID, plantID, percentage, planterID) VALUES (97, 2132, 4, 8);
INSERT INTO PlantedIn (flowerbedID, plantID, percentage, planterID) VALUES (187, 1796, 1, 111);
INSERT INTO PlantedIn (flowerbedID, plantID, percentage, planterID) VALUES (130, 274, 3, 16);
INSERT INTO PlantedIn (flowerbedID, plantID, percentage, planterID) VALUES (211, 241, 1, 27);
INSERT INTO PlantedIn (flowerbedID, plantID, percentage, planterID) VALUES (264, 35, 2, 67);
INSERT INTO PlantedIn (flowerbedID, plantID, percentage, planterID) VALUES (17, 770, 2, 84);
INSERT INTO PlantedIn (flowerbedID, plantID, percentage, planterID) VALUES (79, 3770, 4, 116);
INSERT INTO PlantedIn (flowerbedID, plantID, percentage, planterID) VALUES (286, 1383, 1, 127);
INSERT INTO PlantedIn (flowerbedID, plantID, percentage, planterID) VALUES (215, 1366, 1, 151);
INSERT INTO PlantedIn (flowerbedID, plantID, percentage, planterID) VALUES (127, 3715, 1, 117);
INSERT INTO PlantedIn (flowerbedID, plantID, percentage, planterID) VALUES (251, 2244, 4, 58);
INSERT INTO PlantedIn (flowerbedID, plantID, percentage, planterID) VALUES (234, 3176, 4, 41);
INSERT INTO PlantedIn (flowerbedID, plantID, percentage, planterID) VALUES (132, 798, 3, 103);
INSERT INTO PlantedIn (flowerbedID, plantID, percentage, planterID) VALUES (55, 1051, 1, 93);
INSERT INTO PlantedIn (flowerbedID, plantID, percentage, planterID) VALUES (189, 1052, 2, 61);
INSERT INTO PlantedIn (flowerbedID, plantID, percentage, planterID) VALUES (187, 862, 1, 87);
INSERT INTO PlantedIn (flowerbedID, plantID, percentage, planterID) VALUES (55, 681, 1, 31);
INSERT INTO PlantedIn (flowerbedID, plantID, percentage, planterID) VALUES (2, 1424, 4, 20);
INSERT INTO PlantedIn (flowerbedID, plantID, percentage, planterID) VALUES (284, 1727, 3, 126);
INSERT INTO PlantedIn (flowerbedID, plantID, percentage, planterID) VALUES (81, 3744, 3, 118);
INSERT INTO PlantedIn (flowerbedID, plantID, percentage, planterID) VALUES (53, 1093, 2, 71);
INSERT INTO PlantedIn (flowerbedID, plantID, percentage, planterID) VALUES (166, 3669, 1, 85);
INSERT INTO PlantedIn (flowerbedID, plantID, percentage, planterID) VALUES (67, 3252, 4, 92);
INSERT INTO PlantedIn (flowerbedID, plantID, percentage, planterID) VALUES (20, 123, 1, 155);
INSERT INTO PlantedIn (flowerbedID, plantID, percentage, planterID) VALUES (63, 279, 1, 79);
INSERT INTO PlantedIn (flowerbedID, plantID, percentage, planterID) VALUES (132, 2189, 2, 9);
INSERT INTO PlantedIn (flowerbedID, plantID, percentage, planterID) VALUES (4, 3027, 2, 21);
INSERT INTO PlantedIn (flowerbedID, plantID, percentage, planterID) VALUES (26, 1556, 3, 49);
INSERT INTO PlantedIn (flowerbedID, plantID, percentage, planterID) VALUES (106, 2996, 3, 142);
INSERT INTO PlantedIn (flowerbedID, plantID, percentage, planterID) VALUES (185, 1369, 3, 73);
INSERT INTO PlantedIn (flowerbedID, plantID, percentage, planterID) VALUES (116, 1218, 3, 160);
INSERT INTO PlantedIn (flowerbedID, plantID, percentage, planterID) VALUES (116, 1484, 4, 139);
INSERT INTO PlantedIn (flowerbedID, plantID, percentage, planterID) VALUES (285, 3313, 4, 38);
INSERT INTO PlantedIn (flowerbedID, plantID, percentage, planterID) VALUES (192, 1293, 2, 42);
INSERT INTO PlantedIn (flowerbedID, plantID, percentage, planterID) VALUES (41, 903, 1, 55);
INSERT INTO PlantedIn (flowerbedID, plantID, percentage, planterID) VALUES (191, 2326, 4, 149);
INSERT INTO PlantedIn (flowerbedID, plantID, percentage, planterID) VALUES (113, 2645, 4, 97);
INSERT INTO PlantedIn (flowerbedID, plantID, percentage, planterID) VALUES (12, 3787, 2, 116);
INSERT INTO PlantedIn (flowerbedID, plantID, percentage, planterID) VALUES (89, 2327, 3, 4);
INSERT INTO PlantedIn (flowerbedID, plantID, percentage, planterID) VALUES (295, 3184, 4, 88);
INSERT INTO PlantedIn (flowerbedID, plantID, percentage, planterID) VALUES (204, 2808, 2, 155);
INSERT INTO PlantedIn (flowerbedID, plantID, percentage, planterID) VALUES (19, 548, 1, 123);
INSERT INTO PlantedIn (flowerbedID, plantID, percentage, planterID) VALUES (113, 120, 1, 73);
INSERT INTO PlantedIn (flowerbedID, plantID, percentage, planterID) VALUES (289, 2160, 1, 1);
INSERT INTO PlantedIn (flowerbedID, plantID, percentage, planterID) VALUES (162, 2612, 4, 74);
INSERT INTO PlantedIn (flowerbedID, plantID, percentage, planterID) VALUES (83, 1728, 2, 89);
INSERT INTO PlantedIn (flowerbedID, plantID, percentage, planterID) VALUES (81, 97, 4, 35);
INSERT INTO PlantedIn (flowerbedID, plantID, percentage, planterID) VALUES (225, 375, 4, 47);
INSERT INTO PlantedIn (flowerbedID, plantID, percentage, planterID) VALUES (72, 3806, 3, 2);
INSERT INTO PlantedIn (flowerbedID, plantID, percentage, planterID) VALUES (5, 1663, 3, 108);
INSERT INTO PlantedIn (flowerbedID, plantID, percentage, planterID) VALUES (213, 2410, 3, 114);
INSERT INTO PlantedIn (flowerbedID, plantID, percentage, planterID) VALUES (55, 2550, 3, 118);
INSERT INTO PlantedIn (flowerbedID, plantID, percentage, planterID) VALUES (101, 426, 3, 96);
INSERT INTO PlantedIn (flowerbedID, plantID, percentage, planterID) VALUES (167, 270, 4, 151);
INSERT INTO PlantedIn (flowerbedID, plantID, percentage, planterID) VALUES (29, 289, 4, 134);
INSERT INTO PlantedIn (flowerbedID, plantID, percentage, planterID) VALUES (52, 198, 2, 114);
INSERT INTO PlantedIn (flowerbedID, plantID, percentage, planterID) VALUES (11, 2586, 1, 5);
INSERT INTO PlantedIn (flowerbedID, plantID, percentage, planterID) VALUES (30, 2510, 4, 121);
INSERT INTO PlantedIn (flowerbedID, plantID, percentage, planterID) VALUES (82, 1379, 2, 84);
INSERT INTO PlantedIn (flowerbedID, plantID, percentage, planterID) VALUES (5, 656, 2, 31);
INSERT INTO PlantedIn (flowerbedID, plantID, percentage, planterID) VALUES (240, 3248, 4, 115);
INSERT INTO PlantedIn (flowerbedID, plantID, percentage, planterID) VALUES (274, 1714, 1, 128);
INSERT INTO PlantedIn (flowerbedID, plantID, percentage, planterID) VALUES (148, 1546, 3, 86);
INSERT INTO PlantedIn (flowerbedID, plantID, percentage, planterID) VALUES (21, 2017, 1, 100);
INSERT INTO PlantedIn (flowerbedID, plantID, percentage, planterID) VALUES (191, 1805, 3, 155);
INSERT INTO PlantedIn (flowerbedID, plantID, percentage, planterID) VALUES (191, 286, 4, 1);
INSERT INTO PlantedIn (flowerbedID, plantID, percentage, planterID) VALUES (241, 3747, 3, 130);
INSERT INTO PlantedIn (flowerbedID, plantID, percentage, planterID) VALUES (243, 1613, 3, 86);
INSERT INTO PlantedIn (flowerbedID, plantID, percentage, planterID) VALUES (258, 927, 2, 140);
INSERT INTO PlantedIn (flowerbedID, plantID, percentage, planterID) VALUES (192, 1193, 3, 153);
INSERT INTO PlantedIn (flowerbedID, plantID, percentage, planterID) VALUES (249, 1802, 1, 151);
INSERT INTO PlantedIn (flowerbedID, plantID, percentage, planterID) VALUES (224, 3305, 2, 77);
INSERT INTO PlantedIn (flowerbedID, plantID, percentage, planterID) VALUES (97, 1326, 4, 7);
INSERT INTO PlantedIn (flowerbedID, plantID, percentage, planterID) VALUES (125, 166, 1, 151);
INSERT INTO PlantedIn (flowerbedID, plantID, percentage, planterID) VALUES (4, 2425, 4, 142);
INSERT INTO PlantedIn (flowerbedID, plantID, percentage, planterID) VALUES (14, 1249, 4, 94);
INSERT INTO PlantedIn (flowerbedID, plantID, percentage, planterID) VALUES (169, 1383, 1, 45);
INSERT INTO PlantedIn (flowerbedID, plantID, percentage, planterID) VALUES (200, 561, 2, 157);
INSERT INTO PlantedIn (flowerbedID, plantID, percentage, planterID) VALUES (183, 3040, 2, 86);
INSERT INTO PlantedIn (flowerbedID, plantID, percentage, planterID) VALUES (192, 3640, 4, 128);
INSERT INTO PlantedIn (flowerbedID, plantID, percentage, planterID) VALUES (86, 3014, 3, 159);
INSERT INTO PlantedIn (flowerbedID, plantID, percentage, planterID) VALUES (246, 3077, 4, 159);
INSERT INTO PlantedIn (flowerbedID, plantID, percentage, planterID) VALUES (127, 2886, 2, 113);
INSERT INTO PlantedIn (flowerbedID, plantID, percentage, planterID) VALUES (21, 785, 3, 65);
INSERT INTO PlantedIn (flowerbedID, plantID, percentage, planterID) VALUES (168, 2448, 1, 144);
INSERT INTO PlantedIn (flowerbedID, plantID, percentage, planterID) VALUES (233, 2880, 2, 125);
INSERT INTO PlantedIn (flowerbedID, plantID, percentage, planterID) VALUES (159, 850, 1, 129);
INSERT INTO PlantedIn (flowerbedID, plantID, percentage, planterID) VALUES (49, 1891, 2, 24);
INSERT INTO PlantedIn (flowerbedID, plantID, percentage, planterID) VALUES (81, 223, 1, 26);
INSERT INTO PlantedIn (flowerbedID, plantID, percentage, planterID) VALUES (256, 269, 2, 160);
INSERT INTO PlantedIn (flowerbedID, plantID, percentage, planterID) VALUES (245, 2252, 4, 129);
INSERT INTO PlantedIn (flowerbedID, plantID, percentage, planterID) VALUES (235, 457, 2, 90);
INSERT INTO PlantedIn (flowerbedID, plantID, percentage, planterID) VALUES (225, 1365, 3, 99);
INSERT INTO PlantedIn (flowerbedID, plantID, percentage, planterID) VALUES (30, 1143, 3, 159);
INSERT INTO PlantedIn (flowerbedID, plantID, percentage, planterID) VALUES (155, 2577, 3, 139);
INSERT INTO PlantedIn (flowerbedID, plantID, percentage, planterID) VALUES (47, 3629, 2, 22);
INSERT INTO PlantedIn (flowerbedID, plantID, percentage, planterID) VALUES (298, 1044, 4, 89);
INSERT INTO PlantedIn (flowerbedID, plantID, percentage, planterID) VALUES (102, 1708, 1, 22);
INSERT INTO PlantedIn (flowerbedID, plantID, percentage, planterID) VALUES (8, 3370, 4, 8);
INSERT INTO PlantedIn (flowerbedID, plantID, percentage, planterID) VALUES (296, 2164, 3, 27);
INSERT INTO PlantedIn (flowerbedID, plantID, percentage, planterID) VALUES (273, 2819, 1, 47);
INSERT INTO PlantedIn (flowerbedID, plantID, percentage, planterID) VALUES (8, 735, 3, 111);
INSERT INTO PlantedIn (flowerbedID, plantID, percentage, planterID) VALUES (257, 1714, 1, 38);
INSERT INTO PlantedIn (flowerbedID, plantID, percentage, planterID) VALUES (115, 1313, 2, 76);
INSERT INTO PlantedIn (flowerbedID, plantID, percentage, planterID) VALUES (183, 3683, 4, 40);
INSERT INTO PlantedIn (flowerbedID, plantID, percentage, planterID) VALUES (118, 1375, 2, 19);
INSERT INTO PlantedIn (flowerbedID, plantID, percentage, planterID) VALUES (69, 565, 1, 40);
INSERT INTO PlantedIn (flowerbedID, plantID, percentage, planterID) VALUES (35, 888, 1, 109);
INSERT INTO PlantedIn (flowerbedID, plantID, percentage, planterID) VALUES (126, 1047, 2, 117);
INSERT INTO PlantedIn (flowerbedID, plantID, percentage, planterID) VALUES (214, 3463, 1, 50);
INSERT INTO PlantedIn (flowerbedID, plantID, percentage, planterID) VALUES (71, 2805, 4, 82);
INSERT INTO PlantedIn (flowerbedID, plantID, percentage, planterID) VALUES (203, 2720, 1, 137);
INSERT INTO PlantedIn (flowerbedID, plantID, percentage, planterID) VALUES (18, 3476, 2, 85);
INSERT INTO PlantedIn (flowerbedID, plantID, percentage, planterID) VALUES (14, 2787, 4, 87);
INSERT INTO PlantedIn (flowerbedID, plantID, percentage, planterID) VALUES (32, 1791, 1, 64);
INSERT INTO PlantedIn (flowerbedID, plantID, percentage, planterID) VALUES (208, 1, 1, 62);
INSERT INTO PlantedIn (flowerbedID, plantID, percentage, planterID) VALUES (82, 151, 4, 67);
INSERT INTO PlantedIn (flowerbedID, plantID, percentage, planterID) VALUES (280, 2621, 1, 15);
INSERT INTO PlantedIn (flowerbedID, plantID, percentage, planterID) VALUES (121, 2151, 1, 3);
INSERT INTO PlantedIn (flowerbedID, plantID, percentage, planterID) VALUES (78, 3132, 2, 27);
INSERT INTO PlantedIn (flowerbedID, plantID, percentage, planterID) VALUES (213, 2501, 4, 105);
INSERT INTO PlantedIn (flowerbedID, plantID, percentage, planterID) VALUES (110, 430, 2, 88);
INSERT INTO PlantedIn (flowerbedID, plantID, percentage, planterID) VALUES (172, 3388, 2, 120);
INSERT INTO PlantedIn (flowerbedID, plantID, percentage, planterID) VALUES (263, 211, 1, 66);
INSERT INTO PlantedIn (flowerbedID, plantID, percentage, planterID) VALUES (28, 2975, 1, 23);
INSERT INTO PlantedIn (flowerbedID, plantID, percentage, planterID) VALUES (134, 828, 4, 35);
INSERT INTO PlantedIn (flowerbedID, plantID, percentage, planterID) VALUES (231, 830, 1, 161);
INSERT INTO PlantedIn (flowerbedID, plantID, percentage, planterID) VALUES (8, 344, 3, 61);
INSERT INTO PlantedIn (flowerbedID, plantID, percentage, planterID) VALUES (220, 3697, 1, 85);
INSERT INTO PlantedIn (flowerbedID, plantID, percentage, planterID) VALUES (21, 3847, 3, 100);
INSERT INTO PlantedIn (flowerbedID, plantID, percentage, planterID) VALUES (261, 1053, 3, 157);
INSERT INTO PlantedIn (flowerbedID, plantID, percentage, planterID) VALUES (98, 1121, 2, 155);
INSERT INTO PlantedIn (flowerbedID, plantID, percentage, planterID) VALUES (18, 111, 3, 78);
INSERT INTO PlantedIn (flowerbedID, plantID, percentage, planterID) VALUES (73, 2502, 1, 62);
INSERT INTO PlantedIn (flowerbedID, plantID, percentage, planterID) VALUES (258, 1130, 4, 8);
INSERT INTO PlantedIn (flowerbedID, plantID, percentage, planterID) VALUES (114, 1521, 1, 107);
INSERT INTO PlantedIn (flowerbedID, plantID, percentage, planterID) VALUES (105, 426, 2, 38);
INSERT INTO PlantedIn (flowerbedID, plantID, percentage, planterID) VALUES (32, 3085, 4, 11);
INSERT INTO PlantedIn (flowerbedID, plantID, percentage, planterID) VALUES (21, 3744, 2, 125);
INSERT INTO PlantedIn (flowerbedID, plantID, percentage, planterID) VALUES (78, 2401, 2, 141);
INSERT INTO PlantedIn (flowerbedID, plantID, percentage, planterID) VALUES (195, 1027, 4, 142);
INSERT INTO PlantedIn (flowerbedID, plantID, percentage, planterID) VALUES (273, 710, 4, 156);
INSERT INTO PlantedIn (flowerbedID, plantID, percentage, planterID) VALUES (143, 3668, 4, 114);
INSERT INTO PlantedIn (flowerbedID, plantID, percentage, planterID) VALUES (118, 749, 2, 19);
INSERT INTO PlantedIn (flowerbedID, plantID, percentage, planterID) VALUES (297, 651, 1, 82);
INSERT INTO PlantedIn (flowerbedID, plantID, percentage, planterID) VALUES (41, 775, 2, 79);
INSERT INTO PlantedIn (flowerbedID, plantID, percentage, planterID) VALUES (246, 1067, 2, 123);
INSERT INTO PlantedIn (flowerbedID, plantID, percentage, planterID) VALUES (162, 2079, 2, 63);
INSERT INTO PlantedIn (flowerbedID, plantID, percentage, planterID) VALUES (216, 1040, 1, 40);
INSERT INTO PlantedIn (flowerbedID, plantID, percentage, planterID) VALUES (66, 3441, 3, 10);
INSERT INTO PlantedIn (flowerbedID, plantID, percentage, planterID) VALUES (52, 106, 3, 44);
INSERT INTO PlantedIn (flowerbedID, plantID, percentage, planterID) VALUES (67, 1398, 1, 11);
INSERT INTO PlantedIn (flowerbedID, plantID, percentage, planterID) VALUES (159, 2080, 3, 48);
INSERT INTO PlantedIn (flowerbedID, plantID, percentage, planterID) VALUES (221, 2836, 3, 11);
INSERT INTO PlantedIn (flowerbedID, plantID, percentage, planterID) VALUES (3, 2995, 3, 6);
INSERT INTO PlantedIn (flowerbedID, plantID, percentage, planterID) VALUES (94, 1525, 1, 1);
INSERT INTO PlantedIn (flowerbedID, plantID, percentage, planterID) VALUES (199, 904, 4, 40);
INSERT INTO PlantedIn (flowerbedID, plantID, percentage, planterID) VALUES (38, 1102, 2, 76);
INSERT INTO PlantedIn (flowerbedID, plantID, percentage, planterID) VALUES (94, 2682, 3, 149);
INSERT INTO PlantedIn (flowerbedID, plantID, percentage, planterID) VALUES (17, 3575, 3, 129);
INSERT INTO PlantedIn (flowerbedID, plantID, percentage, planterID) VALUES (139, 80, 1, 44);
INSERT INTO PlantedIn (flowerbedID, plantID, percentage, planterID) VALUES (226, 1212, 4, 131);
INSERT INTO PlantedIn (flowerbedID, plantID, percentage, planterID) VALUES (27, 3062, 2, 55);
INSERT INTO PlantedIn (flowerbedID, plantID, percentage, planterID) VALUES (56, 1234, 4, 75);
INSERT INTO PlantedIn (flowerbedID, plantID, percentage, planterID) VALUES (166, 2574, 3, 126);
INSERT INTO PlantedIn (flowerbedID, plantID, percentage, planterID) VALUES (260, 3227, 4, 137);
INSERT INTO PlantedIn (flowerbedID, plantID, percentage, planterID) VALUES (228, 2097, 1, 88);
INSERT INTO PlantedIn (flowerbedID, plantID, percentage, planterID) VALUES (169, 2933, 2, 73);
INSERT INTO PlantedIn (flowerbedID, plantID, percentage, planterID) VALUES (22, 714, 1, 14);
INSERT INTO PlantedIn (flowerbedID, plantID, percentage, planterID) VALUES (293, 1528, 1, 97);
INSERT INTO PlantedIn (flowerbedID, plantID, percentage, planterID) VALUES (214, 3849, 2, 3);
INSERT INTO PlantedIn (flowerbedID, plantID, percentage, planterID) VALUES (275, 3545, 4, 151);
INSERT INTO PlantedIn (flowerbedID, plantID, percentage, planterID) VALUES (225, 2597, 3, 122);
INSERT INTO PlantedIn (flowerbedID, plantID, percentage, planterID) VALUES (64, 821, 4, 127);
INSERT INTO PlantedIn (flowerbedID, plantID, percentage, planterID) VALUES (291, 610, 1, 17);
INSERT INTO PlantedIn (flowerbedID, plantID, percentage, planterID) VALUES (103, 677, 2, 35);
INSERT INTO PlantedIn (flowerbedID, plantID, percentage, planterID) VALUES (171, 2954, 2, 83);
INSERT INTO PlantedIn (flowerbedID, plantID, percentage, planterID) VALUES (228, 1913, 2, 95);
INSERT INTO PlantedIn (flowerbedID, plantID, percentage, planterID) VALUES (72, 1915, 1, 6);
INSERT INTO PlantedIn (flowerbedID, plantID, percentage, planterID) VALUES (124, 3514, 1, 162);
INSERT INTO PlantedIn (flowerbedID, plantID, percentage, planterID) VALUES (174, 2491, 4, 117);
INSERT INTO PlantedIn (flowerbedID, plantID, percentage, planterID) VALUES (257, 1586, 4, 99);
INSERT INTO PlantedIn (flowerbedID, plantID, percentage, planterID) VALUES (170, 2574, 4, 150);
INSERT INTO PlantedIn (flowerbedID, plantID, percentage, planterID) VALUES (252, 285, 2, 40);
INSERT INTO PlantedIn (flowerbedID, plantID, percentage, planterID) VALUES (251, 2747, 3, 120);
INSERT INTO PlantedIn (flowerbedID, plantID, percentage, planterID) VALUES (62, 954, 2, 4);
INSERT INTO PlantedIn (flowerbedID, plantID, percentage, planterID) VALUES (222, 205, 1, 104);
INSERT INTO PlantedIn (flowerbedID, plantID, percentage, planterID) VALUES (288, 2085, 3, 55);
INSERT INTO PlantedIn (flowerbedID, plantID, percentage, planterID) VALUES (55, 3848, 1, 59);
INSERT INTO PlantedIn (flowerbedID, plantID, percentage, planterID) VALUES (122, 3515, 4, 150);
INSERT INTO PlantedIn (flowerbedID, plantID, percentage, planterID) VALUES (173, 2853, 2, 152);
INSERT INTO PlantedIn (flowerbedID, plantID, percentage, planterID) VALUES (243, 433, 3, 143);
INSERT INTO PlantedIn (flowerbedID, plantID, percentage, planterID) VALUES (246, 2019, 1, 43);
INSERT INTO PlantedIn (flowerbedID, plantID, percentage, planterID) VALUES (230, 1032, 3, 82);
INSERT INTO PlantedIn (flowerbedID, plantID, percentage, planterID) VALUES (96, 281, 2, 115);
INSERT INTO PlantedIn (flowerbedID, plantID, percentage, planterID) VALUES (183, 3808, 4, 142);
INSERT INTO PlantedIn (flowerbedID, plantID, percentage, planterID) VALUES (294, 628, 2, 144);
INSERT INTO PlantedIn (flowerbedID, plantID, percentage, planterID) VALUES (22, 2718, 3, 62);
INSERT INTO PlantedIn (flowerbedID, plantID, percentage, planterID) VALUES (132, 938, 2, 11);
INSERT INTO PlantedIn (flowerbedID, plantID, percentage, planterID) VALUES (107, 3441, 1, 156);
INSERT INTO PlantedIn (flowerbedID, plantID, percentage, planterID) VALUES (124, 579, 1, 36);
INSERT INTO PlantedIn (flowerbedID, plantID, percentage, planterID) VALUES (125, 2620, 3, 120);
INSERT INTO PlantedIn (flowerbedID, plantID, percentage, planterID) VALUES (225, 1385, 2, 4);
INSERT INTO PlantedIn (flowerbedID, plantID, percentage, planterID) VALUES (103, 3258, 2, 28);
INSERT INTO PlantedIn (flowerbedID, plantID, percentage, planterID) VALUES (2, 3838, 1, 123);
INSERT INTO PlantedIn (flowerbedID, plantID, percentage, planterID) VALUES (209, 268, 1, 125);
INSERT INTO PlantedIn (flowerbedID, plantID, percentage, planterID) VALUES (94, 3041, 3, 67);
INSERT INTO PlantedIn (flowerbedID, plantID, percentage, planterID) VALUES (203, 1128, 1, 146);
INSERT INTO PlantedIn (flowerbedID, plantID, percentage, planterID) VALUES (133, 190, 4, 47);
INSERT INTO PlantedIn (flowerbedID, plantID, percentage, planterID) VALUES (218, 3722, 2, 103);
INSERT INTO PlantedIn (flowerbedID, plantID, percentage, planterID) VALUES (96, 2367, 3, 145);
INSERT INTO PlantedIn (flowerbedID, plantID, percentage, planterID) VALUES (297, 2696, 3, 93);
INSERT INTO PlantedIn (flowerbedID, plantID, percentage, planterID) VALUES (230, 1007, 1, 142);
INSERT INTO PlantedIn (flowerbedID, plantID, percentage, planterID) VALUES (15, 822, 3, 129);
INSERT INTO PlantedIn (flowerbedID, plantID, percentage, planterID) VALUES (151, 2275, 4, 140);
INSERT INTO PlantedIn (flowerbedID, plantID, percentage, planterID) VALUES (191, 324, 2, 139);
INSERT INTO PlantedIn (flowerbedID, plantID, percentage, planterID) VALUES (14, 1539, 2, 145);
INSERT INTO PlantedIn (flowerbedID, plantID, percentage, planterID) VALUES (4, 2634, 2, 6);
INSERT INTO PlantedIn (flowerbedID, plantID, percentage, planterID) VALUES (203, 76, 3, 160);
INSERT INTO PlantedIn (flowerbedID, plantID, percentage, planterID) VALUES (215, 1788, 2, 61);
INSERT INTO PlantedIn (flowerbedID, plantID, percentage, planterID) VALUES (217, 686, 4, 97);
INSERT INTO PlantedIn (flowerbedID, plantID, percentage, planterID) VALUES (117, 1186, 4, 85);
INSERT INTO PlantedIn (flowerbedID, plantID, percentage, planterID) VALUES (268, 1189, 3, 145);
INSERT INTO PlantedIn (flowerbedID, plantID, percentage, planterID) VALUES (117, 2487, 2, 155);
INSERT INTO PlantedIn (flowerbedID, plantID, percentage, planterID) VALUES (13, 2855, 1, 139);
INSERT INTO PlantedIn (flowerbedID, plantID, percentage, planterID) VALUES (126, 3236, 1, 89);
INSERT INTO PlantedIn (flowerbedID, plantID, percentage, planterID) VALUES (257, 1711, 3, 132);
INSERT INTO PlantedIn (flowerbedID, plantID, percentage, planterID) VALUES (271, 468, 3, 10);
INSERT INTO PlantedIn (flowerbedID, plantID, percentage, planterID) VALUES (90, 2394, 3, 69);
INSERT INTO PlantedIn (flowerbedID, plantID, percentage, planterID) VALUES (277, 3448, 4, 101);
INSERT INTO PlantedIn (flowerbedID, plantID, percentage, planterID) VALUES (60, 1630, 3, 61);
INSERT INTO PlantedIn (flowerbedID, plantID, percentage, planterID) VALUES (20, 968, 1, 5);
INSERT INTO PlantedIn (flowerbedID, plantID, percentage, planterID) VALUES (296, 3223, 2, 28);
INSERT INTO PlantedIn (flowerbedID, plantID, percentage, planterID) VALUES (201, 2610, 3, 88);
INSERT INTO PlantedIn (flowerbedID, plantID, percentage, planterID) VALUES (36, 1057, 1, 18);
INSERT INTO PlantedIn (flowerbedID, plantID, percentage, planterID) VALUES (118, 615, 3, 112);
INSERT INTO PlantedIn (flowerbedID, plantID, percentage, planterID) VALUES (233, 188, 3, 66);
INSERT INTO PlantedIn (flowerbedID, plantID, percentage, planterID) VALUES (282, 3720, 1, 91);
INSERT INTO PlantedIn (flowerbedID, plantID, percentage, planterID) VALUES (115, 3396, 2, 126);
INSERT INTO PlantedIn (flowerbedID, plantID, percentage, planterID) VALUES (39, 2933, 1, 96);
INSERT INTO PlantedIn (flowerbedID, plantID, percentage, planterID) VALUES (178, 2760, 2, 91);
INSERT INTO PlantedIn (flowerbedID, plantID, percentage, planterID) VALUES (117, 129, 3, 137);
INSERT INTO PlantedIn (flowerbedID, plantID, percentage, planterID) VALUES (92, 3451, 3, 92);
INSERT INTO PlantedIn (flowerbedID, plantID, percentage, planterID) VALUES (16, 699, 4, 68);
INSERT INTO PlantedIn (flowerbedID, plantID, percentage, planterID) VALUES (69, 2991, 1, 92);
INSERT INTO PlantedIn (flowerbedID, plantID, percentage, planterID) VALUES (281, 153, 1, 99);
INSERT INTO PlantedIn (flowerbedID, plantID, percentage, planterID) VALUES (239, 486, 2, 32);
INSERT INTO PlantedIn (flowerbedID, plantID, percentage, planterID) VALUES (252, 2747, 1, 113);
INSERT INTO PlantedIn (flowerbedID, plantID, percentage, planterID) VALUES (223, 1722, 1, 127);
INSERT INTO PlantedIn (flowerbedID, plantID, percentage, planterID) VALUES (102, 1029, 2, 130);
INSERT INTO PlantedIn (flowerbedID, plantID, percentage, planterID) VALUES (134, 559, 3, 38);
INSERT INTO PlantedIn (flowerbedID, plantID, percentage, planterID) VALUES (275, 2916, 3, 146);
INSERT INTO PlantedIn (flowerbedID, plantID, percentage, planterID) VALUES (244, 597, 4, 134);
INSERT INTO PlantedIn (flowerbedID, plantID, percentage, planterID) VALUES (58, 1334, 4, 141);
INSERT INTO PlantedIn (flowerbedID, plantID, percentage, planterID) VALUES (141, 10, 2, 66);
INSERT INTO PlantedIn (flowerbedID, plantID, percentage, planterID) VALUES (214, 142, 2, 93);
INSERT INTO PlantedIn (flowerbedID, plantID, percentage, planterID) VALUES (145, 1064, 4, 88);
INSERT INTO PlantedIn (flowerbedID, plantID, percentage, planterID) VALUES (162, 1000, 4, 37);
INSERT INTO PlantedIn (flowerbedID, plantID, percentage, planterID) VALUES (121, 1664, 2, 115);
INSERT INTO PlantedIn (flowerbedID, plantID, percentage, planterID) VALUES (199, 2905, 4, 129);
INSERT INTO PlantedIn (flowerbedID, plantID, percentage, planterID) VALUES (29, 2196, 3, 147);
INSERT INTO PlantedIn (flowerbedID, plantID, percentage, planterID) VALUES (171, 895, 2, 151);
INSERT INTO PlantedIn (flowerbedID, plantID, percentage, planterID) VALUES (81, 1608, 3, 128);
INSERT INTO PlantedIn (flowerbedID, plantID, percentage, planterID) VALUES (207, 959, 1, 99);
INSERT INTO PlantedIn (flowerbedID, plantID, percentage, planterID) VALUES (152, 3017, 4, 38);
INSERT INTO PlantedIn (flowerbedID, plantID, percentage, planterID) VALUES (64, 3416, 2, 40);
INSERT INTO PlantedIn (flowerbedID, plantID, percentage, planterID) VALUES (118, 803, 1, 68);
INSERT INTO PlantedIn (flowerbedID, plantID, percentage, planterID) VALUES (287, 557, 1, 158);
INSERT INTO PlantedIn (flowerbedID, plantID, percentage, planterID) VALUES (213, 2948, 2, 108);
INSERT INTO PlantedIn (flowerbedID, plantID, percentage, planterID) VALUES (298, 1930, 2, 98);
INSERT INTO PlantedIn (flowerbedID, plantID, percentage, planterID) VALUES (274, 1188, 3, 3);
INSERT INTO PlantedIn (flowerbedID, plantID, percentage, planterID) VALUES (167, 2251, 1, 145);
INSERT INTO PlantedIn (flowerbedID, plantID, percentage, planterID) VALUES (123, 1405, 2, 68);
INSERT INTO PlantedIn (flowerbedID, plantID, percentage, planterID) VALUES (152, 1178, 1, 74);
INSERT INTO PlantedIn (flowerbedID, plantID, percentage, planterID) VALUES (21, 184, 1, 87);
INSERT INTO PlantedIn (flowerbedID, plantID, percentage, planterID) VALUES (164, 267, 2, 56);
INSERT INTO PlantedIn (flowerbedID, plantID, percentage, planterID) VALUES (113, 1299, 4, 12);
INSERT INTO PlantedIn (flowerbedID, plantID, percentage, planterID) VALUES (289, 3730, 4, 148);
INSERT INTO PlantedIn (flowerbedID, plantID, percentage, planterID) VALUES (51, 3185, 3, 42);
INSERT INTO PlantedIn (flowerbedID, plantID, percentage, planterID) VALUES (281, 1445, 1, 158);
INSERT INTO PlantedIn (flowerbedID, plantID, percentage, planterID) VALUES (126, 1610, 4, 12);
INSERT INTO PlantedIn (flowerbedID, plantID, percentage, planterID) VALUES (146, 1513, 4, 74);
INSERT INTO PlantedIn (flowerbedID, plantID, percentage, planterID) VALUES (218, 1926, 3, 137);
INSERT INTO PlantedIn (flowerbedID, plantID, percentage, planterID) VALUES (122, 3038, 2, 160);
INSERT INTO PlantedIn (flowerbedID, plantID, percentage, planterID) VALUES (225, 3020, 4, 48);
INSERT INTO PlantedIn (flowerbedID, plantID, percentage, planterID) VALUES (181, 2011, 4, 86);
INSERT INTO PlantedIn (flowerbedID, plantID, percentage, planterID) VALUES (47, 1727, 1, 84);
INSERT INTO PlantedIn (flowerbedID, plantID, percentage, planterID) VALUES (246, 1551, 1, 17);
INSERT INTO PlantedIn (flowerbedID, plantID, percentage, planterID) VALUES (245, 643, 2, 37);
INSERT INTO PlantedIn (flowerbedID, plantID, percentage, planterID) VALUES (167, 2472, 2, 29);
INSERT INTO PlantedIn (flowerbedID, plantID, percentage, planterID) VALUES (42, 3698, 3, 160);
INSERT INTO PlantedIn (flowerbedID, plantID, percentage, planterID) VALUES (223, 3310, 2, 157);
INSERT INTO PlantedIn (flowerbedID, plantID, percentage, planterID) VALUES (191, 736, 1, 71);
INSERT INTO PlantedIn (flowerbedID, plantID, percentage, planterID) VALUES (213, 3520, 4, 7);
INSERT INTO PlantedIn (flowerbedID, plantID, percentage, planterID) VALUES (276, 217, 3, 73);
INSERT INTO PlantedIn (flowerbedID, plantID, percentage, planterID) VALUES (67, 2433, 4, 8);
INSERT INTO PlantedIn (flowerbedID, plantID, percentage, planterID) VALUES (81, 800, 2, 12);
INSERT INTO PlantedIn (flowerbedID, plantID, percentage, planterID) VALUES (255, 3330, 2, 69);
INSERT INTO PlantedIn (flowerbedID, plantID, percentage, planterID) VALUES (16, 3140, 4, 126);
INSERT INTO PlantedIn (flowerbedID, plantID, percentage, planterID) VALUES (217, 2960, 1, 108);
INSERT INTO PlantedIn (flowerbedID, plantID, percentage, planterID) VALUES (87, 2259, 1, 45);
INSERT INTO PlantedIn (flowerbedID, plantID, percentage, planterID) VALUES (92, 3844, 3, 111);
INSERT INTO PlantedIn (flowerbedID, plantID, percentage, planterID) VALUES (210, 3601, 3, 47);
INSERT INTO PlantedIn (flowerbedID, plantID, percentage, planterID) VALUES (238, 2592, 4, 7);
INSERT INTO PlantedIn (flowerbedID, plantID, percentage, planterID) VALUES (145, 2978, 1, 105);
INSERT INTO PlantedIn (flowerbedID, plantID, percentage, planterID) VALUES (161, 905, 4, 50);
INSERT INTO PlantedIn (flowerbedID, plantID, percentage, planterID) VALUES (245, 2103, 2, 6);
INSERT INTO PlantedIn (flowerbedID, plantID, percentage, planterID) VALUES (67, 3811, 3, 56);
INSERT INTO PlantedIn (flowerbedID, plantID, percentage, planterID) VALUES (294, 3726, 1, 19);
INSERT INTO PlantedIn (flowerbedID, plantID, percentage, planterID) VALUES (201, 341, 2, 95);
INSERT INTO PlantedIn (flowerbedID, plantID, percentage, planterID) VALUES (6, 3160, 4, 159);
INSERT INTO PlantedIn (flowerbedID, plantID, percentage, planterID) VALUES (146, 3722, 4, 114);
INSERT INTO PlantedIn (flowerbedID, plantID, percentage, planterID) VALUES (220, 1023, 2, 31);
INSERT INTO PlantedIn (flowerbedID, plantID, percentage, planterID) VALUES (150, 1786, 2, 17);
INSERT INTO PlantedIn (flowerbedID, plantID, percentage, planterID) VALUES (2, 495, 1, 134);
INSERT INTO PlantedIn (flowerbedID, plantID, percentage, planterID) VALUES (35, 374, 1, 131);
INSERT INTO PlantedIn (flowerbedID, plantID, percentage, planterID) VALUES (19, 3333, 3, 48);
INSERT INTO PlantedIn (flowerbedID, plantID, percentage, planterID) VALUES (285, 3180, 4, 18);
INSERT INTO PlantedIn (flowerbedID, plantID, percentage, planterID) VALUES (192, 100, 1, 135);
INSERT INTO PlantedIn (flowerbedID, plantID, percentage, planterID) VALUES (296, 1702, 3, 17);
INSERT INTO PlantedIn (flowerbedID, plantID, percentage, planterID) VALUES (221, 327, 3, 90);
INSERT INTO PlantedIn (flowerbedID, plantID, percentage, planterID) VALUES (118, 2810, 2, 73);
INSERT INTO PlantedIn (flowerbedID, plantID, percentage, planterID) VALUES (177, 2693, 3, 32);
INSERT INTO PlantedIn (flowerbedID, plantID, percentage, planterID) VALUES (156, 1107, 1, 88);
INSERT INTO PlantedIn (flowerbedID, plantID, percentage, planterID) VALUES (94, 1128, 2, 50);
INSERT INTO PlantedIn (flowerbedID, plantID, percentage, planterID) VALUES (219, 1492, 2, 4);
INSERT INTO PlantedIn (flowerbedID, plantID, percentage, planterID) VALUES (198, 54, 2, 111);
INSERT INTO PlantedIn (flowerbedID, plantID, percentage, planterID) VALUES (30, 620, 2, 24);
INSERT INTO PlantedIn (flowerbedID, plantID, percentage, planterID) VALUES (137, 423, 4, 110);
INSERT INTO PlantedIn (flowerbedID, plantID, percentage, planterID) VALUES (251, 224, 2, 52);
INSERT INTO PlantedIn (flowerbedID, plantID, percentage, planterID) VALUES (231, 1834, 1, 75);
INSERT INTO PlantedIn (flowerbedID, plantID, percentage, planterID) VALUES (230, 2784, 2, 66);
INSERT INTO PlantedIn (flowerbedID, plantID, percentage, planterID) VALUES (32, 1570, 4, 161);
INSERT INTO PlantedIn (flowerbedID, plantID, percentage, planterID) VALUES (126, 2223, 3, 29);
INSERT INTO PlantedIn (flowerbedID, plantID, percentage, planterID) VALUES (220, 1171, 1, 143);
INSERT INTO PlantedIn (flowerbedID, plantID, percentage, planterID) VALUES (124, 1801, 1, 7);
INSERT INTO PlantedIn (flowerbedID, plantID, percentage, planterID) VALUES (157, 1310, 2, 116);
INSERT INTO PlantedIn (flowerbedID, plantID, percentage, planterID) VALUES (247, 2472, 3, 95);
INSERT INTO PlantedIn (flowerbedID, plantID, percentage, planterID) VALUES (35, 3808, 4, 117);
INSERT INTO PlantedIn (flowerbedID, plantID, percentage, planterID) VALUES (211, 231, 4, 66);
INSERT INTO PlantedIn (flowerbedID, plantID, percentage, planterID) VALUES (140, 1211, 4, 100);
INSERT INTO PlantedIn (flowerbedID, plantID, percentage, planterID) VALUES (266, 2866, 3, 70);
INSERT INTO PlantedIn (flowerbedID, plantID, percentage, planterID) VALUES (14, 898, 2, 141);
INSERT INTO PlantedIn (flowerbedID, plantID, percentage, planterID) VALUES (209, 3295, 1, 122);
INSERT INTO PlantedIn (flowerbedID, plantID, percentage, planterID) VALUES (58, 1467, 1, 87);
INSERT INTO PlantedIn (flowerbedID, plantID, percentage, planterID) VALUES (6, 203, 1, 105);
INSERT INTO PlantedIn (flowerbedID, plantID, percentage, planterID) VALUES (12, 1099, 3, 3);
INSERT INTO PlantedIn (flowerbedID, plantID, percentage, planterID) VALUES (103, 1512, 4, 96);
INSERT INTO PlantedIn (flowerbedID, plantID, percentage, planterID) VALUES (211, 512, 3, 120);
INSERT INTO PlantedIn (flowerbedID, plantID, percentage, planterID) VALUES (262, 382, 4, 38);
INSERT INTO PlantedIn (flowerbedID, plantID, percentage, planterID) VALUES (99, 114, 1, 65);
INSERT INTO PlantedIn (flowerbedID, plantID, percentage, planterID) VALUES (264, 309, 1, 44);
INSERT INTO PlantedIn (flowerbedID, plantID, percentage, planterID) VALUES (138, 2906, 2, 16);
INSERT INTO PlantedIn (flowerbedID, plantID, percentage, planterID) VALUES (294, 2412, 2, 101);
INSERT INTO PlantedIn (flowerbedID, plantID, percentage, planterID) VALUES (5, 536, 3, 24);
INSERT INTO PlantedIn (flowerbedID, plantID, percentage, planterID) VALUES (81, 3206, 1, 54);
INSERT INTO PlantedIn (flowerbedID, plantID, percentage, planterID) VALUES (278, 2036, 2, 11);
INSERT INTO PlantedIn (flowerbedID, plantID, percentage, planterID) VALUES (167, 1691, 2, 50);
INSERT INTO PlantedIn (flowerbedID, plantID, percentage, planterID) VALUES (88, 2316, 1, 79);
INSERT INTO PlantedIn (flowerbedID, plantID, percentage, planterID) VALUES (89, 254, 2, 162);
INSERT INTO PlantedIn (flowerbedID, plantID, percentage, planterID) VALUES (207, 2016, 3, 104);
INSERT INTO PlantedIn (flowerbedID, plantID, percentage, planterID) VALUES (198, 2835, 4, 73);
INSERT INTO PlantedIn (flowerbedID, plantID, percentage, planterID) VALUES (169, 2839, 2, 14);
INSERT INTO PlantedIn (flowerbedID, plantID, percentage, planterID) VALUES (78, 535, 4, 129);
INSERT INTO PlantedIn (flowerbedID, plantID, percentage, planterID) VALUES (173, 149, 1, 44);
INSERT INTO PlantedIn (flowerbedID, plantID, percentage, planterID) VALUES (173, 2962, 4, 12);
INSERT INTO PlantedIn (flowerbedID, plantID, percentage, planterID) VALUES (177, 3490, 2, 161);
INSERT INTO PlantedIn (flowerbedID, plantID, percentage, planterID) VALUES (81, 1568, 4, 3);
INSERT INTO PlantedIn (flowerbedID, plantID, percentage, planterID) VALUES (42, 353, 2, 56);
INSERT INTO PlantedIn (flowerbedID, plantID, percentage, planterID) VALUES (69, 275, 4, 38);
INSERT INTO PlantedIn (flowerbedID, plantID, percentage, planterID) VALUES (72, 3737, 3, 96);
INSERT INTO PlantedIn (flowerbedID, plantID, percentage, planterID) VALUES (147, 2024, 1, 46);
INSERT INTO PlantedIn (flowerbedID, plantID, percentage, planterID) VALUES (128, 770, 4, 62);
INSERT INTO PlantedIn (flowerbedID, plantID, percentage, planterID) VALUES (220, 1312, 1, 161);
INSERT INTO PlantedIn (flowerbedID, plantID, percentage, planterID) VALUES (223, 3677, 4, 144);
INSERT INTO PlantedIn (flowerbedID, plantID, percentage, planterID) VALUES (13, 591, 2, 50);
INSERT INTO PlantedIn (flowerbedID, plantID, percentage, planterID) VALUES (67, 1944, 2, 14);
INSERT INTO PlantedIn (flowerbedID, plantID, percentage, planterID) VALUES (292, 3768, 1, 4);
INSERT INTO PlantedIn (flowerbedID, plantID, percentage, planterID) VALUES (282, 2240, 2, 141);
INSERT INTO PlantedIn (flowerbedID, plantID, percentage, planterID) VALUES (31, 316, 3, 88);
INSERT INTO PlantedIn (flowerbedID, plantID, percentage, planterID) VALUES (84, 3352, 1, 66);
INSERT INTO PlantedIn (flowerbedID, plantID, percentage, planterID) VALUES (62, 1223, 4, 3);
INSERT INTO PlantedIn (flowerbedID, plantID, percentage, planterID) VALUES (81, 3276, 2, 144);
INSERT INTO PlantedIn (flowerbedID, plantID, percentage, planterID) VALUES (1, 471, 1, 101);
INSERT INTO PlantedIn (flowerbedID, plantID, percentage, planterID) VALUES (187, 2549, 3, 96);
INSERT INTO PlantedIn (flowerbedID, plantID, percentage, planterID) VALUES (190, 2239, 3, 140);
INSERT INTO PlantedIn (flowerbedID, plantID, percentage, planterID) VALUES (48, 2441, 2, 2);
INSERT INTO PlantedIn (flowerbedID, plantID, percentage, planterID) VALUES (214, 2000, 4, 137);
INSERT INTO PlantedIn (flowerbedID, plantID, percentage, planterID) VALUES (115, 664, 3, 2);
INSERT INTO PlantedIn (flowerbedID, plantID, percentage, planterID) VALUES (146, 92, 4, 94);
INSERT INTO PlantedIn (flowerbedID, plantID, percentage, planterID) VALUES (261, 1465, 4, 12);
INSERT INTO PlantedIn (flowerbedID, plantID, percentage, planterID) VALUES (150, 2506, 1, 17);
INSERT INTO PlantedIn (flowerbedID, plantID, percentage, planterID) VALUES (92, 2528, 4, 125);
INSERT INTO PlantedIn (flowerbedID, plantID, percentage, planterID) VALUES (70, 2084, 2, 89);
INSERT INTO PlantedIn (flowerbedID, plantID, percentage, planterID) VALUES (51, 2027, 4, 113);
INSERT INTO PlantedIn (flowerbedID, plantID, percentage, planterID) VALUES (13, 1717, 2, 151);
INSERT INTO PlantedIn (flowerbedID, plantID, percentage, planterID) VALUES (185, 3420, 1, 3);
INSERT INTO PlantedIn (flowerbedID, plantID, percentage, planterID) VALUES (272, 2165, 4, 148);
INSERT INTO PlantedIn (flowerbedID, plantID, percentage, planterID) VALUES (281, 3579, 2, 113);
INSERT INTO PlantedIn (flowerbedID, plantID, percentage, planterID) VALUES (172, 2890, 4, 98);
INSERT INTO PlantedIn (flowerbedID, plantID, percentage, planterID) VALUES (121, 1123, 3, 142);
INSERT INTO PlantedIn (flowerbedID, plantID, percentage, planterID) VALUES (249, 1317, 1, 5);
INSERT INTO PlantedIn (flowerbedID, plantID, percentage, planterID) VALUES (259, 2626, 4, 152);
INSERT INTO PlantedIn (flowerbedID, plantID, percentage, planterID) VALUES (37, 2939, 3, 58);
INSERT INTO PlantedIn (flowerbedID, plantID, percentage, planterID) VALUES (193, 1352, 3, 146);
INSERT INTO PlantedIn (flowerbedID, plantID, percentage, planterID) VALUES (272, 2717, 4, 58);
INSERT INTO PlantedIn (flowerbedID, plantID, percentage, planterID) VALUES (189, 3807, 1, 50);
INSERT INTO PlantedIn (flowerbedID, plantID, percentage, planterID) VALUES (219, 3298, 1, 15);
INSERT INTO PlantedIn (flowerbedID, plantID, percentage, planterID) VALUES (43, 3511, 4, 133);
INSERT INTO PlantedIn (flowerbedID, plantID, percentage, planterID) VALUES (142, 3311, 3, 4);
INSERT INTO PlantedIn (flowerbedID, plantID, percentage, planterID) VALUES (185, 1364, 2, 58);
INSERT INTO PlantedIn (flowerbedID, plantID, percentage, planterID) VALUES (211, 693, 3, 141);
INSERT INTO PlantedIn (flowerbedID, plantID, percentage, planterID) VALUES (264, 577, 3, 80);
INSERT INTO PlantedIn (flowerbedID, plantID, percentage, planterID) VALUES (41, 2893, 4, 123);
INSERT INTO PlantedIn (flowerbedID, plantID, percentage, planterID) VALUES (212, 2969, 4, 124);
INSERT INTO PlantedIn (flowerbedID, plantID, percentage, planterID) VALUES (169, 2673, 1, 12);
INSERT INTO PlantedIn (flowerbedID, plantID, percentage, planterID) VALUES (133, 3745, 1, 74);
INSERT INTO PlantedIn (flowerbedID, plantID, percentage, planterID) VALUES (45, 940, 1, 131);
INSERT INTO PlantedIn (flowerbedID, plantID, percentage, planterID) VALUES (118, 840, 3, 94);
INSERT INTO PlantedIn (flowerbedID, plantID, percentage, planterID) VALUES (289, 987, 3, 68);
INSERT INTO PlantedIn (flowerbedID, plantID, percentage, planterID) VALUES (17, 1516, 4, 54);
INSERT INTO PlantedIn (flowerbedID, plantID, percentage, planterID) VALUES (48, 118, 3, 124);
INSERT INTO PlantedIn (flowerbedID, plantID, percentage, planterID) VALUES (216, 3038, 2, 131);
INSERT INTO PlantedIn (flowerbedID, plantID, percentage, planterID) VALUES (262, 1512, 2, 75);
INSERT INTO PlantedIn (flowerbedID, plantID, percentage, planterID) VALUES (108, 3332, 3, 80);
INSERT INTO PlantedIn (flowerbedID, plantID, percentage, planterID) VALUES (32, 851, 2, 93);
INSERT INTO PlantedIn (flowerbedID, plantID, percentage, planterID) VALUES (131, 309, 2, 5);
INSERT INTO PlantedIn (flowerbedID, plantID, percentage, planterID) VALUES (242, 1090, 4, 26);
INSERT INTO PlantedIn (flowerbedID, plantID, percentage, planterID) VALUES (94, 3346, 1, 119);
INSERT INTO PlantedIn (flowerbedID, plantID, percentage, planterID) VALUES (195, 1736, 3, 53);
INSERT INTO PlantedIn (flowerbedID, plantID, percentage, planterID) VALUES (252, 2856, 1, 146);
INSERT INTO PlantedIn (flowerbedID, plantID, percentage, planterID) VALUES (180, 1194, 3, 122);
INSERT INTO PlantedIn (flowerbedID, plantID, percentage, planterID) VALUES (159, 955, 4, 35);
INSERT INTO PlantedIn (flowerbedID, plantID, percentage, planterID) VALUES (98, 876, 3, 64);
INSERT INTO PlantedIn (flowerbedID, plantID, percentage, planterID) VALUES (192, 1309, 2, 9);
INSERT INTO PlantedIn (flowerbedID, plantID, percentage, planterID) VALUES (186, 771, 4, 72);
INSERT INTO PlantedIn (flowerbedID, plantID, percentage, planterID) VALUES (167, 1048, 2, 42);
INSERT INTO PlantedIn (flowerbedID, plantID, percentage, planterID) VALUES (3, 346, 3, 103);
INSERT INTO PlantedIn (flowerbedID, plantID, percentage, planterID) VALUES (120, 1185, 4, 55);
INSERT INTO PlantedIn (flowerbedID, plantID, percentage, planterID) VALUES (166, 2009, 4, 154);
INSERT INTO PlantedIn (flowerbedID, plantID, percentage, planterID) VALUES (224, 1015, 2, 94);
INSERT INTO PlantedIn (flowerbedID, plantID, percentage, planterID) VALUES (180, 2287, 1, 145);
INSERT INTO PlantedIn (flowerbedID, plantID, percentage, planterID) VALUES (237, 990, 4, 27);
INSERT INTO PlantedIn (flowerbedID, plantID, percentage, planterID) VALUES (110, 471, 4, 99);
INSERT INTO PlantedIn (flowerbedID, plantID, percentage, planterID) VALUES (118, 3154, 2, 56);
INSERT INTO PlantedIn (flowerbedID, plantID, percentage, planterID) VALUES (271, 3549, 2, 3);
INSERT INTO PlantedIn (flowerbedID, plantID, percentage, planterID) VALUES (68, 1277, 4, 40);
INSERT INTO PlantedIn (flowerbedID, plantID, percentage, planterID) VALUES (255, 481, 3, 114);
INSERT INTO PlantedIn (flowerbedID, plantID, percentage, planterID) VALUES (237, 3178, 3, 37);
INSERT INTO PlantedIn (flowerbedID, plantID, percentage, planterID) VALUES (24, 1408, 2, 76);
INSERT INTO PlantedIn (flowerbedID, plantID, percentage, planterID) VALUES (146, 40, 4, 63);
INSERT INTO PlantedIn (flowerbedID, plantID, percentage, planterID) VALUES (248, 2650, 3, 49);
INSERT INTO PlantedIn (flowerbedID, plantID, percentage, planterID) VALUES (181, 1140, 4, 7);
INSERT INTO PlantedIn (flowerbedID, plantID, percentage, planterID) VALUES (187, 1029, 2, 105);
INSERT INTO PlantedIn (flowerbedID, plantID, percentage, planterID) VALUES (117, 1022, 4, 13);
INSERT INTO PlantedIn (flowerbedID, plantID, percentage, planterID) VALUES (139, 213, 2, 132);
INSERT INTO PlantedIn (flowerbedID, plantID, percentage, planterID) VALUES (263, 3768, 4, 144);
INSERT INTO PlantedIn (flowerbedID, plantID, percentage, planterID) VALUES (102, 1063, 4, 69);
INSERT INTO PlantedIn (flowerbedID, plantID, percentage, planterID) VALUES (86, 2954, 1, 121);
INSERT INTO PlantedIn (flowerbedID, plantID, percentage, planterID) VALUES (135, 3806, 1, 146);
INSERT INTO PlantedIn (flowerbedID, plantID, percentage, planterID) VALUES (84, 3396, 4, 152);
INSERT INTO PlantedIn (flowerbedID, plantID, percentage, planterID) VALUES (44, 1886, 3, 66);
INSERT INTO PlantedIn (flowerbedID, plantID, percentage, planterID) VALUES (225, 1742, 1, 54);
INSERT INTO PlantedIn (flowerbedID, plantID, percentage, planterID) VALUES (152, 301, 2, 81);
INSERT INTO PlantedIn (flowerbedID, plantID, percentage, planterID) VALUES (16, 1190, 2, 59);
INSERT INTO PlantedIn (flowerbedID, plantID, percentage, planterID) VALUES (175, 2850, 4, 38);
INSERT INTO PlantedIn (flowerbedID, plantID, percentage, planterID) VALUES (271, 3181, 1, 1);
INSERT INTO PlantedIn (flowerbedID, plantID, percentage, planterID) VALUES (210, 3425, 4, 16);
INSERT INTO PlantedIn (flowerbedID, plantID, percentage, planterID) VALUES (112, 1807, 1, 66);
INSERT INTO PlantedIn (flowerbedID, plantID, percentage, planterID) VALUES (275, 2682, 2, 59);
INSERT INTO PlantedIn (flowerbedID, plantID, percentage, planterID) VALUES (231, 3142, 4, 139);
INSERT INTO PlantedIn (flowerbedID, plantID, percentage, planterID) VALUES (37, 561, 3, 38);
INSERT INTO PlantedIn (flowerbedID, plantID, percentage, planterID) VALUES (264, 1666, 2, 99);
INSERT INTO PlantedIn (flowerbedID, plantID, percentage, planterID) VALUES (105, 2130, 2, 58);
INSERT INTO PlantedIn (flowerbedID, plantID, percentage, planterID) VALUES (112, 1312, 1, 76);
INSERT INTO PlantedIn (flowerbedID, plantID, percentage, planterID) VALUES (68, 2028, 3, 159);
INSERT INTO PlantedIn (flowerbedID, plantID, percentage, planterID) VALUES (297, 1169, 4, 125);
INSERT INTO PlantedIn (flowerbedID, plantID, percentage, planterID) VALUES (298, 260, 4, 58);
INSERT INTO PlantedIn (flowerbedID, plantID, percentage, planterID) VALUES (264, 542, 1, 102);
INSERT INTO PlantedIn (flowerbedID, plantID, percentage, planterID) VALUES (86, 3119, 1, 122);
INSERT INTO PlantedIn (flowerbedID, plantID, percentage, planterID) VALUES (72, 1064, 3, 95);
INSERT INTO PlantedIn (flowerbedID, plantID, percentage, planterID) VALUES (248, 3424, 1, 145);
INSERT INTO PlantedIn (flowerbedID, plantID, percentage, planterID) VALUES (68, 1075, 2, 48);
INSERT INTO PlantedIn (flowerbedID, plantID, percentage, planterID) VALUES (240, 759, 4, 9);
INSERT INTO PlantedIn (flowerbedID, plantID, percentage, planterID) VALUES (150, 2994, 2, 122);
INSERT INTO PlantedIn (flowerbedID, plantID, percentage, planterID) VALUES (252, 148, 3, 46);
INSERT INTO PlantedIn (flowerbedID, plantID, percentage, planterID) VALUES (54, 3304, 2, 125);
INSERT INTO PlantedIn (flowerbedID, plantID, percentage, planterID) VALUES (198, 1647, 4, 109);
INSERT INTO PlantedIn (flowerbedID, plantID, percentage, planterID) VALUES (210, 703, 3, 84);
INSERT INTO PlantedIn (flowerbedID, plantID, percentage, planterID) VALUES (21, 1269, 2, 126);
INSERT INTO PlantedIn (flowerbedID, plantID, percentage, planterID) VALUES (182, 11, 2, 128);
INSERT INTO PlantedIn (flowerbedID, plantID, percentage, planterID) VALUES (60, 3061, 3, 35);
INSERT INTO PlantedIn (flowerbedID, plantID, percentage, planterID) VALUES (170, 3510, 2, 34);
INSERT INTO PlantedIn (flowerbedID, plantID, percentage, planterID) VALUES (283, 1762, 1, 23);
INSERT INTO PlantedIn (flowerbedID, plantID, percentage, planterID) VALUES (93, 3294, 4, 102);
INSERT INTO PlantedIn (flowerbedID, plantID, percentage, planterID) VALUES (84, 847, 4, 150);
INSERT INTO PlantedIn (flowerbedID, plantID, percentage, planterID) VALUES (120, 1384, 2, 88);
INSERT INTO PlantedIn (flowerbedID, plantID, percentage, planterID) VALUES (206, 906, 2, 131);
INSERT INTO PlantedIn (flowerbedID, plantID, percentage, planterID) VALUES (71, 1945, 2, 121);
INSERT INTO PlantedIn (flowerbedID, plantID, percentage, planterID) VALUES (89, 3496, 4, 23);
INSERT INTO PlantedIn (flowerbedID, plantID, percentage, planterID) VALUES (120, 3414, 2, 16);
INSERT INTO PlantedIn (flowerbedID, plantID, percentage, planterID) VALUES (141, 249, 3, 92);
INSERT INTO PlantedIn (flowerbedID, plantID, percentage, planterID) VALUES (280, 1968, 2, 16);
INSERT INTO PlantedIn (flowerbedID, plantID, percentage, planterID) VALUES (96, 1051, 4, 84);
INSERT INTO PlantedIn (flowerbedID, plantID, percentage, planterID) VALUES (291, 3566, 4, 21);
INSERT INTO PlantedIn (flowerbedID, plantID, percentage, planterID) VALUES (17, 3783, 2, 119);
INSERT INTO PlantedIn (flowerbedID, plantID, percentage, planterID) VALUES (75, 1735, 3, 29);
INSERT INTO PlantedIn (flowerbedID, plantID, percentage, planterID) VALUES (100, 996, 4, 155);
INSERT INTO PlantedIn (flowerbedID, plantID, percentage, planterID) VALUES (97, 1658, 2, 85);
INSERT INTO PlantedIn (flowerbedID, plantID, percentage, planterID) VALUES (281, 2259, 4, 95);
INSERT INTO PlantedIn (flowerbedID, plantID, percentage, planterID) VALUES (43, 2049, 2, 35);
INSERT INTO PlantedIn (flowerbedID, plantID, percentage, planterID) VALUES (240, 2668, 4, 50);
INSERT INTO PlantedIn (flowerbedID, plantID, percentage, planterID) VALUES (184, 1557, 3, 113);
INSERT INTO PlantedIn (flowerbedID, plantID, percentage, planterID) VALUES (115, 1325, 3, 9);
INSERT INTO PlantedIn (flowerbedID, plantID, percentage, planterID) VALUES (237, 837, 1, 48);
INSERT INTO PlantedIn (flowerbedID, plantID, percentage, planterID) VALUES (142, 682, 4, 160);
INSERT INTO PlantedIn (flowerbedID, plantID, percentage, planterID) VALUES (181, 1625, 3, 10);
INSERT INTO PlantedIn (flowerbedID, plantID, percentage, planterID) VALUES (2, 2333, 1, 86);
INSERT INTO PlantedIn (flowerbedID, plantID, percentage, planterID) VALUES (40, 2706, 4, 106);
INSERT INTO PlantedIn (flowerbedID, plantID, percentage, planterID) VALUES (117, 3464, 1, 123);
INSERT INTO PlantedIn (flowerbedID, plantID, percentage, planterID) VALUES (90, 1403, 3, 116);
INSERT INTO PlantedIn (flowerbedID, plantID, percentage, planterID) VALUES (211, 2795, 2, 54);
INSERT INTO PlantedIn (flowerbedID, plantID, percentage, planterID) VALUES (281, 2268, 2, 107);
INSERT INTO PlantedIn (flowerbedID, plantID, percentage, planterID) VALUES (229, 2116, 2, 37);
INSERT INTO PlantedIn (flowerbedID, plantID, percentage, planterID) VALUES (290, 1015, 4, 157);
INSERT INTO PlantedIn (flowerbedID, plantID, percentage, planterID) VALUES (259, 1578, 4, 21);
INSERT INTO PlantedIn (flowerbedID, plantID, percentage, planterID) VALUES (188, 2493, 4, 87);
INSERT INTO PlantedIn (flowerbedID, plantID, percentage, planterID) VALUES (3, 666, 3, 105);
INSERT INTO PlantedIn (flowerbedID, plantID, percentage, planterID) VALUES (268, 3537, 4, 37);
INSERT INTO PlantedIn (flowerbedID, plantID, percentage, planterID) VALUES (151, 3211, 2, 43);
INSERT INTO PlantedIn (flowerbedID, plantID, percentage, planterID) VALUES (114, 1769, 2, 109);
INSERT INTO PlantedIn (flowerbedID, plantID, percentage, planterID) VALUES (216, 2107, 3, 55);
INSERT INTO PlantedIn (flowerbedID, plantID, percentage, planterID) VALUES (285, 1691, 1, 101);
INSERT INTO PlantedIn (flowerbedID, plantID, percentage, planterID) VALUES (51, 2009, 4, 97);
INSERT INTO PlantedIn (flowerbedID, plantID, percentage, planterID) VALUES (50, 233, 1, 124);
INSERT INTO PlantedIn (flowerbedID, plantID, percentage, planterID) VALUES (70, 1259, 1, 153);
INSERT INTO PlantedIn (flowerbedID, plantID, percentage, planterID) VALUES (277, 814, 2, 2);
INSERT INTO PlantedIn (flowerbedID, plantID, percentage, planterID) VALUES (200, 2477, 2, 112);
INSERT INTO PlantedIn (flowerbedID, plantID, percentage, planterID) VALUES (121, 2162, 3, 35);
INSERT INTO PlantedIn (flowerbedID, plantID, percentage, planterID) VALUES (24, 2936, 1, 64);
INSERT INTO PlantedIn (flowerbedID, plantID, percentage, planterID) VALUES (246, 337, 1, 72);
INSERT INTO PlantedIn (flowerbedID, plantID, percentage, planterID) VALUES (124, 1163, 3, 31);
INSERT INTO PlantedIn (flowerbedID, plantID, percentage, planterID) VALUES (119, 547, 2, 69);
INSERT INTO PlantedIn (flowerbedID, plantID, percentage, planterID) VALUES (106, 1559, 1, 108);
INSERT INTO PlantedIn (flowerbedID, plantID, percentage, planterID) VALUES (14, 1071, 1, 71);
INSERT INTO PlantedIn (flowerbedID, plantID, percentage, planterID) VALUES (74, 1476, 3, 64);
INSERT INTO PlantedIn (flowerbedID, plantID, percentage, planterID) VALUES (282, 2199, 1, 39);
INSERT INTO PlantedIn (flowerbedID, plantID, percentage, planterID) VALUES (99, 2275, 1, 46);
INSERT INTO PlantedIn (flowerbedID, plantID, percentage, planterID) VALUES (202, 2623, 1, 35);
INSERT INTO PlantedIn (flowerbedID, plantID, percentage, planterID) VALUES (293, 1464, 2, 128);
INSERT INTO PlantedIn (flowerbedID, plantID, percentage, planterID) VALUES (156, 532, 4, 121);
INSERT INTO PlantedIn (flowerbedID, plantID, percentage, planterID) VALUES (162, 1257, 3, 154);
INSERT INTO PlantedIn (flowerbedID, plantID, percentage, planterID) VALUES (181, 1158, 4, 141);
INSERT INTO PlantedIn (flowerbedID, plantID, percentage, planterID) VALUES (204, 711, 3, 86);
INSERT INTO PlantedIn (flowerbedID, plantID, percentage, planterID) VALUES (226, 2769, 1, 111);
INSERT INTO PlantedIn (flowerbedID, plantID, percentage, planterID) VALUES (92, 3499, 4, 40);
INSERT INTO PlantedIn (flowerbedID, plantID, percentage, planterID) VALUES (175, 1657, 3, 12);
INSERT INTO PlantedIn (flowerbedID, plantID, percentage, planterID) VALUES (242, 3131, 2, 162);
INSERT INTO PlantedIn (flowerbedID, plantID, percentage, planterID) VALUES (284, 2461, 2, 35);
INSERT INTO PlantedIn (flowerbedID, plantID, percentage, planterID) VALUES (288, 351, 3, 13);
INSERT INTO PlantedIn (flowerbedID, plantID, percentage, planterID) VALUES (117, 3433, 1, 71);
INSERT INTO PlantedIn (flowerbedID, plantID, percentage, planterID) VALUES (22, 3498, 4, 120);
INSERT INTO PlantedIn (flowerbedID, plantID, percentage, planterID) VALUES (186, 1298, 4, 156);
INSERT INTO PlantedIn (flowerbedID, plantID, percentage, planterID) VALUES (72, 521, 4, 156);
INSERT INTO PlantedIn (flowerbedID, plantID, percentage, planterID) VALUES (169, 3766, 2, 67);
INSERT INTO PlantedIn (flowerbedID, plantID, percentage, planterID) VALUES (235, 1261, 3, 121);
INSERT INTO PlantedIn (flowerbedID, plantID, percentage, planterID) VALUES (288, 3468, 4, 38);
INSERT INTO PlantedIn (flowerbedID, plantID, percentage, planterID) VALUES (296, 1132, 2, 85);
INSERT INTO PlantedIn (flowerbedID, plantID, percentage, planterID) VALUES (55, 3474, 2, 78);
INSERT INTO PlantedIn (flowerbedID, plantID, percentage, planterID) VALUES (241, 553, 2, 14);
INSERT INTO PlantedIn (flowerbedID, plantID, percentage, planterID) VALUES (144, 3802, 3, 61);
INSERT INTO PlantedIn (flowerbedID, plantID, percentage, planterID) VALUES (36, 993, 3, 94);
INSERT INTO PlantedIn (flowerbedID, plantID, percentage, planterID) VALUES (70, 3601, 1, 9);
INSERT INTO PlantedIn (flowerbedID, plantID, percentage, planterID) VALUES (78, 2899, 1, 129);
INSERT INTO PlantedIn (flowerbedID, plantID, percentage, planterID) VALUES (194, 3735, 3, 26);
INSERT INTO PlantedIn (flowerbedID, plantID, percentage, planterID) VALUES (78, 2451, 2, 3);
INSERT INTO PlantedIn (flowerbedID, plantID, percentage, planterID) VALUES (160, 1787, 2, 120);
INSERT INTO PlantedIn (flowerbedID, plantID, percentage, planterID) VALUES (181, 2977, 1, 132);
INSERT INTO PlantedIn (flowerbedID, plantID, percentage, planterID) VALUES (226, 436, 4, 139);
INSERT INTO PlantedIn (flowerbedID, plantID, percentage, planterID) VALUES (111, 1342, 3, 96);
INSERT INTO PlantedIn (flowerbedID, plantID, percentage, planterID) VALUES (84, 2340, 3, 106);
INSERT INTO PlantedIn (flowerbedID, plantID, percentage, planterID) VALUES (107, 1400, 1, 131);
INSERT INTO PlantedIn (flowerbedID, plantID, percentage, planterID) VALUES (99, 3487, 3, 110);
INSERT INTO PlantedIn (flowerbedID, plantID, percentage, planterID) VALUES (161, 2513, 1, 5);
INSERT INTO PlantedIn (flowerbedID, plantID, percentage, planterID) VALUES (34, 2781, 3, 70);
INSERT INTO PlantedIn (flowerbedID, plantID, percentage, planterID) VALUES (147, 649, 1, 138);
INSERT INTO PlantedIn (flowerbedID, plantID, percentage, planterID) VALUES (84, 2337, 3, 20);
INSERT INTO PlantedIn (flowerbedID, plantID, percentage, planterID) VALUES (285, 2583, 1, 44);
INSERT INTO PlantedIn (flowerbedID, plantID, percentage, planterID) VALUES (82, 3348, 3, 132);
INSERT INTO PlantedIn (flowerbedID, plantID, percentage, planterID) VALUES (69, 2022, 3, 109);
INSERT INTO PlantedIn (flowerbedID, plantID, percentage, planterID) VALUES (128, 1038, 4, 25);
INSERT INTO PlantedIn (flowerbedID, plantID, percentage, planterID) VALUES (275, 662, 1, 6);
INSERT INTO PlantedIn (flowerbedID, plantID, percentage, planterID) VALUES (267, 1687, 2, 129);
INSERT INTO PlantedIn (flowerbedID, plantID, percentage, planterID) VALUES (181, 2127, 4, 108);
INSERT INTO PlantedIn (flowerbedID, plantID, percentage, planterID) VALUES (47, 2854, 1, 92);
INSERT INTO PlantedIn (flowerbedID, plantID, percentage, planterID) VALUES (122, 3035, 3, 58);
INSERT INTO PlantedIn (flowerbedID, plantID, percentage, planterID) VALUES (195, 398, 4, 54);
INSERT INTO PlantedIn (flowerbedID, plantID, percentage, planterID) VALUES (188, 3635, 1, 76);
INSERT INTO PlantedIn (flowerbedID, plantID, percentage, planterID) VALUES (63, 2245, 1, 3);
INSERT INTO PlantedIn (flowerbedID, plantID, percentage, planterID) VALUES (225, 167, 3, 28);
INSERT INTO PlantedIn (flowerbedID, plantID, percentage, planterID) VALUES (144, 3506, 1, 4);
INSERT INTO PlantedIn (flowerbedID, plantID, percentage, planterID) VALUES (115, 1945, 4, 124);
INSERT INTO PlantedIn (flowerbedID, plantID, percentage, planterID) VALUES (87, 213, 4, 82);
INSERT INTO PlantedIn (flowerbedID, plantID, percentage, planterID) VALUES (48, 3016, 4, 141);
INSERT INTO PlantedIn (flowerbedID, plantID, percentage, planterID) VALUES (216, 990, 4, 144);
INSERT INTO PlantedIn (flowerbedID, plantID, percentage, planterID) VALUES (251, 3276, 3, 10);
INSERT INTO PlantedIn (flowerbedID, plantID, percentage, planterID) VALUES (267, 833, 2, 40);
INSERT INTO PlantedIn (flowerbedID, plantID, percentage, planterID) VALUES (37, 980, 3, 79);
INSERT INTO PlantedIn (flowerbedID, plantID, percentage, planterID) VALUES (277, 3519, 1, 13);
INSERT INTO PlantedIn (flowerbedID, plantID, percentage, planterID) VALUES (289, 2108, 1, 27);
INSERT INTO PlantedIn (flowerbedID, plantID, percentage, planterID) VALUES (98, 3760, 1, 157);
INSERT INTO PlantedIn (flowerbedID, plantID, percentage, planterID) VALUES (177, 127, 2, 113);
INSERT INTO PlantedIn (flowerbedID, plantID, percentage, planterID) VALUES (75, 3421, 2, 147);
INSERT INTO PlantedIn (flowerbedID, plantID, percentage, planterID) VALUES (218, 548, 3, 56);
INSERT INTO PlantedIn (flowerbedID, plantID, percentage, planterID) VALUES (16, 1529, 1, 150);
INSERT INTO PlantedIn (flowerbedID, plantID, percentage, planterID) VALUES (282, 77, 2, 25);
INSERT INTO PlantedIn (flowerbedID, plantID, percentage, planterID) VALUES (297, 185, 1, 54);
INSERT INTO PlantedIn (flowerbedID, plantID, percentage, planterID) VALUES (237, 1115, 2, 50);
INSERT INTO PlantedIn (flowerbedID, plantID, percentage, planterID) VALUES (96, 3636, 3, 148);
INSERT INTO PlantedIn (flowerbedID, plantID, percentage, planterID) VALUES (247, 2748, 4, 162);
INSERT INTO PlantedIn (flowerbedID, plantID, percentage, planterID) VALUES (5, 3436, 3, 1);
INSERT INTO PlantedIn (flowerbedID, plantID, percentage, planterID) VALUES (10, 1250, 1, 69);
INSERT INTO PlantedIn (flowerbedID, plantID, percentage, planterID) VALUES (215, 1016, 3, 18);
INSERT INTO PlantedIn (flowerbedID, plantID, percentage, planterID) VALUES (85, 932, 2, 160);
INSERT INTO PlantedIn (flowerbedID, plantID, percentage, planterID) VALUES (87, 922, 1, 86);
INSERT INTO PlantedIn (flowerbedID, plantID, percentage, planterID) VALUES (158, 3025, 4, 79);
INSERT INTO PlantedIn (flowerbedID, plantID, percentage, planterID) VALUES (217, 1232, 3, 72);
INSERT INTO PlantedIn (flowerbedID, plantID, percentage, planterID) VALUES (9, 1374, 1, 89);
INSERT INTO PlantedIn (flowerbedID, plantID, percentage, planterID) VALUES (74, 1993, 2, 136);
INSERT INTO PlantedIn (flowerbedID, plantID, percentage, planterID) VALUES (251, 715, 3, 62);
INSERT INTO PlantedIn (flowerbedID, plantID, percentage, planterID) VALUES (134, 1771, 3, 38);
INSERT INTO PlantedIn (flowerbedID, plantID, percentage, planterID) VALUES (210, 554, 4, 1);
INSERT INTO PlantedIn (flowerbedID, plantID, percentage, planterID) VALUES (115, 1938, 4, 12);
INSERT INTO PlantedIn (flowerbedID, plantID, percentage, planterID) VALUES (85, 2031, 1, 130);
INSERT INTO PlantedIn (flowerbedID, plantID, percentage, planterID) VALUES (253, 665, 4, 96);
INSERT INTO PlantedIn (flowerbedID, plantID, percentage, planterID) VALUES (158, 268, 4, 159);
INSERT INTO PlantedIn (flowerbedID, plantID, percentage, planterID) VALUES (175, 2735, 2, 8);
INSERT INTO PlantedIn (flowerbedID, plantID, percentage, planterID) VALUES (258, 768, 3, 13);
INSERT INTO PlantedIn (flowerbedID, plantID, percentage, planterID) VALUES (103, 294, 3, 95);
INSERT INTO PlantedIn (flowerbedID, plantID, percentage, planterID) VALUES (173, 2384, 4, 109);
INSERT INTO PlantedIn (flowerbedID, plantID, percentage, planterID) VALUES (43, 1495, 4, 150);
INSERT INTO PlantedIn (flowerbedID, plantID, percentage, planterID) VALUES (168, 1639, 1, 148);
INSERT INTO PlantedIn (flowerbedID, plantID, percentage, planterID) VALUES (148, 3011, 1, 148);
INSERT INTO PlantedIn (flowerbedID, plantID, percentage, planterID) VALUES (146, 3492, 2, 87);
INSERT INTO PlantedIn (flowerbedID, plantID, percentage, planterID) VALUES (93, 1866, 1, 124);
INSERT INTO PlantedIn (flowerbedID, plantID, percentage, planterID) VALUES (204, 3054, 1, 126);
INSERT INTO PlantedIn (flowerbedID, plantID, percentage, planterID) VALUES (259, 1089, 2, 129);
INSERT INTO PlantedIn (flowerbedID, plantID, percentage, planterID) VALUES (269, 1456, 1, 53);
INSERT INTO PlantedIn (flowerbedID, plantID, percentage, planterID) VALUES (229, 666, 2, 5);
INSERT INTO PlantedIn (flowerbedID, plantID, percentage, planterID) VALUES (179, 3428, 1, 71);
INSERT INTO PlantedIn (flowerbedID, plantID, percentage, planterID) VALUES (200, 1023, 1, 29);
INSERT INTO PlantedIn (flowerbedID, plantID, percentage, planterID) VALUES (51, 2583, 2, 92);
INSERT INTO PlantedIn (flowerbedID, plantID, percentage, planterID) VALUES (46, 968, 4, 112);
INSERT INTO PlantedIn (flowerbedID, plantID, percentage, planterID) VALUES (13, 1460, 4, 147);
INSERT INTO PlantedIn (flowerbedID, plantID, percentage, planterID) VALUES (198, 2319, 3, 61);
INSERT INTO PlantedIn (flowerbedID, plantID, percentage, planterID) VALUES (293, 2527, 3, 103);
INSERT INTO PlantedIn (flowerbedID, plantID, percentage, planterID) VALUES (247, 2416, 2, 11);
INSERT INTO PlantedIn (flowerbedID, plantID, percentage, planterID) VALUES (154, 1816, 1, 88);
INSERT INTO PlantedIn (flowerbedID, plantID, percentage, planterID) VALUES (220, 2621, 4, 57);
INSERT INTO PlantedIn (flowerbedID, plantID, percentage, planterID) VALUES (104, 3327, 2, 66);
INSERT INTO PlantedIn (flowerbedID, plantID, percentage, planterID) VALUES (34, 92, 1, 57);
INSERT INTO PlantedIn (flowerbedID, plantID, percentage, planterID) VALUES (121, 709, 1, 10);
INSERT INTO PlantedIn (flowerbedID, plantID, percentage, planterID) VALUES (235, 1575, 4, 107);
INSERT INTO PlantedIn (flowerbedID, plantID, percentage, planterID) VALUES (19, 838, 4, 86);
INSERT INTO PlantedIn (flowerbedID, plantID, percentage, planterID) VALUES (252, 2172, 2, 54);
INSERT INTO PlantedIn (flowerbedID, plantID, percentage, planterID) VALUES (10, 3170, 4, 92);
INSERT INTO PlantedIn (flowerbedID, plantID, percentage, planterID) VALUES (149, 3327, 4, 115);
INSERT INTO PlantedIn (flowerbedID, plantID, percentage, planterID) VALUES (216, 178, 4, 59);
INSERT INTO PlantedIn (flowerbedID, plantID, percentage, planterID) VALUES (256, 161, 3, 92);
INSERT INTO PlantedIn (flowerbedID, plantID, percentage, planterID) VALUES (135, 582, 3, 69);
INSERT INTO PlantedIn (flowerbedID, plantID, percentage, planterID) VALUES (110, 3464, 1, 69);
INSERT INTO PlantedIn (flowerbedID, plantID, percentage, planterID) VALUES (137, 2730, 2, 97);
INSERT INTO PlantedIn (flowerbedID, plantID, percentage, planterID) VALUES (158, 362, 1, 44);
INSERT INTO PlantedIn (flowerbedID, plantID, percentage, planterID) VALUES (286, 3568, 3, 150);
INSERT INTO PlantedIn (flowerbedID, plantID, percentage, planterID) VALUES (290, 810, 1, 88);
INSERT INTO PlantedIn (flowerbedID, plantID, percentage, planterID) VALUES (264, 1900, 3, 88);
INSERT INTO PlantedIn (flowerbedID, plantID, percentage, planterID) VALUES (160, 160, 4, 64);
INSERT INTO PlantedIn (flowerbedID, plantID, percentage, planterID) VALUES (58, 2959, 3, 85);
INSERT INTO PlantedIn (flowerbedID, plantID, percentage, planterID) VALUES (198, 3438, 1, 133);
INSERT INTO PlantedIn (flowerbedID, plantID, percentage, planterID) VALUES (179, 1276, 1, 105);
INSERT INTO PlantedIn (flowerbedID, plantID, percentage, planterID) VALUES (127, 3340, 2, 26);
INSERT INTO PlantedIn (flowerbedID, plantID, percentage, planterID) VALUES (236, 55, 4, 10);
INSERT INTO PlantedIn (flowerbedID, plantID, percentage, planterID) VALUES (67, 2167, 1, 137);
INSERT INTO PlantedIn (flowerbedID, plantID, percentage, planterID) VALUES (16, 1173, 3, 144);
INSERT INTO PlantedIn (flowerbedID, plantID, percentage, planterID) VALUES (104, 795, 3, 98);
INSERT INTO PlantedIn (flowerbedID, plantID, percentage, planterID) VALUES (291, 229, 3, 17);
INSERT INTO PlantedIn (flowerbedID, plantID, percentage, planterID) VALUES (284, 3335, 3, 130);
INSERT INTO PlantedIn (flowerbedID, plantID, percentage, planterID) VALUES (58, 1396, 3, 115);
INSERT INTO PlantedIn (flowerbedID, plantID, percentage, planterID) VALUES (247, 181, 1, 133);
INSERT INTO PlantedIn (flowerbedID, plantID, percentage, planterID) VALUES (182, 2170, 3, 27);
INSERT INTO PlantedIn (flowerbedID, plantID, percentage, planterID) VALUES (259, 3819, 1, 43);
INSERT INTO PlantedIn (flowerbedID, plantID, percentage, planterID) VALUES (58, 3136, 1, 129);
INSERT INTO PlantedIn (flowerbedID, plantID, percentage, planterID) VALUES (261, 3249, 4, 138);
INSERT INTO PlantedIn (flowerbedID, plantID, percentage, planterID) VALUES (211, 2125, 4, 63);
INSERT INTO PlantedIn (flowerbedID, plantID, percentage, planterID) VALUES (273, 110, 1, 89);
INSERT INTO PlantedIn (flowerbedID, plantID, percentage, planterID) VALUES (251, 1957, 3, 26);
INSERT INTO PlantedIn (flowerbedID, plantID, percentage, planterID) VALUES (166, 3539, 1, 123);
INSERT INTO PlantedIn (flowerbedID, plantID, percentage, planterID) VALUES (143, 3344, 2, 142);
INSERT INTO PlantedIn (flowerbedID, plantID, percentage, planterID) VALUES (256, 248, 1, 95);
INSERT INTO PlantedIn (flowerbedID, plantID, percentage, planterID) VALUES (262, 1145, 3, 37);
INSERT INTO PlantedIn (flowerbedID, plantID, percentage, planterID) VALUES (41, 36, 4, 98);
INSERT INTO PlantedIn (flowerbedID, plantID, percentage, planterID) VALUES (168, 3587, 2, 127);
INSERT INTO PlantedIn (flowerbedID, plantID, percentage, planterID) VALUES (286, 960, 4, 105);
INSERT INTO PlantedIn (flowerbedID, plantID, percentage, planterID) VALUES (226, 2915, 2, 80);
INSERT INTO PlantedIn (flowerbedID, plantID, percentage, planterID) VALUES (201, 671, 1, 81);
INSERT INTO PlantedIn (flowerbedID, plantID, percentage, planterID) VALUES (12, 1112, 4, 84);
INSERT INTO PlantedIn (flowerbedID, plantID, percentage, planterID) VALUES (106, 148, 1, 162);
INSERT INTO PlantedIn (flowerbedID, plantID, percentage, planterID) VALUES (48, 2081, 3, 54);
INSERT INTO PlantedIn (flowerbedID, plantID, percentage, planterID) VALUES (89, 3069, 1, 38);
INSERT INTO PlantedIn (flowerbedID, plantID, percentage, planterID) VALUES (164, 2622, 1, 62);
INSERT INTO PlantedIn (flowerbedID, plantID, percentage, planterID) VALUES (255, 3188, 4, 63);
INSERT INTO PlantedIn (flowerbedID, plantID, percentage, planterID) VALUES (34, 3291, 2, 135);
INSERT INTO PlantedIn (flowerbedID, plantID, percentage, planterID) VALUES (267, 2786, 1, 119);
INSERT INTO PlantedIn (flowerbedID, plantID, percentage, planterID) VALUES (261, 2570, 1, 120);
INSERT INTO PlantedIn (flowerbedID, plantID, percentage, planterID) VALUES (61, 23, 3, 129);
INSERT INTO PlantedIn (flowerbedID, plantID, percentage, planterID) VALUES (93, 1534, 4, 48);
INSERT INTO PlantedIn (flowerbedID, plantID, percentage, planterID) VALUES (226, 1914, 3, 145);
INSERT INTO PlantedIn (flowerbedID, plantID, percentage, planterID) VALUES (257, 2824, 3, 119);
INSERT INTO PlantedIn (flowerbedID, plantID, percentage, planterID) VALUES (154, 597, 1, 104);
INSERT INTO PlantedIn (flowerbedID, plantID, percentage, planterID) VALUES (253, 3185, 3, 18);
INSERT INTO PlantedIn (flowerbedID, plantID, percentage, planterID) VALUES (156, 519, 3, 123);
INSERT INTO PlantedIn (flowerbedID, plantID, percentage, planterID) VALUES (264, 1480, 4, 100);
INSERT INTO PlantedIn (flowerbedID, plantID, percentage, planterID) VALUES (142, 3574, 4, 95);
INSERT INTO PlantedIn (flowerbedID, plantID, percentage, planterID) VALUES (97, 3193, 1, 134);
INSERT INTO PlantedIn (flowerbedID, plantID, percentage, planterID) VALUES (97, 2373, 1, 113);
INSERT INTO PlantedIn (flowerbedID, plantID, percentage, planterID) VALUES (103, 1326, 4, 154);
INSERT INTO PlantedIn (flowerbedID, plantID, percentage, planterID) VALUES (149, 1895, 2, 16);
INSERT INTO PlantedIn (flowerbedID, plantID, percentage, planterID) VALUES (94, 752, 4, 147);
INSERT INTO PlantedIn (flowerbedID, plantID, percentage, planterID) VALUES (99, 2191, 1, 62);
INSERT INTO PlantedIn (flowerbedID, plantID, percentage, planterID) VALUES (284, 3614, 2, 5);
INSERT INTO PlantedIn (flowerbedID, plantID, percentage, planterID) VALUES (257, 2231, 1, 37);
INSERT INTO PlantedIn (flowerbedID, plantID, percentage, planterID) VALUES (121, 3800, 3, 44);
INSERT INTO PlantedIn (flowerbedID, plantID, percentage, planterID) VALUES (179, 3509, 4, 156);
INSERT INTO PlantedIn (flowerbedID, plantID, percentage, planterID) VALUES (76, 3070, 3, 138);
INSERT INTO PlantedIn (flowerbedID, plantID, percentage, planterID) VALUES (86, 3435, 3, 16);
INSERT INTO PlantedIn (flowerbedID, plantID, percentage, planterID) VALUES (153, 3051, 2, 108);
INSERT INTO PlantedIn (flowerbedID, plantID, percentage, planterID) VALUES (217, 2517, 3, 153);
INSERT INTO PlantedIn (flowerbedID, plantID, percentage, planterID) VALUES (69, 368, 3, 132);
INSERT INTO PlantedIn (flowerbedID, plantID, percentage, planterID) VALUES (24, 74, 3, 62);
INSERT INTO PlantedIn (flowerbedID, plantID, percentage, planterID) VALUES (278, 1003, 1, 106);
INSERT INTO PlantedIn (flowerbedID, plantID, percentage, planterID) VALUES (17, 1601, 2, 160);
INSERT INTO PlantedIn (flowerbedID, plantID, percentage, planterID) VALUES (91, 67, 2, 162);
INSERT INTO PlantedIn (flowerbedID, plantID, percentage, planterID) VALUES (288, 1424, 2, 138);
INSERT INTO PlantedIn (flowerbedID, plantID, percentage, planterID) VALUES (48, 1621, 4, 161);
INSERT INTO PlantedIn (flowerbedID, plantID, percentage, planterID) VALUES (22, 3167, 2, 81);
INSERT INTO PlantedIn (flowerbedID, plantID, percentage, planterID) VALUES (274, 887, 4, 160);
INSERT INTO PlantedIn (flowerbedID, plantID, percentage, planterID) VALUES (75, 1102, 1, 115);
INSERT INTO PlantedIn (flowerbedID, plantID, percentage, planterID) VALUES (163, 1096, 3, 61);
INSERT INTO PlantedIn (flowerbedID, plantID, percentage, planterID) VALUES (209, 1080, 1, 161);
INSERT INTO PlantedIn (flowerbedID, plantID, percentage, planterID) VALUES (89, 3373, 2, 67);
INSERT INTO PlantedIn (flowerbedID, plantID, percentage, planterID) VALUES (73, 708, 2, 126);
INSERT INTO PlantedIn (flowerbedID, plantID, percentage, planterID) VALUES (181, 2570, 3, 49);
INSERT INTO PlantedIn (flowerbedID, plantID, percentage, planterID) VALUES (292, 3485, 1, 68);
INSERT INTO PlantedIn (flowerbedID, plantID, percentage, planterID) VALUES (56, 227, 3, 69);
INSERT INTO PlantedIn (flowerbedID, plantID, percentage, planterID) VALUES (103, 2907, 1, 57);
INSERT INTO PlantedIn (flowerbedID, plantID, percentage, planterID) VALUES (10, 1024, 2, 7);
INSERT INTO PlantedIn (flowerbedID, plantID, percentage, planterID) VALUES (42, 1644, 2, 101);
INSERT INTO PlantedIn (flowerbedID, plantID, percentage, planterID) VALUES (182, 1224, 1, 134);
INSERT INTO PlantedIn (flowerbedID, plantID, percentage, planterID) VALUES (294, 221, 2, 152);
INSERT INTO PlantedIn (flowerbedID, plantID, percentage, planterID) VALUES (241, 3306, 4, 149);
INSERT INTO PlantedIn (flowerbedID, plantID, percentage, planterID) VALUES (227, 987, 4, 1);
INSERT INTO PlantedIn (flowerbedID, plantID, percentage, planterID) VALUES (94, 1546, 3, 116);
INSERT INTO PlantedIn (flowerbedID, plantID, percentage, planterID) VALUES (46, 11, 1, 120);
INSERT INTO PlantedIn (flowerbedID, plantID, percentage, planterID) VALUES (80, 2839, 2, 88);
INSERT INTO PlantedIn (flowerbedID, plantID, percentage, planterID) VALUES (48, 373, 4, 135);
INSERT INTO PlantedIn (flowerbedID, plantID, percentage, planterID) VALUES (185, 3333, 2, 148);
INSERT INTO PlantedIn (flowerbedID, plantID, percentage, planterID) VALUES (215, 2798, 2, 34);
INSERT INTO PlantedIn (flowerbedID, plantID, percentage, planterID) VALUES (293, 766, 2, 72);
INSERT INTO PlantedIn (flowerbedID, plantID, percentage, planterID) VALUES (29, 2487, 2, 161);
INSERT INTO PlantedIn (flowerbedID, plantID, percentage, planterID) VALUES (113, 1715, 3, 132);
INSERT INTO PlantedIn (flowerbedID, plantID, percentage, planterID) VALUES (162, 2122, 4, 53);
INSERT INTO PlantedIn (flowerbedID, plantID, percentage, planterID) VALUES (44, 801, 4, 25);
INSERT INTO PlantedIn (flowerbedID, plantID, percentage, planterID) VALUES (279, 1317, 4, 59);
INSERT INTO PlantedIn (flowerbedID, plantID, percentage, planterID) VALUES (162, 2918, 1, 35);
INSERT INTO PlantedIn (flowerbedID, plantID, percentage, planterID) VALUES (253, 586, 4, 153);
INSERT INTO PlantedIn (flowerbedID, plantID, percentage, planterID) VALUES (238, 3166, 1, 52);
INSERT INTO PlantedIn (flowerbedID, plantID, percentage, planterID) VALUES (79, 259, 4, 123);
INSERT INTO PlantedIn (flowerbedID, plantID, percentage, planterID) VALUES (185, 62, 3, 130);
INSERT INTO PlantedIn (flowerbedID, plantID, percentage, planterID) VALUES (90, 397, 2, 78);
INSERT INTO PlantedIn (flowerbedID, plantID, percentage, planterID) VALUES (93, 2291, 1, 54);
INSERT INTO PlantedIn (flowerbedID, plantID, percentage, planterID) VALUES (280, 2506, 2, 26);
INSERT INTO PlantedIn (flowerbedID, plantID, percentage, planterID) VALUES (121, 1367, 1, 105);
INSERT INTO PlantedIn (flowerbedID, plantID, percentage, planterID) VALUES (94, 1891, 3, 82);
INSERT INTO PlantedIn (flowerbedID, plantID, percentage, planterID) VALUES (167, 708, 1, 66);
INSERT INTO PlantedIn (flowerbedID, plantID, percentage, planterID) VALUES (60, 518, 2, 155);
INSERT INTO PlantedIn (flowerbedID, plantID, percentage, planterID) VALUES (281, 991, 4, 136);
INSERT INTO PlantedIn (flowerbedID, plantID, percentage, planterID) VALUES (271, 3623, 2, 59);
INSERT INTO PlantedIn (flowerbedID, plantID, percentage, planterID) VALUES (87, 3676, 4, 96);
INSERT INTO PlantedIn (flowerbedID, plantID, percentage, planterID) VALUES (134, 2877, 4, 17);
INSERT INTO PlantedIn (flowerbedID, plantID, percentage, planterID) VALUES (70, 2199, 4, 58);
INSERT INTO PlantedIn (flowerbedID, plantID, percentage, planterID) VALUES (254, 3313, 1, 78);
INSERT INTO PlantedIn (flowerbedID, plantID, percentage, planterID) VALUES (61, 1532, 1, 109);
INSERT INTO PlantedIn (flowerbedID, plantID, percentage, planterID) VALUES (196, 1608, 3, 2);
INSERT INTO PlantedIn (flowerbedID, plantID, percentage, planterID) VALUES (106, 1363, 3, 149);
INSERT INTO PlantedIn (flowerbedID, plantID, percentage, planterID) VALUES (91, 1624, 3, 76);
INSERT INTO PlantedIn (flowerbedID, plantID, percentage, planterID) VALUES (50, 2073, 2, 88);
INSERT INTO PlantedIn (flowerbedID, plantID, percentage, planterID) VALUES (167, 572, 2, 140);
INSERT INTO PlantedIn (flowerbedID, plantID, percentage, planterID) VALUES (2, 1000, 1, 84);
INSERT INTO PlantedIn (flowerbedID, plantID, percentage, planterID) VALUES (196, 446, 2, 60);
INSERT INTO PlantedIn (flowerbedID, plantID, percentage, planterID) VALUES (159, 1375, 4, 149);
INSERT INTO PlantedIn (flowerbedID, plantID, percentage, planterID) VALUES (212, 2815, 1, 91);
INSERT INTO PlantedIn (flowerbedID, plantID, percentage, planterID) VALUES (45, 3743, 2, 131);
INSERT INTO PlantedIn (flowerbedID, plantID, percentage, planterID) VALUES (151, 1034, 3, 123);
INSERT INTO PlantedIn (flowerbedID, plantID, percentage, planterID) VALUES (14, 1063, 1, 12);
INSERT INTO PlantedIn (flowerbedID, plantID, percentage, planterID) VALUES (160, 2140, 1, 44);
INSERT INTO PlantedIn (flowerbedID, plantID, percentage, planterID) VALUES (200, 2325, 1, 86);
INSERT INTO PlantedIn (flowerbedID, plantID, percentage, planterID) VALUES (287, 1388, 3, 15);
INSERT INTO PlantedIn (flowerbedID, plantID, percentage, planterID) VALUES (27, 2367, 1, 117);
INSERT INTO PlantedIn (flowerbedID, plantID, percentage, planterID) VALUES (174, 1685, 1, 95);
INSERT INTO PlantedIn (flowerbedID, plantID, percentage, planterID) VALUES (211, 997, 4, 120);
INSERT INTO PlantedIn (flowerbedID, plantID, percentage, planterID) VALUES (47, 623, 1, 83);
INSERT INTO PlantedIn (flowerbedID, plantID, percentage, planterID) VALUES (131, 2109, 4, 43);
INSERT INTO PlantedIn (flowerbedID, plantID, percentage, planterID) VALUES (30, 1946, 4, 28);
INSERT INTO PlantedIn (flowerbedID, plantID, percentage, planterID) VALUES (4, 202, 1, 125);
INSERT INTO PlantedIn (flowerbedID, plantID, percentage, planterID) VALUES (199, 1556, 1, 58);
INSERT INTO PlantedIn (flowerbedID, plantID, percentage, planterID) VALUES (8, 1370, 1, 51);
INSERT INTO PlantedIn (flowerbedID, plantID, percentage, planterID) VALUES (249, 1904, 2, 107);
INSERT INTO PlantedIn (flowerbedID, plantID, percentage, planterID) VALUES (222, 2283, 1, 83);
INSERT INTO PlantedIn (flowerbedID, plantID, percentage, planterID) VALUES (224, 948, 2, 60);
INSERT INTO PlantedIn (flowerbedID, plantID, percentage, planterID) VALUES (64, 1586, 2, 71);
INSERT INTO PlantedIn (flowerbedID, plantID, percentage, planterID) VALUES (41, 1972, 3, 160);
INSERT INTO PlantedIn (flowerbedID, plantID, percentage, planterID) VALUES (253, 678, 3, 65);
INSERT INTO PlantedIn (flowerbedID, plantID, percentage, planterID) VALUES (152, 3552, 3, 149);
INSERT INTO PlantedIn (flowerbedID, plantID, percentage, planterID) VALUES (82, 616, 1, 123);
INSERT INTO PlantedIn (flowerbedID, plantID, percentage, planterID) VALUES (195, 1299, 2, 84);
INSERT INTO PlantedIn (flowerbedID, plantID, percentage, planterID) VALUES (278, 3712, 3, 110);
INSERT INTO PlantedIn (flowerbedID, plantID, percentage, planterID) VALUES (62, 3805, 2, 13);
INSERT INTO PlantedIn (flowerbedID, plantID, percentage, planterID) VALUES (118, 1878, 3, 118);
INSERT INTO PlantedIn (flowerbedID, plantID, percentage, planterID) VALUES (298, 2376, 4, 13);
INSERT INTO PlantedIn (flowerbedID, plantID, percentage, planterID) VALUES (237, 1731, 2, 98);
INSERT INTO PlantedIn (flowerbedID, plantID, percentage, planterID) VALUES (110, 1668, 3, 142);
INSERT INTO PlantedIn (flowerbedID, plantID, percentage, planterID) VALUES (177, 2085, 1, 129);
INSERT INTO PlantedIn (flowerbedID, plantID, percentage, planterID) VALUES (262, 881, 4, 110);
INSERT INTO PlantedIn (flowerbedID, plantID, percentage, planterID) VALUES (57, 1047, 2, 82);
INSERT INTO PlantedIn (flowerbedID, plantID, percentage, planterID) VALUES (77, 2128, 3, 140);
INSERT INTO PlantedIn (flowerbedID, plantID, percentage, planterID) VALUES (11, 1921, 1, 32);
INSERT INTO PlantedIn (flowerbedID, plantID, percentage, planterID) VALUES (34, 972, 4, 151);
INSERT INTO PlantedIn (flowerbedID, plantID, percentage, planterID) VALUES (209, 1695, 1, 34);
INSERT INTO PlantedIn (flowerbedID, plantID, percentage, planterID) VALUES (261, 82, 2, 122);
INSERT INTO PlantedIn (flowerbedID, plantID, percentage, planterID) VALUES (168, 1740, 2, 122);
INSERT INTO PlantedIn (flowerbedID, plantID, percentage, planterID) VALUES (203, 1309, 4, 41);
INSERT INTO PlantedIn (flowerbedID, plantID, percentage, planterID) VALUES (183, 2759, 4, 45);
INSERT INTO PlantedIn (flowerbedID, plantID, percentage, planterID) VALUES (79, 278, 2, 89);
INSERT INTO PlantedIn (flowerbedID, plantID, percentage, planterID) VALUES (171, 2688, 3, 58);
INSERT INTO PlantedIn (flowerbedID, plantID, percentage, planterID) VALUES (284, 793, 3, 101);
INSERT INTO PlantedIn (flowerbedID, plantID, percentage, planterID) VALUES (193, 3009, 3, 123);
INSERT INTO PlantedIn (flowerbedID, plantID, percentage, planterID) VALUES (260, 2620, 3, 137);
INSERT INTO PlantedIn (flowerbedID, plantID, percentage, planterID) VALUES (5, 128, 3, 71);
INSERT INTO PlantedIn (flowerbedID, plantID, percentage, planterID) VALUES (224, 2589, 1, 85);
INSERT INTO PlantedIn (flowerbedID, plantID, percentage, planterID) VALUES (222, 18, 2, 54);
INSERT INTO PlantedIn (flowerbedID, plantID, percentage, planterID) VALUES (254, 2213, 2, 51);
INSERT INTO PlantedIn (flowerbedID, plantID, percentage, planterID) VALUES (105, 15, 1, 1);
INSERT INTO PlantedIn (flowerbedID, plantID, percentage, planterID) VALUES (126, 3786, 2, 88);
INSERT INTO PlantedIn (flowerbedID, plantID, percentage, planterID) VALUES (197, 1179, 3, 143);
INSERT INTO PlantedIn (flowerbedID, plantID, percentage, planterID) VALUES (102, 930, 1, 52);
INSERT INTO PlantedIn (flowerbedID, plantID, percentage, planterID) VALUES (273, 3050, 3, 17);
INSERT INTO PlantedIn (flowerbedID, plantID, percentage, planterID) VALUES (15, 3682, 4, 25);
INSERT INTO PlantedIn (flowerbedID, plantID, percentage, planterID) VALUES (157, 1674, 4, 68);
INSERT INTO PlantedIn (flowerbedID, plantID, percentage, planterID) VALUES (131, 1531, 4, 5);
INSERT INTO PlantedIn (flowerbedID, plantID, percentage, planterID) VALUES (113, 2070, 1, 25);
INSERT INTO PlantedIn (flowerbedID, plantID, percentage, planterID) VALUES (252, 3762, 1, 122);
INSERT INTO PlantedIn (flowerbedID, plantID, percentage, planterID) VALUES (64, 17, 1, 46);
INSERT INTO PlantedIn (flowerbedID, plantID, percentage, planterID) VALUES (238, 1383, 3, 134);
INSERT INTO PlantedIn (flowerbedID, plantID, percentage, planterID) VALUES (229, 2851, 4, 14);
INSERT INTO PlantedIn (flowerbedID, plantID, percentage, planterID) VALUES (207, 854, 1, 123);
INSERT INTO PlantedIn (flowerbedID, plantID, percentage, planterID) VALUES (196, 398, 1, 16);
INSERT INTO PlantedIn (flowerbedID, plantID, percentage, planterID) VALUES (195, 348, 2, 156);
INSERT INTO PlantedIn (flowerbedID, plantID, percentage, planterID) VALUES (19, 2365, 2, 116);
INSERT INTO PlantedIn (flowerbedID, plantID, percentage, planterID) VALUES (185, 3608, 2, 69);
INSERT INTO PlantedIn (flowerbedID, plantID, percentage, planterID) VALUES (274, 297, 3, 150);
INSERT INTO PlantedIn (flowerbedID, plantID, percentage, planterID) VALUES (89, 2246, 4, 141);
INSERT INTO PlantedIn (flowerbedID, plantID, percentage, planterID) VALUES (205, 3518, 1, 8);
INSERT INTO PlantedIn (flowerbedID, plantID, percentage, planterID) VALUES (9, 3823, 3, 10);
INSERT INTO PlantedIn (flowerbedID, plantID, percentage, planterID) VALUES (24, 3720, 1, 30);
INSERT INTO PlantedIn (flowerbedID, plantID, percentage, planterID) VALUES (172, 3255, 1, 73);
INSERT INTO PlantedIn (flowerbedID, plantID, percentage, planterID) VALUES (232, 3171, 1, 104);
INSERT INTO PlantedIn (flowerbedID, plantID, percentage, planterID) VALUES (299, 2303, 4, 21);
INSERT INTO PlantedIn (flowerbedID, plantID, percentage, planterID) VALUES (202, 3828, 4, 89);
INSERT INTO PlantedIn (flowerbedID, plantID, percentage, planterID) VALUES (171, 1294, 2, 159);
INSERT INTO PlantedIn (flowerbedID, plantID, percentage, planterID) VALUES (74, 3722, 2, 76);
INSERT INTO PlantedIn (flowerbedID, plantID, percentage, planterID) VALUES (137, 470, 1, 30);
INSERT INTO PlantedIn (flowerbedID, plantID, percentage, planterID) VALUES (289, 2291, 3, 38);
INSERT INTO PlantedIn (flowerbedID, plantID, percentage, planterID) VALUES (124, 3167, 2, 139);
INSERT INTO PlantedIn (flowerbedID, plantID, percentage, planterID) VALUES (125, 3583, 1, 56);
INSERT INTO PlantedIn (flowerbedID, plantID, percentage, planterID) VALUES (275, 3232, 2, 10);
INSERT INTO PlantedIn (flowerbedID, plantID, percentage, planterID) VALUES (52, 3781, 2, 128);
INSERT INTO PlantedIn (flowerbedID, plantID, percentage, planterID) VALUES (282, 696, 4, 119);
INSERT INTO PlantedIn (flowerbedID, plantID, percentage, planterID) VALUES (202, 2464, 1, 159);
INSERT INTO PlantedIn (flowerbedID, plantID, percentage, planterID) VALUES (227, 375, 3, 28);
INSERT INTO PlantedIn (flowerbedID, plantID, percentage, planterID) VALUES (207, 1461, 1, 80);
INSERT INTO PlantedIn (flowerbedID, plantID, percentage, planterID) VALUES (59, 1033, 3, 89);
INSERT INTO PlantedIn (flowerbedID, plantID, percentage, planterID) VALUES (59, 3219, 1, 121);
INSERT INTO PlantedIn (flowerbedID, plantID, percentage, planterID) VALUES (200, 2923, 4, 104);
INSERT INTO PlantedIn (flowerbedID, plantID, percentage, planterID) VALUES (220, 1324, 3, 44);
INSERT INTO PlantedIn (flowerbedID, plantID, percentage, planterID) VALUES (157, 3641, 1, 98);
INSERT INTO PlantedIn (flowerbedID, plantID, percentage, planterID) VALUES (174, 1901, 2, 56);
INSERT INTO PlantedIn (flowerbedID, plantID, percentage, planterID) VALUES (176, 1864, 2, 11);
INSERT INTO PlantedIn (flowerbedID, plantID, percentage, planterID) VALUES (258, 2021, 1, 66);
INSERT INTO PlantedIn (flowerbedID, plantID, percentage, planterID) VALUES (237, 3448, 4, 116);
INSERT INTO PlantedIn (flowerbedID, plantID, percentage, planterID) VALUES (217, 1425, 2, 17);
INSERT INTO PlantedIn (flowerbedID, plantID, percentage, planterID) VALUES (38, 2684, 4, 41);
INSERT INTO PlantedIn (flowerbedID, plantID, percentage, planterID) VALUES (11, 1886, 3, 92);
INSERT INTO PlantedIn (flowerbedID, plantID, percentage, planterID) VALUES (129, 395, 1, 130);
INSERT INTO PlantedIn (flowerbedID, plantID, percentage, planterID) VALUES (178, 303, 1, 60);
INSERT INTO PlantedIn (flowerbedID, plantID, percentage, planterID) VALUES (168, 1582, 2, 80);
INSERT INTO PlantedIn (flowerbedID, plantID, percentage, planterID) VALUES (279, 3248, 3, 83);
INSERT INTO PlantedIn (flowerbedID, plantID, percentage, planterID) VALUES (219, 570, 2, 122);
INSERT INTO PlantedIn (flowerbedID, plantID, percentage, planterID) VALUES (155, 3094, 3, 147);
INSERT INTO PlantedIn (flowerbedID, plantID, percentage, planterID) VALUES (148, 324, 3, 86);
INSERT INTO PlantedIn (flowerbedID, plantID, percentage, planterID) VALUES (171, 131, 1, 16);
INSERT INTO PlantedIn (flowerbedID, plantID, percentage, planterID) VALUES (41, 3265, 3, 2);
INSERT INTO PlantedIn (flowerbedID, plantID, percentage, planterID) VALUES (276, 1388, 2, 157);
INSERT INTO PlantedIn (flowerbedID, plantID, percentage, planterID) VALUES (230, 1438, 3, 156);
INSERT INTO PlantedIn (flowerbedID, plantID, percentage, planterID) VALUES (64, 1476, 4, 73);
INSERT INTO PlantedIn (flowerbedID, plantID, percentage, planterID) VALUES (159, 492, 1, 70);
INSERT INTO PlantedIn (flowerbedID, plantID, percentage, planterID) VALUES (278, 975, 2, 119);
INSERT INTO PlantedIn (flowerbedID, plantID, percentage, planterID) VALUES (66, 171, 2, 157);
INSERT INTO PlantedIn (flowerbedID, plantID, percentage, planterID) VALUES (266, 3555, 4, 15);
INSERT INTO PlantedIn (flowerbedID, plantID, percentage, planterID) VALUES (84, 3854, 1, 51);
INSERT INTO PlantedIn (flowerbedID, plantID, percentage, planterID) VALUES (111, 768, 3, 129);
INSERT INTO PlantedIn (flowerbedID, plantID, percentage, planterID) VALUES (174, 651, 1, 91);
INSERT INTO PlantedIn (flowerbedID, plantID, percentage, planterID) VALUES (89, 3583, 1, 27);
INSERT INTO PlantedIn (flowerbedID, plantID, percentage, planterID) VALUES (54, 3252, 3, 111);
INSERT INTO PlantedIn (flowerbedID, plantID, percentage, planterID) VALUES (9, 2315, 1, 73);
INSERT INTO PlantedIn (flowerbedID, plantID, percentage, planterID) VALUES (75, 2660, 3, 60);
INSERT INTO PlantedIn (flowerbedID, plantID, percentage, planterID) VALUES (205, 2468, 1, 100);
INSERT INTO PlantedIn (flowerbedID, plantID, percentage, planterID) VALUES (48, 2038, 1, 136);
INSERT INTO PlantedIn (flowerbedID, plantID, percentage, planterID) VALUES (204, 38, 3, 46);
INSERT INTO PlantedIn (flowerbedID, plantID, percentage, planterID) VALUES (196, 3018, 2, 95);
INSERT INTO PlantedIn (flowerbedID, plantID, percentage, planterID) VALUES (61, 3085, 3, 155);
INSERT INTO PlantedIn (flowerbedID, plantID, percentage, planterID) VALUES (120, 1658, 1, 135);
INSERT INTO PlantedIn (flowerbedID, plantID, percentage, planterID) VALUES (231, 1212, 2, 134);
INSERT INTO PlantedIn (flowerbedID, plantID, percentage, planterID) VALUES (266, 3201, 1, 43);
INSERT INTO PlantedIn (flowerbedID, plantID, percentage, planterID) VALUES (139, 2572, 3, 122);
INSERT INTO PlantedIn (flowerbedID, plantID, percentage, planterID) VALUES (58, 1897, 4, 123);
INSERT INTO PlantedIn (flowerbedID, plantID, percentage, planterID) VALUES (150, 3776, 1, 69);
INSERT INTO PlantedIn (flowerbedID, plantID, percentage, planterID) VALUES (227, 3668, 4, 71);
INSERT INTO PlantedIn (flowerbedID, plantID, percentage, planterID) VALUES (224, 1185, 1, 85);
INSERT INTO PlantedIn (flowerbedID, plantID, percentage, planterID) VALUES (220, 1076, 3, 41);
INSERT INTO PlantedIn (flowerbedID, plantID, percentage, planterID) VALUES (177, 44, 2, 159);
INSERT INTO PlantedIn (flowerbedID, plantID, percentage, planterID) VALUES (119, 3580, 4, 5);
INSERT INTO PlantedIn (flowerbedID, plantID, percentage, planterID) VALUES (191, 3476, 3, 67);
INSERT INTO PlantedIn (flowerbedID, plantID, percentage, planterID) VALUES (89, 2104, 1, 64);
INSERT INTO PlantedIn (flowerbedID, plantID, percentage, planterID) VALUES (114, 1945, 2, 120);
INSERT INTO PlantedIn (flowerbedID, plantID, percentage, planterID) VALUES (127, 685, 3, 40);
INSERT INTO PlantedIn (flowerbedID, plantID, percentage, planterID) VALUES (261, 2053, 2, 73);
INSERT INTO PlantedIn (flowerbedID, plantID, percentage, planterID) VALUES (137, 1720, 1, 27);
INSERT INTO PlantedIn (flowerbedID, plantID, percentage, planterID) VALUES (103, 2108, 3, 122);
INSERT INTO PlantedIn (flowerbedID, plantID, percentage, planterID) VALUES (27, 308, 1, 153);
INSERT INTO PlantedIn (flowerbedID, plantID, percentage, planterID) VALUES (124, 3407, 1, 53);
INSERT INTO PlantedIn (flowerbedID, plantID, percentage, planterID) VALUES (7, 1152, 2, 59);
INSERT INTO PlantedIn (flowerbedID, plantID, percentage, planterID) VALUES (240, 149, 1, 136);
INSERT INTO PlantedIn (flowerbedID, plantID, percentage, planterID) VALUES (65, 73, 1, 140);
INSERT INTO PlantedIn (flowerbedID, plantID, percentage, planterID) VALUES (165, 895, 1, 62);
INSERT INTO PlantedIn (flowerbedID, plantID, percentage, planterID) VALUES (203, 1976, 1, 18);
INSERT INTO PlantedIn (flowerbedID, plantID, percentage, planterID) VALUES (17, 3128, 1, 114);
INSERT INTO PlantedIn (flowerbedID, plantID, percentage, planterID) VALUES (130, 1898, 2, 93);
INSERT INTO PlantedIn (flowerbedID, plantID, percentage, planterID) VALUES (236, 3405, 3, 148);
INSERT INTO PlantedIn (flowerbedID, plantID, percentage, planterID) VALUES (275, 2495, 1, 140);
INSERT INTO PlantedIn (flowerbedID, plantID, percentage, planterID) VALUES (199, 2409, 1, 39);
INSERT INTO PlantedIn (flowerbedID, plantID, percentage, planterID) VALUES (256, 2227, 3, 39);
INSERT INTO PlantedIn (flowerbedID, plantID, percentage, planterID) VALUES (27, 1246, 1, 95);
INSERT INTO PlantedIn (flowerbedID, plantID, percentage, planterID) VALUES (40, 828, 1, 50);
INSERT INTO PlantedIn (flowerbedID, plantID, percentage, planterID) VALUES (229, 1847, 1, 56);
INSERT INTO PlantedIn (flowerbedID, plantID, percentage, planterID) VALUES (290, 3320, 4, 112);
INSERT INTO PlantedIn (flowerbedID, plantID, percentage, planterID) VALUES (222, 1957, 3, 60);
INSERT INTO PlantedIn (flowerbedID, plantID, percentage, planterID) VALUES (46, 617, 4, 137);
INSERT INTO PlantedIn (flowerbedID, plantID, percentage, planterID) VALUES (235, 60, 3, 6);
INSERT INTO PlantedIn (flowerbedID, plantID, percentage, planterID) VALUES (216, 3180, 4, 122);
INSERT INTO PlantedIn (flowerbedID, plantID, percentage, planterID) VALUES (34, 2800, 3, 121);
INSERT INTO PlantedIn (flowerbedID, plantID, percentage, planterID) VALUES (14, 3458, 4, 97);
INSERT INTO PlantedIn (flowerbedID, plantID, percentage, planterID) VALUES (164, 1222, 1, 111);
INSERT INTO PlantedIn (flowerbedID, plantID, percentage, planterID) VALUES (199, 1168, 4, 35);
INSERT INTO PlantedIn (flowerbedID, plantID, percentage, planterID) VALUES (29, 73, 1, 105);
INSERT INTO PlantedIn (flowerbedID, plantID, percentage, planterID) VALUES (15, 938, 2, 121);
INSERT INTO PlantedIn (flowerbedID, plantID, percentage, planterID) VALUES (123, 1477, 1, 151);
INSERT INTO PlantedIn (flowerbedID, plantID, percentage, planterID) VALUES (62, 2229, 2, 12);
INSERT INTO PlantedIn (flowerbedID, plantID, percentage, planterID) VALUES (90, 2949, 2, 156);
INSERT INTO PlantedIn (flowerbedID, plantID, percentage, planterID) VALUES (197, 1799, 1, 43);
INSERT INTO PlantedIn (flowerbedID, plantID, percentage, planterID) VALUES (234, 3447, 2, 44);
INSERT INTO PlantedIn (flowerbedID, plantID, percentage, planterID) VALUES (58, 1769, 2, 47);
INSERT INTO PlantedIn (flowerbedID, plantID, percentage, planterID) VALUES (143, 3375, 3, 69);
INSERT INTO PlantedIn (flowerbedID, plantID, percentage, planterID) VALUES (35, 403, 3, 142);
INSERT INTO PlantedIn (flowerbedID, plantID, percentage, planterID) VALUES (146, 2690, 3, 114);
INSERT INTO PlantedIn (flowerbedID, plantID, percentage, planterID) VALUES (82, 2791, 3, 2);
INSERT INTO PlantedIn (flowerbedID, plantID, percentage, planterID) VALUES (146, 3537, 1, 158);
INSERT INTO PlantedIn (flowerbedID, plantID, percentage, planterID) VALUES (114, 648, 1, 60);
INSERT INTO PlantedIn (flowerbedID, plantID, percentage, planterID) VALUES (18, 2320, 2, 105);
INSERT INTO PlantedIn (flowerbedID, plantID, percentage, planterID) VALUES (18, 3380, 3, 94);
INSERT INTO PlantedIn (flowerbedID, plantID, percentage, planterID) VALUES (224, 3648, 4, 11);
INSERT INTO PlantedIn (flowerbedID, plantID, percentage, planterID) VALUES (15, 3410, 3, 68);
INSERT INTO PlantedIn (flowerbedID, plantID, percentage, planterID) VALUES (173, 183, 4, 39);
INSERT INTO PlantedIn (flowerbedID, plantID, percentage, planterID) VALUES (231, 905, 2, 73);
INSERT INTO PlantedIn (flowerbedID, plantID, percentage, planterID) VALUES (45, 1323, 3, 69);
INSERT INTO PlantedIn (flowerbedID, plantID, percentage, planterID) VALUES (153, 2870, 3, 119);
INSERT INTO PlantedIn (flowerbedID, plantID, percentage, planterID) VALUES (103, 1151, 2, 142);
INSERT INTO PlantedIn (flowerbedID, plantID, percentage, planterID) VALUES (52, 1410, 4, 161);
INSERT INTO PlantedIn (flowerbedID, plantID, percentage, planterID) VALUES (93, 3836, 2, 135);
INSERT INTO PlantedIn (flowerbedID, plantID, percentage, planterID) VALUES (262, 666, 2, 154);
INSERT INTO PlantedIn (flowerbedID, plantID, percentage, planterID) VALUES (66, 451, 4, 53);
INSERT INTO PlantedIn (flowerbedID, plantID, percentage, planterID) VALUES (105, 2810, 2, 42);
INSERT INTO PlantedIn (flowerbedID, plantID, percentage, planterID) VALUES (21, 2474, 3, 5);
INSERT INTO PlantedIn (flowerbedID, plantID, percentage, planterID) VALUES (115, 2782, 3, 26);
INSERT INTO PlantedIn (flowerbedID, plantID, percentage, planterID) VALUES (6, 3748, 1, 22);
INSERT INTO PlantedIn (flowerbedID, plantID, percentage, planterID) VALUES (100, 229, 3, 19);
INSERT INTO PlantedIn (flowerbedID, plantID, percentage, planterID) VALUES (19, 3442, 2, 66);
INSERT INTO PlantedIn (flowerbedID, plantID, percentage, planterID) VALUES (3, 2636, 2, 47);
INSERT INTO PlantedIn (flowerbedID, plantID, percentage, planterID) VALUES (123, 1989, 2, 148);
INSERT INTO PlantedIn (flowerbedID, plantID, percentage, planterID) VALUES (47, 3424, 3, 10);
INSERT INTO PlantedIn (flowerbedID, plantID, percentage, planterID) VALUES (182, 790, 3, 46);
INSERT INTO PlantedIn (flowerbedID, plantID, percentage, planterID) VALUES (52, 1496, 3, 140);
INSERT INTO PlantedIn (flowerbedID, plantID, percentage, planterID) VALUES (134, 3558, 2, 26);
INSERT INTO PlantedIn (flowerbedID, plantID, percentage, planterID) VALUES (243, 581, 4, 73);
INSERT INTO PlantedIn (flowerbedID, plantID, percentage, planterID) VALUES (240, 607, 2, 9);
INSERT INTO PlantedIn (flowerbedID, plantID, percentage, planterID) VALUES (129, 1566, 4, 154);
INSERT INTO PlantedIn (flowerbedID, plantID, percentage, planterID) VALUES (79, 1435, 1, 17);
INSERT INTO PlantedIn (flowerbedID, plantID, percentage, planterID) VALUES (128, 2450, 3, 130);
INSERT INTO PlantedIn (flowerbedID, plantID, percentage, planterID) VALUES (268, 1454, 2, 139);
INSERT INTO PlantedIn (flowerbedID, plantID, percentage, planterID) VALUES (57, 1214, 1, 126);
INSERT INTO PlantedIn (flowerbedID, plantID, percentage, planterID) VALUES (140, 876, 3, 159);
INSERT INTO PlantedIn (flowerbedID, plantID, percentage, planterID) VALUES (195, 3072, 2, 113);
INSERT INTO PlantedIn (flowerbedID, plantID, percentage, planterID) VALUES (285, 2717, 2, 162);
INSERT INTO PlantedIn (flowerbedID, plantID, percentage, planterID) VALUES (61, 1623, 3, 90);
INSERT INTO PlantedIn (flowerbedID, plantID, percentage, planterID) VALUES (17, 1049, 4, 46);
INSERT INTO PlantedIn (flowerbedID, plantID, percentage, planterID) VALUES (194, 263, 4, 40);
INSERT INTO PlantedIn (flowerbedID, plantID, percentage, planterID) VALUES (57, 3342, 4, 80);
INSERT INTO PlantedIn (flowerbedID, plantID, percentage, planterID) VALUES (198, 454, 3, 51);
INSERT INTO PlantedIn (flowerbedID, plantID, percentage, planterID) VALUES (18, 1213, 2, 52);
INSERT INTO PlantedIn (flowerbedID, plantID, percentage, planterID) VALUES (220, 3155, 4, 154);
INSERT INTO PlantedIn (flowerbedID, plantID, percentage, planterID) VALUES (27, 589, 3, 127);
INSERT INTO PlantedIn (flowerbedID, plantID, percentage, planterID) VALUES (66, 3743, 3, 99);
INSERT INTO PlantedIn (flowerbedID, plantID, percentage, planterID) VALUES (278, 1991, 1, 78);
INSERT INTO PlantedIn (flowerbedID, plantID, percentage, planterID) VALUES (9, 950, 4, 112);
INSERT INTO PlantedIn (flowerbedID, plantID, percentage, planterID) VALUES (142, 2478, 3, 134);
INSERT INTO PlantedIn (flowerbedID, plantID, percentage, planterID) VALUES (286, 290, 3, 137);
INSERT INTO PlantedIn (flowerbedID, plantID, percentage, planterID) VALUES (267, 2643, 4, 82);
INSERT INTO PlantedIn (flowerbedID, plantID, percentage, planterID) VALUES (250, 817, 1, 123);
INSERT INTO PlantedIn (flowerbedID, plantID, percentage, planterID) VALUES (54, 1098, 1, 114);
INSERT INTO PlantedIn (flowerbedID, plantID, percentage, planterID) VALUES (239, 414, 1, 39);
INSERT INTO PlantedIn (flowerbedID, plantID, percentage, planterID) VALUES (6, 701, 1, 38);
INSERT INTO PlantedIn (flowerbedID, plantID, percentage, planterID) VALUES (128, 3354, 4, 154);
INSERT INTO PlantedIn (flowerbedID, plantID, percentage, planterID) VALUES (223, 876, 3, 27);
INSERT INTO PlantedIn (flowerbedID, plantID, percentage, planterID) VALUES (273, 2421, 3, 106);
INSERT INTO PlantedIn (flowerbedID, plantID, percentage, planterID) VALUES (138, 489, 3, 71);
INSERT INTO PlantedIn (flowerbedID, plantID, percentage, planterID) VALUES (106, 2281, 3, 101);
INSERT INTO PlantedIn (flowerbedID, plantID, percentage, planterID) VALUES (157, 3331, 1, 32);
INSERT INTO PlantedIn (flowerbedID, plantID, percentage, planterID) VALUES (89, 2503, 3, 162);
INSERT INTO PlantedIn (flowerbedID, plantID, percentage, planterID) VALUES (239, 2235, 2, 75);
INSERT INTO PlantedIn (flowerbedID, plantID, percentage, planterID) VALUES (58, 688, 3, 46);
INSERT INTO PlantedIn (flowerbedID, plantID, percentage, planterID) VALUES (293, 1082, 2, 24);
INSERT INTO PlantedIn (flowerbedID, plantID, percentage, planterID) VALUES (122, 2107, 4, 2);
INSERT INTO PlantedIn (flowerbedID, plantID, percentage, planterID) VALUES (41, 2288, 4, 51);
INSERT INTO PlantedIn (flowerbedID, plantID, percentage, planterID) VALUES (67, 981, 3, 107);
INSERT INTO PlantedIn (flowerbedID, plantID, percentage, planterID) VALUES (135, 3422, 1, 161);
INSERT INTO PlantedIn (flowerbedID, plantID, percentage, planterID) VALUES (139, 1407, 3, 116);
INSERT INTO PlantedIn (flowerbedID, plantID, percentage, planterID) VALUES (162, 3618, 3, 31);
INSERT INTO PlantedIn (flowerbedID, plantID, percentage, planterID) VALUES (257, 3743, 4, 66);
INSERT INTO PlantedIn (flowerbedID, plantID, percentage, planterID) VALUES (168, 2606, 4, 161);
INSERT INTO PlantedIn (flowerbedID, plantID, percentage, planterID) VALUES (278, 2137, 1, 92);
INSERT INTO PlantedIn (flowerbedID, plantID, percentage, planterID) VALUES (107, 1832, 4, 79);
INSERT INTO PlantedIn (flowerbedID, plantID, percentage, planterID) VALUES (108, 1492, 4, 10);
INSERT INTO PlantedIn (flowerbedID, plantID, percentage, planterID) VALUES (225, 2808, 2, 83);
INSERT INTO PlantedIn (flowerbedID, plantID, percentage, planterID) VALUES (199, 2542, 4, 140);
INSERT INTO PlantedIn (flowerbedID, plantID, percentage, planterID) VALUES (290, 2993, 4, 87);
INSERT INTO PlantedIn (flowerbedID, plantID, percentage, planterID) VALUES (223, 3409, 2, 141);
INSERT INTO PlantedIn (flowerbedID, plantID, percentage, planterID) VALUES (167, 2912, 2, 15);
INSERT INTO PlantedIn (flowerbedID, plantID, percentage, planterID) VALUES (92, 2380, 3, 91);
INSERT INTO PlantedIn (flowerbedID, plantID, percentage, planterID) VALUES (27, 3792, 2, 81);
INSERT INTO PlantedIn (flowerbedID, plantID, percentage, planterID) VALUES (110, 2004, 1, 47);
INSERT INTO PlantedIn (flowerbedID, plantID, percentage, planterID) VALUES (74, 2900, 4, 71);
INSERT INTO PlantedIn (flowerbedID, plantID, percentage, planterID) VALUES (122, 853, 2, 136);
INSERT INTO PlantedIn (flowerbedID, plantID, percentage, planterID) VALUES (298, 1105, 3, 36);
INSERT INTO PlantedIn (flowerbedID, plantID, percentage, planterID) VALUES (51, 90, 3, 7);
INSERT INTO PlantedIn (flowerbedID, plantID, percentage, planterID) VALUES (233, 484, 1, 36);
INSERT INTO PlantedIn (flowerbedID, plantID, percentage, planterID) VALUES (222, 2839, 4, 128);
INSERT INTO PlantedIn (flowerbedID, plantID, percentage, planterID) VALUES (214, 809, 1, 48);
INSERT INTO PlantedIn (flowerbedID, plantID, percentage, planterID) VALUES (218, 2125, 4, 35);
INSERT INTO PlantedIn (flowerbedID, plantID, percentage, planterID) VALUES (90, 2343, 3, 152);
INSERT INTO PlantedIn (flowerbedID, plantID, percentage, planterID) VALUES (248, 2568, 4, 15);
INSERT INTO PlantedIn (flowerbedID, plantID, percentage, planterID) VALUES (285, 1120, 1, 97);
INSERT INTO PlantedIn (flowerbedID, plantID, percentage, planterID) VALUES (94, 2314, 1, 145);
INSERT INTO PlantedIn (flowerbedID, plantID, percentage, planterID) VALUES (217, 188, 2, 30);
INSERT INTO PlantedIn (flowerbedID, plantID, percentage, planterID) VALUES (235, 3540, 2, 51);
INSERT INTO PlantedIn (flowerbedID, plantID, percentage, planterID) VALUES (38, 2216, 4, 100);
INSERT INTO PlantedIn (flowerbedID, plantID, percentage, planterID) VALUES (37, 3011, 2, 142);
INSERT INTO PlantedIn (flowerbedID, plantID, percentage, planterID) VALUES (116, 2720, 1, 23);
INSERT INTO PlantedIn (flowerbedID, plantID, percentage, planterID) VALUES (110, 835, 2, 6);
INSERT INTO PlantedIn (flowerbedID, plantID, percentage, planterID) VALUES (152, 2287, 4, 75);
INSERT INTO PlantedIn (flowerbedID, plantID, percentage, planterID) VALUES (57, 1070, 4, 157);
INSERT INTO PlantedIn (flowerbedID, plantID, percentage, planterID) VALUES (98, 309, 1, 66);
INSERT INTO PlantedIn (flowerbedID, plantID, percentage, planterID) VALUES (298, 2602, 1, 105);
INSERT INTO PlantedIn (flowerbedID, plantID, percentage, planterID) VALUES (289, 3082, 2, 137);
INSERT INTO PlantedIn (flowerbedID, plantID, percentage, planterID) VALUES (150, 3565, 4, 97);
INSERT INTO PlantedIn (flowerbedID, plantID, percentage, planterID) VALUES (56, 2406, 2, 80);
INSERT INTO PlantedIn (flowerbedID, plantID, percentage, planterID) VALUES (269, 1431, 1, 51);
INSERT INTO PlantedIn (flowerbedID, plantID, percentage, planterID) VALUES (135, 2588, 2, 58);
INSERT INTO PlantedIn (flowerbedID, plantID, percentage, planterID) VALUES (103, 3634, 3, 98);
INSERT INTO PlantedIn (flowerbedID, plantID, percentage, planterID) VALUES (101, 2898, 4, 77);
INSERT INTO PlantedIn (flowerbedID, plantID, percentage, planterID) VALUES (201, 31, 4, 122);
INSERT INTO PlantedIn (flowerbedID, plantID, percentage, planterID) VALUES (181, 3449, 4, 79);
INSERT INTO PlantedIn (flowerbedID, plantID, percentage, planterID) VALUES (154, 3540, 2, 29);
INSERT INTO PlantedIn (flowerbedID, plantID, percentage, planterID) VALUES (86, 1774, 3, 110);
INSERT INTO PlantedIn (flowerbedID, plantID, percentage, planterID) VALUES (39, 3754, 2, 32);
INSERT INTO PlantedIn (flowerbedID, plantID, percentage, planterID) VALUES (273, 2890, 1, 11);
INSERT INTO PlantedIn (flowerbedID, plantID, percentage, planterID) VALUES (86, 68, 3, 23);
INSERT INTO PlantedIn (flowerbedID, plantID, percentage, planterID) VALUES (230, 2234, 2, 80);
INSERT INTO PlantedIn (flowerbedID, plantID, percentage, planterID) VALUES (176, 638, 1, 43);
INSERT INTO PlantedIn (flowerbedID, plantID, percentage, planterID) VALUES (182, 2410, 3, 111);
INSERT INTO PlantedIn (flowerbedID, plantID, percentage, planterID) VALUES (178, 3176, 3, 36);
INSERT INTO PlantedIn (flowerbedID, plantID, percentage, planterID) VALUES (171, 1026, 4, 94);
INSERT INTO PlantedIn (flowerbedID, plantID, percentage, planterID) VALUES (85, 2619, 1, 83);
INSERT INTO PlantedIn (flowerbedID, plantID, percentage, planterID) VALUES (77, 3625, 4, 85);
INSERT INTO PlantedIn (flowerbedID, plantID, percentage, planterID) VALUES (31, 2850, 1, 6);
INSERT INTO PlantedIn (flowerbedID, plantID, percentage, planterID) VALUES (132, 39, 1, 126);
INSERT INTO PlantedIn (flowerbedID, plantID, percentage, planterID) VALUES (102, 2326, 4, 86);
INSERT INTO PlantedIn (flowerbedID, plantID, percentage, planterID) VALUES (127, 2724, 4, 76);
INSERT INTO PlantedIn (flowerbedID, plantID, percentage, planterID) VALUES (290, 3811, 2, 146);
INSERT INTO PlantedIn (flowerbedID, plantID, percentage, planterID) VALUES (199, 1263, 4, 52);
INSERT INTO PlantedIn (flowerbedID, plantID, percentage, planterID) VALUES (80, 3056, 2, 131);
INSERT INTO PlantedIn (flowerbedID, plantID, percentage, planterID) VALUES (158, 3051, 4, 91);
INSERT INTO PlantedIn (flowerbedID, plantID, percentage, planterID) VALUES (239, 1000, 4, 5);
INSERT INTO PlantedIn (flowerbedID, plantID, percentage, planterID) VALUES (292, 3814, 2, 124);
INSERT INTO PlantedIn (flowerbedID, plantID, percentage, planterID) VALUES (176, 850, 1, 44);
INSERT INTO PlantedIn (flowerbedID, plantID, percentage, planterID) VALUES (277, 2676, 4, 1);
INSERT INTO PlantedIn (flowerbedID, plantID, percentage, planterID) VALUES (203, 3295, 2, 26);
INSERT INTO PlantedIn (flowerbedID, plantID, percentage, planterID) VALUES (54, 1735, 2, 45);
INSERT INTO PlantedIn (flowerbedID, plantID, percentage, planterID) VALUES (72, 75, 4, 140);
INSERT INTO PlantedIn (flowerbedID, plantID, percentage, planterID) VALUES (242, 1304, 3, 127);
INSERT INTO PlantedIn (flowerbedID, plantID, percentage, planterID) VALUES (179, 2933, 3, 98);
INSERT INTO PlantedIn (flowerbedID, plantID, percentage, planterID) VALUES (223, 1102, 2, 153);
INSERT INTO PlantedIn (flowerbedID, plantID, percentage, planterID) VALUES (151, 535, 2, 60);
INSERT INTO PlantedIn (flowerbedID, plantID, percentage, planterID) VALUES (249, 1352, 3, 56);
INSERT INTO PlantedIn (flowerbedID, plantID, percentage, planterID) VALUES (61, 1818, 2, 147);
INSERT INTO PlantedIn (flowerbedID, plantID, percentage, planterID) VALUES (275, 427, 1, 142);
INSERT INTO PlantedIn (flowerbedID, plantID, percentage, planterID) VALUES (39, 2454, 4, 160);
INSERT INTO PlantedIn (flowerbedID, plantID, percentage, planterID) VALUES (291, 2549, 3, 94);
INSERT INTO PlantedIn (flowerbedID, plantID, percentage, planterID) VALUES (126, 425, 1, 24);
INSERT INTO PlantedIn (flowerbedID, plantID, percentage, planterID) VALUES (119, 103, 4, 86);
INSERT INTO PlantedIn (flowerbedID, plantID, percentage, planterID) VALUES (50, 3258, 4, 57);
INSERT INTO PlantedIn (flowerbedID, plantID, percentage, planterID) VALUES (58, 2521, 2, 87);
INSERT INTO PlantedIn (flowerbedID, plantID, percentage, planterID) VALUES (37, 1372, 1, 134);
INSERT INTO PlantedIn (flowerbedID, plantID, percentage, planterID) VALUES (140, 2321, 3, 35);
INSERT INTO PlantedIn (flowerbedID, plantID, percentage, planterID) VALUES (71, 484, 1, 92);
INSERT INTO PlantedIn (flowerbedID, plantID, percentage, planterID) VALUES (235, 304, 1, 134);
INSERT INTO PlantedIn (flowerbedID, plantID, percentage, planterID) VALUES (57, 3534, 3, 63);
INSERT INTO PlantedIn (flowerbedID, plantID, percentage, planterID) VALUES (282, 3339, 1, 84);
INSERT INTO PlantedIn (flowerbedID, plantID, percentage, planterID) VALUES (212, 3138, 4, 18);
INSERT INTO PlantedIn (flowerbedID, plantID, percentage, planterID) VALUES (139, 2341, 3, 51);
INSERT INTO PlantedIn (flowerbedID, plantID, percentage, planterID) VALUES (288, 271, 2, 108);
INSERT INTO PlantedIn (flowerbedID, plantID, percentage, planterID) VALUES (201, 3200, 4, 4);
INSERT INTO PlantedIn (flowerbedID, plantID, percentage, planterID) VALUES (285, 2139, 3, 20);
INSERT INTO PlantedIn (flowerbedID, plantID, percentage, planterID) VALUES (189, 3430, 4, 162);
INSERT INTO PlantedIn (flowerbedID, plantID, percentage, planterID) VALUES (240, 1184, 3, 70);
INSERT INTO PlantedIn (flowerbedID, plantID, percentage, planterID) VALUES (51, 3426, 4, 146);
INSERT INTO PlantedIn (flowerbedID, plantID, percentage, planterID) VALUES (166, 271, 3, 129);
INSERT INTO PlantedIn (flowerbedID, plantID, percentage, planterID) VALUES (42, 1454, 4, 162);
INSERT INTO PlantedIn (flowerbedID, plantID, percentage, planterID) VALUES (61, 3716, 1, 124);
INSERT INTO PlantedIn (flowerbedID, plantID, percentage, planterID) VALUES (154, 3200, 1, 154);
INSERT INTO PlantedIn (flowerbedID, plantID, percentage, planterID) VALUES (42, 1429, 2, 45);
INSERT INTO PlantedIn (flowerbedID, plantID, percentage, planterID) VALUES (17, 3721, 3, 20);
INSERT INTO PlantedIn (flowerbedID, plantID, percentage, planterID) VALUES (10, 3341, 1, 22);
INSERT INTO PlantedIn (flowerbedID, plantID, percentage, planterID) VALUES (9, 2699, 3, 104);
INSERT INTO PlantedIn (flowerbedID, plantID, percentage, planterID) VALUES (158, 1914, 1, 119);
INSERT INTO PlantedIn (flowerbedID, plantID, percentage, planterID) VALUES (99, 2528, 2, 131);
INSERT INTO PlantedIn (flowerbedID, plantID, percentage, planterID) VALUES (8, 64, 2, 135);
INSERT INTO PlantedIn (flowerbedID, plantID, percentage, planterID) VALUES (37, 3735, 1, 41);
INSERT INTO PlantedIn (flowerbedID, plantID, percentage, planterID) VALUES (278, 1351, 4, 136);
INSERT INTO PlantedIn (flowerbedID, plantID, percentage, planterID) VALUES (64, 3532, 2, 23);
INSERT INTO PlantedIn (flowerbedID, plantID, percentage, planterID) VALUES (293, 450, 1, 155);
INSERT INTO PlantedIn (flowerbedID, plantID, percentage, planterID) VALUES (244, 1931, 2, 95);
INSERT INTO PlantedIn (flowerbedID, plantID, percentage, planterID) VALUES (298, 912, 2, 101);
INSERT INTO PlantedIn (flowerbedID, plantID, percentage, planterID) VALUES (267, 1312, 4, 137);
INSERT INTO PlantedIn (flowerbedID, plantID, percentage, planterID) VALUES (107, 2213, 2, 34);
INSERT INTO PlantedIn (flowerbedID, plantID, percentage, planterID) VALUES (162, 1649, 2, 114);
INSERT INTO PlantedIn (flowerbedID, plantID, percentage, planterID) VALUES (233, 1722, 4, 74);
INSERT INTO PlantedIn (flowerbedID, plantID, percentage, planterID) VALUES (108, 2173, 2, 77);
INSERT INTO PlantedIn (flowerbedID, plantID, percentage, planterID) VALUES (203, 1324, 2, 60);
INSERT INTO PlantedIn (flowerbedID, plantID, percentage, planterID) VALUES (252, 3454, 4, 144);
INSERT INTO PlantedIn (flowerbedID, plantID, percentage, planterID) VALUES (39, 1604, 1, 28);
INSERT INTO PlantedIn (flowerbedID, plantID, percentage, planterID) VALUES (226, 3686, 1, 161);
INSERT INTO PlantedIn (flowerbedID, plantID, percentage, planterID) VALUES (158, 488, 1, 102);
INSERT INTO PlantedIn (flowerbedID, plantID, percentage, planterID) VALUES (166, 950, 2, 92);
INSERT INTO PlantedIn (flowerbedID, plantID, percentage, planterID) VALUES (207, 3711, 1, 55);
INSERT INTO PlantedIn (flowerbedID, plantID, percentage, planterID) VALUES (157, 2948, 1, 67);
INSERT INTO PlantedIn (flowerbedID, plantID, percentage, planterID) VALUES (32, 2838, 4, 120);
INSERT INTO PlantedIn (flowerbedID, plantID, percentage, planterID) VALUES (188, 2038, 4, 135);
INSERT INTO PlantedIn (flowerbedID, plantID, percentage, planterID) VALUES (282, 3651, 3, 134);
INSERT INTO PlantedIn (flowerbedID, plantID, percentage, planterID) VALUES (269, 2743, 2, 139);
INSERT INTO PlantedIn (flowerbedID, plantID, percentage, planterID) VALUES (250, 1525, 2, 84);
INSERT INTO PlantedIn (flowerbedID, plantID, percentage, planterID) VALUES (192, 76, 2, 124);
INSERT INTO PlantedIn (flowerbedID, plantID, percentage, planterID) VALUES (293, 138, 3, 66);
INSERT INTO PlantedIn (flowerbedID, plantID, percentage, planterID) VALUES (239, 2977, 4, 121);
INSERT INTO PlantedIn (flowerbedID, plantID, percentage, planterID) VALUES (151, 1532, 1, 147);
INSERT INTO PlantedIn (flowerbedID, plantID, percentage, planterID) VALUES (277, 2453, 4, 153);
INSERT INTO PlantedIn (flowerbedID, plantID, percentage, planterID) VALUES (174, 2573, 2, 97);
INSERT INTO PlantedIn (flowerbedID, plantID, percentage, planterID) VALUES (113, 1421, 1, 155);
INSERT INTO PlantedIn (flowerbedID, plantID, percentage, planterID) VALUES (228, 1503, 2, 104);
INSERT INTO PlantedIn (flowerbedID, plantID, percentage, planterID) VALUES (123, 1223, 2, 127);
INSERT INTO PlantedIn (flowerbedID, plantID, percentage, planterID) VALUES (106, 443, 1, 154);
INSERT INTO PlantedIn (flowerbedID, plantID, percentage, planterID) VALUES (265, 2290, 2, 10);
INSERT INTO PlantedIn (flowerbedID, plantID, percentage, planterID) VALUES (123, 3006, 1, 21);
INSERT INTO PlantedIn (flowerbedID, plantID, percentage, planterID) VALUES (102, 2296, 3, 78);
INSERT INTO PlantedIn (flowerbedID, plantID, percentage, planterID) VALUES (148, 2557, 4, 81);
INSERT INTO PlantedIn (flowerbedID, plantID, percentage, planterID) VALUES (78, 3368, 3, 51);
INSERT INTO PlantedIn (flowerbedID, plantID, percentage, planterID) VALUES (181, 2629, 3, 160);
INSERT INTO PlantedIn (flowerbedID, plantID, percentage, planterID) VALUES (171, 306, 1, 104);
INSERT INTO PlantedIn (flowerbedID, plantID, percentage, planterID) VALUES (40, 3837, 1, 27);
INSERT INTO PlantedIn (flowerbedID, plantID, percentage, planterID) VALUES (154, 246, 4, 99);
INSERT INTO PlantedIn (flowerbedID, plantID, percentage, planterID) VALUES (86, 1735, 4, 153);
INSERT INTO PlantedIn (flowerbedID, plantID, percentage, planterID) VALUES (190, 3391, 1, 95);
INSERT INTO PlantedIn (flowerbedID, plantID, percentage, planterID) VALUES (286, 603, 1, 64);
INSERT INTO PlantedIn (flowerbedID, plantID, percentage, planterID) VALUES (45, 2006, 3, 22);
INSERT INTO PlantedIn (flowerbedID, plantID, percentage, planterID) VALUES (175, 2697, 2, 101);
INSERT INTO PlantedIn (flowerbedID, plantID, percentage, planterID) VALUES (117, 2253, 3, 105);
INSERT INTO PlantedIn (flowerbedID, plantID, percentage, planterID) VALUES (10, 1903, 1, 78);
INSERT INTO PlantedIn (flowerbedID, plantID, percentage, planterID) VALUES (254, 447, 1, 89);
INSERT INTO PlantedIn (flowerbedID, plantID, percentage, planterID) VALUES (22, 1782, 3, 157);
INSERT INTO PlantedIn (flowerbedID, plantID, percentage, planterID) VALUES (102, 1785, 2, 157);
INSERT INTO PlantedIn (flowerbedID, plantID, percentage, planterID) VALUES (185, 1078, 4, 66);
INSERT INTO PlantedIn (flowerbedID, plantID, percentage, planterID) VALUES (239, 1959, 2, 74);
INSERT INTO PlantedIn (flowerbedID, plantID, percentage, planterID) VALUES (62, 50, 3, 139);
INSERT INTO PlantedIn (flowerbedID, plantID, percentage, planterID) VALUES (179, 1582, 3, 46);
INSERT INTO PlantedIn (flowerbedID, plantID, percentage, planterID) VALUES (85, 3199, 3, 156);
INSERT INTO PlantedIn (flowerbedID, plantID, percentage, planterID) VALUES (221, 2362, 1, 14);
INSERT INTO PlantedIn (flowerbedID, plantID, percentage, planterID) VALUES (157, 1447, 4, 141);
INSERT INTO PlantedIn (flowerbedID, plantID, percentage, planterID) VALUES (227, 2254, 2, 103);
INSERT INTO PlantedIn (flowerbedID, plantID, percentage, planterID) VALUES (4, 3785, 1, 81);
INSERT INTO PlantedIn (flowerbedID, plantID, percentage, planterID) VALUES (235, 238, 1, 107);
INSERT INTO PlantedIn (flowerbedID, plantID, percentage, planterID) VALUES (98, 952, 1, 17);
INSERT INTO PlantedIn (flowerbedID, plantID, percentage, planterID) VALUES (5, 3265, 2, 152);
INSERT INTO PlantedIn (flowerbedID, plantID, percentage, planterID) VALUES (202, 3037, 2, 7);
INSERT INTO PlantedIn (flowerbedID, plantID, percentage, planterID) VALUES (119, 456, 4, 105);
INSERT INTO PlantedIn (flowerbedID, plantID, percentage, planterID) VALUES (148, 1647, 1, 124);
INSERT INTO PlantedIn (flowerbedID, plantID, percentage, planterID) VALUES (3, 1231, 1, 89);
INSERT INTO PlantedIn (flowerbedID, plantID, percentage, planterID) VALUES (89, 3793, 1, 8);
INSERT INTO PlantedIn (flowerbedID, plantID, percentage, planterID) VALUES (13, 2564, 2, 48);
INSERT INTO PlantedIn (flowerbedID, plantID, percentage, planterID) VALUES (272, 1423, 4, 72);
INSERT INTO PlantedIn (flowerbedID, plantID, percentage, planterID) VALUES (64, 1148, 4, 38);
INSERT INTO PlantedIn (flowerbedID, plantID, percentage, planterID) VALUES (113, 3495, 4, 69);
INSERT INTO PlantedIn (flowerbedID, plantID, percentage, planterID) VALUES (99, 457, 2, 21);
INSERT INTO PlantedIn (flowerbedID, plantID, percentage, planterID) VALUES (131, 2433, 3, 62);
INSERT INTO PlantedIn (flowerbedID, plantID, percentage, planterID) VALUES (183, 1560, 3, 141);
INSERT INTO PlantedIn (flowerbedID, plantID, percentage, planterID) VALUES (20, 345, 4, 4);
INSERT INTO PlantedIn (flowerbedID, plantID, percentage, planterID) VALUES (137, 1699, 3, 155);
INSERT INTO PlantedIn (flowerbedID, plantID, percentage, planterID) VALUES (221, 465, 4, 96);
INSERT INTO PlantedIn (flowerbedID, plantID, percentage, planterID) VALUES (113, 3286, 4, 52);
INSERT INTO PlantedIn (flowerbedID, plantID, percentage, planterID) VALUES (226, 2693, 1, 107);
INSERT INTO PlantedIn (flowerbedID, plantID, percentage, planterID) VALUES (244, 2851, 2, 73);
INSERT INTO PlantedIn (flowerbedID, plantID, percentage, planterID) VALUES (56, 3094, 2, 109);
INSERT INTO PlantedIn (flowerbedID, plantID, percentage, planterID) VALUES (266, 2527, 2, 40);
INSERT INTO PlantedIn (flowerbedID, plantID, percentage, planterID) VALUES (28, 503, 4, 3);
INSERT INTO PlantedIn (flowerbedID, plantID, percentage, planterID) VALUES (75, 2209, 3, 112);
INSERT INTO PlantedIn (flowerbedID, plantID, percentage, planterID) VALUES (127, 3661, 1, 66);
INSERT INTO PlantedIn (flowerbedID, plantID, percentage, planterID) VALUES (193, 9, 2, 45);
INSERT INTO PlantedIn (flowerbedID, plantID, percentage, planterID) VALUES (222, 2644, 1, 123);
INSERT INTO PlantedIn (flowerbedID, plantID, percentage, planterID) VALUES (140, 2685, 3, 15);
INSERT INTO PlantedIn (flowerbedID, plantID, percentage, planterID) VALUES (148, 2763, 2, 157);
INSERT INTO PlantedIn (flowerbedID, plantID, percentage, planterID) VALUES (111, 529, 2, 126);
INSERT INTO PlantedIn (flowerbedID, plantID, percentage, planterID) VALUES (80, 2889, 3, 51);
INSERT INTO PlantedIn (flowerbedID, plantID, percentage, planterID) VALUES (96, 3633, 3, 25);
INSERT INTO PlantedIn (flowerbedID, plantID, percentage, planterID) VALUES (266, 2036, 3, 158);
INSERT INTO PlantedIn (flowerbedID, plantID, percentage, planterID) VALUES (258, 2700, 2, 65);
INSERT INTO PlantedIn (flowerbedID, plantID, percentage, planterID) VALUES (53, 3434, 3, 47);
INSERT INTO PlantedIn (flowerbedID, plantID, percentage, planterID) VALUES (8, 12, 2, 1);
INSERT INTO PlantedIn (flowerbedID, plantID, percentage, planterID) VALUES (225, 1145, 1, 140);
INSERT INTO PlantedIn (flowerbedID, plantID, percentage, planterID) VALUES (71, 3689, 1, 140);
INSERT INTO PlantedIn (flowerbedID, plantID, percentage, planterID) VALUES (144, 2804, 1, 113);
INSERT INTO PlantedIn (flowerbedID, plantID, percentage, planterID) VALUES (196, 347, 1, 127);
INSERT INTO PlantedIn (flowerbedID, plantID, percentage, planterID) VALUES (22, 2403, 4, 50);
INSERT INTO PlantedIn (flowerbedID, plantID, percentage, planterID) VALUES (250, 1068, 1, 112);
INSERT INTO PlantedIn (flowerbedID, plantID, percentage, planterID) VALUES (26, 2766, 1, 64);
INSERT INTO PlantedIn (flowerbedID, plantID, percentage, planterID) VALUES (157, 1898, 2, 90);
INSERT INTO PlantedIn (flowerbedID, plantID, percentage, planterID) VALUES (44, 2053, 4, 27);
INSERT INTO PlantedIn (flowerbedID, plantID, percentage, planterID) VALUES (243, 3534, 2, 22);
INSERT INTO PlantedIn (flowerbedID, plantID, percentage, planterID) VALUES (258, 2234, 2, 13);
INSERT INTO PlantedIn (flowerbedID, plantID, percentage, planterID) VALUES (259, 130, 3, 65);
INSERT INTO PlantedIn (flowerbedID, plantID, percentage, planterID) VALUES (6, 1056, 2, 92);
INSERT INTO PlantedIn (flowerbedID, plantID, percentage, planterID) VALUES (275, 2570, 3, 66);
INSERT INTO PlantedIn (flowerbedID, plantID, percentage, planterID) VALUES (10, 1620, 3, 28);
INSERT INTO PlantedIn (flowerbedID, plantID, percentage, planterID) VALUES (282, 1585, 2, 115);
INSERT INTO PlantedIn (flowerbedID, plantID, percentage, planterID) VALUES (169, 1761, 2, 49);
INSERT INTO PlantedIn (flowerbedID, plantID, percentage, planterID) VALUES (175, 2881, 2, 83);
INSERT INTO PlantedIn (flowerbedID, plantID, percentage, planterID) VALUES (97, 2143, 1, 160);
INSERT INTO PlantedIn (flowerbedID, plantID, percentage, planterID) VALUES (176, 1177, 3, 153);
INSERT INTO PlantedIn (flowerbedID, plantID, percentage, planterID) VALUES (173, 1618, 2, 155);
INSERT INTO PlantedIn (flowerbedID, plantID, percentage, planterID) VALUES (209, 1130, 3, 111);
INSERT INTO PlantedIn (flowerbedID, plantID, percentage, planterID) VALUES (210, 1195, 2, 19);
INSERT INTO PlantedIn (flowerbedID, plantID, percentage, planterID) VALUES (229, 1506, 2, 128);
INSERT INTO PlantedIn (flowerbedID, plantID, percentage, planterID) VALUES (41, 852, 2, 137);
INSERT INTO PlantedIn (flowerbedID, plantID, percentage, planterID) VALUES (232, 2785, 2, 112);
INSERT INTO PlantedIn (flowerbedID, plantID, percentage, planterID) VALUES (285, 3352, 1, 18);
INSERT INTO PlantedIn (flowerbedID, plantID, percentage, planterID) VALUES (44, 896, 4, 26);
INSERT INTO PlantedIn (flowerbedID, plantID, percentage, planterID) VALUES (157, 3060, 1, 83);
INSERT INTO PlantedIn (flowerbedID, plantID, percentage, planterID) VALUES (31, 2277, 4, 85);
INSERT INTO PlantedIn (flowerbedID, plantID, percentage, planterID) VALUES (293, 892, 1, 37);
INSERT INTO PlantedIn (flowerbedID, plantID, percentage, planterID) VALUES (135, 23, 1, 99);
INSERT INTO PlantedIn (flowerbedID, plantID, percentage, planterID) VALUES (218, 842, 4, 102);
INSERT INTO PlantedIn (flowerbedID, plantID, percentage, planterID) VALUES (225, 2149, 3, 61);
INSERT INTO PlantedIn (flowerbedID, plantID, percentage, planterID) VALUES (127, 1750, 3, 127);
INSERT INTO PlantedIn (flowerbedID, plantID, percentage, planterID) VALUES (205, 3427, 1, 71);
INSERT INTO PlantedIn (flowerbedID, plantID, percentage, planterID) VALUES (203, 3450, 4, 75);
INSERT INTO PlantedIn (flowerbedID, plantID, percentage, planterID) VALUES (144, 3574, 2, 111);
INSERT INTO PlantedIn (flowerbedID, plantID, percentage, planterID) VALUES (47, 3313, 3, 99);
INSERT INTO PlantedIn (flowerbedID, plantID, percentage, planterID) VALUES (258, 560, 3, 144);
INSERT INTO PlantedIn (flowerbedID, plantID, percentage, planterID) VALUES (109, 1622, 1, 59);
INSERT INTO PlantedIn (flowerbedID, plantID, percentage, planterID) VALUES (292, 2681, 2, 140);
INSERT INTO PlantedIn (flowerbedID, plantID, percentage, planterID) VALUES (131, 1465, 1, 7);
INSERT INTO PlantedIn (flowerbedID, plantID, percentage, planterID) VALUES (82, 1829, 4, 154);
INSERT INTO PlantedIn (flowerbedID, plantID, percentage, planterID) VALUES (119, 2071, 3, 37);
INSERT INTO PlantedIn (flowerbedID, plantID, percentage, planterID) VALUES (118, 3040, 2, 28);
INSERT INTO PlantedIn (flowerbedID, plantID, percentage, planterID) VALUES (279, 3829, 2, 146);
INSERT INTO PlantedIn (flowerbedID, plantID, percentage, planterID) VALUES (123, 716, 2, 70);
INSERT INTO PlantedIn (flowerbedID, plantID, percentage, planterID) VALUES (263, 848, 1, 135);
INSERT INTO PlantedIn (flowerbedID, plantID, percentage, planterID) VALUES (230, 2902, 1, 148);
INSERT INTO PlantedIn (flowerbedID, plantID, percentage, planterID) VALUES (39, 3456, 2, 55);
INSERT INTO PlantedIn (flowerbedID, plantID, percentage, planterID) VALUES (110, 809, 4, 27);
INSERT INTO PlantedIn (flowerbedID, plantID, percentage, planterID) VALUES (223, 1416, 1, 55);
INSERT INTO PlantedIn (flowerbedID, plantID, percentage, planterID) VALUES (46, 1843, 1, 68);
INSERT INTO PlantedIn (flowerbedID, plantID, percentage, planterID) VALUES (140, 920, 4, 65);
INSERT INTO PlantedIn (flowerbedID, plantID, percentage, planterID) VALUES (127, 3026, 2, 46);
INSERT INTO PlantedIn (flowerbedID, plantID, percentage, planterID) VALUES (1, 180, 4, 57);
INSERT INTO PlantedIn (flowerbedID, plantID, percentage, planterID) VALUES (23, 1125, 2, 57);
INSERT INTO PlantedIn (flowerbedID, plantID, percentage, planterID) VALUES (150, 1859, 1, 36);
INSERT INTO PlantedIn (flowerbedID, plantID, percentage, planterID) VALUES (254, 2032, 4, 66);
INSERT INTO PlantedIn (flowerbedID, plantID, percentage, planterID) VALUES (1, 2999, 2, 15);
INSERT INTO PlantedIn (flowerbedID, plantID, percentage, planterID) VALUES (5, 1782, 2, 60);
INSERT INTO PlantedIn (flowerbedID, plantID, percentage, planterID) VALUES (73, 2360, 1, 128);
INSERT INTO PlantedIn (flowerbedID, plantID, percentage, planterID) VALUES (197, 254, 2, 3);
INSERT INTO PlantedIn (flowerbedID, plantID, percentage, planterID) VALUES (75, 3827, 2, 66);
INSERT INTO PlantedIn (flowerbedID, plantID, percentage, planterID) VALUES (57, 3769, 1, 5);
INSERT INTO PlantedIn (flowerbedID, plantID, percentage, planterID) VALUES (150, 1579, 3, 7);
INSERT INTO PlantedIn (flowerbedID, plantID, percentage, planterID) VALUES (174, 1239, 4, 110);
INSERT INTO PlantedIn (flowerbedID, plantID, percentage, planterID) VALUES (279, 1445, 3, 13);
INSERT INTO PlantedIn (flowerbedID, plantID, percentage, planterID) VALUES (132, 337, 3, 8);
INSERT INTO PlantedIn (flowerbedID, plantID, percentage, planterID) VALUES (24, 1634, 2, 2);
INSERT INTO PlantedIn (flowerbedID, plantID, percentage, planterID) VALUES (40, 3007, 2, 24);
INSERT INTO PlantedIn (flowerbedID, plantID, percentage, planterID) VALUES (226, 638, 2, 62);
INSERT INTO PlantedIn (flowerbedID, plantID, percentage, planterID) VALUES (172, 1517, 4, 131);
INSERT INTO PlantedIn (flowerbedID, plantID, percentage, planterID) VALUES (296, 2201, 1, 70);
INSERT INTO PlantedIn (flowerbedID, plantID, percentage, planterID) VALUES (183, 351, 1, 27);
INSERT INTO PlantedIn (flowerbedID, plantID, percentage, planterID) VALUES (31, 1977, 4, 29);
INSERT INTO PlantedIn (flowerbedID, plantID, percentage, planterID) VALUES (195, 1874, 4, 109);
INSERT INTO PlantedIn (flowerbedID, plantID, percentage, planterID) VALUES (252, 3423, 1, 67);
INSERT INTO PlantedIn (flowerbedID, plantID, percentage, planterID) VALUES (193, 567, 2, 129);
INSERT INTO PlantedIn (flowerbedID, plantID, percentage, planterID) VALUES (31, 3244, 3, 73);
INSERT INTO PlantedIn (flowerbedID, plantID, percentage, planterID) VALUES (227, 1564, 3, 114);
INSERT INTO PlantedIn (flowerbedID, plantID, percentage, planterID) VALUES (292, 239, 3, 142);
INSERT INTO PlantedIn (flowerbedID, plantID, percentage, planterID) VALUES (46, 3775, 2, 107);
INSERT INTO PlantedIn (flowerbedID, plantID, percentage, planterID) VALUES (146, 3029, 1, 23);
INSERT INTO PlantedIn (flowerbedID, plantID, percentage, planterID) VALUES (195, 1325, 2, 59);
INSERT INTO PlantedIn (flowerbedID, plantID, percentage, planterID) VALUES (147, 341, 3, 115);
INSERT INTO PlantedIn (flowerbedID, plantID, percentage, planterID) VALUES (278, 341, 3, 50);
INSERT INTO PlantedIn (flowerbedID, plantID, percentage, planterID) VALUES (148, 3646, 2, 75);
INSERT INTO PlantedIn (flowerbedID, plantID, percentage, planterID) VALUES (2, 986, 1, 9);
INSERT INTO PlantedIn (flowerbedID, plantID, percentage, planterID) VALUES (70, 2591, 3, 71);
INSERT INTO PlantedIn (flowerbedID, plantID, percentage, planterID) VALUES (136, 2100, 3, 148);
INSERT INTO PlantedIn (flowerbedID, plantID, percentage, planterID) VALUES (93, 3138, 4, 144);
INSERT INTO PlantedIn (flowerbedID, plantID, percentage, planterID) VALUES (47, 672, 3, 44);
INSERT INTO PlantedIn (flowerbedID, plantID, percentage, planterID) VALUES (79, 3540, 1, 41);
INSERT INTO PlantedIn (flowerbedID, plantID, percentage, planterID) VALUES (2, 2015, 2, 151);
INSERT INTO PlantedIn (flowerbedID, plantID, percentage, planterID) VALUES (168, 56, 4, 108);
INSERT INTO PlantedIn (flowerbedID, plantID, percentage, planterID) VALUES (205, 142, 1, 89);
INSERT INTO PlantedIn (flowerbedID, plantID, percentage, planterID) VALUES (174, 1432, 4, 149);
INSERT INTO PlantedIn (flowerbedID, plantID, percentage, planterID) VALUES (55, 2677, 2, 146);
INSERT INTO PlantedIn (flowerbedID, plantID, percentage, planterID) VALUES (4, 838, 1, 55);
INSERT INTO PlantedIn (flowerbedID, plantID, percentage, planterID) VALUES (221, 741, 1, 89);
INSERT INTO PlantedIn (flowerbedID, plantID, percentage, planterID) VALUES (149, 1839, 1, 116);
INSERT INTO PlantedIn (flowerbedID, plantID, percentage, planterID) VALUES (147, 1150, 1, 147);
INSERT INTO PlantedIn (flowerbedID, plantID, percentage, planterID) VALUES (100, 1407, 4, 54);
INSERT INTO PlantedIn (flowerbedID, plantID, percentage, planterID) VALUES (220, 675, 4, 138);
INSERT INTO PlantedIn (flowerbedID, plantID, percentage, planterID) VALUES (260, 2500, 3, 44);
INSERT INTO PlantedIn (flowerbedID, plantID, percentage, planterID) VALUES (223, 906, 4, 149);
INSERT INTO PlantedIn (flowerbedID, plantID, percentage, planterID) VALUES (135, 691, 1, 133);
INSERT INTO PlantedIn (flowerbedID, plantID, percentage, planterID) VALUES (111, 1094, 4, 68);
INSERT INTO PlantedIn (flowerbedID, plantID, percentage, planterID) VALUES (227, 242, 1, 160);
INSERT INTO PlantedIn (flowerbedID, plantID, percentage, planterID) VALUES (108, 3008, 3, 73);
INSERT INTO PlantedIn (flowerbedID, plantID, percentage, planterID) VALUES (43, 2850, 4, 105);
INSERT INTO PlantedIn (flowerbedID, plantID, percentage, planterID) VALUES (273, 1580, 4, 137);
INSERT INTO PlantedIn (flowerbedID, plantID, percentage, planterID) VALUES (17, 180, 4, 89);
INSERT INTO PlantedIn (flowerbedID, plantID, percentage, planterID) VALUES (84, 1445, 3, 96);
INSERT INTO PlantedIn (flowerbedID, plantID, percentage, planterID) VALUES (166, 1249, 4, 159);
INSERT INTO PlantedIn (flowerbedID, plantID, percentage, planterID) VALUES (182, 1204, 2, 136);
INSERT INTO PlantedIn (flowerbedID, plantID, percentage, planterID) VALUES (112, 2771, 3, 106);
INSERT INTO PlantedIn (flowerbedID, plantID, percentage, planterID) VALUES (149, 144, 3, 74);
INSERT INTO PlantedIn (flowerbedID, plantID, percentage, planterID) VALUES (232, 135, 3, 89);
INSERT INTO PlantedIn (flowerbedID, plantID, percentage, planterID) VALUES (133, 1185, 2, 81);
INSERT INTO PlantedIn (flowerbedID, plantID, percentage, planterID) VALUES (106, 3779, 3, 52);
INSERT INTO PlantedIn (flowerbedID, plantID, percentage, planterID) VALUES (106, 3283, 4, 63);
INSERT INTO PlantedIn (flowerbedID, plantID, percentage, planterID) VALUES (52, 1104, 4, 143);
INSERT INTO PlantedIn (flowerbedID, plantID, percentage, planterID) VALUES (179, 2384, 4, 25);
INSERT INTO PlantedIn (flowerbedID, plantID, percentage, planterID) VALUES (100, 2922, 4, 122);
INSERT INTO PlantedIn (flowerbedID, plantID, percentage, planterID) VALUES (238, 510, 3, 81);
INSERT INTO PlantedIn (flowerbedID, plantID, percentage, planterID) VALUES (50, 3785, 3, 44);
INSERT INTO PlantedIn (flowerbedID, plantID, percentage, planterID) VALUES (86, 2779, 3, 19);
INSERT INTO PlantedIn (flowerbedID, plantID, percentage, planterID) VALUES (209, 1569, 1, 47);
INSERT INTO PlantedIn (flowerbedID, plantID, percentage, planterID) VALUES (276, 3006, 3, 36);
INSERT INTO PlantedIn (flowerbedID, plantID, percentage, planterID) VALUES (118, 1343, 3, 85);
INSERT INTO PlantedIn (flowerbedID, plantID, percentage, planterID) VALUES (31, 754, 4, 96);
INSERT INTO PlantedIn (flowerbedID, plantID, percentage, planterID) VALUES (98, 84, 2, 80);
INSERT INTO PlantedIn (flowerbedID, plantID, percentage, planterID) VALUES (1, 2771, 2, 18);
INSERT INTO PlantedIn (flowerbedID, plantID, percentage, planterID) VALUES (131, 823, 1, 160);
INSERT INTO PlantedIn (flowerbedID, plantID, percentage, planterID) VALUES (185, 764, 4, 31);
INSERT INTO PlantedIn (flowerbedID, plantID, percentage, planterID) VALUES (250, 507, 4, 52);
INSERT INTO PlantedIn (flowerbedID, plantID, percentage, planterID) VALUES (272, 1953, 2, 48);
INSERT INTO PlantedIn (flowerbedID, plantID, percentage, planterID) VALUES (255, 2968, 4, 6);
INSERT INTO PlantedIn (flowerbedID, plantID, percentage, planterID) VALUES (288, 2268, 2, 147);
INSERT INTO PlantedIn (flowerbedID, plantID, percentage, planterID) VALUES (182, 1220, 3, 135);
INSERT INTO PlantedIn (flowerbedID, plantID, percentage, planterID) VALUES (10, 3428, 2, 155);
INSERT INTO PlantedIn (flowerbedID, plantID, percentage, planterID) VALUES (30, 3172, 3, 104);
INSERT INTO PlantedIn (flowerbedID, plantID, percentage, planterID) VALUES (6, 3014, 4, 102);
INSERT INTO PlantedIn (flowerbedID, plantID, percentage, planterID) VALUES (273, 3447, 4, 106);
INSERT INTO PlantedIn (flowerbedID, plantID, percentage, planterID) VALUES (119, 3432, 1, 22);
INSERT INTO PlantedIn (flowerbedID, plantID, percentage, planterID) VALUES (197, 592, 3, 36);
INSERT INTO PlantedIn (flowerbedID, plantID, percentage, planterID) VALUES (207, 3700, 3, 70);
INSERT INTO PlantedIn (flowerbedID, plantID, percentage, planterID) VALUES (255, 3375, 3, 117);
INSERT INTO PlantedIn (flowerbedID, plantID, percentage, planterID) VALUES (142, 1531, 2, 119);
INSERT INTO PlantedIn (flowerbedID, plantID, percentage, planterID) VALUES (295, 1068, 1, 8);
INSERT INTO PlantedIn (flowerbedID, plantID, percentage, planterID) VALUES (158, 2701, 3, 45);
INSERT INTO PlantedIn (flowerbedID, plantID, percentage, planterID) VALUES (95, 3860, 1, 136);
INSERT INTO PlantedIn (flowerbedID, plantID, percentage, planterID) VALUES (104, 625, 2, 158);
INSERT INTO PlantedIn (flowerbedID, plantID, percentage, planterID) VALUES (170, 1914, 2, 27);
INSERT INTO PlantedIn (flowerbedID, plantID, percentage, planterID) VALUES (52, 3207, 3, 158);
INSERT INTO PlantedIn (flowerbedID, plantID, percentage, planterID) VALUES (156, 641, 1, 96);
INSERT INTO PlantedIn (flowerbedID, plantID, percentage, planterID) VALUES (99, 1686, 2, 38);
INSERT INTO PlantedIn (flowerbedID, plantID, percentage, planterID) VALUES (213, 1018, 1, 72);
INSERT INTO PlantedIn (flowerbedID, plantID, percentage, planterID) VALUES (203, 2928, 1, 87);
INSERT INTO PlantedIn (flowerbedID, plantID, percentage, planterID) VALUES (275, 1629, 2, 57);
INSERT INTO PlantedIn (flowerbedID, plantID, percentage, planterID) VALUES (275, 1864, 1, 160);
INSERT INTO PlantedIn (flowerbedID, plantID, percentage, planterID) VALUES (94, 3240, 4, 114);
INSERT INTO PlantedIn (flowerbedID, plantID, percentage, planterID) VALUES (2, 835, 2, 155);
INSERT INTO PlantedIn (flowerbedID, plantID, percentage, planterID) VALUES (195, 460, 2, 112);
INSERT INTO PlantedIn (flowerbedID, plantID, percentage, planterID) VALUES (115, 249, 2, 104);
INSERT INTO PlantedIn (flowerbedID, plantID, percentage, planterID) VALUES (39, 1698, 3, 43);
INSERT INTO PlantedIn (flowerbedID, plantID, percentage, planterID) VALUES (229, 2832, 1, 81);
INSERT INTO PlantedIn (flowerbedID, plantID, percentage, planterID) VALUES (197, 2148, 2, 97);
INSERT INTO PlantedIn (flowerbedID, plantID, percentage, planterID) VALUES (65, 1516, 2, 87);
INSERT INTO PlantedIn (flowerbedID, plantID, percentage, planterID) VALUES (87, 3222, 2, 15);
INSERT INTO PlantedIn (flowerbedID, plantID, percentage, planterID) VALUES (144, 1726, 3, 137);
INSERT INTO PlantedIn (flowerbedID, plantID, percentage, planterID) VALUES (15, 525, 3, 50);
INSERT INTO PlantedIn (flowerbedID, plantID, percentage, planterID) VALUES (43, 752, 4, 75);
INSERT INTO PlantedIn (flowerbedID, plantID, percentage, planterID) VALUES (278, 3486, 3, 27);
INSERT INTO PlantedIn (flowerbedID, plantID, percentage, planterID) VALUES (137, 2756, 3, 15);
INSERT INTO PlantedIn (flowerbedID, plantID, percentage, planterID) VALUES (32, 2249, 2, 18);
INSERT INTO PlantedIn (flowerbedID, plantID, percentage, planterID) VALUES (125, 716, 4, 139);
INSERT INTO PlantedIn (flowerbedID, plantID, percentage, planterID) VALUES (189, 2309, 3, 76);
INSERT INTO PlantedIn (flowerbedID, plantID, percentage, planterID) VALUES (220, 2795, 2, 52);
INSERT INTO PlantedIn (flowerbedID, plantID, percentage, planterID) VALUES (128, 953, 3, 66);
INSERT INTO PlantedIn (flowerbedID, plantID, percentage, planterID) VALUES (132, 3150, 2, 82);
INSERT INTO PlantedIn (flowerbedID, plantID, percentage, planterID) VALUES (102, 134, 2, 146);
INSERT INTO PlantedIn (flowerbedID, plantID, percentage, planterID) VALUES (185, 3668, 1, 145);
INSERT INTO PlantedIn (flowerbedID, plantID, percentage, planterID) VALUES (41, 2500, 4, 160);
INSERT INTO PlantedIn (flowerbedID, plantID, percentage, planterID) VALUES (73, 1406, 4, 77);
INSERT INTO PlantedIn (flowerbedID, plantID, percentage, planterID) VALUES (26, 2881, 3, 81);
INSERT INTO PlantedIn (flowerbedID, plantID, percentage, planterID) VALUES (297, 3278, 2, 14);
INSERT INTO PlantedIn (flowerbedID, plantID, percentage, planterID) VALUES (199, 2133, 2, 138);
INSERT INTO PlantedIn (flowerbedID, plantID, percentage, planterID) VALUES (54, 2914, 3, 96);
INSERT INTO PlantedIn (flowerbedID, plantID, percentage, planterID) VALUES (105, 3113, 2, 75);
INSERT INTO PlantedIn (flowerbedID, plantID, percentage, planterID) VALUES (136, 1398, 3, 43);
INSERT INTO PlantedIn (flowerbedID, plantID, percentage, planterID) VALUES (217, 2687, 4, 116);
INSERT INTO PlantedIn (flowerbedID, plantID, percentage, planterID) VALUES (132, 549, 2, 56);
INSERT INTO PlantedIn (flowerbedID, plantID, percentage, planterID) VALUES (200, 124, 2, 23);
INSERT INTO PlantedIn (flowerbedID, plantID, percentage, planterID) VALUES (175, 2518, 4, 36);
INSERT INTO PlantedIn (flowerbedID, plantID, percentage, planterID) VALUES (185, 2369, 2, 58);
INSERT INTO PlantedIn (flowerbedID, plantID, percentage, planterID) VALUES (15, 3157, 2, 151);
INSERT INTO PlantedIn (flowerbedID, plantID, percentage, planterID) VALUES (20, 2199, 4, 24);
INSERT INTO PlantedIn (flowerbedID, plantID, percentage, planterID) VALUES (73, 3661, 2, 35);
INSERT INTO PlantedIn (flowerbedID, plantID, percentage, planterID) VALUES (81, 2449, 3, 65);
INSERT INTO PlantedIn (flowerbedID, plantID, percentage, planterID) VALUES (150, 101, 1, 108);
INSERT INTO PlantedIn (flowerbedID, plantID, percentage, planterID) VALUES (18, 2936, 3, 101);
INSERT INTO PlantedIn (flowerbedID, plantID, percentage, planterID) VALUES (123, 3065, 1, 109);
INSERT INTO PlantedIn (flowerbedID, plantID, percentage, planterID) VALUES (122, 3718, 2, 77);
INSERT INTO PlantedIn (flowerbedID, plantID, percentage, planterID) VALUES (233, 1238, 4, 149);
INSERT INTO PlantedIn (flowerbedID, plantID, percentage, planterID) VALUES (266, 3862, 1, 105);
INSERT INTO PlantedIn (flowerbedID, plantID, percentage, planterID) VALUES (283, 3115, 1, 89);
INSERT INTO PlantedIn (flowerbedID, plantID, percentage, planterID) VALUES (132, 3431, 4, 154);
INSERT INTO PlantedIn (flowerbedID, plantID, percentage, planterID) VALUES (274, 1998, 4, 18);
INSERT INTO PlantedIn (flowerbedID, plantID, percentage, planterID) VALUES (83, 2657, 3, 106);
INSERT INTO PlantedIn (flowerbedID, plantID, percentage, planterID) VALUES (144, 939, 4, 123);
INSERT INTO PlantedIn (flowerbedID, plantID, percentage, planterID) VALUES (62, 623, 4, 59);
INSERT INTO PlantedIn (flowerbedID, plantID, percentage, planterID) VALUES (144, 789, 2, 143);
INSERT INTO PlantedIn (flowerbedID, plantID, percentage, planterID) VALUES (61, 1669, 1, 87);
INSERT INTO PlantedIn (flowerbedID, plantID, percentage, planterID) VALUES (71, 56, 3, 64);
INSERT INTO PlantedIn (flowerbedID, plantID, percentage, planterID) VALUES (215, 3042, 2, 9);
INSERT INTO PlantedIn (flowerbedID, plantID, percentage, planterID) VALUES (121, 2849, 3, 153);
INSERT INTO PlantedIn (flowerbedID, plantID, percentage, planterID) VALUES (135, 2979, 3, 147);
INSERT INTO PlantedIn (flowerbedID, plantID, percentage, planterID) VALUES (34, 3216, 2, 16);
INSERT INTO PlantedIn (flowerbedID, plantID, percentage, planterID) VALUES (198, 1789, 1, 90);
INSERT INTO PlantedIn (flowerbedID, plantID, percentage, planterID) VALUES (288, 2579, 4, 57);
INSERT INTO PlantedIn (flowerbedID, plantID, percentage, planterID) VALUES (10, 19, 2, 152);
INSERT INTO PlantedIn (flowerbedID, plantID, percentage, planterID) VALUES (186, 2686, 2, 11);
INSERT INTO PlantedIn (flowerbedID, plantID, percentage, planterID) VALUES (145, 436, 4, 128);
INSERT INTO PlantedIn (flowerbedID, plantID, percentage, planterID) VALUES (255, 2423, 2, 91);
INSERT INTO PlantedIn (flowerbedID, plantID, percentage, planterID) VALUES (119, 1456, 3, 157);
INSERT INTO PlantedIn (flowerbedID, plantID, percentage, planterID) VALUES (63, 20, 4, 142);
INSERT INTO PlantedIn (flowerbedID, plantID, percentage, planterID) VALUES (3, 1106, 1, 71);
INSERT INTO PlantedIn (flowerbedID, plantID, percentage, planterID) VALUES (87, 1113, 4, 57);
INSERT INTO PlantedIn (flowerbedID, plantID, percentage, planterID) VALUES (294, 1521, 2, 43);
INSERT INTO PlantedIn (flowerbedID, plantID, percentage, planterID) VALUES (152, 3822, 2, 60);
INSERT INTO PlantedIn (flowerbedID, plantID, percentage, planterID) VALUES (185, 3385, 1, 113);
INSERT INTO PlantedIn (flowerbedID, plantID, percentage, planterID) VALUES (76, 2198, 2, 90);
INSERT INTO PlantedIn (flowerbedID, plantID, percentage, planterID) VALUES (172, 1327, 1, 57);
INSERT INTO PlantedIn (flowerbedID, plantID, percentage, planterID) VALUES (205, 1106, 3, 82);
INSERT INTO PlantedIn (flowerbedID, plantID, percentage, planterID) VALUES (51, 240, 1, 133);
INSERT INTO PlantedIn (flowerbedID, plantID, percentage, planterID) VALUES (137, 77, 4, 106);
INSERT INTO PlantedIn (flowerbedID, plantID, percentage, planterID) VALUES (3, 3725, 3, 55);
INSERT INTO PlantedIn (flowerbedID, plantID, percentage, planterID) VALUES (48, 2135, 3, 20);
INSERT INTO PlantedIn (flowerbedID, plantID, percentage, planterID) VALUES (264, 608, 1, 32);
INSERT INTO PlantedIn (flowerbedID, plantID, percentage, planterID) VALUES (189, 3383, 3, 128);
INSERT INTO PlantedIn (flowerbedID, plantID, percentage, planterID) VALUES (182, 2324, 3, 117);
INSERT INTO PlantedIn (flowerbedID, plantID, percentage, planterID) VALUES (26, 1555, 2, 71);
INSERT INTO PlantedIn (flowerbedID, plantID, percentage, planterID) VALUES (8, 966, 3, 65);
INSERT INTO PlantedIn (flowerbedID, plantID, percentage, planterID) VALUES (103, 3550, 4, 142);
INSERT INTO PlantedIn (flowerbedID, plantID, percentage, planterID) VALUES (11, 1244, 1, 134);
INSERT INTO PlantedIn (flowerbedID, plantID, percentage, planterID) VALUES (152, 3637, 2, 142);
INSERT INTO PlantedIn (flowerbedID, plantID, percentage, planterID) VALUES (4, 2538, 4, 113);
INSERT INTO PlantedIn (flowerbedID, plantID, percentage, planterID) VALUES (234, 187, 4, 50);
INSERT INTO PlantedIn (flowerbedID, plantID, percentage, planterID) VALUES (135, 2699, 2, 47);
INSERT INTO PlantedIn (flowerbedID, plantID, percentage, planterID) VALUES (284, 2493, 2, 25);
INSERT INTO PlantedIn (flowerbedID, plantID, percentage, planterID) VALUES (169, 3714, 3, 32);
INSERT INTO PlantedIn (flowerbedID, plantID, percentage, planterID) VALUES (85, 3701, 4, 136);
INSERT INTO PlantedIn (flowerbedID, plantID, percentage, planterID) VALUES (269, 2353, 3, 30);
INSERT INTO PlantedIn (flowerbedID, plantID, percentage, planterID) VALUES (281, 613, 4, 148);
INSERT INTO PlantedIn (flowerbedID, plantID, percentage, planterID) VALUES (244, 1981, 3, 137);
INSERT INTO PlantedIn (flowerbedID, plantID, percentage, planterID) VALUES (168, 307, 1, 80);
INSERT INTO PlantedIn (flowerbedID, plantID, percentage, planterID) VALUES (113, 2428, 4, 3);
INSERT INTO PlantedIn (flowerbedID, plantID, percentage, planterID) VALUES (97, 2554, 4, 10);
INSERT INTO PlantedIn (flowerbedID, plantID, percentage, planterID) VALUES (249, 2439, 4, 150);
INSERT INTO PlantedIn (flowerbedID, plantID, percentage, planterID) VALUES (147, 3175, 1, 139);
INSERT INTO PlantedIn (flowerbedID, plantID, percentage, planterID) VALUES (184, 1547, 3, 97);
INSERT INTO PlantedIn (flowerbedID, plantID, percentage, planterID) VALUES (258, 2216, 3, 81);
INSERT INTO PlantedIn (flowerbedID, plantID, percentage, planterID) VALUES (63, 3493, 2, 48);
INSERT INTO PlantedIn (flowerbedID, plantID, percentage, planterID) VALUES (132, 579, 4, 97);
INSERT INTO PlantedIn (flowerbedID, plantID, percentage, planterID) VALUES (169, 2440, 2, 127);
INSERT INTO PlantedIn (flowerbedID, plantID, percentage, planterID) VALUES (90, 2670, 4, 120);
INSERT INTO PlantedIn (flowerbedID, plantID, percentage, planterID) VALUES (48, 1115, 2, 161);
INSERT INTO PlantedIn (flowerbedID, plantID, percentage, planterID) VALUES (76, 2413, 1, 98);
INSERT INTO PlantedIn (flowerbedID, plantID, percentage, planterID) VALUES (270, 3761, 1, 103);
INSERT INTO PlantedIn (flowerbedID, plantID, percentage, planterID) VALUES (161, 1383, 1, 149);
INSERT INTO PlantedIn (flowerbedID, plantID, percentage, planterID) VALUES (41, 4, 4, 99);
INSERT INTO PlantedIn (flowerbedID, plantID, percentage, planterID) VALUES (299, 1574, 3, 31);
INSERT INTO PlantedIn (flowerbedID, plantID, percentage, planterID) VALUES (32, 188, 2, 147);
INSERT INTO PlantedIn (flowerbedID, plantID, percentage, planterID) VALUES (295, 798, 3, 112);
INSERT INTO PlantedIn (flowerbedID, plantID, percentage, planterID) VALUES (231, 3110, 3, 88);
INSERT INTO PlantedIn (flowerbedID, plantID, percentage, planterID) VALUES (120, 2171, 4, 49);
INSERT INTO PlantedIn (flowerbedID, plantID, percentage, planterID) VALUES (127, 1674, 4, 140);
INSERT INTO PlantedIn (flowerbedID, plantID, percentage, planterID) VALUES (250, 1641, 4, 11);
INSERT INTO PlantedIn (flowerbedID, plantID, percentage, planterID) VALUES (128, 2453, 2, 146);
INSERT INTO PlantedIn (flowerbedID, plantID, percentage, planterID) VALUES (13, 75, 1, 20);
INSERT INTO PlantedIn (flowerbedID, plantID, percentage, planterID) VALUES (21, 3734, 1, 93);
INSERT INTO PlantedIn (flowerbedID, plantID, percentage, planterID) VALUES (52, 720, 4, 114);
INSERT INTO PlantedIn (flowerbedID, plantID, percentage, planterID) VALUES (297, 650, 2, 119);
INSERT INTO PlantedIn (flowerbedID, plantID, percentage, planterID) VALUES (219, 3745, 1, 26);
INSERT INTO PlantedIn (flowerbedID, plantID, percentage, planterID) VALUES (121, 3708, 1, 15);
INSERT INTO PlantedIn (flowerbedID, plantID, percentage, planterID) VALUES (15, 904, 1, 142);
INSERT INTO PlantedIn (flowerbedID, plantID, percentage, planterID) VALUES (105, 3742, 2, 24);
INSERT INTO PlantedIn (flowerbedID, plantID, percentage, planterID) VALUES (152, 723, 3, 84);
INSERT INTO PlantedIn (flowerbedID, plantID, percentage, planterID) VALUES (253, 1665, 1, 118);
INSERT INTO PlantedIn (flowerbedID, plantID, percentage, planterID) VALUES (36, 292, 1, 128);
INSERT INTO PlantedIn (flowerbedID, plantID, percentage, planterID) VALUES (68, 3464, 1, 85);
INSERT INTO PlantedIn (flowerbedID, plantID, percentage, planterID) VALUES (293, 2802, 1, 98);
INSERT INTO PlantedIn (flowerbedID, plantID, percentage, planterID) VALUES (278, 1459, 4, 156);
INSERT INTO PlantedIn (flowerbedID, plantID, percentage, planterID) VALUES (183, 2799, 4, 9);
INSERT INTO PlantedIn (flowerbedID, plantID, percentage, planterID) VALUES (207, 706, 1, 48);
INSERT INTO PlantedIn (flowerbedID, plantID, percentage, planterID) VALUES (111, 2943, 1, 154);
INSERT INTO PlantedIn (flowerbedID, plantID, percentage, planterID) VALUES (58, 2227, 2, 40);
INSERT INTO PlantedIn (flowerbedID, plantID, percentage, planterID) VALUES (195, 3750, 4, 69);
INSERT INTO PlantedIn (flowerbedID, plantID, percentage, planterID) VALUES (260, 3434, 4, 11);
INSERT INTO PlantedIn (flowerbedID, plantID, percentage, planterID) VALUES (3, 3360, 3, 90);
INSERT INTO PlantedIn (flowerbedID, plantID, percentage, planterID) VALUES (178, 2194, 2, 100);
INSERT INTO PlantedIn (flowerbedID, plantID, percentage, planterID) VALUES (225, 3295, 1, 84);
INSERT INTO PlantedIn (flowerbedID, plantID, percentage, planterID) VALUES (184, 1455, 4, 58);
INSERT INTO PlantedIn (flowerbedID, plantID, percentage, planterID) VALUES (285, 2170, 3, 21);
INSERT INTO PlantedIn (flowerbedID, plantID, percentage, planterID) VALUES (159, 1992, 2, 83);
INSERT INTO PlantedIn (flowerbedID, plantID, percentage, planterID) VALUES (121, 2096, 1, 42);
INSERT INTO PlantedIn (flowerbedID, plantID, percentage, planterID) VALUES (52, 807, 1, 97);
INSERT INTO PlantedIn (flowerbedID, plantID, percentage, planterID) VALUES (24, 310, 3, 138);
INSERT INTO PlantedIn (flowerbedID, plantID, percentage, planterID) VALUES (68, 1701, 4, 89);
INSERT INTO PlantedIn (flowerbedID, plantID, percentage, planterID) VALUES (245, 3288, 4, 112);
INSERT INTO PlantedIn (flowerbedID, plantID, percentage, planterID) VALUES (124, 2952, 4, 65);
INSERT INTO PlantedIn (flowerbedID, plantID, percentage, planterID) VALUES (84, 3299, 3, 59);
INSERT INTO PlantedIn (flowerbedID, plantID, percentage, planterID) VALUES (119, 2253, 3, 121);
INSERT INTO PlantedIn (flowerbedID, plantID, percentage, planterID) VALUES (237, 999, 4, 129);
INSERT INTO PlantedIn (flowerbedID, plantID, percentage, planterID) VALUES (102, 2104, 4, 93);
INSERT INTO PlantedIn (flowerbedID, plantID, percentage, planterID) VALUES (275, 1917, 1, 66);
INSERT INTO PlantedIn (flowerbedID, plantID, percentage, planterID) VALUES (225, 2453, 1, 90);
INSERT INTO PlantedIn (flowerbedID, plantID, percentage, planterID) VALUES (120, 3455, 3, 19);
INSERT INTO PlantedIn (flowerbedID, plantID, percentage, planterID) VALUES (224, 1728, 1, 62);
INSERT INTO PlantedIn (flowerbedID, plantID, percentage, planterID) VALUES (9, 227, 4, 123);
INSERT INTO PlantedIn (flowerbedID, plantID, percentage, planterID) VALUES (95, 1770, 3, 119);
INSERT INTO PlantedIn (flowerbedID, plantID, percentage, planterID) VALUES (1, 888, 4, 111);
INSERT INTO PlantedIn (flowerbedID, plantID, percentage, planterID) VALUES (217, 97, 3, 12);
INSERT INTO PlantedIn (flowerbedID, plantID, percentage, planterID) VALUES (277, 217, 3, 72);
INSERT INTO PlantedIn (flowerbedID, plantID, percentage, planterID) VALUES (207, 3614, 1, 145);
INSERT INTO PlantedIn (flowerbedID, plantID, percentage, planterID) VALUES (248, 3652, 3, 132);
INSERT INTO PlantedIn (flowerbedID, plantID, percentage, planterID) VALUES (118, 484, 2, 124);
INSERT INTO PlantedIn (flowerbedID, plantID, percentage, planterID) VALUES (55, 1662, 3, 42);
INSERT INTO PlantedIn (flowerbedID, plantID, percentage, planterID) VALUES (266, 3601, 4, 27);
INSERT INTO PlantedIn (flowerbedID, plantID, percentage, planterID) VALUES (49, 3084, 4, 140);
INSERT INTO PlantedIn (flowerbedID, plantID, percentage, planterID) VALUES (246, 3401, 3, 95);
INSERT INTO PlantedIn (flowerbedID, plantID, percentage, planterID) VALUES (280, 3718, 3, 73);
INSERT INTO PlantedIn (flowerbedID, plantID, percentage, planterID) VALUES (269, 1017, 3, 123);
INSERT INTO PlantedIn (flowerbedID, plantID, percentage, planterID) VALUES (63, 1857, 3, 52);
INSERT INTO PlantedIn (flowerbedID, plantID, percentage, planterID) VALUES (79, 1121, 1, 59);
INSERT INTO PlantedIn (flowerbedID, plantID, percentage, planterID) VALUES (134, 881, 1, 62);
INSERT INTO PlantedIn (flowerbedID, plantID, percentage, planterID) VALUES (12, 934, 4, 12);
INSERT INTO PlantedIn (flowerbedID, plantID, percentage, planterID) VALUES (237, 3149, 4, 147);
INSERT INTO PlantedIn (flowerbedID, plantID, percentage, planterID) VALUES (72, 1859, 3, 112);
INSERT INTO PlantedIn (flowerbedID, plantID, percentage, planterID) VALUES (59, 1446, 3, 123);
INSERT INTO PlantedIn (flowerbedID, plantID, percentage, planterID) VALUES (202, 1194, 3, 49);
INSERT INTO PlantedIn (flowerbedID, plantID, percentage, planterID) VALUES (99, 275, 3, 26);
INSERT INTO PlantedIn (flowerbedID, plantID, percentage, planterID) VALUES (108, 1869, 4, 136);
INSERT INTO PlantedIn (flowerbedID, plantID, percentage, planterID) VALUES (213, 543, 4, 9);
INSERT INTO PlantedIn (flowerbedID, plantID, percentage, planterID) VALUES (115, 455, 1, 116);
INSERT INTO PlantedIn (flowerbedID, plantID, percentage, planterID) VALUES (279, 2026, 1, 159);
INSERT INTO PlantedIn (flowerbedID, plantID, percentage, planterID) VALUES (2, 2210, 1, 116);
INSERT INTO PlantedIn (flowerbedID, plantID, percentage, planterID) VALUES (283, 1479, 3, 151);
INSERT INTO PlantedIn (flowerbedID, plantID, percentage, planterID) VALUES (207, 614, 1, 55);
INSERT INTO PlantedIn (flowerbedID, plantID, percentage, planterID) VALUES (283, 1538, 3, 69);
INSERT INTO PlantedIn (flowerbedID, plantID, percentage, planterID) VALUES (161, 1734, 4, 71);
INSERT INTO PlantedIn (flowerbedID, plantID, percentage, planterID) VALUES (170, 297, 2, 16);
INSERT INTO PlantedIn (flowerbedID, plantID, percentage, planterID) VALUES (180, 59, 3, 116);
INSERT INTO PlantedIn (flowerbedID, plantID, percentage, planterID) VALUES (176, 1325, 3, 139);
INSERT INTO PlantedIn (flowerbedID, plantID, percentage, planterID) VALUES (217, 2641, 2, 27);
INSERT INTO PlantedIn (flowerbedID, plantID, percentage, planterID) VALUES (252, 1818, 1, 76);
INSERT INTO PlantedIn (flowerbedID, plantID, percentage, planterID) VALUES (279, 192, 4, 114);
INSERT INTO PlantedIn (flowerbedID, plantID, percentage, planterID) VALUES (134, 229, 4, 93);
INSERT INTO PlantedIn (flowerbedID, plantID, percentage, planterID) VALUES (152, 3645, 1, 156);
INSERT INTO PlantedIn (flowerbedID, plantID, percentage, planterID) VALUES (6, 3855, 3, 99);
INSERT INTO PlantedIn (flowerbedID, plantID, percentage, planterID) VALUES (4, 935, 3, 39);
INSERT INTO PlantedIn (flowerbedID, plantID, percentage, planterID) VALUES (175, 124, 2, 23);
INSERT INTO PlantedIn (flowerbedID, plantID, percentage, planterID) VALUES (214, 1106, 3, 125);
INSERT INTO PlantedIn (flowerbedID, plantID, percentage, planterID) VALUES (227, 631, 3, 109);
INSERT INTO PlantedIn (flowerbedID, plantID, percentage, planterID) VALUES (64, 1120, 3, 98);
INSERT INTO PlantedIn (flowerbedID, plantID, percentage, planterID) VALUES (105, 398, 4, 111);
INSERT INTO PlantedIn (flowerbedID, plantID, percentage, planterID) VALUES (14, 2129, 1, 160);
INSERT INTO PlantedIn (flowerbedID, plantID, percentage, planterID) VALUES (164, 1941, 3, 118);
INSERT INTO PlantedIn (flowerbedID, plantID, percentage, planterID) VALUES (223, 3522, 2, 28);
INSERT INTO PlantedIn (flowerbedID, plantID, percentage, planterID) VALUES (283, 1132, 3, 110);
INSERT INTO PlantedIn (flowerbedID, plantID, percentage, planterID) VALUES (174, 1407, 2, 37);
INSERT INTO PlantedIn (flowerbedID, plantID, percentage, planterID) VALUES (158, 3259, 3, 5);
INSERT INTO PlantedIn (flowerbedID, plantID, percentage, planterID) VALUES (40, 2286, 2, 69);
INSERT INTO PlantedIn (flowerbedID, plantID, percentage, planterID) VALUES (208, 175, 3, 59);
INSERT INTO PlantedIn (flowerbedID, plantID, percentage, planterID) VALUES (179, 1034, 1, 139);
INSERT INTO PlantedIn (flowerbedID, plantID, percentage, planterID) VALUES (231, 1897, 3, 122);
INSERT INTO PlantedIn (flowerbedID, plantID, percentage, planterID) VALUES (121, 3345, 2, 145);
INSERT INTO PlantedIn (flowerbedID, plantID, percentage, planterID) VALUES (48, 1853, 3, 1);
INSERT INTO PlantedIn (flowerbedID, plantID, percentage, planterID) VALUES (253, 844, 2, 13);
INSERT INTO PlantedIn (flowerbedID, plantID, percentage, planterID) VALUES (19, 370, 1, 19);
INSERT INTO PlantedIn (flowerbedID, plantID, percentage, planterID) VALUES (206, 1970, 2, 117);
INSERT INTO PlantedIn (flowerbedID, plantID, percentage, planterID) VALUES (166, 49, 1, 21);
INSERT INTO PlantedIn (flowerbedID, plantID, percentage, planterID) VALUES (84, 3580, 1, 51);
INSERT INTO PlantedIn (flowerbedID, plantID, percentage, planterID) VALUES (125, 3863, 4, 97);
INSERT INTO PlantedIn (flowerbedID, plantID, percentage, planterID) VALUES (259, 1562, 1, 29);
INSERT INTO PlantedIn (flowerbedID, plantID, percentage, planterID) VALUES (265, 645, 3, 131);
INSERT INTO PlantedIn (flowerbedID, plantID, percentage, planterID) VALUES (116, 3212, 2, 17);
INSERT INTO PlantedIn (flowerbedID, plantID, percentage, planterID) VALUES (95, 3845, 2, 47);
INSERT INTO PlantedIn (flowerbedID, plantID, percentage, planterID) VALUES (35, 1628, 1, 105);
INSERT INTO PlantedIn (flowerbedID, plantID, percentage, planterID) VALUES (214, 2541, 3, 79);
INSERT INTO PlantedIn (flowerbedID, plantID, percentage, planterID) VALUES (66, 1073, 3, 100);
INSERT INTO PlantedIn (flowerbedID, plantID, percentage, planterID) VALUES (132, 2328, 3, 88);
INSERT INTO PlantedIn (flowerbedID, plantID, percentage, planterID) VALUES (99, 1699, 3, 21);
INSERT INTO PlantedIn (flowerbedID, plantID, percentage, planterID) VALUES (24, 2831, 2, 44);
INSERT INTO PlantedIn (flowerbedID, plantID, percentage, planterID) VALUES (218, 2015, 4, 125);
INSERT INTO PlantedIn (flowerbedID, plantID, percentage, planterID) VALUES (282, 1279, 3, 153);
INSERT INTO PlantedIn (flowerbedID, plantID, percentage, planterID) VALUES (296, 1330, 1, 65);
INSERT INTO PlantedIn (flowerbedID, plantID, percentage, planterID) VALUES (186, 3682, 1, 143);
INSERT INTO PlantedIn (flowerbedID, plantID, percentage, planterID) VALUES (166, 1306, 4, 116);
INSERT INTO PlantedIn (flowerbedID, plantID, percentage, planterID) VALUES (171, 2566, 4, 19);
INSERT INTO PlantedIn (flowerbedID, plantID, percentage, planterID) VALUES (31, 879, 1, 75);
INSERT INTO PlantedIn (flowerbedID, plantID, percentage, planterID) VALUES (287, 2651, 3, 100);
INSERT INTO PlantedIn (flowerbedID, plantID, percentage, planterID) VALUES (62, 1163, 1, 92);
INSERT INTO PlantedIn (flowerbedID, plantID, percentage, planterID) VALUES (189, 1604, 3, 139);
INSERT INTO PlantedIn (flowerbedID, plantID, percentage, planterID) VALUES (227, 697, 2, 143);
INSERT INTO PlantedIn (flowerbedID, plantID, percentage, planterID) VALUES (40, 2546, 3, 77);
INSERT INTO PlantedIn (flowerbedID, plantID, percentage, planterID) VALUES (298, 439, 3, 104);
INSERT INTO PlantedIn (flowerbedID, plantID, percentage, planterID) VALUES (233, 2752, 4, 81);
INSERT INTO PlantedIn (flowerbedID, plantID, percentage, planterID) VALUES (281, 3486, 4, 11);
INSERT INTO PlantedIn (flowerbedID, plantID, percentage, planterID) VALUES (176, 2479, 4, 101);
INSERT INTO PlantedIn (flowerbedID, plantID, percentage, planterID) VALUES (159, 2905, 2, 34);
INSERT INTO PlantedIn (flowerbedID, plantID, percentage, planterID) VALUES (279, 81, 1, 116);
INSERT INTO PlantedIn (flowerbedID, plantID, percentage, planterID) VALUES (204, 435, 3, 130);
INSERT INTO PlantedIn (flowerbedID, plantID, percentage, planterID) VALUES (68, 1373, 1, 42);
INSERT INTO PlantedIn (flowerbedID, plantID, percentage, planterID) VALUES (20, 2744, 1, 153);
INSERT INTO PlantedIn (flowerbedID, plantID, percentage, planterID) VALUES (183, 3662, 1, 156);
INSERT INTO PlantedIn (flowerbedID, plantID, percentage, planterID) VALUES (182, 3628, 1, 18);
INSERT INTO PlantedIn (flowerbedID, plantID, percentage, planterID) VALUES (207, 1152, 3, 74);
INSERT INTO PlantedIn (flowerbedID, plantID, percentage, planterID) VALUES (96, 370, 4, 119);
INSERT INTO PlantedIn (flowerbedID, plantID, percentage, planterID) VALUES (63, 1692, 2, 116);
INSERT INTO PlantedIn (flowerbedID, plantID, percentage, planterID) VALUES (238, 3543, 4, 76);
INSERT INTO PlantedIn (flowerbedID, plantID, percentage, planterID) VALUES (188, 1242, 1, 149);
INSERT INTO PlantedIn (flowerbedID, plantID, percentage, planterID) VALUES (81, 2978, 4, 76);
INSERT INTO PlantedIn (flowerbedID, plantID, percentage, planterID) VALUES (79, 1670, 4, 67);
INSERT INTO PlantedIn (flowerbedID, plantID, percentage, planterID) VALUES (111, 1903, 1, 1);
INSERT INTO PlantedIn (flowerbedID, plantID, percentage, planterID) VALUES (237, 1662, 1, 118);
INSERT INTO PlantedIn (flowerbedID, plantID, percentage, planterID) VALUES (158, 1424, 3, 19);
INSERT INTO PlantedIn (flowerbedID, plantID, percentage, planterID) VALUES (242, 3017, 3, 29);
INSERT INTO PlantedIn (flowerbedID, plantID, percentage, planterID) VALUES (209, 2338, 2, 79);
INSERT INTO PlantedIn (flowerbedID, plantID, percentage, planterID) VALUES (277, 1252, 1, 97);
INSERT INTO PlantedIn (flowerbedID, plantID, percentage, planterID) VALUES (29, 3862, 2, 9);
INSERT INTO PlantedIn (flowerbedID, plantID, percentage, planterID) VALUES (68, 3332, 3, 125);
INSERT INTO PlantedIn (flowerbedID, plantID, percentage, planterID) VALUES (163, 3211, 4, 32);
INSERT INTO PlantedIn (flowerbedID, plantID, percentage, planterID) VALUES (281, 3536, 3, 124);
INSERT INTO PlantedIn (flowerbedID, plantID, percentage, planterID) VALUES (232, 2854, 1, 106);
INSERT INTO PlantedIn (flowerbedID, plantID, percentage, planterID) VALUES (90, 3121, 2, 34);
INSERT INTO PlantedIn (flowerbedID, plantID, percentage, planterID) VALUES (257, 2120, 2, 126);
INSERT INTO PlantedIn (flowerbedID, plantID, percentage, planterID) VALUES (231, 2054, 4, 40);
INSERT INTO PlantedIn (flowerbedID, plantID, percentage, planterID) VALUES (118, 3678, 4, 113);
INSERT INTO PlantedIn (flowerbedID, plantID, percentage, planterID) VALUES (234, 3222, 3, 147);
INSERT INTO PlantedIn (flowerbedID, plantID, percentage, planterID) VALUES (224, 2198, 4, 76);
INSERT INTO PlantedIn (flowerbedID, plantID, percentage, planterID) VALUES (265, 3295, 3, 89);
INSERT INTO PlantedIn (flowerbedID, plantID, percentage, planterID) VALUES (286, 734, 3, 137);
INSERT INTO PlantedIn (flowerbedID, plantID, percentage, planterID) VALUES (275, 365, 2, 47);
INSERT INTO PlantedIn (flowerbedID, plantID, percentage, planterID) VALUES (97, 1041, 2, 146);
INSERT INTO PlantedIn (flowerbedID, plantID, percentage, planterID) VALUES (276, 3020, 4, 10);
INSERT INTO PlantedIn (flowerbedID, plantID, percentage, planterID) VALUES (189, 3003, 1, 87);
INSERT INTO PlantedIn (flowerbedID, plantID, percentage, planterID) VALUES (65, 1289, 1, 15);
INSERT INTO PlantedIn (flowerbedID, plantID, percentage, planterID) VALUES (255, 2887, 4, 114);
INSERT INTO PlantedIn (flowerbedID, plantID, percentage, planterID) VALUES (152, 2120, 2, 158);
INSERT INTO PlantedIn (flowerbedID, plantID, percentage, planterID) VALUES (242, 912, 1, 19);
INSERT INTO PlantedIn (flowerbedID, plantID, percentage, planterID) VALUES (152, 3684, 2, 71);
INSERT INTO PlantedIn (flowerbedID, plantID, percentage, planterID) VALUES (220, 1797, 2, 32);
INSERT INTO PlantedIn (flowerbedID, plantID, percentage, planterID) VALUES (73, 2647, 2, 98);
INSERT INTO PlantedIn (flowerbedID, plantID, percentage, planterID) VALUES (6, 2514, 4, 90);
INSERT INTO PlantedIn (flowerbedID, plantID, percentage, planterID) VALUES (119, 698, 4, 147);
INSERT INTO PlantedIn (flowerbedID, plantID, percentage, planterID) VALUES (218, 2967, 2, 63);
INSERT INTO PlantedIn (flowerbedID, plantID, percentage, planterID) VALUES (145, 1271, 2, 22);
INSERT INTO PlantedIn (flowerbedID, plantID, percentage, planterID) VALUES (169, 905, 1, 73);
INSERT INTO PlantedIn (flowerbedID, plantID, percentage, planterID) VALUES (56, 3209, 4, 86);
INSERT INTO PlantedIn (flowerbedID, plantID, percentage, planterID) VALUES (89, 2620, 3, 50);
INSERT INTO PlantedIn (flowerbedID, plantID, percentage, planterID) VALUES (151, 1993, 4, 43);
INSERT INTO PlantedIn (flowerbedID, plantID, percentage, planterID) VALUES (209, 381, 2, 139);
INSERT INTO PlantedIn (flowerbedID, plantID, percentage, planterID) VALUES (259, 654, 2, 154);
INSERT INTO PlantedIn (flowerbedID, plantID, percentage, planterID) VALUES (149, 67, 1, 110);
INSERT INTO PlantedIn (flowerbedID, plantID, percentage, planterID) VALUES (76, 235, 2, 23);
INSERT INTO PlantedIn (flowerbedID, plantID, percentage, planterID) VALUES (267, 2427, 1, 62);
INSERT INTO PlantedIn (flowerbedID, plantID, percentage, planterID) VALUES (92, 2499, 3, 125);
INSERT INTO PlantedIn (flowerbedID, plantID, percentage, planterID) VALUES (149, 2764, 1, 9);
INSERT INTO PlantedIn (flowerbedID, plantID, percentage, planterID) VALUES (69, 1149, 4, 155);
INSERT INTO PlantedIn (flowerbedID, plantID, percentage, planterID) VALUES (119, 2718, 2, 61);
INSERT INTO PlantedIn (flowerbedID, plantID, percentage, planterID) VALUES (261, 941, 2, 105);
INSERT INTO PlantedIn (flowerbedID, plantID, percentage, planterID) VALUES (78, 957, 3, 75);
INSERT INTO PlantedIn (flowerbedID, plantID, percentage, planterID) VALUES (58, 1200, 2, 67);
INSERT INTO PlantedIn (flowerbedID, plantID, percentage, planterID) VALUES (287, 414, 2, 29);
INSERT INTO PlantedIn (flowerbedID, plantID, percentage, planterID) VALUES (246, 823, 1, 79);
INSERT INTO PlantedIn (flowerbedID, plantID, percentage, planterID) VALUES (18, 1277, 4, 29);
INSERT INTO PlantedIn (flowerbedID, plantID, percentage, planterID) VALUES (172, 3003, 4, 52);
INSERT INTO PlantedIn (flowerbedID, plantID, percentage, planterID) VALUES (8, 2825, 2, 60);
INSERT INTO PlantedIn (flowerbedID, plantID, percentage, planterID) VALUES (88, 1148, 2, 92);
INSERT INTO PlantedIn (flowerbedID, plantID, percentage, planterID) VALUES (8, 568, 4, 4);
INSERT INTO PlantedIn (flowerbedID, plantID, percentage, planterID) VALUES (108, 1835, 4, 155);
INSERT INTO PlantedIn (flowerbedID, plantID, percentage, planterID) VALUES (248, 3390, 4, 134);
INSERT INTO PlantedIn (flowerbedID, plantID, percentage, planterID) VALUES (62, 3644, 4, 141);
INSERT INTO PlantedIn (flowerbedID, plantID, percentage, planterID) VALUES (216, 448, 3, 106);
INSERT INTO PlantedIn (flowerbedID, plantID, percentage, planterID) VALUES (254, 3716, 1, 14);
INSERT INTO PlantedIn (flowerbedID, plantID, percentage, planterID) VALUES (78, 2353, 4, 108);
INSERT INTO PlantedIn (flowerbedID, plantID, percentage, planterID) VALUES (158, 2354, 3, 75);
INSERT INTO PlantedIn (flowerbedID, plantID, percentage, planterID) VALUES (226, 1739, 1, 68);
INSERT INTO PlantedIn (flowerbedID, plantID, percentage, planterID) VALUES (51, 2939, 2, 111);
INSERT INTO PlantedIn (flowerbedID, plantID, percentage, planterID) VALUES (211, 1769, 2, 28);
INSERT INTO PlantedIn (flowerbedID, plantID, percentage, planterID) VALUES (172, 2986, 2, 29);
INSERT INTO PlantedIn (flowerbedID, plantID, percentage, planterID) VALUES (220, 941, 4, 97);
INSERT INTO PlantedIn (flowerbedID, plantID, percentage, planterID) VALUES (255, 726, 2, 148);
INSERT INTO PlantedIn (flowerbedID, plantID, percentage, planterID) VALUES (239, 1115, 3, 160);
INSERT INTO PlantedIn (flowerbedID, plantID, percentage, planterID) VALUES (221, 1238, 3, 115);
INSERT INTO PlantedIn (flowerbedID, plantID, percentage, planterID) VALUES (184, 2523, 4, 72);
INSERT INTO PlantedIn (flowerbedID, plantID, percentage, planterID) VALUES (124, 220, 1, 28);
INSERT INTO PlantedIn (flowerbedID, plantID, percentage, planterID) VALUES (154, 1222, 1, 93);
INSERT INTO PlantedIn (flowerbedID, plantID, percentage, planterID) VALUES (27, 2724, 4, 88);
INSERT INTO PlantedIn (flowerbedID, plantID, percentage, planterID) VALUES (284, 268, 4, 141);
INSERT INTO PlantedIn (flowerbedID, plantID, percentage, planterID) VALUES (77, 2599, 1, 31);
INSERT INTO PlantedIn (flowerbedID, plantID, percentage, planterID) VALUES (288, 399, 3, 105);
INSERT INTO PlantedIn (flowerbedID, plantID, percentage, planterID) VALUES (127, 1058, 1, 63);
INSERT INTO PlantedIn (flowerbedID, plantID, percentage, planterID) VALUES (277, 3003, 2, 141);
INSERT INTO PlantedIn (flowerbedID, plantID, percentage, planterID) VALUES (250, 3777, 2, 79);
INSERT INTO PlantedIn (flowerbedID, plantID, percentage, planterID) VALUES (88, 3838, 2, 75);
INSERT INTO PlantedIn (flowerbedID, plantID, percentage, planterID) VALUES (209, 3648, 3, 36);
INSERT INTO PlantedIn (flowerbedID, plantID, percentage, planterID) VALUES (4, 69, 2, 77);
INSERT INTO PlantedIn (flowerbedID, plantID, percentage, planterID) VALUES (207, 2409, 3, 56);
INSERT INTO PlantedIn (flowerbedID, plantID, percentage, planterID) VALUES (218, 3593, 1, 61);
INSERT INTO PlantedIn (flowerbedID, plantID, percentage, planterID) VALUES (61, 2743, 1, 32);
INSERT INTO PlantedIn (flowerbedID, plantID, percentage, planterID) VALUES (146, 17, 2, 81);
INSERT INTO PlantedIn (flowerbedID, plantID, percentage, planterID) VALUES (294, 3568, 2, 115);
INSERT INTO PlantedIn (flowerbedID, plantID, percentage, planterID) VALUES (274, 400, 3, 113);
INSERT INTO PlantedIn (flowerbedID, plantID, percentage, planterID) VALUES (15, 3323, 1, 45);
INSERT INTO PlantedIn (flowerbedID, plantID, percentage, planterID) VALUES (263, 2726, 3, 57);
INSERT INTO PlantedIn (flowerbedID, plantID, percentage, planterID) VALUES (99, 2524, 1, 38);
INSERT INTO PlantedIn (flowerbedID, plantID, percentage, planterID) VALUES (175, 2192, 4, 36);
INSERT INTO PlantedIn (flowerbedID, plantID, percentage, planterID) VALUES (83, 1510, 4, 158);
INSERT INTO PlantedIn (flowerbedID, plantID, percentage, planterID) VALUES (119, 1481, 2, 15);
INSERT INTO PlantedIn (flowerbedID, plantID, percentage, planterID) VALUES (92, 2900, 1, 112);
INSERT INTO PlantedIn (flowerbedID, plantID, percentage, planterID) VALUES (256, 1187, 4, 144);
INSERT INTO PlantedIn (flowerbedID, plantID, percentage, planterID) VALUES (240, 1123, 1, 106);
INSERT INTO PlantedIn (flowerbedID, plantID, percentage, planterID) VALUES (283, 3209, 3, 32);
INSERT INTO PlantedIn (flowerbedID, plantID, percentage, planterID) VALUES (119, 1497, 3, 54);
INSERT INTO PlantedIn (flowerbedID, plantID, percentage, planterID) VALUES (233, 874, 1, 76);
INSERT INTO PlantedIn (flowerbedID, plantID, percentage, planterID) VALUES (183, 2006, 4, 95);
INSERT INTO PlantedIn (flowerbedID, plantID, percentage, planterID) VALUES (81, 772, 1, 24);
INSERT INTO PlantedIn (flowerbedID, plantID, percentage, planterID) VALUES (152, 3757, 3, 5);
INSERT INTO PlantedIn (flowerbedID, plantID, percentage, planterID) VALUES (20, 3806, 4, 124);
INSERT INTO PlantedIn (flowerbedID, plantID, percentage, planterID) VALUES (48, 683, 3, 128);
INSERT INTO PlantedIn (flowerbedID, plantID, percentage, planterID) VALUES (169, 213, 2, 40);
INSERT INTO PlantedIn (flowerbedID, plantID, percentage, planterID) VALUES (84, 2575, 4, 89);
INSERT INTO PlantedIn (flowerbedID, plantID, percentage, planterID) VALUES (56, 241, 2, 139);
INSERT INTO PlantedIn (flowerbedID, plantID, percentage, planterID) VALUES (79, 3639, 4, 100);
INSERT INTO PlantedIn (flowerbedID, plantID, percentage, planterID) VALUES (274, 2322, 4, 76);
INSERT INTO PlantedIn (flowerbedID, plantID, percentage, planterID) VALUES (175, 614, 4, 146);
INSERT INTO PlantedIn (flowerbedID, plantID, percentage, planterID) VALUES (146, 3246, 3, 14);
INSERT INTO PlantedIn (flowerbedID, plantID, percentage, planterID) VALUES (5, 3177, 3, 36);
INSERT INTO PlantedIn (flowerbedID, plantID, percentage, planterID) VALUES (263, 1676, 1, 159);
INSERT INTO PlantedIn (flowerbedID, plantID, percentage, planterID) VALUES (30, 1679, 2, 9);
INSERT INTO PlantedIn (flowerbedID, plantID, percentage, planterID) VALUES (149, 3294, 4, 127);
INSERT INTO PlantedIn (flowerbedID, plantID, percentage, planterID) VALUES (238, 1218, 3, 91);
INSERT INTO PlantedIn (flowerbedID, plantID, percentage, planterID) VALUES (274, 3743, 3, 119);
INSERT INTO PlantedIn (flowerbedID, plantID, percentage, planterID) VALUES (39, 2058, 3, 63);
INSERT INTO PlantedIn (flowerbedID, plantID, percentage, planterID) VALUES (140, 3741, 4, 24);
INSERT INTO PlantedIn (flowerbedID, plantID, percentage, planterID) VALUES (103, 1096, 1, 141);
INSERT INTO PlantedIn (flowerbedID, plantID, percentage, planterID) VALUES (32, 2684, 1, 44);
INSERT INTO PlantedIn (flowerbedID, plantID, percentage, planterID) VALUES (114, 2910, 4, 35);
INSERT INTO PlantedIn (flowerbedID, plantID, percentage, planterID) VALUES (34, 3154, 3, 50);
INSERT INTO PlantedIn (flowerbedID, plantID, percentage, planterID) VALUES (24, 2604, 3, 140);
INSERT INTO PlantedIn (flowerbedID, plantID, percentage, planterID) VALUES (73, 1715, 3, 147);
INSERT INTO PlantedIn (flowerbedID, plantID, percentage, planterID) VALUES (218, 2600, 3, 134);
INSERT INTO PlantedIn (flowerbedID, plantID, percentage, planterID) VALUES (75, 2961, 2, 15);
INSERT INTO PlantedIn (flowerbedID, plantID, percentage, planterID) VALUES (138, 1304, 4, 74);
INSERT INTO PlantedIn (flowerbedID, plantID, percentage, planterID) VALUES (27, 2435, 1, 130);
INSERT INTO PlantedIn (flowerbedID, plantID, percentage, planterID) VALUES (134, 156, 3, 130);
INSERT INTO PlantedIn (flowerbedID, plantID, percentage, planterID) VALUES (214, 2191, 2, 12);
INSERT INTO PlantedIn (flowerbedID, plantID, percentage, planterID) VALUES (155, 1986, 4, 153);
INSERT INTO PlantedIn (flowerbedID, plantID, percentage, planterID) VALUES (287, 2855, 3, 60);
INSERT INTO PlantedIn (flowerbedID, plantID, percentage, planterID) VALUES (123, 474, 3, 75);
INSERT INTO PlantedIn (flowerbedID, plantID, percentage, planterID) VALUES (266, 2002, 2, 4);
INSERT INTO PlantedIn (flowerbedID, plantID, percentage, planterID) VALUES (23, 3653, 3, 26);
INSERT INTO PlantedIn (flowerbedID, plantID, percentage, planterID) VALUES (295, 3491, 3, 9);
INSERT INTO PlantedIn (flowerbedID, plantID, percentage, planterID) VALUES (141, 451, 4, 10);
INSERT INTO PlantedIn (flowerbedID, plantID, percentage, planterID) VALUES (189, 3635, 3, 129);
INSERT INTO PlantedIn (flowerbedID, plantID, percentage, planterID) VALUES (204, 342, 1, 47);
INSERT INTO PlantedIn (flowerbedID, plantID, percentage, planterID) VALUES (64, 2725, 1, 130);
INSERT INTO PlantedIn (flowerbedID, plantID, percentage, planterID) VALUES (67, 2974, 1, 78);
INSERT INTO PlantedIn (flowerbedID, plantID, percentage, planterID) VALUES (65, 2470, 2, 4);
INSERT INTO PlantedIn (flowerbedID, plantID, percentage, planterID) VALUES (175, 662, 3, 141);
INSERT INTO PlantedIn (flowerbedID, plantID, percentage, planterID) VALUES (23, 3337, 3, 47);
INSERT INTO PlantedIn (flowerbedID, plantID, percentage, planterID) VALUES (293, 1253, 3, 92);
INSERT INTO PlantedIn (flowerbedID, plantID, percentage, planterID) VALUES (80, 1061, 4, 35);
INSERT INTO PlantedIn (flowerbedID, plantID, percentage, planterID) VALUES (109, 1817, 3, 6);
INSERT INTO PlantedIn (flowerbedID, plantID, percentage, planterID) VALUES (53, 3035, 2, 116);
INSERT INTO PlantedIn (flowerbedID, plantID, percentage, planterID) VALUES (166, 472, 4, 82);
INSERT INTO PlantedIn (flowerbedID, plantID, percentage, planterID) VALUES (228, 1928, 2, 12);
INSERT INTO PlantedIn (flowerbedID, plantID, percentage, planterID) VALUES (201, 3402, 3, 158);
INSERT INTO PlantedIn (flowerbedID, plantID, percentage, planterID) VALUES (223, 710, 3, 50);
INSERT INTO PlantedIn (flowerbedID, plantID, percentage, planterID) VALUES (152, 3164, 4, 58);
INSERT INTO PlantedIn (flowerbedID, plantID, percentage, planterID) VALUES (28, 2055, 2, 124);
INSERT INTO PlantedIn (flowerbedID, plantID, percentage, planterID) VALUES (1, 2896, 1, 6);
INSERT INTO PlantedIn (flowerbedID, plantID, percentage, planterID) VALUES (160, 2716, 1, 99);
INSERT INTO PlantedIn (flowerbedID, plantID, percentage, planterID) VALUES (247, 193, 3, 148);
INSERT INTO PlantedIn (flowerbedID, plantID, percentage, planterID) VALUES (164, 3571, 1, 161);
INSERT INTO PlantedIn (flowerbedID, plantID, percentage, planterID) VALUES (9, 971, 3, 47);
INSERT INTO PlantedIn (flowerbedID, plantID, percentage, planterID) VALUES (21, 2337, 1, 53);
INSERT INTO PlantedIn (flowerbedID, plantID, percentage, planterID) VALUES (41, 92, 1, 107);
INSERT INTO PlantedIn (flowerbedID, plantID, percentage, planterID) VALUES (232, 2502, 2, 54);
INSERT INTO PlantedIn (flowerbedID, plantID, percentage, planterID) VALUES (105, 3432, 1, 69);
INSERT INTO PlantedIn (flowerbedID, plantID, percentage, planterID) VALUES (281, 987, 2, 131);
INSERT INTO PlantedIn (flowerbedID, plantID, percentage, planterID) VALUES (54, 2667, 4, 122);
INSERT INTO PlantedIn (flowerbedID, plantID, percentage, planterID) VALUES (160, 2579, 3, 92);
INSERT INTO PlantedIn (flowerbedID, plantID, percentage, planterID) VALUES (275, 3098, 4, 17);
INSERT INTO PlantedIn (flowerbedID, plantID, percentage, planterID) VALUES (122, 1573, 3, 26);
INSERT INTO PlantedIn (flowerbedID, plantID, percentage, planterID) VALUES (129, 2971, 1, 117);
INSERT INTO PlantedIn (flowerbedID, plantID, percentage, planterID) VALUES (125, 3838, 4, 88);
INSERT INTO PlantedIn (flowerbedID, plantID, percentage, planterID) VALUES (264, 3501, 4, 162);
INSERT INTO PlantedIn (flowerbedID, plantID, percentage, planterID) VALUES (49, 2705, 2, 53);
INSERT INTO PlantedIn (flowerbedID, plantID, percentage, planterID) VALUES (117, 33, 4, 56);
INSERT INTO PlantedIn (flowerbedID, plantID, percentage, planterID) VALUES (202, 3301, 3, 84);
INSERT INTO PlantedIn (flowerbedID, plantID, percentage, planterID) VALUES (196, 2266, 1, 101);
INSERT INTO PlantedIn (flowerbedID, plantID, percentage, planterID) VALUES (297, 2830, 2, 104);
INSERT INTO PlantedIn (flowerbedID, plantID, percentage, planterID) VALUES (150, 1092, 4, 108);
INSERT INTO PlantedIn (flowerbedID, plantID, percentage, planterID) VALUES (83, 528, 1, 118);
INSERT INTO PlantedIn (flowerbedID, plantID, percentage, planterID) VALUES (97, 1076, 3, 94);
INSERT INTO PlantedIn (flowerbedID, plantID, percentage, planterID) VALUES (86, 3349, 4, 110);
INSERT INTO PlantedIn (flowerbedID, plantID, percentage, planterID) VALUES (216, 477, 2, 96);
INSERT INTO PlantedIn (flowerbedID, plantID, percentage, planterID) VALUES (213, 533, 3, 76);
INSERT INTO PlantedIn (flowerbedID, plantID, percentage, planterID) VALUES (261, 155, 2, 22);
INSERT INTO PlantedIn (flowerbedID, plantID, percentage, planterID) VALUES (97, 2909, 3, 50);
INSERT INTO PlantedIn (flowerbedID, plantID, percentage, planterID) VALUES (218, 521, 1, 158);
INSERT INTO PlantedIn (flowerbedID, plantID, percentage, planterID) VALUES (203, 2414, 3, 51);
INSERT INTO PlantedIn (flowerbedID, plantID, percentage, planterID) VALUES (78, 987, 2, 46);
INSERT INTO PlantedIn (flowerbedID, plantID, percentage, planterID) VALUES (238, 3165, 4, 21);
INSERT INTO PlantedIn (flowerbedID, plantID, percentage, planterID) VALUES (57, 1698, 2, 116);
INSERT INTO PlantedIn (flowerbedID, plantID, percentage, planterID) VALUES (12, 2178, 4, 77);
INSERT INTO PlantedIn (flowerbedID, plantID, percentage, planterID) VALUES (284, 2027, 3, 53);
INSERT INTO PlantedIn (flowerbedID, plantID, percentage, planterID) VALUES (245, 3292, 1, 144);
INSERT INTO PlantedIn (flowerbedID, plantID, percentage, planterID) VALUES (35, 839, 4, 152);
INSERT INTO PlantedIn (flowerbedID, plantID, percentage, planterID) VALUES (93, 3218, 1, 144);
INSERT INTO PlantedIn (flowerbedID, plantID, percentage, planterID) VALUES (210, 1223, 2, 74);
INSERT INTO PlantedIn (flowerbedID, plantID, percentage, planterID) VALUES (228, 839, 4, 131);
INSERT INTO PlantedIn (flowerbedID, plantID, percentage, planterID) VALUES (220, 1506, 2, 129);
INSERT INTO PlantedIn (flowerbedID, plantID, percentage, planterID) VALUES (209, 1231, 3, 14);
INSERT INTO PlantedIn (flowerbedID, plantID, percentage, planterID) VALUES (46, 575, 2, 115);
INSERT INTO PlantedIn (flowerbedID, plantID, percentage, planterID) VALUES (10, 1627, 4, 117);
INSERT INTO PlantedIn (flowerbedID, plantID, percentage, planterID) VALUES (77, 3031, 1, 89);
INSERT INTO PlantedIn (flowerbedID, plantID, percentage, planterID) VALUES (7, 3008, 1, 75);
INSERT INTO PlantedIn (flowerbedID, plantID, percentage, planterID) VALUES (292, 897, 2, 108);
INSERT INTO PlantedIn (flowerbedID, plantID, percentage, planterID) VALUES (93, 668, 2, 77);
INSERT INTO PlantedIn (flowerbedID, plantID, percentage, planterID) VALUES (106, 1982, 4, 48);
INSERT INTO PlantedIn (flowerbedID, plantID, percentage, planterID) VALUES (215, 341, 2, 39);
INSERT INTO PlantedIn (flowerbedID, plantID, percentage, planterID) VALUES (180, 3472, 2, 58);
INSERT INTO PlantedIn (flowerbedID, plantID, percentage, planterID) VALUES (100, 2200, 3, 158);
INSERT INTO PlantedIn (flowerbedID, plantID, percentage, planterID) VALUES (162, 3267, 4, 93);
INSERT INTO PlantedIn (flowerbedID, plantID, percentage, planterID) VALUES (141, 3216, 3, 15);
INSERT INTO PlantedIn (flowerbedID, plantID, percentage, planterID) VALUES (83, 2085, 1, 83);
INSERT INTO PlantedIn (flowerbedID, plantID, percentage, planterID) VALUES (9, 2854, 2, 101);
INSERT INTO PlantedIn (flowerbedID, plantID, percentage, planterID) VALUES (76, 3326, 4, 44);
INSERT INTO PlantedIn (flowerbedID, plantID, percentage, planterID) VALUES (284, 1849, 3, 49);
INSERT INTO PlantedIn (flowerbedID, plantID, percentage, planterID) VALUES (113, 2362, 3, 160);
INSERT INTO PlantedIn (flowerbedID, plantID, percentage, planterID) VALUES (242, 1916, 3, 28);
INSERT INTO PlantedIn (flowerbedID, plantID, percentage, planterID) VALUES (173, 3110, 1, 158);
INSERT INTO PlantedIn (flowerbedID, plantID, percentage, planterID) VALUES (86, 35, 1, 26);
INSERT INTO PlantedIn (flowerbedID, plantID, percentage, planterID) VALUES (178, 2043, 2, 48);
INSERT INTO PlantedIn (flowerbedID, plantID, percentage, planterID) VALUES (234, 934, 2, 70);
INSERT INTO PlantedIn (flowerbedID, plantID, percentage, planterID) VALUES (156, 3678, 1, 110);
INSERT INTO PlantedIn (flowerbedID, plantID, percentage, planterID) VALUES (264, 1330, 3, 54);
INSERT INTO PlantedIn (flowerbedID, plantID, percentage, planterID) VALUES (184, 132, 2, 73);
INSERT INTO PlantedIn (flowerbedID, plantID, percentage, planterID) VALUES (159, 2252, 1, 11);
INSERT INTO PlantedIn (flowerbedID, plantID, percentage, planterID) VALUES (116, 3790, 3, 39);
INSERT INTO PlantedIn (flowerbedID, plantID, percentage, planterID) VALUES (290, 136, 1, 117);
INSERT INTO PlantedIn (flowerbedID, plantID, percentage, planterID) VALUES (131, 3628, 2, 126);
INSERT INTO PlantedIn (flowerbedID, plantID, percentage, planterID) VALUES (172, 3333, 4, 47);
INSERT INTO PlantedIn (flowerbedID, plantID, percentage, planterID) VALUES (53, 3854, 1, 92);
INSERT INTO PlantedIn (flowerbedID, plantID, percentage, planterID) VALUES (125, 3693, 1, 127);
INSERT INTO PlantedIn (flowerbedID, plantID, percentage, planterID) VALUES (18, 3820, 4, 76);
INSERT INTO PlantedIn (flowerbedID, plantID, percentage, planterID) VALUES (171, 1303, 3, 124);
INSERT INTO PlantedIn (flowerbedID, plantID, percentage, planterID) VALUES (5, 3593, 4, 8);
INSERT INTO PlantedIn (flowerbedID, plantID, percentage, planterID) VALUES (198, 1661, 3, 92);
INSERT INTO PlantedIn (flowerbedID, plantID, percentage, planterID) VALUES (209, 1731, 3, 120);
INSERT INTO PlantedIn (flowerbedID, plantID, percentage, planterID) VALUES (294, 3496, 4, 20);
INSERT INTO PlantedIn (flowerbedID, plantID, percentage, planterID) VALUES (150, 3684, 3, 96);
INSERT INTO PlantedIn (flowerbedID, plantID, percentage, planterID) VALUES (282, 3845, 3, 54);
INSERT INTO PlantedIn (flowerbedID, plantID, percentage, planterID) VALUES (100, 123, 2, 21);
INSERT INTO PlantedIn (flowerbedID, plantID, percentage, planterID) VALUES (288, 611, 3, 53);
INSERT INTO PlantedIn (flowerbedID, plantID, percentage, planterID) VALUES (176, 3219, 2, 25);
INSERT INTO PlantedIn (flowerbedID, plantID, percentage, planterID) VALUES (223, 365, 2, 34);
INSERT INTO PlantedIn (flowerbedID, plantID, percentage, planterID) VALUES (62, 583, 3, 151);
INSERT INTO PlantedIn (flowerbedID, plantID, percentage, planterID) VALUES (32, 1657, 1, 46);
INSERT INTO PlantedIn (flowerbedID, plantID, percentage, planterID) VALUES (127, 2233, 4, 96);
INSERT INTO PlantedIn (flowerbedID, plantID, percentage, planterID) VALUES (183, 2601, 3, 18);
INSERT INTO PlantedIn (flowerbedID, plantID, percentage, planterID) VALUES (72, 1292, 3, 122);
INSERT INTO PlantedIn (flowerbedID, plantID, percentage, planterID) VALUES (52, 2650, 4, 135);
INSERT INTO PlantedIn (flowerbedID, plantID, percentage, planterID) VALUES (234, 3776, 4, 53);
INSERT INTO PlantedIn (flowerbedID, plantID, percentage, planterID) VALUES (39, 678, 1, 120);
INSERT INTO PlantedIn (flowerbedID, plantID, percentage, planterID) VALUES (181, 3714, 1, 48);
INSERT INTO PlantedIn (flowerbedID, plantID, percentage, planterID) VALUES (161, 3220, 1, 135);
INSERT INTO PlantedIn (flowerbedID, plantID, percentage, planterID) VALUES (152, 3422, 2, 124);
INSERT INTO PlantedIn (flowerbedID, plantID, percentage, planterID) VALUES (88, 3515, 3, 130);
INSERT INTO PlantedIn (flowerbedID, plantID, percentage, planterID) VALUES (73, 1774, 2, 9);
INSERT INTO PlantedIn (flowerbedID, plantID, percentage, planterID) VALUES (44, 3210, 4, 58);
INSERT INTO PlantedIn (flowerbedID, plantID, percentage, planterID) VALUES (242, 2459, 4, 157);
INSERT INTO PlantedIn (flowerbedID, plantID, percentage, planterID) VALUES (133, 1710, 2, 19);
INSERT INTO PlantedIn (flowerbedID, plantID, percentage, planterID) VALUES (68, 979, 1, 135);
INSERT INTO PlantedIn (flowerbedID, plantID, percentage, planterID) VALUES (291, 456, 4, 70);
INSERT INTO PlantedIn (flowerbedID, plantID, percentage, planterID) VALUES (261, 3603, 2, 22);
INSERT INTO PlantedIn (flowerbedID, plantID, percentage, planterID) VALUES (294, 2091, 4, 82);
INSERT INTO PlantedIn (flowerbedID, plantID, percentage, planterID) VALUES (262, 1549, 3, 107);
INSERT INTO PlantedIn (flowerbedID, plantID, percentage, planterID) VALUES (94, 2143, 4, 56);
INSERT INTO PlantedIn (flowerbedID, plantID, percentage, planterID) VALUES (216, 2849, 1, 84);
INSERT INTO PlantedIn (flowerbedID, plantID, percentage, planterID) VALUES (66, 1984, 2, 141);
INSERT INTO PlantedIn (flowerbedID, plantID, percentage, planterID) VALUES (274, 2693, 4, 37);
INSERT INTO PlantedIn (flowerbedID, plantID, percentage, planterID) VALUES (246, 2097, 2, 143);
INSERT INTO PlantedIn (flowerbedID, plantID, percentage, planterID) VALUES (224, 2828, 1, 141);
INSERT INTO PlantedIn (flowerbedID, plantID, percentage, planterID) VALUES (195, 2073, 1, 139);
INSERT INTO PlantedIn (flowerbedID, plantID, percentage, planterID) VALUES (210, 3808, 1, 126);
INSERT INTO PlantedIn (flowerbedID, plantID, percentage, planterID) VALUES (117, 2216, 4, 62);
INSERT INTO PlantedIn (flowerbedID, plantID, percentage, planterID) VALUES (117, 2696, 1, 141);
INSERT INTO PlantedIn (flowerbedID, plantID, percentage, planterID) VALUES (272, 2564, 2, 156);
INSERT INTO PlantedIn (flowerbedID, plantID, percentage, planterID) VALUES (148, 1037, 1, 81);
INSERT INTO PlantedIn (flowerbedID, plantID, percentage, planterID) VALUES (151, 3435, 2, 68);
INSERT INTO PlantedIn (flowerbedID, plantID, percentage, planterID) VALUES (186, 812, 2, 55);
INSERT INTO PlantedIn (flowerbedID, plantID, percentage, planterID) VALUES (224, 483, 2, 71);
INSERT INTO PlantedIn (flowerbedID, plantID, percentage, planterID) VALUES (212, 3647, 1, 69);
INSERT INTO PlantedIn (flowerbedID, plantID, percentage, planterID) VALUES (192, 841, 3, 32);
INSERT INTO PlantedIn (flowerbedID, plantID, percentage, planterID) VALUES (108, 1815, 4, 88);
INSERT INTO PlantedIn (flowerbedID, plantID, percentage, planterID) VALUES (108, 3482, 4, 20);
INSERT INTO PlantedIn (flowerbedID, plantID, percentage, planterID) VALUES (34, 1673, 4, 43);
INSERT INTO PlantedIn (flowerbedID, plantID, percentage, planterID) VALUES (167, 2536, 3, 52);
INSERT INTO PlantedIn (flowerbedID, plantID, percentage, planterID) VALUES (237, 3426, 2, 29);
INSERT INTO PlantedIn (flowerbedID, plantID, percentage, planterID) VALUES (249, 2193, 2, 103);
INSERT INTO PlantedIn (flowerbedID, plantID, percentage, planterID) VALUES (235, 3021, 3, 4);
INSERT INTO PlantedIn (flowerbedID, plantID, percentage, planterID) VALUES (261, 76, 1, 7);
INSERT INTO PlantedIn (flowerbedID, plantID, percentage, planterID) VALUES (147, 2106, 4, 17);
INSERT INTO PlantedIn (flowerbedID, plantID, percentage, planterID) VALUES (134, 800, 3, 142);
INSERT INTO PlantedIn (flowerbedID, plantID, percentage, planterID) VALUES (192, 288, 1, 71);
INSERT INTO PlantedIn (flowerbedID, plantID, percentage, planterID) VALUES (219, 2764, 3, 149);
INSERT INTO PlantedIn (flowerbedID, plantID, percentage, planterID) VALUES (180, 120, 2, 4);
INSERT INTO PlantedIn (flowerbedID, plantID, percentage, planterID) VALUES (179, 2392, 2, 156);
INSERT INTO PlantedIn (flowerbedID, plantID, percentage, planterID) VALUES (120, 3560, 2, 9);
INSERT INTO PlantedIn (flowerbedID, plantID, percentage, planterID) VALUES (282, 336, 2, 87);
INSERT INTO PlantedIn (flowerbedID, plantID, percentage, planterID) VALUES (189, 2305, 1, 48);
INSERT INTO PlantedIn (flowerbedID, plantID, percentage, planterID) VALUES (241, 395, 2, 109);
INSERT INTO PlantedIn (flowerbedID, plantID, percentage, planterID) VALUES (53, 179, 4, 111);
INSERT INTO PlantedIn (flowerbedID, plantID, percentage, planterID) VALUES (228, 1949, 2, 74);
INSERT INTO PlantedIn (flowerbedID, plantID, percentage, planterID) VALUES (160, 1737, 1, 137);
INSERT INTO PlantedIn (flowerbedID, plantID, percentage, planterID) VALUES (21, 2685, 2, 89);
INSERT INTO PlantedIn (flowerbedID, plantID, percentage, planterID) VALUES (185, 2181, 3, 128);
INSERT INTO PlantedIn (flowerbedID, plantID, percentage, planterID) VALUES (298, 330, 1, 93);
INSERT INTO PlantedIn (flowerbedID, plantID, percentage, planterID) VALUES (217, 1729, 1, 138);
INSERT INTO PlantedIn (flowerbedID, plantID, percentage, planterID) VALUES (262, 631, 2, 132);
INSERT INTO PlantedIn (flowerbedID, plantID, percentage, planterID) VALUES (286, 3468, 3, 68);
INSERT INTO PlantedIn (flowerbedID, plantID, percentage, planterID) VALUES (124, 3326, 4, 46);
INSERT INTO PlantedIn (flowerbedID, plantID, percentage, planterID) VALUES (180, 3181, 4, 109);
INSERT INTO PlantedIn (flowerbedID, plantID, percentage, planterID) VALUES (242, 3522, 1, 118);
INSERT INTO PlantedIn (flowerbedID, plantID, percentage, planterID) VALUES (82, 1260, 2, 75);
INSERT INTO PlantedIn (flowerbedID, plantID, percentage, planterID) VALUES (123, 3773, 1, 53);
INSERT INTO PlantedIn (flowerbedID, plantID, percentage, planterID) VALUES (127, 405, 2, 63);
INSERT INTO PlantedIn (flowerbedID, plantID, percentage, planterID) VALUES (81, 498, 1, 108);
INSERT INTO PlantedIn (flowerbedID, plantID, percentage, planterID) VALUES (8, 59, 2, 151);
INSERT INTO PlantedIn (flowerbedID, plantID, percentage, planterID) VALUES (262, 549, 2, 72);
INSERT INTO PlantedIn (flowerbedID, plantID, percentage, planterID) VALUES (289, 173, 4, 56);
INSERT INTO PlantedIn (flowerbedID, plantID, percentage, planterID) VALUES (286, 12, 1, 146);
INSERT INTO PlantedIn (flowerbedID, plantID, percentage, planterID) VALUES (99, 1084, 3, 85);
INSERT INTO PlantedIn (flowerbedID, plantID, percentage, planterID) VALUES (77, 3073, 3, 151);
INSERT INTO PlantedIn (flowerbedID, plantID, percentage, planterID) VALUES (111, 2323, 2, 68);
INSERT INTO PlantedIn (flowerbedID, plantID, percentage, planterID) VALUES (185, 1030, 2, 144);
INSERT INTO PlantedIn (flowerbedID, plantID, percentage, planterID) VALUES (88, 1111, 2, 26);
INSERT INTO PlantedIn (flowerbedID, plantID, percentage, planterID) VALUES (87, 3834, 3, 83);
INSERT INTO PlantedIn (flowerbedID, plantID, percentage, planterID) VALUES (82, 3741, 3, 62);
INSERT INTO PlantedIn (flowerbedID, plantID, percentage, planterID) VALUES (229, 905, 3, 36);
INSERT INTO PlantedIn (flowerbedID, plantID, percentage, planterID) VALUES (142, 719, 4, 143);
INSERT INTO PlantedIn (flowerbedID, plantID, percentage, planterID) VALUES (236, 853, 2, 41);
INSERT INTO PlantedIn (flowerbedID, plantID, percentage, planterID) VALUES (146, 269, 4, 154);
INSERT INTO PlantedIn (flowerbedID, plantID, percentage, planterID) VALUES (96, 3331, 3, 47);
INSERT INTO PlantedIn (flowerbedID, plantID, percentage, planterID) VALUES (45, 1607, 2, 149);
INSERT INTO PlantedIn (flowerbedID, plantID, percentage, planterID) VALUES (122, 1315, 3, 11);
INSERT INTO PlantedIn (flowerbedID, plantID, percentage, planterID) VALUES (93, 1613, 1, 36);
INSERT INTO PlantedIn (flowerbedID, plantID, percentage, planterID) VALUES (195, 1609, 1, 127);
INSERT INTO PlantedIn (flowerbedID, plantID, percentage, planterID) VALUES (234, 787, 2, 137);
INSERT INTO PlantedIn (flowerbedID, plantID, percentage, planterID) VALUES (82, 2651, 3, 29);
INSERT INTO PlantedIn (flowerbedID, plantID, percentage, planterID) VALUES (164, 1676, 3, 36);
INSERT INTO PlantedIn (flowerbedID, plantID, percentage, planterID) VALUES (123, 753, 3, 162);
INSERT INTO PlantedIn (flowerbedID, plantID, percentage, planterID) VALUES (183, 560, 2, 136);
INSERT INTO PlantedIn (flowerbedID, plantID, percentage, planterID) VALUES (168, 2013, 1, 67);
INSERT INTO PlantedIn (flowerbedID, plantID, percentage, planterID) VALUES (168, 1327, 4, 24);
INSERT INTO PlantedIn (flowerbedID, plantID, percentage, planterID) VALUES (9, 1158, 3, 73);
INSERT INTO PlantedIn (flowerbedID, plantID, percentage, planterID) VALUES (220, 2433, 3, 48);
INSERT INTO PlantedIn (flowerbedID, plantID, percentage, planterID) VALUES (209, 1584, 1, 145);
INSERT INTO PlantedIn (flowerbedID, plantID, percentage, planterID) VALUES (181, 2998, 1, 142);
INSERT INTO PlantedIn (flowerbedID, plantID, percentage, planterID) VALUES (276, 2367, 2, 83);
INSERT INTO PlantedIn (flowerbedID, plantID, percentage, planterID) VALUES (40, 3354, 1, 111);
INSERT INTO PlantedIn (flowerbedID, plantID, percentage, planterID) VALUES (67, 756, 4, 14);
INSERT INTO PlantedIn (flowerbedID, plantID, percentage, planterID) VALUES (161, 833, 3, 106);
INSERT INTO PlantedIn (flowerbedID, plantID, percentage, planterID) VALUES (154, 145, 1, 25);
INSERT INTO PlantedIn (flowerbedID, plantID, percentage, planterID) VALUES (200, 1614, 2, 143);
INSERT INTO PlantedIn (flowerbedID, plantID, percentage, planterID) VALUES (248, 2586, 2, 82);
INSERT INTO PlantedIn (flowerbedID, plantID, percentage, planterID) VALUES (133, 1148, 2, 112);
INSERT INTO PlantedIn (flowerbedID, plantID, percentage, planterID) VALUES (272, 495, 1, 146);
INSERT INTO PlantedIn (flowerbedID, plantID, percentage, planterID) VALUES (298, 1893, 1, 45);
INSERT INTO PlantedIn (flowerbedID, plantID, percentage, planterID) VALUES (205, 1307, 1, 1);
INSERT INTO PlantedIn (flowerbedID, plantID, percentage, planterID) VALUES (166, 2371, 1, 137);
INSERT INTO PlantedIn (flowerbedID, plantID, percentage, planterID) VALUES (44, 2637, 4, 31);
INSERT INTO PlantedIn (flowerbedID, plantID, percentage, planterID) VALUES (47, 2365, 2, 45);
INSERT INTO PlantedIn (flowerbedID, plantID, percentage, planterID) VALUES (78, 2413, 2, 63);
INSERT INTO PlantedIn (flowerbedID, plantID, percentage, planterID) VALUES (141, 1556, 4, 66);
INSERT INTO PlantedIn (flowerbedID, plantID, percentage, planterID) VALUES (198, 2327, 4, 111);
INSERT INTO PlantedIn (flowerbedID, plantID, percentage, planterID) VALUES (180, 3358, 1, 95);
INSERT INTO PlantedIn (flowerbedID, plantID, percentage, planterID) VALUES (198, 2396, 3, 149);
INSERT INTO PlantedIn (flowerbedID, plantID, percentage, planterID) VALUES (259, 493, 1, 155);
INSERT INTO PlantedIn (flowerbedID, plantID, percentage, planterID) VALUES (221, 603, 4, 82);
INSERT INTO PlantedIn (flowerbedID, plantID, percentage, planterID) VALUES (234, 3216, 2, 67);
INSERT INTO PlantedIn (flowerbedID, plantID, percentage, planterID) VALUES (71, 2977, 4, 37);
INSERT INTO PlantedIn (flowerbedID, plantID, percentage, planterID) VALUES (133, 732, 1, 67);
INSERT INTO PlantedIn (flowerbedID, plantID, percentage, planterID) VALUES (17, 3785, 1, 1);
INSERT INTO PlantedIn (flowerbedID, plantID, percentage, planterID) VALUES (278, 317, 1, 18);
INSERT INTO PlantedIn (flowerbedID, plantID, percentage, planterID) VALUES (293, 479, 1, 137);
INSERT INTO PlantedIn (flowerbedID, plantID, percentage, planterID) VALUES (179, 3062, 2, 158);
INSERT INTO PlantedIn (flowerbedID, plantID, percentage, planterID) VALUES (167, 1242, 2, 40);
INSERT INTO PlantedIn (flowerbedID, plantID, percentage, planterID) VALUES (89, 3696, 2, 154);
INSERT INTO PlantedIn (flowerbedID, plantID, percentage, planterID) VALUES (102, 3703, 2, 93);
INSERT INTO PlantedIn (flowerbedID, plantID, percentage, planterID) VALUES (287, 3006, 1, 43);
INSERT INTO PlantedIn (flowerbedID, plantID, percentage, planterID) VALUES (264, 1160, 1, 4);
INSERT INTO PlantedIn (flowerbedID, plantID, percentage, planterID) VALUES (28, 591, 4, 104);
INSERT INTO PlantedIn (flowerbedID, plantID, percentage, planterID) VALUES (21, 109, 1, 11);
INSERT INTO PlantedIn (flowerbedID, plantID, percentage, planterID) VALUES (207, 50, 1, 105);
INSERT INTO PlantedIn (flowerbedID, plantID, percentage, planterID) VALUES (100, 3249, 3, 120);
INSERT INTO PlantedIn (flowerbedID, plantID, percentage, planterID) VALUES (239, 2279, 1, 20);
INSERT INTO PlantedIn (flowerbedID, plantID, percentage, planterID) VALUES (164, 2523, 3, 79);
INSERT INTO PlantedIn (flowerbedID, plantID, percentage, planterID) VALUES (129, 2714, 2, 94);
INSERT INTO PlantedIn (flowerbedID, plantID, percentage, planterID) VALUES (169, 1226, 3, 17);
INSERT INTO PlantedIn (flowerbedID, plantID, percentage, planterID) VALUES (275, 3788, 4, 135);
INSERT INTO PlantedIn (flowerbedID, plantID, percentage, planterID) VALUES (14, 65, 1, 110);
INSERT INTO PlantedIn (flowerbedID, plantID, percentage, planterID) VALUES (188, 3410, 2, 68);
INSERT INTO PlantedIn (flowerbedID, plantID, percentage, planterID) VALUES (173, 76, 1, 46);
INSERT INTO PlantedIn (flowerbedID, plantID, percentage, planterID) VALUES (40, 1544, 4, 123);
INSERT INTO PlantedIn (flowerbedID, plantID, percentage, planterID) VALUES (256, 851, 3, 38);
INSERT INTO PlantedIn (flowerbedID, plantID, percentage, planterID) VALUES (229, 2039, 2, 97);
INSERT INTO PlantedIn (flowerbedID, plantID, percentage, planterID) VALUES (253, 2531, 4, 8);
INSERT INTO PlantedIn (flowerbedID, plantID, percentage, planterID) VALUES (190, 3205, 3, 122);
INSERT INTO PlantedIn (flowerbedID, plantID, percentage, planterID) VALUES (253, 1327, 2, 127);
INSERT INTO PlantedIn (flowerbedID, plantID, percentage, planterID) VALUES (68, 486, 4, 162);
INSERT INTO PlantedIn (flowerbedID, plantID, percentage, planterID) VALUES (180, 2648, 2, 11);
INSERT INTO PlantedIn (flowerbedID, plantID, percentage, planterID) VALUES (271, 1080, 3, 3);
INSERT INTO PlantedIn (flowerbedID, plantID, percentage, planterID) VALUES (68, 172, 4, 72);
INSERT INTO PlantedIn (flowerbedID, plantID, percentage, planterID) VALUES (262, 468, 3, 93);
INSERT INTO PlantedIn (flowerbedID, plantID, percentage, planterID) VALUES (120, 496, 3, 85);
INSERT INTO PlantedIn (flowerbedID, plantID, percentage, planterID) VALUES (99, 1789, 4, 142);
INSERT INTO PlantedIn (flowerbedID, plantID, percentage, planterID) VALUES (45, 3429, 1, 66);
INSERT INTO PlantedIn (flowerbedID, plantID, percentage, planterID) VALUES (50, 1520, 4, 125);
INSERT INTO PlantedIn (flowerbedID, plantID, percentage, planterID) VALUES (289, 2791, 1, 108);
INSERT INTO PlantedIn (flowerbedID, plantID, percentage, planterID) VALUES (230, 147, 3, 10);
INSERT INTO PlantedIn (flowerbedID, plantID, percentage, planterID) VALUES (48, 2290, 3, 62);
INSERT INTO PlantedIn (flowerbedID, plantID, percentage, planterID) VALUES (260, 2129, 2, 54);
INSERT INTO PlantedIn (flowerbedID, plantID, percentage, planterID) VALUES (204, 3112, 1, 140);
INSERT INTO PlantedIn (flowerbedID, plantID, percentage, planterID) VALUES (81, 2459, 2, 161);
INSERT INTO PlantedIn (flowerbedID, plantID, percentage, planterID) VALUES (157, 1216, 3, 81);
INSERT INTO PlantedIn (flowerbedID, plantID, percentage, planterID) VALUES (212, 739, 3, 114);
INSERT INTO PlantedIn (flowerbedID, plantID, percentage, planterID) VALUES (274, 1111, 3, 149);
INSERT INTO PlantedIn (flowerbedID, plantID, percentage, planterID) VALUES (98, 3544, 2, 56);
INSERT INTO PlantedIn (flowerbedID, plantID, percentage, planterID) VALUES (153, 2628, 2, 19);
INSERT INTO PlantedIn (flowerbedID, plantID, percentage, planterID) VALUES (69, 1621, 4, 111);
INSERT INTO PlantedIn (flowerbedID, plantID, percentage, planterID) VALUES (68, 1764, 2, 158);
INSERT INTO PlantedIn (flowerbedID, plantID, percentage, planterID) VALUES (28, 3285, 3, 157);
INSERT INTO PlantedIn (flowerbedID, plantID, percentage, planterID) VALUES (50, 1453, 4, 53);
INSERT INTO PlantedIn (flowerbedID, plantID, percentage, planterID) VALUES (170, 3741, 2, 94);
INSERT INTO PlantedIn (flowerbedID, plantID, percentage, planterID) VALUES (77, 1579, 3, 28);
INSERT INTO PlantedIn (flowerbedID, plantID, percentage, planterID) VALUES (98, 1855, 4, 12);
INSERT INTO PlantedIn (flowerbedID, plantID, percentage, planterID) VALUES (48, 661, 2, 37);
INSERT INTO PlantedIn (flowerbedID, plantID, percentage, planterID) VALUES (65, 1186, 1, 70);
INSERT INTO PlantedIn (flowerbedID, plantID, percentage, planterID) VALUES (65, 70, 3, 40);
INSERT INTO PlantedIn (flowerbedID, plantID, percentage, planterID) VALUES (97, 398, 2, 28);
INSERT INTO PlantedIn (flowerbedID, plantID, percentage, planterID) VALUES (194, 2464, 1, 94);
INSERT INTO PlantedIn (flowerbedID, plantID, percentage, planterID) VALUES (239, 487, 2, 66);
INSERT INTO PlantedIn (flowerbedID, plantID, percentage, planterID) VALUES (57, 831, 2, 76);
INSERT INTO PlantedIn (flowerbedID, plantID, percentage, planterID) VALUES (39, 2959, 2, 102);
INSERT INTO PlantedIn (flowerbedID, plantID, percentage, planterID) VALUES (22, 3833, 2, 71);
INSERT INTO PlantedIn (flowerbedID, plantID, percentage, planterID) VALUES (3, 2478, 2, 151);
INSERT INTO PlantedIn (flowerbedID, plantID, percentage, planterID) VALUES (223, 134, 2, 108);
INSERT INTO PlantedIn (flowerbedID, plantID, percentage, planterID) VALUES (201, 654, 2, 77);
INSERT INTO PlantedIn (flowerbedID, plantID, percentage, planterID) VALUES (89, 3197, 2, 129);
INSERT INTO PlantedIn (flowerbedID, plantID, percentage, planterID) VALUES (13, 709, 2, 146);
INSERT INTO PlantedIn (flowerbedID, plantID, percentage, planterID) VALUES (4, 3077, 1, 129);
INSERT INTO PlantedIn (flowerbedID, plantID, percentage, planterID) VALUES (168, 1296, 3, 83);
INSERT INTO PlantedIn (flowerbedID, plantID, percentage, planterID) VALUES (98, 3450, 2, 159);
INSERT INTO PlantedIn (flowerbedID, plantID, percentage, planterID) VALUES (160, 3085, 2, 116);
INSERT INTO PlantedIn (flowerbedID, plantID, percentage, planterID) VALUES (249, 1132, 3, 115);
INSERT INTO PlantedIn (flowerbedID, plantID, percentage, planterID) VALUES (282, 2782, 4, 42);
INSERT INTO PlantedIn (flowerbedID, plantID, percentage, planterID) VALUES (271, 334, 4, 78);
INSERT INTO PlantedIn (flowerbedID, plantID, percentage, planterID) VALUES (264, 760, 2, 9);
INSERT INTO PlantedIn (flowerbedID, plantID, percentage, planterID) VALUES (160, 2064, 4, 14);
INSERT INTO PlantedIn (flowerbedID, plantID, percentage, planterID) VALUES (128, 3861, 4, 34);
INSERT INTO PlantedIn (flowerbedID, plantID, percentage, planterID) VALUES (239, 3343, 3, 41);
INSERT INTO PlantedIn (flowerbedID, plantID, percentage, planterID) VALUES (48, 3501, 3, 23);
INSERT INTO PlantedIn (flowerbedID, plantID, percentage, planterID) VALUES (7, 413, 4, 65);
INSERT INTO PlantedIn (flowerbedID, plantID, percentage, planterID) VALUES (211, 1533, 3, 111);
INSERT INTO PlantedIn (flowerbedID, plantID, percentage, planterID) VALUES (178, 2688, 1, 6);
INSERT INTO PlantedIn (flowerbedID, plantID, percentage, planterID) VALUES (32, 694, 4, 106);
INSERT INTO PlantedIn (flowerbedID, plantID, percentage, planterID) VALUES (14, 3298, 1, 92);
INSERT INTO PlantedIn (flowerbedID, plantID, percentage, planterID) VALUES (227, 2574, 4, 142);
INSERT INTO PlantedIn (flowerbedID, plantID, percentage, planterID) VALUES (232, 762, 3, 128);
INSERT INTO PlantedIn (flowerbedID, plantID, percentage, planterID) VALUES (244, 2659, 3, 57);
INSERT INTO PlantedIn (flowerbedID, plantID, percentage, planterID) VALUES (26, 3757, 3, 18);
INSERT INTO PlantedIn (flowerbedID, plantID, percentage, planterID) VALUES (200, 513, 4, 139);
INSERT INTO PlantedIn (flowerbedID, plantID, percentage, planterID) VALUES (72, 3040, 2, 95);
INSERT INTO PlantedIn (flowerbedID, plantID, percentage, planterID) VALUES (289, 650, 1, 43);
INSERT INTO PlantedIn (flowerbedID, plantID, percentage, planterID) VALUES (7, 3023, 4, 37);
INSERT INTO PlantedIn (flowerbedID, plantID, percentage, planterID) VALUES (134, 129, 1, 97);
INSERT INTO PlantedIn (flowerbedID, plantID, percentage, planterID) VALUES (69, 1165, 1, 141);
INSERT INTO PlantedIn (flowerbedID, plantID, percentage, planterID) VALUES (166, 2645, 2, 7);
INSERT INTO PlantedIn (flowerbedID, plantID, percentage, planterID) VALUES (71, 1482, 2, 53);
INSERT INTO PlantedIn (flowerbedID, plantID, percentage, planterID) VALUES (190, 1225, 2, 74);
INSERT INTO PlantedIn (flowerbedID, plantID, percentage, planterID) VALUES (159, 795, 3, 149);
INSERT INTO PlantedIn (flowerbedID, plantID, percentage, planterID) VALUES (229, 323, 1, 137);
INSERT INTO PlantedIn (flowerbedID, plantID, percentage, planterID) VALUES (271, 3233, 1, 10);
INSERT INTO PlantedIn (flowerbedID, plantID, percentage, planterID) VALUES (119, 500, 1, 30);
INSERT INTO PlantedIn (flowerbedID, plantID, percentage, planterID) VALUES (264, 3709, 2, 148);
INSERT INTO PlantedIn (flowerbedID, plantID, percentage, planterID) VALUES (193, 3461, 4, 134);
INSERT INTO PlantedIn (flowerbedID, plantID, percentage, planterID) VALUES (120, 2748, 4, 57);
INSERT INTO PlantedIn (flowerbedID, plantID, percentage, planterID) VALUES (274, 733, 3, 85);
INSERT INTO PlantedIn (flowerbedID, plantID, percentage, planterID) VALUES (82, 1089, 1, 129);
INSERT INTO PlantedIn (flowerbedID, plantID, percentage, planterID) VALUES (36, 3104, 3, 40);
INSERT INTO PlantedIn (flowerbedID, plantID, percentage, planterID) VALUES (279, 1543, 4, 100);
INSERT INTO PlantedIn (flowerbedID, plantID, percentage, planterID) VALUES (108, 1686, 1, 43);
INSERT INTO PlantedIn (flowerbedID, plantID, percentage, planterID) VALUES (100, 88, 3, 152);
INSERT INTO PlantedIn (flowerbedID, plantID, percentage, planterID) VALUES (32, 651, 3, 90);
INSERT INTO PlantedIn (flowerbedID, plantID, percentage, planterID) VALUES (263, 3279, 4, 75);
INSERT INTO PlantedIn (flowerbedID, plantID, percentage, planterID) VALUES (12, 3556, 2, 82);
INSERT INTO PlantedIn (flowerbedID, plantID, percentage, planterID) VALUES (61, 867, 2, 84);
INSERT INTO PlantedIn (flowerbedID, plantID, percentage, planterID) VALUES (9, 2760, 4, 144);
INSERT INTO PlantedIn (flowerbedID, plantID, percentage, planterID) VALUES (34, 1595, 2, 133);
INSERT INTO PlantedIn (flowerbedID, plantID, percentage, planterID) VALUES (254, 74, 1, 82);
INSERT INTO PlantedIn (flowerbedID, plantID, percentage, planterID) VALUES (13, 1383, 1, 136);
INSERT INTO PlantedIn (flowerbedID, plantID, percentage, planterID) VALUES (158, 1205, 2, 112);
INSERT INTO PlantedIn (flowerbedID, plantID, percentage, planterID) VALUES (48, 308, 1, 35);
INSERT INTO PlantedIn (flowerbedID, plantID, percentage, planterID) VALUES (299, 2618, 1, 88);
INSERT INTO PlantedIn (flowerbedID, plantID, percentage, planterID) VALUES (107, 3429, 4, 142);
INSERT INTO PlantedIn (flowerbedID, plantID, percentage, planterID) VALUES (198, 1140, 3, 107);
INSERT INTO PlantedIn (flowerbedID, plantID, percentage, planterID) VALUES (231, 3081, 1, 124);
INSERT INTO PlantedIn (flowerbedID, plantID, percentage, planterID) VALUES (176, 3346, 4, 113);
INSERT INTO PlantedIn (flowerbedID, plantID, percentage, planterID) VALUES (154, 226, 3, 11);
INSERT INTO PlantedIn (flowerbedID, plantID, percentage, planterID) VALUES (78, 993, 4, 103);
INSERT INTO PlantedIn (flowerbedID, plantID, percentage, planterID) VALUES (229, 3072, 4, 145);
INSERT INTO PlantedIn (flowerbedID, plantID, percentage, planterID) VALUES (95, 2959, 3, 81);
INSERT INTO PlantedIn (flowerbedID, plantID, percentage, planterID) VALUES (196, 1133, 2, 76);
INSERT INTO PlantedIn (flowerbedID, plantID, percentage, planterID) VALUES (256, 2741, 2, 84);
INSERT INTO PlantedIn (flowerbedID, plantID, percentage, planterID) VALUES (172, 533, 1, 59);
INSERT INTO PlantedIn (flowerbedID, plantID, percentage, planterID) VALUES (59, 1543, 2, 118);
INSERT INTO PlantedIn (flowerbedID, plantID, percentage, planterID) VALUES (197, 1070, 2, 68);
INSERT INTO PlantedIn (flowerbedID, plantID, percentage, planterID) VALUES (22, 883, 2, 32);
INSERT INTO PlantedIn (flowerbedID, plantID, percentage, planterID) VALUES (298, 2523, 3, 11);
INSERT INTO PlantedIn (flowerbedID, plantID, percentage, planterID) VALUES (197, 1450, 1, 147);
INSERT INTO PlantedIn (flowerbedID, plantID, percentage, planterID) VALUES (154, 741, 3, 56);
INSERT INTO PlantedIn (flowerbedID, plantID, percentage, planterID) VALUES (167, 2583, 4, 61);
INSERT INTO PlantedIn (flowerbedID, plantID, percentage, planterID) VALUES (255, 2857, 3, 134);
INSERT INTO PlantedIn (flowerbedID, plantID, percentage, planterID) VALUES (239, 1640, 2, 78);
INSERT INTO PlantedIn (flowerbedID, plantID, percentage, planterID) VALUES (79, 3811, 1, 43);
INSERT INTO PlantedIn (flowerbedID, plantID, percentage, planterID) VALUES (65, 2942, 3, 53);
INSERT INTO PlantedIn (flowerbedID, plantID, percentage, planterID) VALUES (141, 3461, 3, 94);
INSERT INTO PlantedIn (flowerbedID, plantID, percentage, planterID) VALUES (53, 3763, 4, 114);
INSERT INTO PlantedIn (flowerbedID, plantID, percentage, planterID) VALUES (225, 634, 1, 123);
INSERT INTO PlantedIn (flowerbedID, plantID, percentage, planterID) VALUES (184, 26, 3, 96);
INSERT INTO PlantedIn (flowerbedID, plantID, percentage, planterID) VALUES (257, 3428, 1, 81);
INSERT INTO PlantedIn (flowerbedID, plantID, percentage, planterID) VALUES (261, 2769, 1, 40);
INSERT INTO PlantedIn (flowerbedID, plantID, percentage, planterID) VALUES (143, 2074, 4, 108);
INSERT INTO PlantedIn (flowerbedID, plantID, percentage, planterID) VALUES (130, 653, 3, 101);
INSERT INTO PlantedIn (flowerbedID, plantID, percentage, planterID) VALUES (297, 2981, 1, 67);
INSERT INTO PlantedIn (flowerbedID, plantID, percentage, planterID) VALUES (223, 174, 2, 14);
INSERT INTO PlantedIn (flowerbedID, plantID, percentage, planterID) VALUES (63, 3053, 4, 116);
INSERT INTO PlantedIn (flowerbedID, plantID, percentage, planterID) VALUES (239, 883, 3, 72);
INSERT INTO PlantedIn (flowerbedID, plantID, percentage, planterID) VALUES (35, 3421, 4, 134);
INSERT INTO PlantedIn (flowerbedID, plantID, percentage, planterID) VALUES (180, 24, 1, 14);
INSERT INTO PlantedIn (flowerbedID, plantID, percentage, planterID) VALUES (163, 2725, 4, 5);
INSERT INTO PlantedIn (flowerbedID, plantID, percentage, planterID) VALUES (262, 2348, 4, 95);
INSERT INTO PlantedIn (flowerbedID, plantID, percentage, planterID) VALUES (114, 3603, 1, 6);
INSERT INTO PlantedIn (flowerbedID, plantID, percentage, planterID) VALUES (293, 423, 1, 107);
INSERT INTO PlantedIn (flowerbedID, plantID, percentage, planterID) VALUES (269, 1120, 3, 2);
INSERT INTO PlantedIn (flowerbedID, plantID, percentage, planterID) VALUES (155, 1641, 3, 61);
INSERT INTO PlantedIn (flowerbedID, plantID, percentage, planterID) VALUES (93, 480, 4, 107);
INSERT INTO PlantedIn (flowerbedID, plantID, percentage, planterID) VALUES (121, 58, 2, 112);
INSERT INTO PlantedIn (flowerbedID, plantID, percentage, planterID) VALUES (187, 755, 1, 25);
INSERT INTO PlantedIn (flowerbedID, plantID, percentage, planterID) VALUES (39, 664, 1, 22);
INSERT INTO PlantedIn (flowerbedID, plantID, percentage, planterID) VALUES (85, 2869, 1, 50);
INSERT INTO PlantedIn (flowerbedID, plantID, percentage, planterID) VALUES (10, 1152, 3, 151);
INSERT INTO PlantedIn (flowerbedID, plantID, percentage, planterID) VALUES (216, 873, 1, 32);
INSERT INTO PlantedIn (flowerbedID, plantID, percentage, planterID) VALUES (150, 3601, 4, 27);
INSERT INTO PlantedIn (flowerbedID, plantID, percentage, planterID) VALUES (283, 3093, 3, 32);
INSERT INTO PlantedIn (flowerbedID, plantID, percentage, planterID) VALUES (148, 2677, 4, 40);
INSERT INTO PlantedIn (flowerbedID, plantID, percentage, planterID) VALUES (244, 3211, 3, 3);
INSERT INTO PlantedIn (flowerbedID, plantID, percentage, planterID) VALUES (17, 769, 2, 98);
INSERT INTO PlantedIn (flowerbedID, plantID, percentage, planterID) VALUES (1, 1978, 3, 153);
INSERT INTO PlantedIn (flowerbedID, plantID, percentage, planterID) VALUES (133, 154, 2, 71);
INSERT INTO PlantedIn (flowerbedID, plantID, percentage, planterID) VALUES (66, 717, 3, 31);
INSERT INTO PlantedIn (flowerbedID, plantID, percentage, planterID) VALUES (211, 515, 3, 21);
INSERT INTO PlantedIn (flowerbedID, plantID, percentage, planterID) VALUES (289, 530, 1, 10);
INSERT INTO PlantedIn (flowerbedID, plantID, percentage, planterID) VALUES (101, 2418, 2, 74);
INSERT INTO PlantedIn (flowerbedID, plantID, percentage, planterID) VALUES (41, 1212, 3, 145);
INSERT INTO PlantedIn (flowerbedID, plantID, percentage, planterID) VALUES (295, 580, 1, 116);
INSERT INTO PlantedIn (flowerbedID, plantID, percentage, planterID) VALUES (99, 1270, 2, 151);
INSERT INTO PlantedIn (flowerbedID, plantID, percentage, planterID) VALUES (135, 1520, 3, 74);
INSERT INTO PlantedIn (flowerbedID, plantID, percentage, planterID) VALUES (135, 1723, 1, 159);
INSERT INTO PlantedIn (flowerbedID, plantID, percentage, planterID) VALUES (261, 1005, 1, 37);
INSERT INTO PlantedIn (flowerbedID, plantID, percentage, planterID) VALUES (31, 3062, 2, 93);
INSERT INTO PlantedIn (flowerbedID, plantID, percentage, planterID) VALUES (228, 3605, 3, 25);
INSERT INTO PlantedIn (flowerbedID, plantID, percentage, planterID) VALUES (44, 3063, 3, 150);
INSERT INTO PlantedIn (flowerbedID, plantID, percentage, planterID) VALUES (56, 1149, 3, 32);
INSERT INTO PlantedIn (flowerbedID, plantID, percentage, planterID) VALUES (223, 403, 3, 123);
INSERT INTO PlantedIn (flowerbedID, plantID, percentage, planterID) VALUES (109, 3562, 2, 138);
INSERT INTO PlantedIn (flowerbedID, plantID, percentage, planterID) VALUES (214, 1313, 2, 141);
INSERT INTO PlantedIn (flowerbedID, plantID, percentage, planterID) VALUES (22, 7, 4, 29);
INSERT INTO PlantedIn (flowerbedID, plantID, percentage, planterID) VALUES (280, 1194, 1, 100);
INSERT INTO PlantedIn (flowerbedID, plantID, percentage, planterID) VALUES (38, 1911, 2, 74);
INSERT INTO PlantedIn (flowerbedID, plantID, percentage, planterID) VALUES (86, 1158, 2, 150);
INSERT INTO PlantedIn (flowerbedID, plantID, percentage, planterID) VALUES (179, 199, 2, 19);
INSERT INTO PlantedIn (flowerbedID, plantID, percentage, planterID) VALUES (29, 3094, 1, 160);
INSERT INTO PlantedIn (flowerbedID, plantID, percentage, planterID) VALUES (120, 2219, 3, 130);
INSERT INTO PlantedIn (flowerbedID, plantID, percentage, planterID) VALUES (21, 698, 2, 138);
INSERT INTO PlantedIn (flowerbedID, plantID, percentage, planterID) VALUES (144, 2592, 1, 143);
INSERT INTO PlantedIn (flowerbedID, plantID, percentage, planterID) VALUES (216, 3613, 4, 72);
INSERT INTO PlantedIn (flowerbedID, plantID, percentage, planterID) VALUES (225, 1434, 2, 69);
INSERT INTO PlantedIn (flowerbedID, plantID, percentage, planterID) VALUES (38, 1477, 1, 162);
INSERT INTO PlantedIn (flowerbedID, plantID, percentage, planterID) VALUES (55, 3359, 4, 67);
INSERT INTO PlantedIn (flowerbedID, plantID, percentage, planterID) VALUES (288, 1490, 2, 124);
INSERT INTO PlantedIn (flowerbedID, plantID, percentage, planterID) VALUES (287, 1832, 1, 153);
INSERT INTO PlantedIn (flowerbedID, plantID, percentage, planterID) VALUES (196, 2667, 1, 66);
INSERT INTO PlantedIn (flowerbedID, plantID, percentage, planterID) VALUES (108, 813, 1, 37);
INSERT INTO PlantedIn (flowerbedID, plantID, percentage, planterID) VALUES (299, 1380, 1, 67);
INSERT INTO PlantedIn (flowerbedID, plantID, percentage, planterID) VALUES (221, 1268, 4, 60);
INSERT INTO PlantedIn (flowerbedID, plantID, percentage, planterID) VALUES (59, 2838, 1, 156);
INSERT INTO PlantedIn (flowerbedID, plantID, percentage, planterID) VALUES (36, 2423, 1, 90);
INSERT INTO PlantedIn (flowerbedID, plantID, percentage, planterID) VALUES (31, 1576, 4, 19);
INSERT INTO PlantedIn (flowerbedID, plantID, percentage, planterID) VALUES (30, 1892, 2, 153);
INSERT INTO PlantedIn (flowerbedID, plantID, percentage, planterID) VALUES (210, 387, 4, 93);
INSERT INTO PlantedIn (flowerbedID, plantID, percentage, planterID) VALUES (218, 1933, 3, 128);
INSERT INTO PlantedIn (flowerbedID, plantID, percentage, planterID) VALUES (257, 490, 3, 147);
INSERT INTO PlantedIn (flowerbedID, plantID, percentage, planterID) VALUES (136, 755, 3, 89);
INSERT INTO PlantedIn (flowerbedID, plantID, percentage, planterID) VALUES (278, 1636, 1, 140);
INSERT INTO PlantedIn (flowerbedID, plantID, percentage, planterID) VALUES (15, 1268, 1, 23);
INSERT INTO PlantedIn (flowerbedID, plantID, percentage, planterID) VALUES (220, 907, 4, 156);
INSERT INTO PlantedIn (flowerbedID, plantID, percentage, planterID) VALUES (217, 3072, 2, 51);
INSERT INTO PlantedIn (flowerbedID, plantID, percentage, planterID) VALUES (268, 3214, 3, 47);
INSERT INTO PlantedIn (flowerbedID, plantID, percentage, planterID) VALUES (100, 31, 1, 60);
INSERT INTO PlantedIn (flowerbedID, plantID, percentage, planterID) VALUES (41, 758, 3, 135);
INSERT INTO PlantedIn (flowerbedID, plantID, percentage, planterID) VALUES (117, 1166, 2, 42);
INSERT INTO PlantedIn (flowerbedID, plantID, percentage, planterID) VALUES (217, 191, 4, 64);
INSERT INTO PlantedIn (flowerbedID, plantID, percentage, planterID) VALUES (113, 1924, 1, 160);
INSERT INTO PlantedIn (flowerbedID, plantID, percentage, planterID) VALUES (187, 916, 3, 152);
INSERT INTO PlantedIn (flowerbedID, plantID, percentage, planterID) VALUES (21, 568, 2, 25);
INSERT INTO PlantedIn (flowerbedID, plantID, percentage, planterID) VALUES (47, 1890, 2, 102);
INSERT INTO PlantedIn (flowerbedID, plantID, percentage, planterID) VALUES (205, 1439, 1, 152);
INSERT INTO PlantedIn (flowerbedID, plantID, percentage, planterID) VALUES (202, 460, 2, 69);
INSERT INTO PlantedIn (flowerbedID, plantID, percentage, planterID) VALUES (51, 2962, 3, 30);
INSERT INTO PlantedIn (flowerbedID, plantID, percentage, planterID) VALUES (79, 379, 4, 114);
INSERT INTO PlantedIn (flowerbedID, plantID, percentage, planterID) VALUES (100, 287, 2, 157);
INSERT INTO PlantedIn (flowerbedID, plantID, percentage, planterID) VALUES (65, 1194, 3, 109);
INSERT INTO PlantedIn (flowerbedID, plantID, percentage, planterID) VALUES (269, 3565, 2, 68);
INSERT INTO PlantedIn (flowerbedID, plantID, percentage, planterID) VALUES (258, 1317, 3, 16);
INSERT INTO PlantedIn (flowerbedID, plantID, percentage, planterID) VALUES (154, 2447, 3, 154);
INSERT INTO PlantedIn (flowerbedID, plantID, percentage, planterID) VALUES (87, 3436, 4, 93);
INSERT INTO PlantedIn (flowerbedID, plantID, percentage, planterID) VALUES (103, 364, 3, 127);
INSERT INTO PlantedIn (flowerbedID, plantID, percentage, planterID) VALUES (51, 2492, 2, 26);
INSERT INTO PlantedIn (flowerbedID, plantID, percentage, planterID) VALUES (286, 3031, 4, 16);
INSERT INTO PlantedIn (flowerbedID, plantID, percentage, planterID) VALUES (212, 1855, 3, 21);
INSERT INTO PlantedIn (flowerbedID, plantID, percentage, planterID) VALUES (283, 237, 4, 74);
INSERT INTO PlantedIn (flowerbedID, plantID, percentage, planterID) VALUES (121, 1989, 4, 76);
INSERT INTO PlantedIn (flowerbedID, plantID, percentage, planterID) VALUES (45, 1276, 2, 91);
INSERT INTO PlantedIn (flowerbedID, plantID, percentage, planterID) VALUES (66, 258, 3, 58);
INSERT INTO PlantedIn (flowerbedID, plantID, percentage, planterID) VALUES (49, 266, 2, 41);
INSERT INTO PlantedIn (flowerbedID, plantID, percentage, planterID) VALUES (214, 1484, 3, 123);
INSERT INTO PlantedIn (flowerbedID, plantID, percentage, planterID) VALUES (51, 3106, 4, 89);
INSERT INTO PlantedIn (flowerbedID, plantID, percentage, planterID) VALUES (85, 2457, 1, 66);
INSERT INTO PlantedIn (flowerbedID, plantID, percentage, planterID) VALUES (209, 3123, 1, 7);
INSERT INTO PlantedIn (flowerbedID, plantID, percentage, planterID) VALUES (97, 1837, 2, 3);
INSERT INTO PlantedIn (flowerbedID, plantID, percentage, planterID) VALUES (241, 2088, 1, 157);
INSERT INTO PlantedIn (flowerbedID, plantID, percentage, planterID) VALUES (245, 373, 1, 5);
INSERT INTO PlantedIn (flowerbedID, plantID, percentage, planterID) VALUES (73, 3468, 3, 145);
INSERT INTO PlantedIn (flowerbedID, plantID, percentage, planterID) VALUES (38, 2084, 1, 75);
INSERT INTO PlantedIn (flowerbedID, plantID, percentage, planterID) VALUES (191, 2918, 3, 111);
INSERT INTO PlantedIn (flowerbedID, plantID, percentage, planterID) VALUES (141, 3082, 1, 65);
INSERT INTO PlantedIn (flowerbedID, plantID, percentage, planterID) VALUES (169, 2648, 3, 150);
INSERT INTO PlantedIn (flowerbedID, plantID, percentage, planterID) VALUES (212, 280, 2, 82);
INSERT INTO PlantedIn (flowerbedID, plantID, percentage, planterID) VALUES (132, 328, 3, 105);
INSERT INTO PlantedIn (flowerbedID, plantID, percentage, planterID) VALUES (294, 1731, 1, 54);
INSERT INTO PlantedIn (flowerbedID, plantID, percentage, planterID) VALUES (273, 1062, 2, 125);
INSERT INTO PlantedIn (flowerbedID, plantID, percentage, planterID) VALUES (140, 3302, 2, 143);
INSERT INTO PlantedIn (flowerbedID, plantID, percentage, planterID) VALUES (69, 3403, 4, 143);
INSERT INTO PlantedIn (flowerbedID, plantID, percentage, planterID) VALUES (225, 1888, 4, 108);
INSERT INTO PlantedIn (flowerbedID, plantID, percentage, planterID) VALUES (287, 82, 1, 46);
INSERT INTO PlantedIn (flowerbedID, plantID, percentage, planterID) VALUES (188, 3670, 1, 5);
INSERT INTO PlantedIn (flowerbedID, plantID, percentage, planterID) VALUES (78, 518, 4, 11);
INSERT INTO PlantedIn (flowerbedID, plantID, percentage, planterID) VALUES (122, 2648, 2, 86);
INSERT INTO PlantedIn (flowerbedID, plantID, percentage, planterID) VALUES (287, 838, 2, 117);
INSERT INTO PlantedIn (flowerbedID, plantID, percentage, planterID) VALUES (22, 1941, 2, 119);
INSERT INTO PlantedIn (flowerbedID, plantID, percentage, planterID) VALUES (115, 1991, 1, 37);
INSERT INTO PlantedIn (flowerbedID, plantID, percentage, planterID) VALUES (257, 861, 2, 2);
INSERT INTO PlantedIn (flowerbedID, plantID, percentage, planterID) VALUES (52, 125, 2, 96);
INSERT INTO PlantedIn (flowerbedID, plantID, percentage, planterID) VALUES (50, 2392, 3, 74);
INSERT INTO PlantedIn (flowerbedID, plantID, percentage, planterID) VALUES (91, 3578, 2, 154);
INSERT INTO PlantedIn (flowerbedID, plantID, percentage, planterID) VALUES (43, 2191, 1, 119);
INSERT INTO PlantedIn (flowerbedID, plantID, percentage, planterID) VALUES (21, 1454, 2, 89);
INSERT INTO PlantedIn (flowerbedID, plantID, percentage, planterID) VALUES (267, 2808, 4, 101);
INSERT INTO PlantedIn (flowerbedID, plantID, percentage, planterID) VALUES (169, 2098, 2, 148);
INSERT INTO PlantedIn (flowerbedID, plantID, percentage, planterID) VALUES (229, 3337, 4, 156);
INSERT INTO PlantedIn (flowerbedID, plantID, percentage, planterID) VALUES (268, 1779, 1, 64);
INSERT INTO PlantedIn (flowerbedID, plantID, percentage, planterID) VALUES (24, 3085, 2, 110);
INSERT INTO PlantedIn (flowerbedID, plantID, percentage, planterID) VALUES (217, 2031, 4, 112);
INSERT INTO PlantedIn (flowerbedID, plantID, percentage, planterID) VALUES (28, 1292, 1, 14);
INSERT INTO PlantedIn (flowerbedID, plantID, percentage, planterID) VALUES (213, 2289, 3, 106);
INSERT INTO PlantedIn (flowerbedID, plantID, percentage, planterID) VALUES (106, 1158, 1, 88);
INSERT INTO PlantedIn (flowerbedID, plantID, percentage, planterID) VALUES (61, 1715, 3, 20);
INSERT INTO PlantedIn (flowerbedID, plantID, percentage, planterID) VALUES (37, 1290, 4, 58);
INSERT INTO PlantedIn (flowerbedID, plantID, percentage, planterID) VALUES (60, 1643, 2, 18);
INSERT INTO PlantedIn (flowerbedID, plantID, percentage, planterID) VALUES (176, 3144, 1, 150);
INSERT INTO PlantedIn (flowerbedID, plantID, percentage, planterID) VALUES (124, 732, 4, 69);
INSERT INTO PlantedIn (flowerbedID, plantID, percentage, planterID) VALUES (21, 528, 2, 46);
INSERT INTO PlantedIn (flowerbedID, plantID, percentage, planterID) VALUES (193, 1845, 1, 99);
INSERT INTO PlantedIn (flowerbedID, plantID, percentage, planterID) VALUES (176, 904, 4, 155);
INSERT INTO PlantedIn (flowerbedID, plantID, percentage, planterID) VALUES (292, 1961, 1, 98);
INSERT INTO PlantedIn (flowerbedID, plantID, percentage, planterID) VALUES (252, 3483, 1, 150);
INSERT INTO PlantedIn (flowerbedID, plantID, percentage, planterID) VALUES (98, 3753, 4, 55);
INSERT INTO PlantedIn (flowerbedID, plantID, percentage, planterID) VALUES (235, 738, 1, 19);
INSERT INTO PlantedIn (flowerbedID, plantID, percentage, planterID) VALUES (114, 1957, 2, 19);
INSERT INTO PlantedIn (flowerbedID, plantID, percentage, planterID) VALUES (193, 1432, 2, 141);
INSERT INTO PlantedIn (flowerbedID, plantID, percentage, planterID) VALUES (254, 1511, 2, 64);
INSERT INTO PlantedIn (flowerbedID, plantID, percentage, planterID) VALUES (187, 1038, 3, 34);
INSERT INTO PlantedIn (flowerbedID, plantID, percentage, planterID) VALUES (232, 2959, 3, 120);
INSERT INTO PlantedIn (flowerbedID, plantID, percentage, planterID) VALUES (200, 2184, 4, 114);
INSERT INTO PlantedIn (flowerbedID, plantID, percentage, planterID) VALUES (161, 3776, 2, 156);
INSERT INTO PlantedIn (flowerbedID, plantID, percentage, planterID) VALUES (188, 3856, 4, 29);
INSERT INTO PlantedIn (flowerbedID, plantID, percentage, planterID) VALUES (245, 1735, 1, 146);
INSERT INTO PlantedIn (flowerbedID, plantID, percentage, planterID) VALUES (246, 1090, 1, 144);
INSERT INTO PlantedIn (flowerbedID, plantID, percentage, planterID) VALUES (144, 1666, 1, 149);
INSERT INTO PlantedIn (flowerbedID, plantID, percentage, planterID) VALUES (39, 1856, 3, 157);
INSERT INTO PlantedIn (flowerbedID, plantID, percentage, planterID) VALUES (42, 3493, 1, 40);
INSERT INTO PlantedIn (flowerbedID, plantID, percentage, planterID) VALUES (242, 2123, 4, 49);
INSERT INTO PlantedIn (flowerbedID, plantID, percentage, planterID) VALUES (21, 3206, 3, 60);
INSERT INTO PlantedIn (flowerbedID, plantID, percentage, planterID) VALUES (248, 1960, 3, 120);
INSERT INTO PlantedIn (flowerbedID, plantID, percentage, planterID) VALUES (286, 2086, 4, 147);
INSERT INTO PlantedIn (flowerbedID, plantID, percentage, planterID) VALUES (246, 2641, 2, 149);
INSERT INTO PlantedIn (flowerbedID, plantID, percentage, planterID) VALUES (35, 2809, 1, 94);
INSERT INTO PlantedIn (flowerbedID, plantID, percentage, planterID) VALUES (62, 1762, 2, 161);
INSERT INTO PlantedIn (flowerbedID, plantID, percentage, planterID) VALUES (108, 639, 1, 79);
INSERT INTO PlantedIn (flowerbedID, plantID, percentage, planterID) VALUES (171, 1287, 2, 83);
INSERT INTO PlantedIn (flowerbedID, plantID, percentage, planterID) VALUES (252, 665, 4, 7);
INSERT INTO PlantedIn (flowerbedID, plantID, percentage, planterID) VALUES (213, 3445, 3, 99);
INSERT INTO PlantedIn (flowerbedID, plantID, percentage, planterID) VALUES (172, 1678, 3, 144);
INSERT INTO PlantedIn (flowerbedID, plantID, percentage, planterID) VALUES (49, 1460, 2, 161);
INSERT INTO PlantedIn (flowerbedID, plantID, percentage, planterID) VALUES (250, 3353, 1, 123);
INSERT INTO PlantedIn (flowerbedID, plantID, percentage, planterID) VALUES (10, 654, 3, 62);
INSERT INTO PlantedIn (flowerbedID, plantID, percentage, planterID) VALUES (272, 1352, 2, 92);
INSERT INTO PlantedIn (flowerbedID, plantID, percentage, planterID) VALUES (205, 29, 3, 151);
INSERT INTO PlantedIn (flowerbedID, plantID, percentage, planterID) VALUES (266, 1637, 2, 66);
INSERT INTO PlantedIn (flowerbedID, plantID, percentage, planterID) VALUES (77, 260, 3, 84);
INSERT INTO PlantedIn (flowerbedID, plantID, percentage, planterID) VALUES (299, 3292, 4, 81);
INSERT INTO PlantedIn (flowerbedID, plantID, percentage, planterID) VALUES (169, 2553, 3, 155);
INSERT INTO PlantedIn (flowerbedID, plantID, percentage, planterID) VALUES (7, 2495, 2, 111);
INSERT INTO PlantedIn (flowerbedID, plantID, percentage, planterID) VALUES (53, 456, 1, 10);
INSERT INTO PlantedIn (flowerbedID, plantID, percentage, planterID) VALUES (297, 2224, 4, 63);
INSERT INTO PlantedIn (flowerbedID, plantID, percentage, planterID) VALUES (268, 976, 4, 122);
INSERT INTO PlantedIn (flowerbedID, plantID, percentage, planterID) VALUES (203, 333, 4, 19);
INSERT INTO PlantedIn (flowerbedID, plantID, percentage, planterID) VALUES (46, 2284, 1, 98);
INSERT INTO PlantedIn (flowerbedID, plantID, percentage, planterID) VALUES (133, 131, 1, 4);
INSERT INTO PlantedIn (flowerbedID, plantID, percentage, planterID) VALUES (208, 3542, 3, 127);
INSERT INTO PlantedIn (flowerbedID, plantID, percentage, planterID) VALUES (168, 1461, 3, 15);
INSERT INTO PlantedIn (flowerbedID, plantID, percentage, planterID) VALUES (149, 529, 2, 159);
INSERT INTO PlantedIn (flowerbedID, plantID, percentage, planterID) VALUES (213, 1085, 3, 68);
INSERT INTO PlantedIn (flowerbedID, plantID, percentage, planterID) VALUES (160, 381, 1, 67);
INSERT INTO PlantedIn (flowerbedID, plantID, percentage, planterID) VALUES (56, 1914, 2, 25);
INSERT INTO PlantedIn (flowerbedID, plantID, percentage, planterID) VALUES (26, 2734, 3, 85);
INSERT INTO PlantedIn (flowerbedID, plantID, percentage, planterID) VALUES (70, 2790, 2, 25);
INSERT INTO PlantedIn (flowerbedID, plantID, percentage, planterID) VALUES (192, 2441, 4, 15);
INSERT INTO PlantedIn (flowerbedID, plantID, percentage, planterID) VALUES (7, 2660, 1, 79);
INSERT INTO PlantedIn (flowerbedID, plantID, percentage, planterID) VALUES (23, 2563, 3, 53);
INSERT INTO PlantedIn (flowerbedID, plantID, percentage, planterID) VALUES (241, 2484, 3, 114);
INSERT INTO PlantedIn (flowerbedID, plantID, percentage, planterID) VALUES (40, 718, 3, 44);
INSERT INTO PlantedIn (flowerbedID, plantID, percentage, planterID) VALUES (216, 2657, 4, 11);
INSERT INTO PlantedIn (flowerbedID, plantID, percentage, planterID) VALUES (235, 1702, 2, 71);
INSERT INTO PlantedIn (flowerbedID, plantID, percentage, planterID) VALUES (157, 1283, 1, 76);
INSERT INTO PlantedIn (flowerbedID, plantID, percentage, planterID) VALUES (235, 2158, 2, 50);
INSERT INTO PlantedIn (flowerbedID, plantID, percentage, planterID) VALUES (259, 3321, 3, 44);
INSERT INTO PlantedIn (flowerbedID, plantID, percentage, planterID) VALUES (155, 2956, 3, 110);
INSERT INTO PlantedIn (flowerbedID, plantID, percentage, planterID) VALUES (124, 2090, 1, 67);
INSERT INTO PlantedIn (flowerbedID, plantID, percentage, planterID) VALUES (183, 610, 1, 144);
INSERT INTO PlantedIn (flowerbedID, plantID, percentage, planterID) VALUES (170, 972, 4, 99);
INSERT INTO PlantedIn (flowerbedID, plantID, percentage, planterID) VALUES (207, 3032, 1, 118);
INSERT INTO PlantedIn (flowerbedID, plantID, percentage, planterID) VALUES (22, 522, 4, 20);
INSERT INTO PlantedIn (flowerbedID, plantID, percentage, planterID) VALUES (116, 2384, 1, 77);
INSERT INTO PlantedIn (flowerbedID, plantID, percentage, planterID) VALUES (77, 579, 3, 30);
INSERT INTO PlantedIn (flowerbedID, plantID, percentage, planterID) VALUES (171, 3377, 4, 150);
INSERT INTO PlantedIn (flowerbedID, plantID, percentage, planterID) VALUES (124, 1005, 1, 6);
INSERT INTO PlantedIn (flowerbedID, plantID, percentage, planterID) VALUES (125, 3363, 4, 14);
INSERT INTO PlantedIn (flowerbedID, plantID, percentage, planterID) VALUES (37, 2510, 4, 153);
INSERT INTO PlantedIn (flowerbedID, plantID, percentage, planterID) VALUES (130, 2209, 3, 11);
INSERT INTO PlantedIn (flowerbedID, plantID, percentage, planterID) VALUES (212, 655, 1, 76);
INSERT INTO PlantedIn (flowerbedID, plantID, percentage, planterID) VALUES (236, 3417, 1, 43);
INSERT INTO PlantedIn (flowerbedID, plantID, percentage, planterID) VALUES (11, 1608, 3, 99);
INSERT INTO PlantedIn (flowerbedID, plantID, percentage, planterID) VALUES (87, 1719, 3, 102);
INSERT INTO PlantedIn (flowerbedID, plantID, percentage, planterID) VALUES (211, 2405, 1, 126);
INSERT INTO PlantedIn (flowerbedID, plantID, percentage, planterID) VALUES (148, 3109, 3, 19);
INSERT INTO PlantedIn (flowerbedID, plantID, percentage, planterID) VALUES (136, 3838, 4, 74);
INSERT INTO PlantedIn (flowerbedID, plantID, percentage, planterID) VALUES (169, 1867, 2, 68);
INSERT INTO PlantedIn (flowerbedID, plantID, percentage, planterID) VALUES (183, 1852, 1, 129);
INSERT INTO PlantedIn (flowerbedID, plantID, percentage, planterID) VALUES (7, 777, 3, 97);
INSERT INTO PlantedIn (flowerbedID, plantID, percentage, planterID) VALUES (97, 210, 2, 96);
INSERT INTO PlantedIn (flowerbedID, plantID, percentage, planterID) VALUES (200, 26, 1, 73);
INSERT INTO PlantedIn (flowerbedID, plantID, percentage, planterID) VALUES (268, 3817, 2, 99);
INSERT INTO PlantedIn (flowerbedID, plantID, percentage, planterID) VALUES (78, 879, 3, 21);
INSERT INTO PlantedIn (flowerbedID, plantID, percentage, planterID) VALUES (199, 3208, 1, 41);
INSERT INTO PlantedIn (flowerbedID, plantID, percentage, planterID) VALUES (173, 1005, 4, 34);
INSERT INTO PlantedIn (flowerbedID, plantID, percentage, planterID) VALUES (173, 2677, 3, 150);
INSERT INTO PlantedIn (flowerbedID, plantID, percentage, planterID) VALUES (268, 1668, 1, 60);
INSERT INTO PlantedIn (flowerbedID, plantID, percentage, planterID) VALUES (146, 3473, 1, 112);
INSERT INTO PlantedIn (flowerbedID, plantID, percentage, planterID) VALUES (271, 268, 4, 43);
INSERT INTO PlantedIn (flowerbedID, plantID, percentage, planterID) VALUES (17, 3174, 2, 15);
INSERT INTO PlantedIn (flowerbedID, plantID, percentage, planterID) VALUES (15, 782, 3, 162);
INSERT INTO PlantedIn (flowerbedID, plantID, percentage, planterID) VALUES (10, 655, 3, 148);
INSERT INTO PlantedIn (flowerbedID, plantID, percentage, planterID) VALUES (123, 2330, 4, 111);
INSERT INTO PlantedIn (flowerbedID, plantID, percentage, planterID) VALUES (284, 3307, 4, 56);
INSERT INTO PlantedIn (flowerbedID, plantID, percentage, planterID) VALUES (150, 1850, 3, 130);
INSERT INTO PlantedIn (flowerbedID, plantID, percentage, planterID) VALUES (217, 2130, 3, 108);
INSERT INTO PlantedIn (flowerbedID, plantID, percentage, planterID) VALUES (191, 3639, 4, 103);
INSERT INTO PlantedIn (flowerbedID, plantID, percentage, planterID) VALUES (263, 1189, 1, 150);
INSERT INTO PlantedIn (flowerbedID, plantID, percentage, planterID) VALUES (50, 1859, 1, 82);
INSERT INTO PlantedIn (flowerbedID, plantID, percentage, planterID) VALUES (26, 2342, 1, 46);
INSERT INTO PlantedIn (flowerbedID, plantID, percentage, planterID) VALUES (138, 2289, 4, 152);
INSERT INTO PlantedIn (flowerbedID, plantID, percentage, planterID) VALUES (22, 2443, 4, 92);
INSERT INTO PlantedIn (flowerbedID, plantID, percentage, planterID) VALUES (55, 622, 4, 59);
INSERT INTO PlantedIn (flowerbedID, plantID, percentage, planterID) VALUES (31, 3612, 4, 114);
INSERT INTO PlantedIn (flowerbedID, plantID, percentage, planterID) VALUES (73, 2049, 2, 5);
INSERT INTO PlantedIn (flowerbedID, plantID, percentage, planterID) VALUES (4, 1947, 1, 108);
INSERT INTO PlantedIn (flowerbedID, plantID, percentage, planterID) VALUES (295, 2295, 1, 79);
INSERT INTO PlantedIn (flowerbedID, plantID, percentage, planterID) VALUES (60, 2804, 3, 18);
INSERT INTO PlantedIn (flowerbedID, plantID, percentage, planterID) VALUES (95, 3806, 2, 108);
INSERT INTO PlantedIn (flowerbedID, plantID, percentage, planterID) VALUES (157, 2393, 2, 73);
INSERT INTO PlantedIn (flowerbedID, plantID, percentage, planterID) VALUES (84, 1545, 4, 121);
INSERT INTO PlantedIn (flowerbedID, plantID, percentage, planterID) VALUES (128, 416, 4, 141);
INSERT INTO PlantedIn (flowerbedID, plantID, percentage, planterID) VALUES (220, 3284, 2, 158);
INSERT INTO PlantedIn (flowerbedID, plantID, percentage, planterID) VALUES (93, 3817, 1, 91);
INSERT INTO PlantedIn (flowerbedID, plantID, percentage, planterID) VALUES (28, 730, 1, 61);
INSERT INTO PlantedIn (flowerbedID, plantID, percentage, planterID) VALUES (148, 1111, 1, 77);
INSERT INTO PlantedIn (flowerbedID, plantID, percentage, planterID) VALUES (212, 3495, 1, 68);
INSERT INTO PlantedIn (flowerbedID, plantID, percentage, planterID) VALUES (181, 764, 3, 92);
INSERT INTO PlantedIn (flowerbedID, plantID, percentage, planterID) VALUES (5, 1793, 4, 77);
INSERT INTO PlantedIn (flowerbedID, plantID, percentage, planterID) VALUES (114, 2997, 2, 30);
INSERT INTO PlantedIn (flowerbedID, plantID, percentage, planterID) VALUES (91, 801, 2, 80);
INSERT INTO PlantedIn (flowerbedID, plantID, percentage, planterID) VALUES (167, 2074, 2, 53);
INSERT INTO PlantedIn (flowerbedID, plantID, percentage, planterID) VALUES (69, 1057, 3, 38);
INSERT INTO PlantedIn (flowerbedID, plantID, percentage, planterID) VALUES (168, 2572, 2, 144);
INSERT INTO PlantedIn (flowerbedID, plantID, percentage, planterID) VALUES (171, 864, 1, 65);
INSERT INTO PlantedIn (flowerbedID, plantID, percentage, planterID) VALUES (126, 3511, 2, 153);
INSERT INTO PlantedIn (flowerbedID, plantID, percentage, planterID) VALUES (143, 464, 3, 71);
INSERT INTO PlantedIn (flowerbedID, plantID, percentage, planterID) VALUES (174, 3488, 1, 42);
INSERT INTO PlantedIn (flowerbedID, plantID, percentage, planterID) VALUES (62, 2084, 2, 60);
INSERT INTO PlantedIn (flowerbedID, plantID, percentage, planterID) VALUES (227, 263, 2, 7);
INSERT INTO PlantedIn (flowerbedID, plantID, percentage, planterID) VALUES (205, 647, 3, 94);
INSERT INTO PlantedIn (flowerbedID, plantID, percentage, planterID) VALUES (86, 2765, 4, 85);
INSERT INTO PlantedIn (flowerbedID, plantID, percentage, planterID) VALUES (250, 3494, 2, 78);
INSERT INTO PlantedIn (flowerbedID, plantID, percentage, planterID) VALUES (242, 2670, 1, 92);
INSERT INTO PlantedIn (flowerbedID, plantID, percentage, planterID) VALUES (69, 3390, 4, 85);
INSERT INTO PlantedIn (flowerbedID, plantID, percentage, planterID) VALUES (283, 2060, 4, 71);
INSERT INTO PlantedIn (flowerbedID, plantID, percentage, planterID) VALUES (172, 2001, 3, 20);
INSERT INTO PlantedIn (flowerbedID, plantID, percentage, planterID) VALUES (150, 302, 4, 2);
INSERT INTO PlantedIn (flowerbedID, plantID, percentage, planterID) VALUES (238, 1951, 3, 95);
INSERT INTO PlantedIn (flowerbedID, plantID, percentage, planterID) VALUES (123, 4, 1, 8);
INSERT INTO PlantedIn (flowerbedID, plantID, percentage, planterID) VALUES (207, 2224, 4, 40);
INSERT INTO PlantedIn (flowerbedID, plantID, percentage, planterID) VALUES (136, 2785, 2, 157);
INSERT INTO PlantedIn (flowerbedID, plantID, percentage, planterID) VALUES (76, 1242, 1, 42);
INSERT INTO PlantedIn (flowerbedID, plantID, percentage, planterID) VALUES (220, 3577, 4, 41);
INSERT INTO PlantedIn (flowerbedID, plantID, percentage, planterID) VALUES (281, 86, 2, 105);
INSERT INTO PlantedIn (flowerbedID, plantID, percentage, planterID) VALUES (172, 903, 3, 147);
INSERT INTO PlantedIn (flowerbedID, plantID, percentage, planterID) VALUES (83, 254, 4, 46);
INSERT INTO PlantedIn (flowerbedID, plantID, percentage, planterID) VALUES (88, 728, 1, 53);
INSERT INTO PlantedIn (flowerbedID, plantID, percentage, planterID) VALUES (30, 2716, 2, 46);
INSERT INTO PlantedIn (flowerbedID, plantID, percentage, planterID) VALUES (283, 1399, 1, 25);
INSERT INTO PlantedIn (flowerbedID, plantID, percentage, planterID) VALUES (294, 1719, 3, 154);
INSERT INTO PlantedIn (flowerbedID, plantID, percentage, planterID) VALUES (111, 499, 2, 91);
INSERT INTO PlantedIn (flowerbedID, plantID, percentage, planterID) VALUES (46, 502, 3, 129);
INSERT INTO PlantedIn (flowerbedID, plantID, percentage, planterID) VALUES (109, 2314, 3, 52);
INSERT INTO PlantedIn (flowerbedID, plantID, percentage, planterID) VALUES (199, 2196, 4, 85);
INSERT INTO PlantedIn (flowerbedID, plantID, percentage, planterID) VALUES (150, 923, 2, 47);
INSERT INTO PlantedIn (flowerbedID, plantID, percentage, planterID) VALUES (180, 1614, 3, 105);
INSERT INTO PlantedIn (flowerbedID, plantID, percentage, planterID) VALUES (258, 1950, 1, 51);
INSERT INTO PlantedIn (flowerbedID, plantID, percentage, planterID) VALUES (190, 3168, 4, 93);
INSERT INTO PlantedIn (flowerbedID, plantID, percentage, planterID) VALUES (284, 1110, 2, 88);
INSERT INTO PlantedIn (flowerbedID, plantID, percentage, planterID) VALUES (114, 1729, 1, 88);
INSERT INTO PlantedIn (flowerbedID, plantID, percentage, planterID) VALUES (215, 1012, 2, 34);
INSERT INTO PlantedIn (flowerbedID, plantID, percentage, planterID) VALUES (204, 3111, 3, 155);
INSERT INTO PlantedIn (flowerbedID, plantID, percentage, planterID) VALUES (93, 746, 4, 134);
INSERT INTO PlantedIn (flowerbedID, plantID, percentage, planterID) VALUES (4, 1207, 4, 126);
INSERT INTO PlantedIn (flowerbedID, plantID, percentage, planterID) VALUES (180, 921, 2, 48);
INSERT INTO PlantedIn (flowerbedID, plantID, percentage, planterID) VALUES (15, 882, 2, 6);
INSERT INTO PlantedIn (flowerbedID, plantID, percentage, planterID) VALUES (202, 2096, 4, 98);
INSERT INTO PlantedIn (flowerbedID, plantID, percentage, planterID) VALUES (7, 2145, 3, 116);
INSERT INTO PlantedIn (flowerbedID, plantID, percentage, planterID) VALUES (245, 3340, 2, 10);
INSERT INTO PlantedIn (flowerbedID, plantID, percentage, planterID) VALUES (201, 3688, 4, 7);
INSERT INTO PlantedIn (flowerbedID, plantID, percentage, planterID) VALUES (44, 3132, 1, 159);
INSERT INTO PlantedIn (flowerbedID, plantID, percentage, planterID) VALUES (37, 2507, 3, 21);
INSERT INTO PlantedIn (flowerbedID, plantID, percentage, planterID) VALUES (73, 1414, 4, 52);
INSERT INTO PlantedIn (flowerbedID, plantID, percentage, planterID) VALUES (279, 850, 2, 139);
INSERT INTO PlantedIn (flowerbedID, plantID, percentage, planterID) VALUES (239, 1631, 4, 95);
INSERT INTO PlantedIn (flowerbedID, plantID, percentage, planterID) VALUES (120, 2699, 2, 111);
INSERT INTO PlantedIn (flowerbedID, plantID, percentage, planterID) VALUES (147, 3308, 3, 65);
INSERT INTO PlantedIn (flowerbedID, plantID, percentage, planterID) VALUES (89, 2779, 3, 16);
INSERT INTO PlantedIn (flowerbedID, plantID, percentage, planterID) VALUES (157, 2224, 1, 70);
INSERT INTO PlantedIn (flowerbedID, plantID, percentage, planterID) VALUES (263, 606, 3, 114);
INSERT INTO PlantedIn (flowerbedID, plantID, percentage, planterID) VALUES (173, 825, 4, 88);
INSERT INTO PlantedIn (flowerbedID, plantID, percentage, planterID) VALUES (273, 602, 4, 52);
INSERT INTO PlantedIn (flowerbedID, plantID, percentage, planterID) VALUES (276, 1039, 2, 129);
INSERT INTO PlantedIn (flowerbedID, plantID, percentage, planterID) VALUES (38, 466, 4, 19);
INSERT INTO PlantedIn (flowerbedID, plantID, percentage, planterID) VALUES (35, 163, 2, 13);
INSERT INTO PlantedIn (flowerbedID, plantID, percentage, planterID) VALUES (228, 632, 2, 160);
INSERT INTO PlantedIn (flowerbedID, plantID, percentage, planterID) VALUES (221, 1278, 3, 60);
INSERT INTO PlantedIn (flowerbedID, plantID, percentage, planterID) VALUES (146, 39, 1, 51);
INSERT INTO PlantedIn (flowerbedID, plantID, percentage, planterID) VALUES (67, 3104, 1, 8);
INSERT INTO PlantedIn (flowerbedID, plantID, percentage, planterID) VALUES (287, 1328, 4, 156);
INSERT INTO PlantedIn (flowerbedID, plantID, percentage, planterID) VALUES (183, 2515, 3, 51);
INSERT INTO PlantedIn (flowerbedID, plantID, percentage, planterID) VALUES (231, 1544, 4, 113);
INSERT INTO PlantedIn (flowerbedID, plantID, percentage, planterID) VALUES (132, 2811, 1, 52);
INSERT INTO PlantedIn (flowerbedID, plantID, percentage, planterID) VALUES (267, 876, 3, 84);
INSERT INTO PlantedIn (flowerbedID, plantID, percentage, planterID) VALUES (167, 3223, 1, 43);
INSERT INTO PlantedIn (flowerbedID, plantID, percentage, planterID) VALUES (253, 2080, 1, 19);
INSERT INTO PlantedIn (flowerbedID, plantID, percentage, planterID) VALUES (102, 595, 2, 35);
INSERT INTO PlantedIn (flowerbedID, plantID, percentage, planterID) VALUES (149, 406, 1, 32);
INSERT INTO PlantedIn (flowerbedID, plantID, percentage, planterID) VALUES (226, 1834, 3, 146);
INSERT INTO PlantedIn (flowerbedID, plantID, percentage, planterID) VALUES (262, 1928, 2, 72);
INSERT INTO PlantedIn (flowerbedID, plantID, percentage, planterID) VALUES (68, 2761, 1, 90);
INSERT INTO PlantedIn (flowerbedID, plantID, percentage, planterID) VALUES (282, 13, 2, 129);
INSERT INTO PlantedIn (flowerbedID, plantID, percentage, planterID) VALUES (51, 1171, 2, 10);
INSERT INTO PlantedIn (flowerbedID, plantID, percentage, planterID) VALUES (124, 3129, 2, 143);
INSERT INTO PlantedIn (flowerbedID, plantID, percentage, planterID) VALUES (101, 2705, 4, 131);
INSERT INTO PlantedIn (flowerbedID, plantID, percentage, planterID) VALUES (5, 3798, 3, 80);
INSERT INTO PlantedIn (flowerbedID, plantID, percentage, planterID) VALUES (30, 1567, 4, 93);
INSERT INTO PlantedIn (flowerbedID, plantID, percentage, planterID) VALUES (271, 1441, 2, 145);
INSERT INTO PlantedIn (flowerbedID, plantID, percentage, planterID) VALUES (228, 2386, 3, 106);
INSERT INTO PlantedIn (flowerbedID, plantID, percentage, planterID) VALUES (262, 3667, 3, 50);
INSERT INTO PlantedIn (flowerbedID, plantID, percentage, planterID) VALUES (210, 1165, 1, 106);
INSERT INTO PlantedIn (flowerbedID, plantID, percentage, planterID) VALUES (250, 2758, 2, 98);
INSERT INTO PlantedIn (flowerbedID, plantID, percentage, planterID) VALUES (168, 1826, 2, 128);
INSERT INTO PlantedIn (flowerbedID, plantID, percentage, planterID) VALUES (275, 3077, 1, 132);
INSERT INTO PlantedIn (flowerbedID, plantID, percentage, planterID) VALUES (179, 5, 2, 158);
INSERT INTO PlantedIn (flowerbedID, plantID, percentage, planterID) VALUES (123, 468, 1, 26);
INSERT INTO PlantedIn (flowerbedID, plantID, percentage, planterID) VALUES (221, 2944, 3, 131);
INSERT INTO PlantedIn (flowerbedID, plantID, percentage, planterID) VALUES (213, 167, 2, 43);
INSERT INTO PlantedIn (flowerbedID, plantID, percentage, planterID) VALUES (103, 3321, 1, 99);
INSERT INTO PlantedIn (flowerbedID, plantID, percentage, planterID) VALUES (172, 550, 1, 95);
INSERT INTO PlantedIn (flowerbedID, plantID, percentage, planterID) VALUES (87, 2109, 2, 118);
INSERT INTO PlantedIn (flowerbedID, plantID, percentage, planterID) VALUES (139, 112, 3, 121);
INSERT INTO PlantedIn (flowerbedID, plantID, percentage, planterID) VALUES (280, 2512, 1, 116);
INSERT INTO PlantedIn (flowerbedID, plantID, percentage, planterID) VALUES (18, 62, 3, 7);
INSERT INTO PlantedIn (flowerbedID, plantID, percentage, planterID) VALUES (59, 2360, 3, 134);
INSERT INTO PlantedIn (flowerbedID, plantID, percentage, planterID) VALUES (36, 2159, 4, 81);
INSERT INTO PlantedIn (flowerbedID, plantID, percentage, planterID) VALUES (255, 3585, 3, 143);
INSERT INTO PlantedIn (flowerbedID, plantID, percentage, planterID) VALUES (153, 35, 4, 73);
INSERT INTO PlantedIn (flowerbedID, plantID, percentage, planterID) VALUES (284, 196, 3, 132);
INSERT INTO PlantedIn (flowerbedID, plantID, percentage, planterID) VALUES (216, 3649, 3, 114);
INSERT INTO PlantedIn (flowerbedID, plantID, percentage, planterID) VALUES (294, 1118, 3, 161);
INSERT INTO PlantedIn (flowerbedID, plantID, percentage, planterID) VALUES (19, 2605, 2, 58);
INSERT INTO PlantedIn (flowerbedID, plantID, percentage, planterID) VALUES (168, 1063, 4, 81);
INSERT INTO PlantedIn (flowerbedID, plantID, percentage, planterID) VALUES (32, 1607, 4, 6);
INSERT INTO PlantedIn (flowerbedID, plantID, percentage, planterID) VALUES (5, 2924, 3, 141);
INSERT INTO PlantedIn (flowerbedID, plantID, percentage, planterID) VALUES (117, 90, 3, 18);
INSERT INTO PlantedIn (flowerbedID, plantID, percentage, planterID) VALUES (142, 3118, 4, 56);
INSERT INTO PlantedIn (flowerbedID, plantID, percentage, planterID) VALUES (189, 1880, 2, 118);
INSERT INTO PlantedIn (flowerbedID, plantID, percentage, planterID) VALUES (149, 1738, 1, 124);
INSERT INTO PlantedIn (flowerbedID, plantID, percentage, planterID) VALUES (217, 715, 4, 8);
INSERT INTO PlantedIn (flowerbedID, plantID, percentage, planterID) VALUES (180, 295, 3, 121);
INSERT INTO PlantedIn (flowerbedID, plantID, percentage, planterID) VALUES (249, 1993, 2, 50);
INSERT INTO PlantedIn (flowerbedID, plantID, percentage, planterID) VALUES (94, 948, 3, 130);
INSERT INTO PlantedIn (flowerbedID, plantID, percentage, planterID) VALUES (81, 3298, 3, 73);
INSERT INTO PlantedIn (flowerbedID, plantID, percentage, planterID) VALUES (198, 2896, 2, 102);
INSERT INTO PlantedIn (flowerbedID, plantID, percentage, planterID) VALUES (71, 1061, 3, 95);
INSERT INTO PlantedIn (flowerbedID, plantID, percentage, planterID) VALUES (217, 1041, 2, 136);
INSERT INTO PlantedIn (flowerbedID, plantID, percentage, planterID) VALUES (136, 3216, 1, 48);
INSERT INTO PlantedIn (flowerbedID, plantID, percentage, planterID) VALUES (272, 3787, 3, 116);
INSERT INTO PlantedIn (flowerbedID, plantID, percentage, planterID) VALUES (149, 3687, 4, 12);
INSERT INTO PlantedIn (flowerbedID, plantID, percentage, planterID) VALUES (60, 3172, 2, 88);
INSERT INTO PlantedIn (flowerbedID, plantID, percentage, planterID) VALUES (202, 3602, 2, 37);
INSERT INTO PlantedIn (flowerbedID, plantID, percentage, planterID) VALUES (204, 3093, 4, 108);
INSERT INTO PlantedIn (flowerbedID, plantID, percentage, planterID) VALUES (134, 1698, 4, 43);
INSERT INTO PlantedIn (flowerbedID, plantID, percentage, planterID) VALUES (151, 2407, 4, 159);
INSERT INTO PlantedIn (flowerbedID, plantID, percentage, planterID) VALUES (173, 3818, 4, 139);
INSERT INTO PlantedIn (flowerbedID, plantID, percentage, planterID) VALUES (242, 1218, 2, 42);
INSERT INTO PlantedIn (flowerbedID, plantID, percentage, planterID) VALUES (74, 1751, 4, 141);
INSERT INTO PlantedIn (flowerbedID, plantID, percentage, planterID) VALUES (76, 1701, 2, 146);
INSERT INTO PlantedIn (flowerbedID, plantID, percentage, planterID) VALUES (185, 1909, 1, 22);
INSERT INTO PlantedIn (flowerbedID, plantID, percentage, planterID) VALUES (269, 3538, 2, 66);
INSERT INTO PlantedIn (flowerbedID, plantID, percentage, planterID) VALUES (161, 1174, 1, 70);
INSERT INTO PlantedIn (flowerbedID, plantID, percentage, planterID) VALUES (88, 808, 1, 154);
INSERT INTO PlantedIn (flowerbedID, plantID, percentage, planterID) VALUES (157, 514, 4, 100);
INSERT INTO PlantedIn (flowerbedID, plantID, percentage, planterID) VALUES (176, 1533, 4, 121);
INSERT INTO PlantedIn (flowerbedID, plantID, percentage, planterID) VALUES (251, 2103, 2, 29);
INSERT INTO PlantedIn (flowerbedID, plantID, percentage, planterID) VALUES (143, 675, 2, 97);
INSERT INTO PlantedIn (flowerbedID, plantID, percentage, planterID) VALUES (167, 3726, 4, 160);
INSERT INTO PlantedIn (flowerbedID, plantID, percentage, planterID) VALUES (110, 169, 3, 27);
INSERT INTO PlantedIn (flowerbedID, plantID, percentage, planterID) VALUES (280, 977, 1, 17);
INSERT INTO PlantedIn (flowerbedID, plantID, percentage, planterID) VALUES (250, 3362, 1, 113);
INSERT INTO PlantedIn (flowerbedID, plantID, percentage, planterID) VALUES (171, 1898, 1, 12);
INSERT INTO PlantedIn (flowerbedID, plantID, percentage, planterID) VALUES (197, 2009, 4, 26);
INSERT INTO PlantedIn (flowerbedID, plantID, percentage, planterID) VALUES (11, 467, 3, 106);
INSERT INTO PlantedIn (flowerbedID, plantID, percentage, planterID) VALUES (89, 678, 4, 156);
INSERT INTO PlantedIn (flowerbedID, plantID, percentage, planterID) VALUES (42, 3210, 3, 123);
INSERT INTO PlantedIn (flowerbedID, plantID, percentage, planterID) VALUES (262, 3355, 4, 14);
INSERT INTO PlantedIn (flowerbedID, plantID, percentage, planterID) VALUES (37, 691, 4, 151);
INSERT INTO PlantedIn (flowerbedID, plantID, percentage, planterID) VALUES (15, 2034, 3, 32);
INSERT INTO PlantedIn (flowerbedID, plantID, percentage, planterID) VALUES (264, 2412, 1, 139);
INSERT INTO PlantedIn (flowerbedID, plantID, percentage, planterID) VALUES (71, 1220, 2, 51);
INSERT INTO PlantedIn (flowerbedID, plantID, percentage, planterID) VALUES (65, 579, 1, 95);
INSERT INTO PlantedIn (flowerbedID, plantID, percentage, planterID) VALUES (259, 219, 3, 159);
INSERT INTO PlantedIn (flowerbedID, plantID, percentage, planterID) VALUES (41, 2816, 2, 147);
INSERT INTO PlantedIn (flowerbedID, plantID, percentage, planterID) VALUES (181, 3122, 1, 63);
INSERT INTO PlantedIn (flowerbedID, plantID, percentage, planterID) VALUES (297, 3790, 1, 26);
INSERT INTO PlantedIn (flowerbedID, plantID, percentage, planterID) VALUES (213, 3171, 3, 3);
INSERT INTO PlantedIn (flowerbedID, plantID, percentage, planterID) VALUES (133, 3172, 3, 102);
INSERT INTO PlantedIn (flowerbedID, plantID, percentage, planterID) VALUES (41, 3433, 2, 17);
INSERT INTO PlantedIn (flowerbedID, plantID, percentage, planterID) VALUES (194, 1546, 3, 156);
INSERT INTO PlantedIn (flowerbedID, plantID, percentage, planterID) VALUES (96, 2455, 1, 145);
INSERT INTO PlantedIn (flowerbedID, plantID, percentage, planterID) VALUES (146, 594, 2, 113);
INSERT INTO PlantedIn (flowerbedID, plantID, percentage, planterID) VALUES (155, 3015, 2, 50);
INSERT INTO PlantedIn (flowerbedID, plantID, percentage, planterID) VALUES (277, 2058, 3, 36);
INSERT INTO PlantedIn (flowerbedID, plantID, percentage, planterID) VALUES (117, 3369, 2, 87);
INSERT INTO PlantedIn (flowerbedID, plantID, percentage, planterID) VALUES (289, 3313, 3, 55);
INSERT INTO PlantedIn (flowerbedID, plantID, percentage, planterID) VALUES (77, 844, 3, 54);
INSERT INTO PlantedIn (flowerbedID, plantID, percentage, planterID) VALUES (256, 590, 2, 108);
INSERT INTO PlantedIn (flowerbedID, plantID, percentage, planterID) VALUES (92, 1077, 4, 110);
INSERT INTO PlantedIn (flowerbedID, plantID, percentage, planterID) VALUES (18, 3579, 4, 56);
INSERT INTO PlantedIn (flowerbedID, plantID, percentage, planterID) VALUES (138, 2042, 1, 126);
INSERT INTO PlantedIn (flowerbedID, plantID, percentage, planterID) VALUES (98, 3556, 3, 65);
INSERT INTO PlantedIn (flowerbedID, plantID, percentage, planterID) VALUES (220, 1201, 4, 64);
INSERT INTO PlantedIn (flowerbedID, plantID, percentage, planterID) VALUES (159, 2637, 2, 98);
INSERT INTO PlantedIn (flowerbedID, plantID, percentage, planterID) VALUES (250, 761, 1, 125);
INSERT INTO PlantedIn (flowerbedID, plantID, percentage, planterID) VALUES (86, 1100, 3, 90);
INSERT INTO PlantedIn (flowerbedID, plantID, percentage, planterID) VALUES (244, 960, 1, 130);
INSERT INTO PlantedIn (flowerbedID, plantID, percentage, planterID) VALUES (51, 485, 4, 148);
INSERT INTO PlantedIn (flowerbedID, plantID, percentage, planterID) VALUES (255, 2771, 1, 128);
INSERT INTO PlantedIn (flowerbedID, plantID, percentage, planterID) VALUES (26, 2824, 4, 119);
INSERT INTO PlantedIn (flowerbedID, plantID, percentage, planterID) VALUES (90, 281, 2, 104);
INSERT INTO PlantedIn (flowerbedID, plantID, percentage, planterID) VALUES (212, 1957, 4, 77);
INSERT INTO PlantedIn (flowerbedID, plantID, percentage, planterID) VALUES (58, 3108, 4, 47);
INSERT INTO PlantedIn (flowerbedID, plantID, percentage, planterID) VALUES (283, 1705, 4, 12);
INSERT INTO PlantedIn (flowerbedID, plantID, percentage, planterID) VALUES (120, 278, 1, 112);
INSERT INTO PlantedIn (flowerbedID, plantID, percentage, planterID) VALUES (112, 1219, 3, 54);
INSERT INTO PlantedIn (flowerbedID, plantID, percentage, planterID) VALUES (245, 3770, 4, 3);
INSERT INTO PlantedIn (flowerbedID, plantID, percentage, planterID) VALUES (50, 3159, 1, 20);
INSERT INTO PlantedIn (flowerbedID, plantID, percentage, planterID) VALUES (228, 2143, 3, 31);
INSERT INTO PlantedIn (flowerbedID, plantID, percentage, planterID) VALUES (286, 963, 1, 37);
INSERT INTO PlantedIn (flowerbedID, plantID, percentage, planterID) VALUES (74, 1706, 4, 18);
INSERT INTO PlantedIn (flowerbedID, plantID, percentage, planterID) VALUES (234, 1819, 1, 23);
INSERT INTO PlantedIn (flowerbedID, plantID, percentage, planterID) VALUES (1, 601, 4, 156);
INSERT INTO PlantedIn (flowerbedID, plantID, percentage, planterID) VALUES (76, 2885, 2, 72);
INSERT INTO PlantedIn (flowerbedID, plantID, percentage, planterID) VALUES (92, 1432, 3, 117);
INSERT INTO PlantedIn (flowerbedID, plantID, percentage, planterID) VALUES (133, 2848, 3, 93);
INSERT INTO PlantedIn (flowerbedID, plantID, percentage, planterID) VALUES (49, 3024, 3, 96);
INSERT INTO PlantedIn (flowerbedID, plantID, percentage, planterID) VALUES (274, 2504, 1, 109);
INSERT INTO PlantedIn (flowerbedID, plantID, percentage, planterID) VALUES (166, 2348, 2, 42);
INSERT INTO PlantedIn (flowerbedID, plantID, percentage, planterID) VALUES (225, 870, 1, 28);
INSERT INTO PlantedIn (flowerbedID, plantID, percentage, planterID) VALUES (32, 3069, 4, 68);
INSERT INTO PlantedIn (flowerbedID, plantID, percentage, planterID) VALUES (100, 424, 2, 31);
INSERT INTO PlantedIn (flowerbedID, plantID, percentage, planterID) VALUES (23, 3704, 4, 96);
INSERT INTO PlantedIn (flowerbedID, plantID, percentage, planterID) VALUES (155, 729, 1, 133);
INSERT INTO PlantedIn (flowerbedID, plantID, percentage, planterID) VALUES (246, 3256, 2, 124);
INSERT INTO PlantedIn (flowerbedID, plantID, percentage, planterID) VALUES (55, 687, 4, 48);
INSERT INTO PlantedIn (flowerbedID, plantID, percentage, planterID) VALUES (30, 2145, 1, 118);
INSERT INTO PlantedIn (flowerbedID, plantID, percentage, planterID) VALUES (42, 807, 4, 142);
INSERT INTO PlantedIn (flowerbedID, plantID, percentage, planterID) VALUES (250, 423, 1, 43);
INSERT INTO PlantedIn (flowerbedID, plantID, percentage, planterID) VALUES (88, 1645, 1, 72);
INSERT INTO PlantedIn (flowerbedID, plantID, percentage, planterID) VALUES (10, 3762, 3, 131);
INSERT INTO PlantedIn (flowerbedID, plantID, percentage, planterID) VALUES (97, 3310, 1, 52);
INSERT INTO PlantedIn (flowerbedID, plantID, percentage, planterID) VALUES (20, 128, 2, 15);
INSERT INTO PlantedIn (flowerbedID, plantID, percentage, planterID) VALUES (217, 2764, 4, 84);
INSERT INTO PlantedIn (flowerbedID, plantID, percentage, planterID) VALUES (161, 1525, 1, 53);
INSERT INTO PlantedIn (flowerbedID, plantID, percentage, planterID) VALUES (44, 1535, 4, 43);
INSERT INTO PlantedIn (flowerbedID, plantID, percentage, planterID) VALUES (152, 1925, 4, 21);
INSERT INTO PlantedIn (flowerbedID, plantID, percentage, planterID) VALUES (277, 2078, 4, 146);
INSERT INTO PlantedIn (flowerbedID, plantID, percentage, planterID) VALUES (153, 2341, 4, 121);
INSERT INTO PlantedIn (flowerbedID, plantID, percentage, planterID) VALUES (139, 3855, 3, 145);
INSERT INTO PlantedIn (flowerbedID, plantID, percentage, planterID) VALUES (10, 3556, 4, 151);
INSERT INTO PlantedIn (flowerbedID, plantID, percentage, planterID) VALUES (190, 1382, 1, 119);
INSERT INTO PlantedIn (flowerbedID, plantID, percentage, planterID) VALUES (225, 3854, 4, 61);
INSERT INTO PlantedIn (flowerbedID, plantID, percentage, planterID) VALUES (118, 2323, 4, 152);
INSERT INTO PlantedIn (flowerbedID, plantID, percentage, planterID) VALUES (30, 3856, 1, 121);
INSERT INTO PlantedIn (flowerbedID, plantID, percentage, planterID) VALUES (46, 2617, 3, 152);
INSERT INTO PlantedIn (flowerbedID, plantID, percentage, planterID) VALUES (202, 2776, 3, 24);
INSERT INTO PlantedIn (flowerbedID, plantID, percentage, planterID) VALUES (191, 45, 2, 80);
INSERT INTO PlantedIn (flowerbedID, plantID, percentage, planterID) VALUES (111, 584, 1, 77);
INSERT INTO PlantedIn (flowerbedID, plantID, percentage, planterID) VALUES (45, 3075, 3, 4);
INSERT INTO PlantedIn (flowerbedID, plantID, percentage, planterID) VALUES (119, 3467, 2, 77);
INSERT INTO PlantedIn (flowerbedID, plantID, percentage, planterID) VALUES (268, 544, 2, 90);
INSERT INTO PlantedIn (flowerbedID, plantID, percentage, planterID) VALUES (206, 1918, 4, 82);
INSERT INTO PlantedIn (flowerbedID, plantID, percentage, planterID) VALUES (52, 1374, 4, 78);
INSERT INTO PlantedIn (flowerbedID, plantID, percentage, planterID) VALUES (22, 2279, 3, 95);
INSERT INTO PlantedIn (flowerbedID, plantID, percentage, planterID) VALUES (49, 1657, 2, 16);
INSERT INTO PlantedIn (flowerbedID, plantID, percentage, planterID) VALUES (67, 425, 3, 147);
INSERT INTO PlantedIn (flowerbedID, plantID, percentage, planterID) VALUES (3, 1146, 4, 20);
INSERT INTO PlantedIn (flowerbedID, plantID, percentage, planterID) VALUES (131, 2451, 1, 57);
INSERT INTO PlantedIn (flowerbedID, plantID, percentage, planterID) VALUES (49, 1591, 1, 26);
INSERT INTO PlantedIn (flowerbedID, plantID, percentage, planterID) VALUES (214, 3599, 4, 99);
INSERT INTO PlantedIn (flowerbedID, plantID, percentage, planterID) VALUES (232, 164, 4, 36);
INSERT INTO PlantedIn (flowerbedID, plantID, percentage, planterID) VALUES (102, 1237, 4, 118);
INSERT INTO PlantedIn (flowerbedID, plantID, percentage, planterID) VALUES (286, 47, 1, 155);
INSERT INTO PlantedIn (flowerbedID, plantID, percentage, planterID) VALUES (245, 3324, 4, 67);
INSERT INTO PlantedIn (flowerbedID, plantID, percentage, planterID) VALUES (82, 2074, 2, 38);
INSERT INTO PlantedIn (flowerbedID, plantID, percentage, planterID) VALUES (72, 633, 4, 151);
INSERT INTO PlantedIn (flowerbedID, plantID, percentage, planterID) VALUES (29, 1725, 2, 143);
INSERT INTO PlantedIn (flowerbedID, plantID, percentage, planterID) VALUES (18, 935, 2, 114);
INSERT INTO PlantedIn (flowerbedID, plantID, percentage, planterID) VALUES (168, 1324, 3, 30);
INSERT INTO PlantedIn (flowerbedID, plantID, percentage, planterID) VALUES (107, 284, 1, 104);
INSERT INTO PlantedIn (flowerbedID, plantID, percentage, planterID) VALUES (280, 3810, 1, 27);
INSERT INTO PlantedIn (flowerbedID, plantID, percentage, planterID) VALUES (157, 1436, 4, 83);
INSERT INTO PlantedIn (flowerbedID, plantID, percentage, planterID) VALUES (161, 1358, 3, 123);
INSERT INTO PlantedIn (flowerbedID, plantID, percentage, planterID) VALUES (168, 472, 3, 136);
INSERT INTO PlantedIn (flowerbedID, plantID, percentage, planterID) VALUES (109, 1738, 4, 4);
INSERT INTO PlantedIn (flowerbedID, plantID, percentage, planterID) VALUES (237, 743, 1, 76);
INSERT INTO PlantedIn (flowerbedID, plantID, percentage, planterID) VALUES (80, 155, 1, 56);
INSERT INTO PlantedIn (flowerbedID, plantID, percentage, planterID) VALUES (8, 1837, 3, 70);
INSERT INTO PlantedIn (flowerbedID, plantID, percentage, planterID) VALUES (254, 3405, 2, 53);
INSERT INTO PlantedIn (flowerbedID, plantID, percentage, planterID) VALUES (70, 75, 1, 3);
INSERT INTO PlantedIn (flowerbedID, plantID, percentage, planterID) VALUES (168, 371, 1, 162);
INSERT INTO PlantedIn (flowerbedID, plantID, percentage, planterID) VALUES (66, 2800, 3, 127);
INSERT INTO PlantedIn (flowerbedID, plantID, percentage, planterID) VALUES (53, 2923, 4, 88);
INSERT INTO PlantedIn (flowerbedID, plantID, percentage, planterID) VALUES (284, 3665, 1, 20);
INSERT INTO PlantedIn (flowerbedID, plantID, percentage, planterID) VALUES (245, 2169, 3, 130);
INSERT INTO PlantedIn (flowerbedID, plantID, percentage, planterID) VALUES (260, 531, 4, 160);
INSERT INTO PlantedIn (flowerbedID, plantID, percentage, planterID) VALUES (45, 3708, 1, 78);
INSERT INTO PlantedIn (flowerbedID, plantID, percentage, planterID) VALUES (268, 2192, 3, 80);
INSERT INTO PlantedIn (flowerbedID, plantID, percentage, planterID) VALUES (92, 173, 1, 137);
INSERT INTO PlantedIn (flowerbedID, plantID, percentage, planterID) VALUES (166, 2938, 3, 2);
INSERT INTO PlantedIn (flowerbedID, plantID, percentage, planterID) VALUES (262, 865, 2, 84);
INSERT INTO PlantedIn (flowerbedID, plantID, percentage, planterID) VALUES (191, 1941, 2, 37);
INSERT INTO PlantedIn (flowerbedID, plantID, percentage, planterID) VALUES (19, 3750, 4, 26);
INSERT INTO PlantedIn (flowerbedID, plantID, percentage, planterID) VALUES (12, 1031, 4, 87);
INSERT INTO PlantedIn (flowerbedID, plantID, percentage, planterID) VALUES (250, 3728, 1, 96);
INSERT INTO PlantedIn (flowerbedID, plantID, percentage, planterID) VALUES (3, 1349, 3, 35);
INSERT INTO PlantedIn (flowerbedID, plantID, percentage, planterID) VALUES (130, 2125, 1, 50);
INSERT INTO PlantedIn (flowerbedID, plantID, percentage, planterID) VALUES (202, 179, 4, 100);
INSERT INTO PlantedIn (flowerbedID, plantID, percentage, planterID) VALUES (259, 3237, 1, 137);
INSERT INTO PlantedIn (flowerbedID, plantID, percentage, planterID) VALUES (86, 405, 3, 54);
INSERT INTO PlantedIn (flowerbedID, plantID, percentage, planterID) VALUES (92, 3376, 3, 128);
INSERT INTO PlantedIn (flowerbedID, plantID, percentage, planterID) VALUES (4, 80, 3, 93);
INSERT INTO PlantedIn (flowerbedID, plantID, percentage, planterID) VALUES (122, 2972, 3, 120);
INSERT INTO PlantedIn (flowerbedID, plantID, percentage, planterID) VALUES (150, 2547, 4, 9);
INSERT INTO PlantedIn (flowerbedID, plantID, percentage, planterID) VALUES (229, 1398, 1, 72);
INSERT INTO PlantedIn (flowerbedID, plantID, percentage, planterID) VALUES (71, 618, 1, 101);
INSERT INTO PlantedIn (flowerbedID, plantID, percentage, planterID) VALUES (265, 2064, 4, 113);
INSERT INTO PlantedIn (flowerbedID, plantID, percentage, planterID) VALUES (166, 733, 1, 71);
INSERT INTO PlantedIn (flowerbedID, plantID, percentage, planterID) VALUES (252, 1554, 3, 55);
INSERT INTO PlantedIn (flowerbedID, plantID, percentage, planterID) VALUES (237, 487, 2, 97);
INSERT INTO PlantedIn (flowerbedID, plantID, percentage, planterID) VALUES (53, 1327, 3, 37);
INSERT INTO PlantedIn (flowerbedID, plantID, percentage, planterID) VALUES (228, 1093, 4, 133);
INSERT INTO PlantedIn (flowerbedID, plantID, percentage, planterID) VALUES (260, 3638, 2, 139);
INSERT INTO PlantedIn (flowerbedID, plantID, percentage, planterID) VALUES (34, 211, 3, 108);
INSERT INTO PlantedIn (flowerbedID, plantID, percentage, planterID) VALUES (260, 2807, 4, 9);
INSERT INTO PlantedIn (flowerbedID, plantID, percentage, planterID) VALUES (86, 1935, 3, 29);
INSERT INTO PlantedIn (flowerbedID, plantID, percentage, planterID) VALUES (214, 2726, 4, 67);
INSERT INTO PlantedIn (flowerbedID, plantID, percentage, planterID) VALUES (143, 1195, 2, 149);
INSERT INTO PlantedIn (flowerbedID, plantID, percentage, planterID) VALUES (34, 1025, 4, 3);
INSERT INTO PlantedIn (flowerbedID, plantID, percentage, planterID) VALUES (66, 3082, 2, 160);
INSERT INTO PlantedIn (flowerbedID, plantID, percentage, planterID) VALUES (126, 1712, 3, 112);
INSERT INTO PlantedIn (flowerbedID, plantID, percentage, planterID) VALUES (279, 1210, 4, 145);
INSERT INTO PlantedIn (flowerbedID, plantID, percentage, planterID) VALUES (12, 3443, 2, 137);
INSERT INTO PlantedIn (flowerbedID, plantID, percentage, planterID) VALUES (199, 1327, 1, 18);
INSERT INTO PlantedIn (flowerbedID, plantID, percentage, planterID) VALUES (196, 3737, 4, 97);
INSERT INTO PlantedIn (flowerbedID, plantID, percentage, planterID) VALUES (70, 2212, 2, 100);
INSERT INTO PlantedIn (flowerbedID, plantID, percentage, planterID) VALUES (111, 1957, 4, 126);
INSERT INTO PlantedIn (flowerbedID, plantID, percentage, planterID) VALUES (284, 1450, 4, 65);
INSERT INTO PlantedIn (flowerbedID, plantID, percentage, planterID) VALUES (206, 826, 3, 117);
INSERT INTO PlantedIn (flowerbedID, plantID, percentage, planterID) VALUES (32, 1812, 2, 9);
INSERT INTO PlantedIn (flowerbedID, plantID, percentage, planterID) VALUES (230, 3490, 2, 64);
INSERT INTO PlantedIn (flowerbedID, plantID, percentage, planterID) VALUES (107, 2844, 1, 147);
INSERT INTO PlantedIn (flowerbedID, plantID, percentage, planterID) VALUES (158, 3097, 4, 79);
INSERT INTO PlantedIn (flowerbedID, plantID, percentage, planterID) VALUES (204, 564, 2, 20);
INSERT INTO PlantedIn (flowerbedID, plantID, percentage, planterID) VALUES (262, 841, 4, 143);
INSERT INTO PlantedIn (flowerbedID, plantID, percentage, planterID) VALUES (214, 989, 2, 161);
INSERT INTO PlantedIn (flowerbedID, plantID, percentage, planterID) VALUES (105, 1086, 3, 4);
INSERT INTO PlantedIn (flowerbedID, plantID, percentage, planterID) VALUES (85, 2666, 1, 65);
INSERT INTO PlantedIn (flowerbedID, plantID, percentage, planterID) VALUES (178, 2875, 4, 69);
INSERT INTO PlantedIn (flowerbedID, plantID, percentage, planterID) VALUES (144, 958, 1, 6);
INSERT INTO PlantedIn (flowerbedID, plantID, percentage, planterID) VALUES (15, 1887, 3, 156);
INSERT INTO PlantedIn (flowerbedID, plantID, percentage, planterID) VALUES (190, 73, 3, 16);
INSERT INTO PlantedIn (flowerbedID, plantID, percentage, planterID) VALUES (71, 3540, 4, 75);
INSERT INTO PlantedIn (flowerbedID, plantID, percentage, planterID) VALUES (52, 1406, 3, 46);
INSERT INTO PlantedIn (flowerbedID, plantID, percentage, planterID) VALUES (193, 1091, 4, 18);
INSERT INTO PlantedIn (flowerbedID, plantID, percentage, planterID) VALUES (163, 2748, 1, 116);
INSERT INTO PlantedIn (flowerbedID, plantID, percentage, planterID) VALUES (52, 3369, 3, 70);
INSERT INTO PlantedIn (flowerbedID, plantID, percentage, planterID) VALUES (29, 2363, 1, 64);
INSERT INTO PlantedIn (flowerbedID, plantID, percentage, planterID) VALUES (161, 1308, 3, 118);
INSERT INTO PlantedIn (flowerbedID, plantID, percentage, planterID) VALUES (152, 3702, 1, 56);
INSERT INTO PlantedIn (flowerbedID, plantID, percentage, planterID) VALUES (19, 3184, 2, 77);
INSERT INTO PlantedIn (flowerbedID, plantID, percentage, planterID) VALUES (128, 1023, 2, 7);
INSERT INTO PlantedIn (flowerbedID, plantID, percentage, planterID) VALUES (105, 516, 3, 1);
INSERT INTO PlantedIn (flowerbedID, plantID, percentage, planterID) VALUES (100, 2099, 1, 10);
INSERT INTO PlantedIn (flowerbedID, plantID, percentage, planterID) VALUES (158, 1749, 4, 57);
INSERT INTO PlantedIn (flowerbedID, plantID, percentage, planterID) VALUES (188, 1227, 1, 136);
INSERT INTO PlantedIn (flowerbedID, plantID, percentage, planterID) VALUES (290, 1387, 4, 46);
INSERT INTO PlantedIn (flowerbedID, plantID, percentage, planterID) VALUES (241, 2812, 1, 38);
INSERT INTO PlantedIn (flowerbedID, plantID, percentage, planterID) VALUES (229, 2371, 4, 72);
INSERT INTO PlantedIn (flowerbedID, plantID, percentage, planterID) VALUES (73, 848, 1, 25);
INSERT INTO PlantedIn (flowerbedID, plantID, percentage, planterID) VALUES (50, 1986, 3, 119);
INSERT INTO PlantedIn (flowerbedID, plantID, percentage, planterID) VALUES (253, 2083, 1, 43);
INSERT INTO PlantedIn (flowerbedID, plantID, percentage, planterID) VALUES (98, 1730, 3, 23);
INSERT INTO PlantedIn (flowerbedID, plantID, percentage, planterID) VALUES (213, 3570, 2, 84);
INSERT INTO PlantedIn (flowerbedID, plantID, percentage, planterID) VALUES (43, 2142, 4, 36);
INSERT INTO PlantedIn (flowerbedID, plantID, percentage, planterID) VALUES (291, 399, 1, 65);
INSERT INTO PlantedIn (flowerbedID, plantID, percentage, planterID) VALUES (101, 2073, 3, 50);
INSERT INTO PlantedIn (flowerbedID, plantID, percentage, planterID) VALUES (226, 1662, 4, 128);
INSERT INTO PlantedIn (flowerbedID, plantID, percentage, planterID) VALUES (283, 1663, 4, 93);
INSERT INTO PlantedIn (flowerbedID, plantID, percentage, planterID) VALUES (1, 1794, 1, 66);
INSERT INTO PlantedIn (flowerbedID, plantID, percentage, planterID) VALUES (83, 350, 4, 4);
INSERT INTO PlantedIn (flowerbedID, plantID, percentage, planterID) VALUES (114, 2314, 4, 98);
INSERT INTO PlantedIn (flowerbedID, plantID, percentage, planterID) VALUES (102, 1888, 4, 130);
INSERT INTO PlantedIn (flowerbedID, plantID, percentage, planterID) VALUES (8, 2081, 4, 127);
INSERT INTO PlantedIn (flowerbedID, plantID, percentage, planterID) VALUES (146, 123, 3, 7);
INSERT INTO PlantedIn (flowerbedID, plantID, percentage, planterID) VALUES (293, 2179, 2, 82);
INSERT INTO PlantedIn (flowerbedID, plantID, percentage, planterID) VALUES (187, 3427, 3, 98);
INSERT INTO PlantedIn (flowerbedID, plantID, percentage, planterID) VALUES (210, 3663, 2, 42);
INSERT INTO PlantedIn (flowerbedID, plantID, percentage, planterID) VALUES (226, 2250, 3, 131);
INSERT INTO PlantedIn (flowerbedID, plantID, percentage, planterID) VALUES (105, 3021, 1, 8);
INSERT INTO PlantedIn (flowerbedID, plantID, percentage, planterID) VALUES (39, 2333, 3, 114);
INSERT INTO PlantedIn (flowerbedID, plantID, percentage, planterID) VALUES (287, 1415, 4, 17);
INSERT INTO PlantedIn (flowerbedID, plantID, percentage, planterID) VALUES (292, 2214, 4, 90);
INSERT INTO PlantedIn (flowerbedID, plantID, percentage, planterID) VALUES (43, 645, 1, 97);
INSERT INTO PlantedIn (flowerbedID, plantID, percentage, planterID) VALUES (123, 3207, 4, 146);
INSERT INTO PlantedIn (flowerbedID, plantID, percentage, planterID) VALUES (130, 3696, 3, 160);
INSERT INTO PlantedIn (flowerbedID, plantID, percentage, planterID) VALUES (86, 562, 2, 9);
INSERT INTO PlantedIn (flowerbedID, plantID, percentage, planterID) VALUES (265, 361, 2, 126);
INSERT INTO PlantedIn (flowerbedID, plantID, percentage, planterID) VALUES (55, 549, 1, 48);
INSERT INTO PlantedIn (flowerbedID, plantID, percentage, planterID) VALUES (40, 3336, 2, 66);
INSERT INTO PlantedIn (flowerbedID, plantID, percentage, planterID) VALUES (69, 3019, 1, 157);
INSERT INTO PlantedIn (flowerbedID, plantID, percentage, planterID) VALUES (213, 1782, 3, 133);
INSERT INTO PlantedIn (flowerbedID, plantID, percentage, planterID) VALUES (43, 3690, 2, 72);
INSERT INTO PlantedIn (flowerbedID, plantID, percentage, planterID) VALUES (30, 1792, 1, 139);
INSERT INTO PlantedIn (flowerbedID, plantID, percentage, planterID) VALUES (132, 3171, 3, 6);
INSERT INTO PlantedIn (flowerbedID, plantID, percentage, planterID) VALUES (30, 242, 4, 124);
INSERT INTO PlantedIn (flowerbedID, plantID, percentage, planterID) VALUES (31, 1458, 3, 162);
INSERT INTO PlantedIn (flowerbedID, plantID, percentage, planterID) VALUES (44, 2596, 1, 122);
INSERT INTO PlantedIn (flowerbedID, plantID, percentage, planterID) VALUES (27, 517, 3, 35);
INSERT INTO PlantedIn (flowerbedID, plantID, percentage, planterID) VALUES (281, 1328, 3, 7);
INSERT INTO PlantedIn (flowerbedID, plantID, percentage, planterID) VALUES (174, 295, 3, 57);
INSERT INTO PlantedIn (flowerbedID, plantID, percentage, planterID) VALUES (238, 1118, 4, 15);
INSERT INTO PlantedIn (flowerbedID, plantID, percentage, planterID) VALUES (75, 2518, 4, 1);
INSERT INTO PlantedIn (flowerbedID, plantID, percentage, planterID) VALUES (107, 399, 2, 2);
INSERT INTO PlantedIn (flowerbedID, plantID, percentage, planterID) VALUES (91, 2165, 3, 74);
INSERT INTO PlantedIn (flowerbedID, plantID, percentage, planterID) VALUES (179, 488, 1, 121);
INSERT INTO PlantedIn (flowerbedID, plantID, percentage, planterID) VALUES (201, 745, 2, 42);
INSERT INTO PlantedIn (flowerbedID, plantID, percentage, planterID) VALUES (81, 2199, 1, 154);
INSERT INTO PlantedIn (flowerbedID, plantID, percentage, planterID) VALUES (257, 3787, 2, 9);
INSERT INTO PlantedIn (flowerbedID, plantID, percentage, planterID) VALUES (88, 528, 3, 34);
INSERT INTO PlantedIn (flowerbedID, plantID, percentage, planterID) VALUES (236, 764, 1, 80);
INSERT INTO PlantedIn (flowerbedID, plantID, percentage, planterID) VALUES (90, 1825, 3, 110);
INSERT INTO PlantedIn (flowerbedID, plantID, percentage, planterID) VALUES (10, 257, 3, 44);
INSERT INTO PlantedIn (flowerbedID, plantID, percentage, planterID) VALUES (58, 3673, 4, 110);
INSERT INTO PlantedIn (flowerbedID, plantID, percentage, planterID) VALUES (43, 3400, 2, 20);
INSERT INTO PlantedIn (flowerbedID, plantID, percentage, planterID) VALUES (135, 33, 2, 82);
INSERT INTO PlantedIn (flowerbedID, plantID, percentage, planterID) VALUES (237, 1136, 2, 34);
INSERT INTO PlantedIn (flowerbedID, plantID, percentage, planterID) VALUES (282, 1802, 2, 120);
INSERT INTO PlantedIn (flowerbedID, plantID, percentage, planterID) VALUES (142, 656, 2, 120);
INSERT INTO PlantedIn (flowerbedID, plantID, percentage, planterID) VALUES (54, 2190, 1, 137);
INSERT INTO PlantedIn (flowerbedID, plantID, percentage, planterID) VALUES (255, 1494, 3, 95);
INSERT INTO PlantedIn (flowerbedID, plantID, percentage, planterID) VALUES (246, 1523, 4, 143);
INSERT INTO PlantedIn (flowerbedID, plantID, percentage, planterID) VALUES (223, 429, 1, 142);
INSERT INTO PlantedIn (flowerbedID, plantID, percentage, planterID) VALUES (242, 818, 4, 118);
INSERT INTO PlantedIn (flowerbedID, plantID, percentage, planterID) VALUES (271, 573, 1, 115);
INSERT INTO PlantedIn (flowerbedID, plantID, percentage, planterID) VALUES (267, 68, 2, 73);
INSERT INTO PlantedIn (flowerbedID, plantID, percentage, planterID) VALUES (276, 3142, 2, 117);
INSERT INTO PlantedIn (flowerbedID, plantID, percentage, planterID) VALUES (216, 1403, 1, 26);
INSERT INTO PlantedIn (flowerbedID, plantID, percentage, planterID) VALUES (57, 113, 2, 148);
INSERT INTO PlantedIn (flowerbedID, plantID, percentage, planterID) VALUES (255, 269, 1, 19);
INSERT INTO PlantedIn (flowerbedID, plantID, percentage, planterID) VALUES (226, 830, 4, 137);
INSERT INTO PlantedIn (flowerbedID, plantID, percentage, planterID) VALUES (191, 979, 2, 101);
INSERT INTO PlantedIn (flowerbedID, plantID, percentage, planterID) VALUES (169, 3022, 2, 80);
INSERT INTO PlantedIn (flowerbedID, plantID, percentage, planterID) VALUES (178, 543, 2, 140);
INSERT INTO PlantedIn (flowerbedID, plantID, percentage, planterID) VALUES (151, 3696, 3, 74);
INSERT INTO PlantedIn (flowerbedID, plantID, percentage, planterID) VALUES (108, 384, 1, 155);
INSERT INTO PlantedIn (flowerbedID, plantID, percentage, planterID) VALUES (55, 3365, 4, 3);
INSERT INTO PlantedIn (flowerbedID, plantID, percentage, planterID) VALUES (26, 3134, 3, 122);
INSERT INTO PlantedIn (flowerbedID, plantID, percentage, planterID) VALUES (22, 1769, 3, 20);
INSERT INTO PlantedIn (flowerbedID, plantID, percentage, planterID) VALUES (264, 1587, 4, 137);
INSERT INTO PlantedIn (flowerbedID, plantID, percentage, planterID) VALUES (210, 3035, 1, 121);
INSERT INTO PlantedIn (flowerbedID, plantID, percentage, planterID) VALUES (265, 2334, 1, 30);
INSERT INTO PlantedIn (flowerbedID, plantID, percentage, planterID) VALUES (298, 2747, 1, 49);
INSERT INTO PlantedIn (flowerbedID, plantID, percentage, planterID) VALUES (299, 1075, 1, 119);
INSERT INTO PlantedIn (flowerbedID, plantID, percentage, planterID) VALUES (215, 1679, 1, 105);
INSERT INTO PlantedIn (flowerbedID, plantID, percentage, planterID) VALUES (69, 1836, 1, 143);
INSERT INTO PlantedIn (flowerbedID, plantID, percentage, planterID) VALUES (54, 3414, 4, 155);
INSERT INTO PlantedIn (flowerbedID, plantID, percentage, planterID) VALUES (289, 990, 4, 42);
INSERT INTO PlantedIn (flowerbedID, plantID, percentage, planterID) VALUES (244, 911, 1, 117);
INSERT INTO PlantedIn (flowerbedID, plantID, percentage, planterID) VALUES (89, 2627, 4, 65);
INSERT INTO PlantedIn (flowerbedID, plantID, percentage, planterID) VALUES (225, 427, 2, 136);
INSERT INTO PlantedIn (flowerbedID, plantID, percentage, planterID) VALUES (133, 2000, 4, 35);
INSERT INTO PlantedIn (flowerbedID, plantID, percentage, planterID) VALUES (38, 1275, 3, 19);
INSERT INTO PlantedIn (flowerbedID, plantID, percentage, planterID) VALUES (47, 457, 1, 135);
INSERT INTO PlantedIn (flowerbedID, plantID, percentage, planterID) VALUES (5, 2169, 4, 16);
INSERT INTO PlantedIn (flowerbedID, plantID, percentage, planterID) VALUES (170, 2432, 4, 126);
INSERT INTO PlantedIn (flowerbedID, plantID, percentage, planterID) VALUES (93, 405, 1, 146);
INSERT INTO PlantedIn (flowerbedID, plantID, percentage, planterID) VALUES (65, 2464, 3, 94);

COMMIT;
